date,open,high,low,close,volume,amount,outstanding_share,turnover
2025-03-24,11.46,11.99,11.08,11.8,6904238.0,79975149.0,73193662.0,0.0943283586494142
2025-03-25,11.6,12.47,11.55,12.45,6977271.0,84119814.0,73193662.0,0.0953261636232929
2025-03-26,12.31,12.48,12.08,12.16,4355106.0,53450428.0,73193662.0,0.0595011354944913
2025-03-27,12.06,12.35,11.72,12.14,3520060.0,42398458.0,73193662.0,0.0480924154334565
2025-03-28,12.06,12.25,11.49,11.51,3391523.0,40036463.0,73193662.0,0.0463362934348058
2025-03-31,11.4,11.45,10.52,10.72,4673567.0,50697377.0,73193662.0,0.063852072328339
2025-04-01,10.87,10.98,10.69,10.8,2843650.0,30907586.0,73193662.0,0.0388510415013802
2025-04-02,10.81,10.93,10.56,10.59,2301275.0,24720442.0,73193662.0,0.0314409053614505
2025-04-03,10.58,10.8,10.42,10.8,2624340.0,27961769.0,73193662.0,0.0358547438164796
2025-04-07,10.1,11.56,8.9,9.34,7142062.0,71120817.0,73193662.0,0.0975776017327839
2025-04-08,9.56,10.33,9.29,10.28,6668820.0,65816068.0,73193662.0,0.0911119872646896
2025-04-09,10.2,11.46,10.05,11.07,9151844.0,99679671.0,73193662.0,0.1250360174628235
2025-04-10,11.3,11.87,11.11,11.34,8985168.0,103829808.0,73193662.0,0.1227588257573449
2025-04-11,11.49,12.51,11.49,11.68,9429871.0,112860404.0,73193662.0,0.1288345294159486
2025-04-14,11.78,11.96,11.33,11.66,6364798.0,74630734.0,73193662.0,0.0869583216098683
2025-04-15,11.61,11.78,11.28,11.6,3596908.0,41339569.0,73193662.0,0.0491423424066417
2025-04-16,11.57,11.63,10.94,11.14,3600883.0,40294431.0,73193662.0,0.0491966503875704
2025-04-17,10.95,11.35,10.88,11.25,3684916.0,41380656.0,73193662.0,0.0503447415979815
2025-04-18,11.2,11.56,11.03,11.56,4143858.0,46890399.0,73193662.0,0.0566149839585837
2025-04-21,11.67,11.68,11.35,11.56,3362296.0,38640183.0,73193662.0,0.0459369829043394
2025-04-22,11.52,11.92,11.31,11.42,4408997.0,51211777.0,73193662.0,0.0602374150920335
2025-04-23,11.36,11.75,11.35,11.44,4067472.0,46834010.0,73193662.0,0.0555713690073329
2025-04-24,11.44,11.49,10.61,10.66,4337806.0,47574199.0,73193662.0,0.0592647762315813
2025-04-25,10.72,10.76,10.38,10.38,3043116.0,32229687.0,73193662.0,0.0415762228155765
2025-04-28,10.43,10.44,10.03,10.22,2438989.0,24965546.0,73193662.0,0.0333224070685245
2025-04-29,10.1,10.69,10.08,10.59,2852456.0,29909158.0,73193662.0,0.0389713524649169
2025-04-30,10.58,11.07,10.57,11.0,3190102.0,34756587.0,73193662.0,0.0435844021576622
2025-05-06,11.24,11.46,11.08,11.41,3097437.0,34953559.0,73193662.0,0.0423183772387286
2025-05-07,11.52,11.72,11.23,11.45,4142175.0,47727390.0,73193662.0,0.0565919901643942
2025-05-08,11.5,11.64,11.25,11.48,3030052.0,34852510.0,73193662.0,0.0413977374161167
2025-05-09,11.45,11.81,11.26,11.72,3902854.0,44946281.0,73193662.0,0.053322294490471
2025-05-12,11.85,11.94,11.6,11.78,3562214.0,41896065.0,73193662.0,0.0486683396166187
2025-05-13,12.0,12.0,11.44,11.46,3230777.0,37877308.0,73193662.0,0.0441401196732034
2025-05-14,11.52,11.85,11.41,11.76,3763090.0,43937973.0,73193662.0,0.0514127848938614
2025-05-15,11.79,12.38,11.7,12.01,6564167.0,79370771.0,73193662.0,0.0896821776727061
2025-05-16,12.05,12.14,11.85,11.97,3856319.0,46206164.0,73193662.0,0.0526865153980135
2025-05-19,12.09,12.72,11.78,12.53,6115766.0,75409436.0,73193662.0,0.0835559505138573
2025-05-20,12.51,13.53,12.4,13.3,9895172.0,129350414.0,73193662.0,0.1351916508836516
2025-05-21,14.0,17.29,14.0,17.29,31222406.0,516396824.0,73193662.0,0.426572535747699
2025-05-22,16.1,16.87,14.45,14.62,29630708.0,461232591.0,73193662.0,0.40482614464624
2025-05-23,14.16,15.65,14.02,15.48,24464454.0,368098249.0,73193662.0,0.3342427927707729
2025-05-26,14.67,15.77,14.41,15.39,17630906.0,265084133.0,73193662.0,0.2408802281268561
2025-05-27,14.99,16.85,14.64,16.33,21348537.0,337210067.0,73193662.0,0.2916719346546699
2025-05-28,15.83,16.68,15.0,15.15,18165417.0,288986930.0,73193662.0,0.2481829232700503
2025-05-29,14.85,15.28,14.7,14.83,13657010.0,204123111.0,73193662.0,0.1865873304713186
2025-05-30,14.8,15.02,14.12,14.12,10995857.0,158496343.0,73193662.0,0.1502296332707058
2025-06-03,13.7,14.48,13.7,14.31,7521490.0,106861380.0,73193662.0,0.1027614932014195
2025-06-04,14.41,15.46,14.14,14.56,12412342.0,183586766.0,73193662.0,0.1695821968847521
2025-06-05,14.33,14.44,13.82,14.0,9288476.0,130842215.0,73193662.0,0.1269027364691768
2025-06-06,13.85,14.8,13.85,14.2,9376801.0,134823436.0,73193662.0,0.1281094666366057
2025-06-09,14.14,14.98,14.14,14.92,11123320.0,163181745.0,73193662.0,0.1519710818677169
2025-06-10,14.9,18.0,14.78,15.92,23434565.0,386320020.0,73193662.0,0.3201720526020408
2025-06-11,15.5,18.19,15.5,16.9,20590584.0,350266989.0,73193662.0,0.2813164888511795
2025-06-12,16.25,18.6,15.83,17.45,21642685.0,367795369.0,73193662.0,0.2956906979186258
2025-06-13,16.98,18.15,16.05,16.15,16034232.0,273117732.0,73193662.0,0.2190658529969439
2025-06-16,15.75,17.6,15.48,17.6,16909336.0,279254582.0,73193662.0,0.2310218608818889
2025-06-17,17.89,20.58,17.4,18.86,25577553.0,484852896.0,73193662.0,0.3494503800069465
2025-06-18,18.18,19.99,17.6,19.44,22624512.0,420874827.0,73193662.0,0.3091047965327927
2025-06-19,18.9,22.98,18.8,20.49,29482518.0,617750643.0,73193662.0,0.4028015157924466
2025-06-20,20.7,24.48,20.6,23.7,30956138.0,702313261.0,73193662.0,0.4229346797814269
2025-06-23,21.8,23.45,21.8,22.62,25999054.0,585935456.0,73193662.0,0.355209089005548
2025-06-24,23.03,24.6,20.88,21.6,29362349.0,666936305.0,73193662.0,0.4011597206326416
2025-06-25,21.66,21.92,20.0,20.12,24671880.0,505668104.0,73193662.0,0.3370767266706781
2025-06-26,20.22,21.39,19.68,20.31,21187128.0,433892929.0,73193662.0,0.2894667027317201
2025-06-27,20.48,20.8,18.95,19.28,19327930.0,378667151.0,73193662.0,0.2640656236054974
2025-06-30,19.11,19.64,18.8,19.47,11189197.0,216130119.0,73193662.0,0.1528711188135388
2025-07-01,19.59,20.35,18.91,19.95,16967623.0,335270981.0,73193662.0,0.2318182003245035
2025-07-02,19.45,19.88,19.11,19.88,10424526.0,202739111.0,73193662.0,0.1424238891066825
2025-07-03,20.25,20.87,19.5,19.99,14963781.0,302588677.0,73193662.0,0.2044409391621914
2025-07-04,19.62,20.0,18.42,18.63,13251071.0,254576396.0,73193662.0,0.1810412355102549
2025-07-07,18.16,18.79,18.07,18.24,7602559.0,139217354.0,73193662.0,0.1038690891022777
2025-07-08,18.25,18.55,18.15,18.35,6902164.0,126282978.0,73193662.0,0.0943000228626353
2025-07-09,18.49,18.58,17.34,17.38,10307588.0,183790386.0,73193662.0,0.1408262371132626
2025-07-10,17.45,17.64,17.22,17.35,4877303.0,84879394.0,73193662.0,0.0666355920270801
2025-07-11,17.47,18.38,17.3,18.08,9690250.0,173861535.0,73193662.0,0.1323919275961353
2025-07-14,18.0,18.65,17.8,18.2,7221748.0,132090144.0,73193662.0,0.0986663025549944
2025-07-15,18.35,18.35,17.29,17.3,7049500.0,123781983.0,73193662.0,0.0963129840395197
2025-07-16,17.5,17.63,17.25,17.3,4084278.0,71072336.0,73193662.0,0.055800979051984
2025-07-17,17.3,17.71,16.98,17.71,6488531.0,112739503.0,73193662.0,0.0886488095103097
2025-07-18,17.6,18.96,17.58,18.42,12069666.0,222930877.0,73193662.0,0.1649004253947561
2025-07-21,18.0,18.42,17.88,18.18,6852444.0,124146030.0,73193662.0,0.0936207290735091
2025-07-22,18.04,18.62,17.59,18.0,9516714.0,172004711.0,73193662.0,0.1300210119286011
2025-07-23,18.0,18.0,17.17,17.22,7985185.0,139707252.0,73193662.0,0.1090966728785888
2025-07-24,17.36,17.6,17.16,17.57,4765667.0,82949015.0,73193662.0,0.0651103779996688
2025-07-25,17.49,17.71,17.11,17.21,4556323.0,78997290.0,73193662.0,0.0622502396450665
2025-07-28,17.36,17.74,17.06,17.68,5730717.0,100506687.0,73193662.0,0.0782952627783536
2025-07-29,17.7,17.96,17.12,17.33,5397232.0,93641555.0,73193662.0,0.073739062270173
2025-07-30,17.3,17.3,16.58,16.76,5586379.0,94409468.0,73193662.0,0.0763232614321169
2025-07-31,16.8,17.14,16.36,16.4,4381290.0,73165400.0,73193662.0,0.0598588713869788
2025-08-01,16.46,16.63,16.25,16.29,3121597.0,51238831.0,73193662.0,0.0426484604636942
2025-08-04,16.2,16.43,16.02,16.35,3839410.0,62352330.0,73193662.0,0.052455498127693
2025-08-05,16.43,16.62,16.09,16.15,3338426.0,54242820.0,73193662.0,0.0456108617710642
2025-08-06,16.17,16.85,16.04,16.84,5850629.0,96423793.0,73193662.0,0.0799335467051778
2025-08-07,16.8,17.16,16.57,17.05,5715141.0,96645738.0,73193662.0,0.0780824574674238
2025-08-08,17.2,17.2,16.4,16.44,4291016.0,71811661.0,73193662.0,0.0586255132309133
2025-08-11,16.9,17.17,16.57,16.71,4147895.0,69626574.0,73193662.0,0.0566701390073911
2025-08-12,16.96,17.0,16.24,16.34,3813525.0,62743743.0,73193662.0,0.0521018472883622
2025-08-13,16.34,16.5,16.03,16.18,4286334.0,69482017.0,73193662.0,0.0585615459436911
2025-08-14,16.25,16.4,15.42,15.43,5541015.0,87604786.0,73193662.0,0.0757034809926575
2025-08-15,15.66,16.07,15.44,15.96,4685104.0,74049073.0,73193662.0,0.0640096952656911
2025-08-18,15.9,16.96,15.86,16.83,7584088.0,125775926.0,73193662.0,0.1036167311863696
2025-08-19,16.83,17.85,16.75,17.27,10294601.0,179023254.0,73193662.0,0.1406488037174585
2025-08-20,17.15,17.43,16.69,17.12,6202421.0,105430722.0,73193662.0,0.0847398644981036
2025-08-21,17.29,17.29,16.51,16.7,4370427.0,73741203.0,73193662.0,0.0597104568972105
2025-08-22,16.75,16.86,16.5,16.65,2983325.0,49568825.0,73193662.0,0.0407593351457124
2025-08-25,16.85,16.99,16.21,16.44,4989657.0,82234334.0,73193662.0,0.0681706156470214
2025-08-26,16.46,16.46,16.04,16.14,4476229.0,72529281.0,73193662.0,0.0611559645697191
2025-08-27,16.15,16.26,15.65,15.68,4721661.0,75053145.0,73193662.0,0.0645091510792287
2025-08-28,15.79,15.87,15.12,15.65,3713534.0,57527419.0,73193662.0,0.0507357317358981
2025-08-29,15.59,16.66,15.36,16.08,8017037.0,130087521.0,73193662.0,0.1095318471700459
2025-09-01,16.3,17.32,16.05,16.88,9837838.0,165352763.0,73193662.0,0.1344083316940748
2025-09-02,16.86,17.28,16.51,16.68,8218796.0,138363113.0,73193662.0,0.1122883563333666
2025-09-03,16.4,18.99,16.35,18.48,23476260.0,426620988.0,73193662.0,0.3207417057504241
2025-09-04,18.1,21.59,17.8,19.88,26534289.0,527928305.0,73193662.0,0.3625216757155831
2025-09-05,19.11,21.38,18.81,20.18,26784635.0,543070445.0,73193662.0,0.3659419991856672
2025-09-08,20.18,20.39,18.85,19.17,17593362.0,341419689.0,73193662.0,0.2403672875391861
2025-09-09,19.58,22.5,19.56,20.51,24776113.0,521017024.0,73193662.0,0.3385007980609031
2025-09-10,19.4,20.0,18.55,18.62,17624411.0,335356185.0,73193662.0,0.2407914909353763
2025-09-11,18.25,18.68,17.79,18.32,11606405.0,210397912.0,73193662.0,0.1585711751927373
2025-09-12,18.6,18.67,17.7,17.76,9570136.0,172627688.0,73193662.0,0.130750883867513
2025-09-15,17.68,18.93,17.62,17.92,9166552.0,167871879.0,73193662.0,0.1252369638234523
2025-09-16,17.99,18.0,17.1,17.3,8664843.0,150133524.0,73193662.0,0.1183824222375975
2025-09-17,17.3,17.77,17.18,17.49,6362556.0,111141782.0,73193662.0,0.086927690542386
2025-09-18,17.5,17.65,16.99,17.1,6806466.0,117812038.0,73193662.0,0.0929925599295742
2025-09-19,17.01,17.47,16.75,17.04,5943257.0,101452414.0,73193662.0,0.0811990661158612
2025-09-22,16.98,16.98,15.89,16.26,6706720.0,109204223.0,73193662.0,0.0916297916614692
2025-09-23,16.36,16.36,15.5,15.77,4835513.0,76580772.0,73193662.0,0.0660646409521086
2025-09-24,15.77,16.39,15.55,16.36,4883789.0,78528430.0,73193662.0,0.0667242062570936
2025-09-25,16.21,16.78,15.9,15.91,5050924.0,81669922.0,73193662.0,0.0690076689973511
2025-09-26,15.55,15.77,14.94,14.98,6933788.0,105739622.0,73193662.0,0.0947320821302806
2025-09-29,15.12,15.83,15.11,15.67,5759851.0,89366886.0,73193662.0,0.0786933027070021
2025-09-30,15.63,15.73,15.23,15.24,4765566.0,73494342.0,73193662.0,0.0651089980987698
2025-10-09,15.46,16.18,15.16,15.75,6344657.0,100459728.0,73193662.0,0.0866831475107776
2025-10-10,16.74,17.31,15.7,15.79,9040512.0,150231618.0,73193662.0,0.1235149568004945
2025-10-13,14.62,16.45,14.56,16.16,7180329.0,110372877.0,73193662.0,0.0981004202249096
2025-10-14,16.1,16.3,15.39,15.48,5344590.0,84398057.0,73193662.0,0.0730198469916698
2025-10-15,15.49,16.08,15.4,15.51,3559107.0,55701212.0,73193662.0,0.0486258905859909
2025-10-16,15.65,15.65,14.86,14.93,4546744.0,68709034.0,73193662.0,0.0621193676578171
2025-10-17,14.97,15.28,14.4,14.46,2775082.0,41027334.0,73193662.0,0.0379142390771485
2025-10-20,14.7,15.35,14.51,15.29,5376037.0,80854601.0,73193662.0,0.0734494880171455
2025-10-21,14.95,15.31,14.77,15.25,5409409.0,81710959.0,73193662.0,0.0739054291340143
2025-10-22,15.25,15.29,14.8,14.84,3465673.0,51996854.0,73193662.0,0.0473493592928852
2025-10-23,14.88,15.09,14.33,14.95,3618191.0,53319050.0,73193662.0,0.0494331189495615
2025-10-24,15.0,15.17,14.65,15.0,3441927.0,51693481.0,73193662.0,0.0470249322953673
2025-10-27,15.13,15.24,14.67,14.71,3776108.0,56127791.0,73193662.0,0.0515906418236048
2025-10-28,14.79,14.96,14.6,14.78,3076761.0,45473153.0,73193662.0,0.0420358937635884
2025-10-29,14.7,15.77,14.4,15.7,7514475.0,114060722.0,73193662.0,0.1026656515696673
2025-10-30,15.7,16.55,15.5,15.51,8438680.0,135929309.0,73193662.0,0.1152924962273372
2025-10-31,15.54,16.43,15.3,15.93,7503938.0,120528703.0,73193662.0,0.1025216910174545
2025-11-03,15.78,15.95,15.25,15.35,5709602.0,88695516.0,73193662.0,0.0780067815161372
2025-11-04,15.44,15.59,14.69,14.88,4556374.0,68108397.0,73193662.0,0.0622509364267086
2025-11-05,14.84,15.24,14.71,15.08,3605357.0,54262320.0,73193662.0,0.0492577758986836
2025-11-06,15.14,15.14,14.83,14.92,2691280.0,40193126.0,73193662.0,0.0367693038777046
2025-11-07,14.87,15.28,14.83,14.97,3466226.0,52195208.0,73193662.0,0.0473569145918672
2025-11-10,15.06,15.36,14.81,14.92,3494732.0,52635094.0,73193662.0,0.0477463745426482
2025-11-11,14.92,15.6,14.81,15.53,7095240.0,109039622.0,73193662.0,0.0969379015357914
2025-11-12,15.4,15.42,14.86,14.98,4179848.0,63132075.0,73193662.0,0.0571066931997472
2025-11-13,15.19,15.97,15.02,15.76,8070108.0,126312947.0,73193662.0,0.1102569236117739
2025-11-14,15.51,15.75,15.27,15.45,4664906.0,72235554.0,73193662.0,0.0637337424106475
2025-11-17,15.45,15.63,15.04,15.08,4090394.0,62118655.0,73193662.0,0.055884538199496
2025-11-18,15.17,15.26,14.4,14.56,5099613.0,74905868.0,73193662.0,0.0696728768673987
2025-11-19,14.45,14.78,14.03,14.12,3843713.0,55024317.0,73193662.0,0.0525142873709475
2025-11-20,14.17,14.35,13.85,13.92,2655587.0,37292107.0,73193662.0,0.0362816523649274
2025-11-21,13.67,14.1,13.03,13.1,3832661.0,51718168.0,73193662.0,0.0523632906903879
2025-11-24,13.2,13.41,13.05,13.29,2618055.0,34626527.0,73193662.0,0.0357688757258791
2025-11-25,13.46,13.64,13.29,13.33,2462882.0,33120749.0,73193662.0,0.0336488424366579
2025-11-26,13.39,13.45,13.03,13.13,2013448.0,26551699.0,73193662.0,0.0275085020339602
2025-11-27,13.14,13.2,12.78,12.88,2564742.0,33303697.0,73193662.0,0.0350404929869474
2025-11-28,12.9,12.95,12.6,12.9,2608354.0,33387598.0,73193662.0,0.0356363369276427
2025-12-01,12.96,13.29,12.85,13.19,2841152.0,37237447.0,73193662.0,0.0388169128633022
2025-12-02,13.24,13.24,12.78,12.85,2550658.0,32941160.0,73193662.0,0.0348480719546454
2025-12-03,12.84,12.88,12.37,12.42,2777356.0,34900120.0,73193662.0,0.0379453073409552
2025-12-04,12.42,12.49,12.13,12.18,2043950.0,25122506.0,73193662.0,0.0279252321054792
2025-12-05,12.41,12.69,12.11,12.64,3063588.0,38116806.0,73193662.0,0.0418559191641483
2025-12-08,12.8,12.8,12.52,12.58,1999517.0,25231309.0,73193662.0,0.0273181713465846
2025-12-09,12.48,12.6,12.25,12.25,1749115.0,21688433.0,73193662.0,0.0238970827829327
2025-12-10,12.24,12.35,12.12,12.28,1478300.0,18062596.0,73193662.0,0.0201971039514323
2025-12-11,12.27,13.15,12.06,12.69,4931779.0,62407339.0,73193662.0,0.0673798641199288
2025-12-12,12.79,12.97,12.4,12.68,3230159.0,41235804.0,73193662.0,0.0441316763191873
2025-12-15,12.57,12.88,12.46,12.68,2417654.0,30652375.0,73193662.0,0.0330309200815775
2025-12-16,12.69,13.19,12.54,12.84,3473986.0,44816170.0,73193662.0,0.0474629347005482
2025-12-17,12.84,13.09,12.61,12.79,2754250.0,35197858.0,73193662.0,0.0376296242699265
2025-12-18,12.8,12.85,12.63,12.72,1658214.0,21067097.0,73193662.0,0.0226551583113849
2025-12-19,12.83,14.49,12.73,13.56,8720339.0,118905148.0,73193662.0,0.1191406299632883
2025-12-22,13.76,13.84,13.01,13.45,5098446.0,68312624.0,73193662.0,0.0696569328639411
2025-12-23,13.37,13.59,13.2,13.37,3721948.0,49705823.0,73193662.0,0.0508506870444602
2025-12-24,13.23,13.39,13.1,13.15,2786475.0,36785975.0,73193662.0,0.0380698946310405
2025-12-25,13.16,13.21,12.95,13.03,2758293.0,36009600.0,73193662.0,0.0376848612930447
2025-12-26,13.14,13.39,12.99,13.03,3131843.0,41099929.0,73193662.0,0.0427884452618315
2025-12-29,13.09,13.15,12.82,12.82,2480986.0,32089171.0,73193662.0,0.0338961862572199
2025-12-30,12.76,12.95,12.52,12.72,2109088.0,26790846.0,73193662.0,0.0288151725486832
2025-12-31,12.86,13.27,12.77,12.9,3218031.0,41937996.0,73193662.0,0.0439659789122178
2026-01-05,12.82,13.12,12.82,12.99,2380727.0,30855237.0,73193662.0,0.0325264091855384
2026-01-06,13.08,13.37,12.92,13.27,3495608.0,46174064.0,73193662.0,0.0477583427920302
2026-01-07,13.37,13.75,13.16,13.28,4372366.0,58496281.0,73193662.0,0.0597369482619956
2026-01-08,13.28,13.28,13.03,13.25,2895126.0,38110163.0,73193662.0,0.039554326438811
2026-01-09,13.24,13.53,13.12,13.34,3388411.0,45162104.0,73193662.0,0.0462937760922523
2026-01-12,13.33,13.7,13.25,13.65,4955666.0,66883071.0,73193662.0,0.0677062175137514
2026-01-13,14.06,14.55,13.7,13.75,7732111.0,109248136.0,73193662.0,0.1056390784218447
2026-01-14,13.6,14.18,13.54,13.97,5564337.0,77314224.0,73193662.0,0.0760221151388763
2026-01-15,13.92,14.46,13.73,13.84,4735407.0,66823107.0,73193662.0,0.0646969542253535
2026-01-16,14.0,14.06,13.57,13.6,3530741.0,48539213.0,73193662.0,0.0482383433691294
2026-01-19,13.57,13.74,13.33,13.52,2413493.0,32670863.0,73193662.0,0.0329740708970129
2026-01-20,13.51,13.76,13.42,13.59,2016119.0,27404223.0,73193662.0,0.0275449942646673
2026-01-21,13.75,13.75,13.39,13.42,2229898.0,30183886.0,73193662.0,0.0304657252973624
2026-01-22,13.54,14.06,13.38,13.89,4089715.0,55872634.0,73193662.0,0.0558752614399864
2026-01-23,13.86,14.32,13.85,14.19,4207913.0,59339684.0,73193662.0,0.0574901280386818
2026-01-26,14.18,14.33,13.81,13.88,3950164.0,55435456.0,73193662.0,0.0539686619314114
2026-01-27,14.05,14.15,13.51,13.65,2298629.0,31367537.0,73193662.0,0.0314047546903719
2026-01-28,13.56,13.95,13.56,13.69,2192689.0,30078622.0,73193662.0,0.0299573616087141
2026-01-29,13.58,13.64,13.18,13.21,2669961.0,35780926.0,73193662.0,0.0364780354889197
2026-01-30,13.12,13.25,12.81,13.02,2754690.0,35949122.0,73193662.0,0.0376356357193878
2026-02-02,13.03,13.05,12.32,12.35,2459650.0,30962846.0,73193662.0,0.0336046856078877
2026-02-03,12.38,12.72,12.32,12.55,1459410.0,18287704.0,73193662.0,0.0199390214961508
2026-02-04,12.59,12.79,12.45,12.54,1778957.0,22456091.0,73193662.0,0.0243047956802598
2026-02-05,12.47,12.59,12.27,12.27,1262042.0,15672373.0,73193662.0,0.0172425038659768
2026-02-06,12.24,12.52,12.24,12.38,1409801.0,17504277.0,73193662.0,0.0192612442317751
2026-02-09,12.5,12.69,12.49,12.5,1676623.0,21084643.0,73193662.0,0.0229066691594143
2026-02-10,12.56,12.56,12.29,12.37,1110998.0,13761480.0,73193662.0,0.0151788825649958
2026-02-11,12.35,12.42,12.26,12.34,885042.0,10927740.0,73193662.0,0.0120917846684594
2026-02-12,12.33,12.57,12.24,12.37,1248602.0,15501748.0,73193662.0,0.0170588814097045
2026-02-13,12.43,12.69,12.36,12.51,1916672.0,23983307.0,73193662.0,0.026186311049719
2026-02-24,12.63,12.63,12.39,12.59,1638700.0,20497327.0,73193662.0,0.0223885505277765
2026-02-25,12.59,12.83,12.51,12.67,1315960.0,16710704.0,73193662.0,0.0179791523479177
2026-02-26,12.79,12.82,12.43,12.47,1242782.0,15591417.0,73193662.0,0.0169793663281938
2026-02-27,12.47,12.73,12.27,12.44,1722327.0,21420303.0,73193662.0,0.0235310948098211
2026-03-02,12.4,12.54,11.66,12.33,3438362.0,41598427.0,73193662.0,0.0469762258923457
2026-03-03,12.2,12.79,12.18,12.47,3028633.0,37841965.0,73193662.0,0.041378350491604
2026-03-04,12.45,12.53,11.84,12.04,2279763.0,27666399.0,73193662.0,0.0311470001323338
2026-03-05,12.25,12.49,12.04,12.13,1631080.0,19895104.0,73193662.0,0.022284443153015
2026-03-06,12.02,12.2,12.0,12.13,1059783.0,12828290.0,73193662.0,0.0144791635100864
2026-03-09,12.09,12.12,11.76,11.93,2175963.0,25864126.0,73193662.0,0.0297288445548741
2026-03-10,11.95,12.21,11.92,12.16,1239800.0,14962626.0,73193662.0,0.0169386250957084
2026-03-11,12.2,12.53,12.12,12.28,2202756.0,27183163.0,73193662.0,0.0300949008399115
2026-03-12,12.3,13.36,12.3,12.72,7494970.0,97284865.0,73193662.0,0.1023991667475252
2026-03-13,12.5,13.27,12.4,12.6,4844937.0,62305853.0,73193662.0,0.0661933952696614
2026-03-16,12.55,13.0,12.2,12.26,3569180.0,44933908.0,73193662.0,0.0487635117914991
2026-03-17,12.22,12.45,11.88,11.88,2621382.0,31903422.0,73193662.0,0.0358143304812375
2026-03-18,11.99,12.03,11.46,11.61,2665328.0,31008920.0,73193662.0,0.0364147376585693
2026-03-19,11.61,11.61,11.01,11.03,2643208.0,29622070.0,73193662.0,0.036112525699288
2026-03-20,11.03,11.37,11.03,11.16,2248902.0,25203320.0,73193662.0,0.0307253652645498
2026-03-23,10.95,11.13,10.5,10.52,2327249.0,25095012.0,73193662.0,0.0317957721530588
2026-03-24,10.68,10.75,10.43,10.75,1169532.0,12405391.0,73193662.0,0.0159785966167398
2026-03-25,10.75,10.91,10.68,10.78,1083962.0,11697176.0,73193662.0,0.0148095063203696
2026-03-26,10.79,11.1,10.53,10.56,1629878.0,17658117.0,73193662.0,0.0222680209660776
2026-03-27,10.56,10.85,10.46,10.75,1388808.0,14845841.0,73193662.0,0.0189744297805457
2026-03-30,10.64,10.74,10.4,10.5,1256927.0,13213129.0,73193662.0,0.0171726207659892
2026-03-31,10.5,10.65,10.21,10.26,1240604.0,12925999.0,73193662.0,0.0169496096533604
2026-04-01,10.42,10.49,10.26,10.37,1101988.0,11408842.0,73193662.0,0.0150557844748907
2026-04-02,10.36,10.69,10.35,10.49,1602142.0,16827764.0,73193662.0,0.0218890810518539
2026-04-03,10.42,10.51,10.11,10.15,1147730.0,11797812.0,73193662.0,0.0156807292959327
2026-04-07,10.27,10.45,10.18,10.23,805685.0,8299017.0,73193662.0,0.0110075787709597
2026-04-08,10.45,10.61,10.34,10.6,1072726.0,11287714.0,73193662.0,0.0146559957609444
2026-04-09,10.56,10.57,10.31,10.38,1007670.0,10513377.0,73193662.0,0.0137671756333219
2026-04-10,10.38,10.86,10.38,10.67,2162719.0,23200742.0,73193662.0,0.0295478999260892
2026-04-13,10.62,10.81,10.51,10.58,1657216.0,17612780.0,73193662.0,0.0226415232510159
2026-04-14,10.58,10.67,10.44,10.59,1032443.0,10880969.0,73193662.0,0.0141056339003778
2026-04-15,10.59,10.65,10.4,10.44,1205460.0,12659780.0,73193662.0,0.0164694587900247
2026-04-16,10.45,10.65,10.39,10.53,1305329.0,13718331.0,73193662.0,0.0178339075315018
2026-04-17,10.64,12.11,10.6,11.69,8563048.0,98858396.0,73193662.0,0.1169916597423421
2026-04-20,11.33,11.85,11.3,11.44,6141331.0,71051110.0,73193662.0,0.0839052293899436
2026-04-21,11.35,11.46,10.98,11.05,3043498.0,33907897.0,73193662.0,0.0415814418466997
2026-04-22,11.36,13.9,11.35,12.34,13432624.0,173239715.0,73193662.0,0.1835216825194509
2026-04-23,12.05,13.17,12.02,12.52,10905742.0,137355427.0,73193662.0,0.1489984474338775
2026-04-24,12.35,12.35,11.81,11.81,6832183.0,81960174.0,73193662.0,0.0933439154882017
2026-04-27,11.6,11.95,11.45,11.72,4070155.0,47416378.0,73193662.0,0.0556080251866616
2026-04-28,11.72,12.03,11.13,11.19,5338946.0,61447438.0,73193662.0,0.0729427364899436
2026-04-29,11.05,11.4,11.02,11.37,3904875.0,43930423.0,73193662.0,0.0533499061708375
2026-04-30,11.0,11.1,10.48,10.84,6495175.0,69700448.0,73193662.0,0.0887395823971753
2026-05-06,10.83,11.24,10.8,11.16,3285973.0,36465004.0,73193662.0,0.0448942286833523
2026-05-07,11.13,11.55,11.1,11.27,3106000.0,35176814.0,73193662.0,0.0424353682426765
2026-05-08,11.19,11.49,11.08,11.31,3009143.0,33936172.0,73193662.0,0.041112070605239
2026-05-11,11.31,11.49,11.04,11.2,2570405.0,28700709.0,73193662.0,0.0351178630739913
2026-05-12,11.31,11.86,11.31,11.66,4935501.0,57085153.0,73193662.0,0.0674307155174173
2026-05-13,11.51,11.99,11.38,11.81,4375793.0,51110714.0,73193662.0,0.059783769255868
2026-05-14,11.79,12.47,11.61,12.02,6719748.0,81605943.0,73193662.0,0.0918077852150641
2026-05-15,11.82,12.02,11.23,11.45,4646949.0,53554748.0,73193662.0,0.063488406960701
2026-05-18,11.25,11.26,10.77,10.8,3384772.0,37023234.0,73193662.0,0.0462440586727304
2026-05-19,,,,11.15,,,,
2026-05-20,,,,10.82,,,,
2026-05-21,,,,10.57,,,,
2026-05-22,,,,10.52,,,,
2026-05-25,,,,10.82,,,,
2026-05-26,,,,10.35,,,,
2026-05-27,,,,9.67,,,,
2026-05-28,,,,10.21,,,,
2026-05-29,,,,9.8,,,,
2026-06-01,,,,10.21,,,,
2026-06-02,,,,10.63,,,,
2026-06-03,,,,10.53,,,,
2026-06-04,,,,10.07,,,,
2026-06-05,,,,10.82,,,,
2026-06-08,,,,11.1,,,,
2026-06-09,,,,10.61,,,,
2026-06-10,,,,10.15,,,,
2026-06-11,,,,10.84,,,,
2026-06-12,,,,10.37,,,,
2026-06-15,,,,10.51,,,,
2026-06-16,,,,10.28,,,,
2026-06-17,,,,10.06,,,,
2026-06-18,,,,9.9,,,,
2026-06-19,,,,9.9,,,,
2026-06-22,,,,10.9,,,,
2026-06-23,,,,10.53,,,,
2026-06-24,,,,10.11,,,,
2026-06-25,,,,9.83,,,,
2026-06-26,,,,9.22,,,,
2026-06-29,,,,8.81,,,,
2026-06-30,,,,8.78,,,,
2026-07-01,,,,9.12,,,,
2026-07-02,,,,10.0,,,,
2026-07-03,,,,9.8,,,,
2026-07-06,,,,9.8,,,,
2026-07-07,,,,9.19,,,,
2026-07-08,,,,8.63,,,,
2026-07-09,,,,8.6,,,,
2026-07-10,,,,8.86,,,,
2026-07-13,,,,8.68,,,,
2026-07-14,,,,8.81,,,,
2026-07-15,,,,8.66,,,,
2026-07-16,,,,8.33,,,,
2026-07-17,,,,8.1,,,,
2026-07-20,,,,7.62,,,,
2026-07-21,,,,7.72,,,,
2026-07-22,,,,7.58,,,,
2026-07-23,,,,7.75,,,,
2026-07-24,,,,7.32,,,,
2026-07-27,,,,7.5,,,,
2026-07-28,,,,7.51,,,,
2026-07-29,,,,7.64,,,,
2026-07-30,,,,7.69,,,,
2026-07-31,,,,7.86,,,,
2026-08-03,,,,7.87,,,,
2026-08-04,,,,7.82,,,,
2026-08-05,,,,7.9,,,,
2026-08-07,,,,7.87,,,,
2026-08-10,,,,8.04,,,,
2026-08-11,,,,7.88,,,,
2026-08-12,,,,7.98,,,,
2026-08-13,,,,7.81,,,,
2026-08-14,,,,7.69,,,,
2026-08-17,,,,7.71,,,,
2026-08-18,,,,7.88,,,,
2026-08-19,,,,7.53,,,,
2026-08-20,,,,7.36,,,,
2026-08-21,,,,7.15,,,,
2026-08-24,,,,6.97,,,,
2026-08-25,,,,6.97,,,,
2026-08-26,,,,7.06,,,,
2026-08-27,,,,7.18,,,,
2026-08-28,,,,7.35,,,,
2026-08-31,,,,7.32,,,,
2026-09-01,,,,7.58,,,,
2026-09-02,,,,7.69,,,,
2026-09-03,,,,7.4,,,,
2026-09-04,,,,7.5,,,,
2026-09-07,,,,7.46,,,,
2026-09-08,,,,7.53,,,,
2026-09-09,,,,7.37,,,,
2026-09-10,,,,7.06,,,,
2026-09-11,,,,7.0,,,,
2026-09-14,,,,6.95,,,,
2026-09-15,,,,6.75,,,,
2026-09-16,,,,6.79,,,,
2026-09-17,,,,6.73,,,,
2026-09-18,,,,6.92,,,,
2026-09-21,,,,7.11,,,,
2026-09-22,,,,7.04,,,,
2026-09-23,,,,7.03,,,,
2026-09-24,,,,6.97,,,,
2026-09-25,,,,6.97,,,,
2026-09-28,,,,6.9,,,,
2026-09-29,,,,7.04,,,,
2026-09-30,,,,7.39,,,,
2026-10-01,,,,7.39,,,,
2026-10-02,,,,7.39,,,,
2026-10-05,,,,7.39,,,,
2026-10-06,,,,7.39,,,,
2026-10-07,,,,7.39,,,,
2026-10-08,,,,7.76,,,,
2026-10-09,,,,7.76,,,,
