数据日期,当日收盘价,当日涨跌幅,总市值,流通市值,总股本,流通股本,PE(TTM),PE(静),市净率,PEG值,市现率,市销率
2018-01-02,10.65,0.282485875706,9860856896.4,7209903338.85,925902056.0,676986229.0,50.51092302,48.97585898,1.75781348,-3.22934488,18.61110254,2.65302121
2018-01-03,10.74,0.845070422535,9944188081.44,7270832099.46,925902056.0,676986229.0,50.93777589,49.38973948,1.77266824,-3.25663512,18.76837947,2.67544111
2018-01-04,11.1,3.351955307263,10277512821.6,7514547141.9,925902056.0,676986229.0,52.64518737,51.04526147,1.83208729,-3.36579608,19.39748716,2.7651207
2018-01-05,11.12,0.18018018018,10296030862.72,7528086866.48,925902056.0,676986229.0,52.74004357,51.13723491,1.83538834,-3.37186057,19.43243758,2.7701029
2018-01-08,10.98,-1.258992805755,10166404574.88,7433308794.42,925902056.0,676986229.0,52.07605021,50.49342081,1.81228094,-3.32940909,19.18778459,2.73522751
2018-01-09,11.01,0.273224043716,10194181636.56,7453618381.29,925902056.0,676986229.0,52.2183345,50.63138097,1.81723252,-3.33850584,19.24021023,2.7427008
2018-01-10,10.78,-2.089009990917,9981224163.68,7297911548.62,925902056.0,676986229.0,51.12748828,49.57368637,1.77927036,-3.26876412,18.83828032,2.68540551
2018-01-11,10.78,0.0,9981224163.68,7297911548.62,925902056.0,676986229.0,51.12748828,49.57368637,1.77927036,-3.26876412,18.83828032,2.68540551
2018-01-12,10.61,-1.576994434137,9823820814.16,7182823889.69,925902056.0,676986229.0,50.32121063,48.79191209,1.75121136,-3.21721589,18.54120169,2.64305682
2018-01-15,10.12,-4.618284637135,9370128806.72,6851100637.48,925902056.0,676986229.0,47.99723389,46.53856271,1.67033544,-3.0686357,17.68491622,2.52099293
2018-01-16,10.16,0.395256916996,9407164888.96,6902109426.64,925902056.0,679341479.0,48.18694628,46.7225096,1.67693755,-3.0807647,17.75481707,2.53095733
2018-01-17,10.01,-1.476377952756,9268279580.56,6800208204.79,925902056.0,679341479.0,47.47552483,46.03270877,1.65217962,-3.03528097,17.49268887,2.49359083
2018-01-18,9.84,-1.698301698302,9110876231.04,7374851839.92,925902056.0,749476813.0,46.66924719,45.25093449,1.62412062,-2.98373274,17.19561024,2.45124214
2018-01-19,9.37,-4.776422764228,8675702264.72,7022597737.81,925902056.0,749476813.0,44.44012664,43.08955856,1.54654575,-2.84121705,16.37427519,2.33416045
2018-01-22,9.27,-1.067235859125,8583112059.12,6947650056.51,925902056.0,749476813.0,43.96584567,42.62969134,1.53004046,-2.81089456,16.19952306,2.30924945
2018-01-23,9.45,1.941747572816,8749774429.2,7082555882.85,925902056.0,749476813.0,44.81955141,43.45745233,1.55974999,-2.86547504,16.5140769,2.35408925
2018-01-24,10.4,10.05291005291,9629381382.4,7794558855.2,925902056.0,749476813.0,49.3252206,47.82619093,1.71655025,-3.15353867,18.1742222,2.59074372
2018-01-25,10.67,2.596153846154,9879374937.52,7996917594.71,925902056.0,749476813.0,50.60577921,49.06783242,1.76111454,-3.23540938,18.64605297,2.65800341
2018-01-26,10.55,-1.124648547329,9768266690.8,7906980377.15,925902056.0,749476813.0,50.03664205,48.51599176,1.74130819,-3.1990224,18.43635041,2.62811022
2018-01-29,10.32,-2.18009478673,9555309217.92,7734600710.16,925902056.0,749476813.0,48.94579583,47.45829715,1.70334602,-3.12928068,18.03442049,2.57081492
2018-01-30,10.16,-1.550387596899,9407164888.96,7614684420.08,925902056.0,749476813.0,48.60770026,46.7225096,1.67693755,-3.0807647,17.75481707,2.26264227
2018-01-31,10.1,-0.590551181102,9351610765.6,7569715811.3,925902056.0,749476813.0,48.32064691,46.44658927,1.66703438,-3.06257121,17.64996579,2.24928021
2018-02-01,9.56,-5.346534653465,8851623655.36,7164998332.28,925902056.0,749476813.0,45.73716678,43.96330628,1.57790581,-2.89882977,16.70630425,2.12902166
2018-02-02,9.61,0.523012552301,8897918758.16,7202472172.93,925902056.0,749476813.0,45.9763779,44.19323989,1.58615845,-2.91399102,16.79368032,2.14015671
2018-02-05,9.43,-1.873048907388,8731256388.08,7067566346.59,925902056.0,749476813.0,45.11521786,43.36547889,1.55644893,-2.85941054,16.47912648,2.10007053
2018-02-06,9.31,-1.272534464475,8620148141.36,6977629129.03,925902056.0,749476813.0,44.54111116,42.81363822,1.53664258,-2.82302356,16.26942391,2.07334641
2018-02-07,9.33,0.214822771214,8638666182.48,6992618665.29,925902056.0,749476813.0,44.63679561,42.90561167,1.53994364,-2.82908805,16.30437434,2.07780043
2018-02-08,9.46,1.393354769561,8759033449.76,7090050650.98,925902056.0,749476813.0,45.25874453,43.50343906,1.56140052,-2.86850729,16.53155212,2.10675156
2018-02-09,9.44,-0.211416490486,8740515408.64,7075061114.72,925902056.0,749476813.0,45.16306008,43.41146561,1.55809946,-2.86244279,16.49660169,2.10229754
2018-02-12,9.5,0.635593220339,8796069532.0,7120029723.5,925902056.0,749476813.0,45.45011343,43.68738594,1.56800263,-2.88063628,16.60145297,2.1156596
2018-02-13,9.73,2.421052631579,9009027004.88,7292409390.49,925902056.0,749476813.0,46.5504846,44.74508055,1.6059648,-2.950378,17.00338289,2.16688083
2018-02-14,9.64,-0.924974306269,8925695819.84,7224956477.32,925902056.0,749476813.0,46.11990457,44.33120005,1.59111004,-2.92308776,16.84610596,2.14683774
2018-02-22,9.8,1.659751037344,9073840148.8,7344872767.4,925902056.0,749476813.0,46.88538017,45.0669876,1.6175185,-2.97160374,17.12570938,2.1824699
2018-02-23,9.77,-0.30612244898,9046063087.12,7322388463.01,925902056.0,749476813.0,46.74185349,44.92902744,1.61256692,-2.962507,17.07328374,2.17578887
2018-02-26,9.88,1.125895598772,9147912313.28,7404830912.44,925902056.0,749476813.0,47.26811797,45.43488138,1.63072274,-2.99586173,17.26551109,2.20028599
2018-02-27,9.94,0.607287449393,9203466436.64,7449799521.22,925902056.0,749476813.0,47.55517131,45.71080171,1.64062591,-3.01405523,17.37036237,2.21364805
2018-02-28,10.21,2.71629778672,9453459991.76,7652158260.73,925902056.0,749476813.0,48.84691138,46.95244321,1.6851902,-3.09592594,17.84219314,2.27377732
2018-03-01,10.37,1.567091087169,9601604320.72,7772074550.81,925902056.0,749476813.0,49.61238697,47.68823076,1.71159866,-3.14444192,18.12179656,2.30940948
2018-03-02,10.13,-2.314368370299,9379387827.28,7592200115.69,925902056.0,749476813.0,48.46417358,46.58454943,1.67198596,-3.07166795,17.70239143,2.25596124
2018-03-05,10.1,-0.296150049358,9351610765.6,7569715811.3,925902056.0,749476813.0,48.32064691,46.44658927,1.66703438,-3.06257121,17.64996579,2.24928021
2018-03-06,10.17,0.693069306931,9416423909.52,7622179188.21,925902056.0,749476813.0,48.65554248,46.76849632,1.67858808,-3.08379695,17.77229229,2.26486928
2018-03-07,10.08,-0.884955752212,9333092724.48,7554726275.04,925902056.0,749476813.0,48.22496246,46.35461582,1.66373332,-3.05650671,17.61501536,2.24482619
2018-03-08,10.59,5.059523809524,9805302773.04,7936959449.67,925902056.0,749476813.0,50.66491592,48.69993865,1.7479103,-3.21115139,18.50625126,2.3584037
2018-03-09,10.74,1.416430594901,9944188081.44,8049380971.62,925902056.0,749476813.0,51.38254929,49.38973948,1.77266824,-3.25663512,18.76837947,2.39180885
2018-03-12,10.85,1.024208566108,10046037307.6,8131823421.05,925902056.0,749476813.0,51.90881376,49.89559342,1.79082406,-3.28998986,18.96060682,2.41630597
2018-03-13,10.63,-2.027649769585,9842338855.28,7966938522.19,925902056.0,749476813.0,50.85628481,48.88388553,1.75451242,-3.22328039,18.57615212,2.36731174
2018-03-14,10.54,-0.846660395108,9759007670.24,7899485609.02,925902056.0,749476813.0,50.42570479,48.47000504,1.73965766,-3.19599015,18.41887519,2.34726865
2018-03-15,10.75,1.992409867173,9953447102.0,8056875739.75,925902056.0,749476813.0,51.43039151,49.4357262,1.77431877,-3.25966737,18.78585468,2.39403586
2018-03-16,10.75,0.0,9953447102.0,8056875739.75,925902056.0,749476813.0,51.43039151,49.4357262,1.77431877,-3.25966737,18.78585468,2.39403586
2018-03-19,10.71,-0.372093023256,9916411019.76,8026896667.23,925902056.0,749476813.0,51.23902261,49.25177931,1.76771665,-3.24753838,18.71595382,2.38512782
2018-03-20,10.5,-1.960784313725,9721971588.0,7869506536.5,925902056.0,749476813.0,50.23433589,48.28605815,1.73305554,-3.18386115,18.34897434,2.33836061
2018-03-21,10.35,-1.428571428571,9583086279.6,7757085014.55,925902056.0,749476813.0,49.51670252,47.59625732,1.7082976,-3.13837742,18.08684613,2.30495546
2018-03-22,10.37,0.193236714976,9601604320.72,7772074550.81,925902056.0,749476813.0,49.61238697,47.68823076,1.71159866,-3.14444192,18.12179656,2.30940948
2018-03-23,9.78,-5.689488910318,9055322107.68,7329883231.14,925902056.0,749476813.0,46.78969572,44.97501416,1.61421745,-2.96553925,17.09075895,2.17801588
2018-03-26,10.02,2.453987730061,9277538601.12,7509757666.26,925902056.0,749476813.0,47.93790911,46.07869549,1.65383014,-3.03831322,17.51016408,2.23146413
2018-03-27,10.21,1.89620758483,9453459991.76,7652158260.73,925902056.0,749476813.0,48.84691138,46.95244321,1.6851902,-3.09592594,17.84219314,2.27377732
2018-03-28,10.02,-1.860920666014,9277538601.12,7509757666.26,925902056.0,749476813.0,47.93790911,46.07869549,1.65383014,-3.03831322,17.51016408,2.23146413
2018-03-29,10.23,2.095808383234,9471978032.88,7667147796.99,925902056.0,749476813.0,48.94259583,47.04441665,1.68849126,-3.10199044,17.87714357,2.27823134
2018-03-30,10.54,3.030303030303,9759007670.24,7899485609.02,925902056.0,749476813.0,50.42570479,48.47000504,1.73965766,-3.19599015,18.41887519,2.34726865
2018-04-02,10.5,-0.379506641366,9721971588.0,7869506536.5,925902056.0,749476813.0,50.23433589,48.28605815,1.70886434,-3.18386115,18.34897434,2.33836061
2018-04-03,10.79,2.761904761905,9990483184.24,8086854812.27,925902056.0,749476813.0,51.62176041,49.61967309,1.75606154,-3.27179637,18.85575553,2.40294391
2018-04-04,10.58,-1.94624652456,9796043752.48,7929464681.54,925902056.0,749476813.0,50.61707369,48.65395192,1.72188426,-3.20811914,18.48877605,2.35617669
2018-04-09,10.65,0.661625708885,9860856896.4,7981928058.45,925902056.0,749476813.0,50.95196926,48.97585898,1.73327669,-3.22934488,18.61110254,2.37176576
2018-04-10,10.7,0.469483568075,9907151999.2,8019401899.1,925902056.0,749476813.0,51.19118039,49.20579259,1.74141414,-3.24450613,18.69847861,2.38290081
2018-04-11,10.61,-0.841121495327,9823820814.16,7951948985.93,925902056.0,749476813.0,50.76060037,48.79191209,1.72676673,-3.21721589,18.54120169,2.36285772
2018-04-12,10.5,-1.036757775683,9721971588.0,7869506536.5,925902056.0,749476813.0,50.23433589,48.28605815,1.70886434,-3.18386115,18.34897434,2.33836061
2018-04-13,10.43,-0.666666666667,9657158444.08,7817043159.59,925902056.0,749476813.0,49.89944032,47.96415109,1.69747191,-3.16263541,18.22664784,2.32277154
2018-04-16,10.26,-1.629913710451,9499755094.56,7689632101.38,925902056.0,749476813.0,49.0861225,47.18237682,1.66980458,-3.11108718,17.92956921,2.28491237
2018-04-17,10.1,-1.559454191033,9351610765.6,7569715811.3,925902056.0,749476813.0,48.32064691,46.44658927,1.64376475,-3.06257121,17.64996579,2.24928021
2018-04-18,10.15,0.49504950495,9397905868.4,7607189651.95,925902056.0,749476813.0,48.55985803,46.67652288,1.65190219,-3.07773245,17.73734186,2.26041526
2018-04-19,10.07,-0.788177339901,9323833703.92,7547231506.91,925902056.0,749476813.0,48.17712023,46.3086291,1.63888228,-3.05347446,17.59754015,2.24259918
2018-04-20,9.15,-9.136047666336,8472003812.4,6857712838.95,925902056.0,749476813.0,43.77563556,42.07785067,1.48915321,-2.77450758,15.98982049,2.03771425
2018-04-23,8.64,-5.573770491803,7999793763.84,6475479664.32,925902056.0,749476813.0,41.33568211,39.73252785,1.40615123,-2.61986289,15.0985846,1.92413673
2018-04-24,8.54,-1.157407407407,7907203558.24,6400531983.02,925902056.0,749476813.0,40.85725986,39.27266063,1.38987633,-2.58954041,14.92383246,1.90186663
2018-04-25,8.43,-1.288056206089,7805354332.08,6318089533.59,925902056.0,749476813.0,43.13260203,38.76680668,1.37197394,-2.55618567,15.08402778,1.83237567
2018-04-26,8.2,-2.728351126928,7592396859.2,6145709866.6,925902056.0,749476813.0,41.9557932,37.70911208,1.33454167,-2.48644395,14.67248254,1.78238202
2018-04-27,8.33,1.585365853659,7712764126.48,6243141852.29,925902056.0,749476813.0,42.62094602,38.30693946,1.35569904,-2.52586318,14.90509507,1.8106393
2018-05-02,8.23,-1.200480192077,7620173920.88,6168194170.99,925902056.0,749476813.0,42.10929,37.84707224,1.33942414,-2.49554069,14.72616235,1.78890293
2018-05-03,8.14,-1.093560145808,7536842735.84,6100741257.82,925902056.0,749476813.0,41.64879959,37.43319175,1.32477674,-2.46825046,14.56512291,1.7693402
2018-05-04,7.83,-3.808353808354,7249813098.48,5868403445.79,925902056.0,749476813.0,40.06266594,36.00760336,1.27432455,-2.37425075,14.0104315,1.70195747
2018-05-07,8.0,2.171136653895,7407216448.0,5995814504.0,925902056.0,749476813.0,40.93248117,36.78937764,1.30199188,-2.42579897,14.31461711,1.73890929
2018-05-08,8.13,1.625,7527583715.28,7150081758.63,925902056.0,879468851.0,41.59763399,37.38720502,1.32314925,-2.46521821,14.54722964,1.76716657
2018-05-09,7.97,-1.968019680197,7379439386.32,7009366742.47,925902056.0,879468851.0,40.77898436,36.65141747,1.29710941,-2.41670223,14.2609373,1.73238838
2018-05-10,8.02,0.627352572146,7425734489.12,7133142393.02,925902056.0,889419251.0,41.03481237,36.88135108,1.30524686,-2.43186347,14.35040365,1.74325657
2018-05-11,7.87,-1.870324189526,7286849180.72,6999729505.37,925902056.0,889419251.0,40.26732835,36.19155025,1.28083451,-2.38637974,14.08200458,1.71065202
2018-05-14,7.82,-0.635324015248,7240554077.92,6955258542.82,925902056.0,889419251.0,40.01150034,35.96161664,1.27269706,-2.3712185,13.99253823,1.69978383
2018-05-15,7.88,0.76726342711,7296108201.28,7008623697.88,925902056.0,889419251.0,40.31849395,36.23753697,1.282462,-2.38941199,14.09989785,1.71282565
2018-05-16,7.94,0.761421319797,7351662324.64,7061988852.94,925902056.0,889419251.0,40.62548756,36.5134573,1.29222694,-2.40760548,14.20725748,1.72586747
2018-05-17,8.39,5.667506297229,7768318249.84,7462227515.89,925902056.0,889419251.0,42.92793962,38.5828598,1.36546398,-2.54405667,15.0124547,1.82368112
2018-05-18,8.54,1.787842669845,7907203558.24,7595640403.54,925902056.0,889419251.0,43.69542365,39.27266063,1.38987633,-2.58954041,15.28085377,1.85628567
2018-05-21,8.63,1.053864168618,7990534743.28,7675688136.13,925902056.0,889419251.0,44.15591406,39.68654113,1.40452374,-2.61683064,15.44189321,1.8758484
2018-05-22,8.65,0.231749710313,8009052784.4,7693476521.15,925902056.0,889419251.0,44.25824526,39.77851457,1.40777872,-2.62289514,15.47767975,1.88019567
2018-05-23,8.71,0.693641618497,8064606907.76,7746841676.21,925902056.0,889419251.0,44.56523887,40.0544349,1.41754366,-2.64108863,15.58503938,1.89323749
2018-05-24,8.92,2.411021814007,8259046339.52,7933619718.92,925902056.0,889419251.0,45.6397165,41.02015606,1.45172094,-2.70476586,15.96079808,1.93888386
2018-05-25,9.03,1.233183856502,8360895565.68,8031455836.53,925902056.0,889419251.0,46.20253812,41.52601001,1.46962333,-2.73812059,16.15762406,1.96279386
2018-05-28,9.05,0.221483942414,8379413606.8,8049244221.55,925902056.0,889419251.0,46.30486932,41.61798345,1.47287831,-2.74418509,16.19341061,1.96714114
2018-05-29,9.17,1.325966850829,8490521853.52,8155974531.67,925902056.0,889419251.0,46.91885654,42.16982412,1.49240819,-2.78057207,16.40812986,1.99322478
2018-05-30,9.31,1.526717557252,8620148141.36,8280493226.81,925902056.0,889419251.0,47.63517496,42.81363822,1.51519305,-2.82302356,16.65863566,2.02365569
2018-05-31,9.77,4.940923737916,9046063087.12,8689626082.27,925902056.0,889419251.0,49.98879263,44.92902744,1.59005758,-2.962507,17.48172615,2.12364297
2018-06-01,9.34,-4.401228249744,8647925203.04,8307175804.34,925902056.0,889419251.0,47.78867176,42.95159839,1.52007552,-2.8321203,16.71231548,2.0301766
2018-06-04,9.38,0.428265524625,8684961285.28,8342752574.38,925902056.0,889419251.0,47.99333417,43.13554528,1.52658548,-2.8442493,16.78388856,2.03887115
2018-06-05,9.94,5.970149253731,9203466436.64,8840827354.94,925902056.0,889419251.0,50.85860785,45.71080171,1.61772491,-3.01405523,17.78591176,2.1605948
2018-06-06,9.85,-0.905432595573,9120135251.6,8760779622.35,925902056.0,889419251.0,50.39811744,45.29692121,1.6030775,-2.98676499,17.62487232,2.14103207
2018-06-07,9.87,0.203045685279,9138653292.72,8778568007.37,925902056.0,889419251.0,50.50044864,45.38889466,1.60633248,-2.99282948,17.66065886,2.14537934
2018-06-08,9.59,-2.836879432624,8879400717.04,8529530617.09,925902056.0,889419251.0,49.0678118,44.10126644,1.56076276,-2.90792652,17.15964726,2.08451751
2018-06-11,9.46,-1.355578727842,8759033449.76,8413906114.46,925902056.0,889419251.0,48.40265898,43.50343906,1.5396054,-2.86850729,16.92703473,2.05626024
2018-06-12,9.99,5.602536997886,9249761539.44,8885298317.49,925902056.0,889419251.0,51.11443586,45.94073532,1.62586236,-3.02921647,17.87537812,2.17146298
2018-06-13,9.97,-0.2002002002,9231243498.32,8867509932.47,925902056.0,889419251.0,51.01210465,45.84876188,1.62260738,-3.02315197,17.83959158,2.16711571
2018-06-14,9.6,-3.711133400201,8888659737.6,8538424809.6,925902056.0,889419251.0,49.1189774,44.14725316,1.56239025,-2.91095877,17.17754053,2.08669115
2018-06-15,9.62,0.208333333333,8907177778.72,8556213194.62,925902056.0,889419251.0,49.2213086,44.23922661,1.56564523,-2.91702327,17.21332708,2.09103842
2018-06-19,8.78,-8.731808731809,8129420051.68,7809101023.78,925902056.0,889419251.0,44.92339808,40.37634196,1.42893609,-2.66231437,15.71029228,1.90845295
2018-06-20,9.28,5.694760820046,8592371079.68,8253810649.28,925902056.0,889419251.0,47.48167815,42.67567806,1.51031058,-2.81392681,16.60495585,2.01713478
2018-06-21,8.5,-8.405172413793,7870167476.0,7560063633.5,925902056.0,889419251.0,43.49076124,39.08871374,1.38336637,-2.57741141,15.20928068,1.84759112
2018-06-22,8.36,-1.647058823529,7740541188.16,7435544938.36,925902056.0,889419251.0,42.77444282,38.44489963,1.36058151,-2.53495993,14.95877488,1.81716021
2018-06-25,8.57,2.511961722488,7934980619.92,7622322981.07,925902056.0,889419251.0,43.84892045,39.41062079,1.3947588,-2.59863715,15.33453358,1.86280658
2018-06-26,8.33,-2.800466744457,7712764126.48,7408862360.83,925902056.0,889419251.0,42.62094602,38.30693946,1.35569904,-2.52586318,14.90509507,1.8106393
2018-06-27,9.06,8.763505402161,8388672627.36,8058138414.06,925902056.0,889419251.0,46.35603492,41.66397017,1.4745058,-2.74721734,16.21130388,1.96931477
2018-06-28,8.48,-6.401766004415,7851649434.88,7542275248.48,925902056.0,889419251.0,43.38843004,38.99674029,1.38011139,-2.57134691,15.17349414,1.84324385
2018-06-29,8.82,4.009433962264,8166456133.92,7844677793.82,925902056.0,889419251.0,45.12806049,40.56028884,1.43544604,-2.67444337,15.78186537,1.91714749
2018-07-02,8.76,-0.680272108844,8110902010.56,7786155188.76,925902056.0,888830501.0,44.82106688,40.28436851,1.44446769,-2.65624988,15.67450574,1.90410567
2018-07-03,8.98,2.511415525114,8314600462.88,7981697898.98,925902056.0,888830501.0,45.94671011,41.2960764,1.48074427,-2.72295935,16.06815771,1.95192568
2018-07-04,8.69,-3.229398663697,8046088866.64,7723937053.69,925902056.0,888830501.0,44.46290767,39.96246146,1.43292514,-2.63502414,15.54925284,1.88889022
2018-07-05,8.35,-3.912543153049,7731282167.6,7421734683.35,925902056.0,888830501.0,42.72327722,38.39891291,1.37686132,-2.53192768,14.94088161,1.81498657
2018-07-06,8.21,-1.676646706587,7601655879.76,7297298413.21,925902056.0,888830501.0,42.0069588,37.7550988,1.35377622,-2.4894762,14.69037581,1.78455566
2018-07-09,8.39,2.192448233861,7768318249.84,7457287903.39,925902056.0,888830501.0,42.92793962,38.5828598,1.38345707,-2.54405667,15.0124547,1.82368112
2018-07-10,8.49,1.19189511323,7860908455.44,7546170953.49,925902056.0,888830501.0,43.43959564,39.04272702,1.39994642,-2.57437916,15.19138741,1.84541749
2018-07-11,8.51,0.235571260306,7879426496.56,7563947563.51,925902056.0,888830501.0,43.54192684,39.13470046,1.40324429,-2.58044366,15.22717395,1.84976476
2018-07-12,8.68,1.997649823737,8036829846.08,7715048748.68,925902056.0,888830501.0,44.41174207,39.91647474,1.4312762,-2.63199189,15.53135957,1.88671658
2018-07-13,8.77,1.036866359447,8120161031.12,7795043493.77,925902056.0,888830501.0,44.87223248,40.33035523,1.44611662,-2.65928213,15.69239901,1.90627931
2018-07-16,8.7,-0.798175598632,8055347887.2,7732825358.7,925902056.0,888830501.0,44.51407327,40.00844818,1.43457407,-2.63805638,15.56714611,1.89106386
2018-07-17,8.52,-2.068965517241,7888685517.12,7572835868.52,925902056.0,888830501.0,43.59309244,39.18068718,1.40489323,-2.58347591,15.24506722,1.8519384
2018-07-18,8.31,-2.464788732394,7694246085.36,7386181463.31,925902056.0,888830501.0,42.51861481,38.21496602,1.37026558,-2.51979868,14.86930852,1.80629203
2018-07-19,8.32,0.120336943442,7703505105.92,7395069768.32,925902056.0,888830501.0,42.56978041,38.26095274,1.37191452,-2.52283093,14.8872018,1.80846566
2018-07-20,8.12,-2.403846153846,7518324694.72,7217303668.12,925902056.0,888830501.0,41.54646838,37.3412183,1.3389358,-2.46218596,14.52933637,1.76499293
2018-07-23,8.08,-0.492610837438,7481288612.48,7181750448.08,925902056.0,888830501.0,41.34180598,37.15727141,1.33234006,-2.45005696,14.45776328,1.75629839
2018-07-24,8.19,1.361386138614,7583137838.64,7279521803.19,925902056.0,888830501.0,41.9046276,37.66312536,1.35047835,-2.4834117,14.65458927,1.78020839
2018-07-25,8.3,1.343101343101,7684987064.8,7377293158.3,925902056.0,888830501.0,42.46744921,38.1689793,1.36861664,-2.51676644,14.85141525,1.80411839
2018-07-26,8.15,-0.609756097561,7546101756.4,7243968583.15,925902056.0,888830501.0,41.69996519,37.47917847,1.34388261,-2.47128271,14.58301618,1.77151384
2018-07-27,8.08,-0.858895705521,7481288612.48,7181750448.08,925902056.0,888830501.0,41.34180598,37.15727141,1.33234006,-2.45005696,14.45776328,1.75629839
2018-07-30,7.89,-2.351485148515,7305367221.84,7012872652.89,925902056.0,888830501.0,40.36965955,36.28352369,1.30101028,-2.39244424,14.11779113,1.71499929
2018-07-31,8.01,1.520912547529,7416475468.56,7119532313.01,925902056.0,888830501.0,40.98364677,36.83536436,1.32079751,-2.42883122,14.33251038,1.74108293
2018-08-01,7.94,-0.873907615481,7351662324.64,7057314177.94,925902056.0,888830501.0,40.62548756,36.5134573,1.30925496,-2.40760548,14.20725748,1.72586747
2018-08-02,7.24,-8.816120906801,6703530885.44,6435132827.24,925902056.0,888830501.0,37.04389546,33.29438676,1.19382946,-2.19534807,12.95472849,1.57371291
2018-08-03,7.35,1.519337016575,6805380111.6,6532904182.35,925902056.0,888830501.0,37.60671707,33.8002407,1.21196775,-2.22870281,13.15155447,1.59762291
2018-08-06,7.2,-2.040816326531,6666494803.2,6399579607.2,925902056.0,888830501.0,36.83923305,33.11043987,1.18723372,-2.18321908,12.8831554,1.56501836
2018-08-07,7.31,1.527777777778,6768344029.36,6497350962.31,925902056.0,888830501.0,37.40205467,33.61629382,1.20537201,-2.21657381,13.07998139,1.58892837
2018-08-08,7.23,-1.09439124487,6694271864.88,6426244522.23,925902056.0,888830501.0,36.99272986,33.24840004,1.19218052,-2.19231582,12.93683521,1.57153927
2018-08-09,7.36,1.79806362379,6814639132.16,6541792487.36,925902056.0,888830501.0,37.65788267,33.84622743,1.21361669,-2.23173506,13.16944774,1.59979655
2018-08-10,7.38,0.271739130435,6833157173.28,6559569097.38,925902056.0,888830501.0,37.76021388,33.93820087,1.21691456,-2.23779955,13.20523429,1.60414382
2018-08-13,7.63,3.387533875339,7064632687.28,6781776722.63,925902056.0,888830501.0,39.03935391,35.08786892,1.25813795,-2.31360577,13.65256607,1.65848474
2018-08-14,7.89,3.407601572739,7305367221.84,7012872652.89,925902056.0,888830501.0,40.36965955,36.28352369,1.30101028,-2.39244424,14.11779113,1.71499929
2018-08-15,7.99,1.26742712294,7397957427.44,7101755702.99,925902056.0,888830501.0,40.88131557,36.74339091,1.31749964,-2.42276673,14.29672384,1.73673566
2018-08-16,7.87,-1.501877346683,7286849180.72,6995096042.87,925902056.0,888830501.0,40.26732835,36.19155025,1.29771241,-2.38637974,14.08200458,1.71065202
2018-08-17,7.76,-1.397712833545,7184999954.56,6897324687.76,925902056.0,888830501.0,39.70450673,35.68569631,1.27957412,-2.35302501,13.8851786,1.68674201
2018-08-20,7.78,0.257731958763,7203517995.68,6915101297.78,925902056.0,888830501.0,39.80683794,35.77766975,1.28287199,-2.3590895,13.92096514,1.69108929
2018-08-21,7.83,0.642673521851,7249813098.48,6959542822.83,925902056.0,888830501.0,40.06266594,36.00760336,1.29111667,-2.37425075,14.0104315,1.70195747
2018-08-22,7.62,-2.681992337165,7055373666.72,6772888417.62,925902056.0,888830501.0,38.98818831,35.0418822,1.25648902,-2.31057352,13.6346728,1.6563111
2018-08-23,8.04,5.511811023622,7444252530.24,7146197228.04,925902056.0,888830501.0,41.13714357,36.97332452,1.32574432,-2.43792797,14.3861902,1.74760384
2018-08-24,7.95,-1.119402985075,7360921345.2,7066202482.95,925902056.0,888830501.0,40.67665316,36.55944403,1.31090389,-2.41063773,14.22515075,1.72804111
2018-08-27,8.01,0.754716981132,7416475468.56,7119532313.01,925902056.0,888830501.0,40.98364677,36.83536436,1.32079751,-2.42883122,14.33251038,1.74108293
2018-08-28,8.09,0.998751560549,7490547633.04,7190638753.09,925902056.0,888830501.0,41.39297158,37.20325813,1.33398899,-2.45308921,14.47565655,1.75847202
2018-08-29,7.91,-2.224969097651,7323885262.96,7030649262.91,925902056.0,888830501.0,40.47199075,36.37549714,1.30430815,-2.39850874,14.15357767,1.71934656
2018-08-30,7.83,-1.011378002528,7249813098.48,6959542822.83,925902056.0,888830501.0,40.06266594,36.00760336,1.29111667,-2.37425075,14.0104315,1.70195747
2018-08-31,8.04,2.681992337165,7444252530.24,7146197228.04,925902056.0,888830501.0,177.15079807,36.97332452,1.32574432,-2.43792797,17.25628642,1.86584036
2018-09-03,7.77,-3.358208955224,7194258975.12,6906212992.77,925902056.0,888830501.0,171.2017041,35.73168303,1.28122305,-2.35605725,16.67678427,1.80318155
2018-09-04,7.82,0.643500643501,7240554077.92,6950654517.82,925902056.0,888830501.0,172.30338817,35.96161664,1.28946773,-2.3712185,16.78409948,1.81478503
2018-09-05,7.86,0.511508951407,7277590160.16,6986207737.86,925902056.0,888830501.0,173.18473542,36.14556353,1.29606347,-2.38334749,16.86995165,1.82406782
2018-09-06,7.58,-3.562340966921,7018337584.48,6737335197.58,925902056.0,888830501.0,167.01530464,34.85793531,1.24989327,-2.29844453,16.26898645,1.7590883
2018-09-07,7.65,0.923482849604,7083150728.4,6799553332.65,925902056.0,888830501.0,168.55766234,35.17984236,1.26143582,-2.31967027,16.41922775,1.77533318
2018-09-10,7.39,-3.398692810458,6842416193.84,6568457402.39,925902056.0,888830501.0,162.82890519,33.98418759,1.21856349,-2.2408318,15.86118864,1.71499506
2018-09-11,7.43,0.541271989175,6879452276.08,6604010622.43,925902056.0,888830501.0,163.71025244,34.16813448,1.22515924,-2.2529608,15.94704081,1.72427785
2018-09-12,7.32,-1.480484522207,6777603049.92,6506239267.32,925902056.0,888830501.0,161.28654749,33.66228054,1.20702094,-2.21960606,15.71094734,1.69875018
2018-09-13,7.45,1.775956284153,6897970317.2,6621787232.45,925902056.0,888830501.0,164.15092607,34.26010792,1.22845711,-2.25902529,15.9899669,1.72891924
2018-09-14,7.4,-0.671140939597,6851675214.4,6577345707.4,925902056.0,888830501.0,163.049242,34.03017431,1.22021243,-2.24386405,15.88265168,1.71731576
2018-09-17,7.3,-1.351351351351,6759085008.8,6488462657.3,925902056.0,888830501.0,160.84587387,33.57030709,1.20372307,-2.21354156,15.66802125,1.69410879
2018-09-18,7.32,0.27397260274,6777603049.92,6506239267.32,925902056.0,888830501.0,161.28654749,33.66228054,1.20702094,-2.21960606,15.71094734,1.69875018
2018-09-19,7.48,2.185792349727,6925747378.88,6648452147.48,925902056.0,888830501.0,164.81193651,34.39806809,1.23340392,-2.26812204,16.05435602,1.73588133
2018-09-20,7.37,-1.470588235294,6823898152.72,6550680792.37,925902056.0,888830501.0,162.38823156,33.89221415,1.21526562,-2.23476731,15.81826255,1.71035367
2018-09-21,7.51,1.899592944369,6953524440.56,6675117062.51,925902056.0,888830501.0,165.47294695,34.53602826,1.23835072,-2.27721879,16.11874515,1.74284342
2018-09-25,8.05,7.190412782956,7453511550.8,7155085533.05,925902056.0,888830501.0,177.37113488,37.01931125,1.32739325,-2.44096022,17.27774946,1.86816106
2018-09-26,7.95,-1.242236024845,7360921345.2,7066202482.95,925902056.0,888830501.0,175.16776674,36.55944403,1.31090389,-2.41063773,17.06311904,1.84495409
2018-09-27,7.83,-1.509433962264,7249813098.48,6959542822.83,925902056.0,888830501.0,172.52372498,36.00760336,1.29111667,-2.37425075,16.80556252,1.81710573
2018-09-28,7.84,0.127713920817,7259072119.04,6968431127.84,925902056.0,888830501.0,172.7440618,36.05359008,1.2927656,-2.37728299,16.82702557,1.81942642
2018-10-08,7.66,-2.295918367347,7092409748.96,6808441637.66,925902056.0,888830501.0,168.77799915,35.22582909,1.2526033,-2.32270252,16.44069079,1.77765388
2018-10-09,7.97,4.046997389034,7379439386.32,7083979092.97,925902056.0,888830501.0,175.60844037,36.65141747,1.30329613,-2.41670223,17.10604512,1.84959548
2018-10-10,7.95,-0.250941028858,7360921345.2,7066202482.95,925902056.0,888830501.0,175.16776674,36.55944403,1.30002562,-2.41063773,17.06311904,1.84495409
2018-10-11,7.75,-2.51572327044,7175740934.0,6888436382.75,925902056.0,888830501.0,170.76103047,35.63970959,1.26732058,-2.34999276,16.63385818,1.79854015
2018-10-12,7.73,-0.258064516129,7157222892.88,6870659772.73,925902056.0,888830501.0,170.32035685,35.54773614,1.26405007,-2.34392826,16.59093209,1.79389876
2018-10-15,7.72,-0.12936610608,7147963872.32,6861771467.72,925902056.0,888830501.0,170.10002003,35.50174942,1.26241482,-2.34089601,16.56946905,1.79157806
2018-10-16,7.53,-2.461139896373,6972042481.68,6692893672.53,925902056.0,888830501.0,165.91362058,34.6280017,1.23134502,-2.28328328,16.16167124,1.74748482
2018-10-17,7.61,1.062416998672,7046114646.16,6764000112.61,925902056.0,888830501.0,167.67631509,34.99589548,1.24442704,-2.30754127,16.33337558,1.76605039
2018-10-18,7.4,-2.759526938239,6851675214.4,6577345707.4,925902056.0,888830501.0,163.049242,34.03017431,1.21008674,-2.24386405,15.88265168,1.71731576
2018-10-19,7.5,1.351351351351,6944265420.0,6666228757.5,925902056.0,888830501.0,165.25261014,34.49004153,1.22643927,-2.27418654,16.09728211,1.74052273
2018-10-22,8.02,6.933333333333,7425734489.12,7128420618.02,925902056.0,888830501.0,176.71012444,36.88135108,1.31147239,-2.43186347,17.21336034,1.86119897
2018-10-23,7.94,-0.997506234414,7351662324.64,7057314177.94,925902056.0,888830501.0,174.94742993,36.5134573,1.29839037,-2.40760548,17.04165599,1.84263339
2018-10-24,8.03,1.133501259446,7434993509.68,7137308923.03,925902056.0,888830501.0,176.93046125,36.9273378,1.31310764,-2.43489572,17.23482338,1.86351967
2018-10-25,8.45,5.230386052304,7823872373.2,7510617733.45,925902056.0,888830501.0,186.18460742,38.85878013,1.38178824,-2.56225017,18.13627118,1.96098894
2018-10-26,8.47,0.236686390533,7842390414.32,7528394343.47,925902056.0,888830501.0,186.62528105,38.95075357,1.38505874,-2.56831466,18.17919726,1.96563033
2018-10-29,8.5,0.354191263282,7870167476.0,7555059258.5,925902056.0,888830501.0,444.48887861,39.08871374,1.3899645,-2.57741141,34.70688986,2.06693491
2018-10-30,8.48,-0.235294117647,7851649434.88,7537282648.48,925902056.0,888830501.0,443.44302242,38.99674029,1.386694,-2.57134691,34.62522659,2.06207154
2018-10-31,8.55,0.825471698113,7916462578.8,7599500783.55,925902056.0,888830501.0,447.10351907,39.31864735,1.39814076,-2.59257265,34.91104803,2.07909335
2018-11-01,8.79,2.80701754386,8138679072.24,7812820103.79,925902056.0,888830501.0,459.65379329,40.42232868,1.43738682,-2.66534662,35.89100727,2.13745387
2018-11-02,9.1,3.526734926052,8425708709.6,8088357559.1,925902056.0,888830501.0,475.86456415,41.84791706,1.48807964,-2.75934633,37.15678796,2.2128362
2018-11-05,9.1,0.0,8425708709.6,8088357559.1,925902056.0,888830501.0,475.86456415,41.84791706,1.48807964,-2.75934633,37.15678796,2.2128362
2018-11-06,9.35,2.747252747253,8657184223.6,8310565184.35,925902056.0,888830501.0,488.93776647,42.99758511,1.52896095,-2.83515255,38.17757884,2.2736284
2018-11-07,9.2,-1.604278074866,8518298915.2,8177240609.2,925902056.0,888830501.0,481.09384508,42.30778428,1.50443217,-2.78966882,37.56510431,2.23715308
2018-11-08,9.21,0.108695652174,8527557935.76,8186128914.21,925902056.0,888830501.0,481.61677317,42.353771,1.50606742,-2.79270107,37.60593595,2.23958477
2018-11-09,9.25,0.43431053203,8564594018.0,8221682134.25,925902056.0,888830501.0,483.70848554,42.53771789,1.51260843,-2.80483006,37.76926249,2.24931152
2018-11-12,9.35,1.081081081081,8657184223.6,8310565184.35,925902056.0,888830501.0,488.93776647,42.99758511,1.52896095,-2.83515255,38.17757884,2.2736284
2018-11-13,9.62,2.887700534759,8907177778.72,8550549419.62,925902056.0,888830501.0,503.05682496,44.23922661,1.57311277,-2.91702327,39.28003299,2.33928398
2018-11-14,9.25,-3.846153846154,8564594018.0,8221682134.25,925902056.0,888830501.0,483.70848554,42.53771789,1.51260843,-2.80483006,37.76926249,2.24931152
2018-11-15,9.38,1.405405405405,8684961285.28,8337230099.38,925902056.0,888830501.0,490.50655074,43.13554528,1.53386671,-2.8442493,38.30007375,2.28092347
2018-11-16,9.54,1.705756929638,8833105614.24,8479442979.54,925902056.0,888830501.0,498.87340022,43.87133283,1.56003075,-2.89276528,38.95337991,2.31983048
2018-11-19,9.24,-3.14465408805,8555334997.44,8212793829.24,925902056.0,888830501.0,483.18555745,42.49173117,1.51097318,-2.80179782,37.72843086,2.24687983
2018-11-20,9.13,-1.190476190476,8453485771.28,8115022474.13,925902056.0,888830501.0,477.43334843,41.98587723,1.4929854,-2.76844308,37.27928287,2.22013127
2018-11-21,9.3,1.861993428258,8610889120.8,8266123659.3,925902056.0,888830501.0,486.323126,42.7676515,1.52078469,-2.81999131,37.97342067,2.26146996
2018-11-22,9.17,-1.397849462366,8490521853.52,8150575694.17,925902056.0,888830501.0,479.5250608,42.16982412,1.49952641,-2.78057207,37.44260941,2.22985802
2018-11-23,8.95,-2.399127589967,8286823401.2,7955032983.95,925902056.0,888830501.0,468.02064277,41.15811623,1.46355086,-2.7138626,36.54431344,2.17636088
2018-11-26,8.91,-0.446927374302,8249787318.96,7919479763.91,925902056.0,888830501.0,465.9289304,40.97416934,1.45700985,-2.70173361,36.3809869,2.16663413
2018-11-27,9.28,4.152637485971,8592371079.68,8248347049.28,925902056.0,888830501.0,485.27726982,42.67567806,1.51751419,-2.81392681,37.8917574,2.25660659
2018-11-28,9.45,1.831896551724,8749774429.2,8399448234.45,925902056.0,888830501.0,494.16704739,43.45745233,1.54531348,-2.86547504,38.58589519,2.29794529
2018-11-29,9.38,-0.740740740741,8684961285.28,8337230099.38,925902056.0,888830501.0,490.50655074,43.13554528,1.53386671,-2.8442493,38.30007375,2.28092347
2018-11-30,9.29,-0.959488272921,8601630100.24,8257235354.29,925902056.0,888830501.0,485.80019791,42.72166478,1.51914944,-2.81695906,37.93258903,2.25903828
2018-12-03,9.71,4.520990312164,8990508963.76,8630544164.71,925902056.0,888830501.0,507.7631778,44.65310711,1.58783004,-2.94431351,39.64751771,2.36116918
2018-12-04,9.38,-3.398558187436,8684961285.28,8337230099.38,925902056.0,888830501.0,490.50655074,43.13554528,1.53386671,-2.8442493,38.30007375,2.28092347
2018-12-05,9.49,1.172707889126,8786810511.44,8435001454.49,925902056.0,888830501.0,496.25875976,43.64139922,1.55185448,-2.87760403,38.74922173,2.30767204
2018-12-06,9.31,-1.896733403583,8620148141.36,8275011964.31,925902056.0,888830501.0,486.8460541,42.81363822,1.52241994,-2.82302356,38.0142523,2.26390165
2018-12-07,9.39,0.859291084855,8694220305.84,8346118404.39,925902056.0,888830501.0,491.02947884,43.181532,1.53550196,-2.84728155,38.34090538,2.28335516
2018-12-10,9.73,3.620873269436,9009027004.88,8648320774.73,925902056.0,888830501.0,508.80903398,44.74508055,1.59110054,-2.950378,39.72918098,2.36603255
2018-12-11,9.7,-0.308324768756,8981249943.2,8621655859.7,925902056.0,888830501.0,507.2402497,44.60712038,1.58619478,-2.94128126,39.60668607,2.35873749
2018-12-12,9.73,0.309278350515,9009027004.88,8648320774.73,925902056.0,888830501.0,508.80903398,44.74508055,1.59110054,-2.950378,39.72918098,2.36603255
2018-12-13,9.78,0.513874614594,9055322107.68,8692762299.78,925902056.0,888830501.0,511.42367444,44.97501416,1.5992768,-2.96553925,39.93333915,2.37819099
2018-12-14,9.51,-2.760736196319,8805328552.56,8452778064.51,925902056.0,888830501.0,497.30461595,43.73337267,1.55512499,-2.88366853,38.830885,2.31253541
2018-12-17,9.62,1.156677181914,8907177778.72,8550549419.62,925902056.0,888830501.0,503.05682496,44.23922661,1.57311277,-2.91702327,39.28003299,2.33928398
2018-12-18,9.7,0.831600831601,8981249943.2,8621655859.7,925902056.0,888830501.0,507.2402497,44.60712038,1.58619478,-2.94128126,39.60668607,2.35873749
2018-12-19,9.34,-3.711340206186,8647925203.04,8301676879.34,925902056.0,888830501.0,488.41483837,42.95159839,1.5273257,-2.8321203,38.13674721,2.27119672
2018-12-20,9.47,1.391862955032,8768292470.32,8417224844.47,925902056.0,888830501.0,495.21290358,43.54942578,1.54858398,-2.87153954,38.66755846,2.30280866
2018-12-21,9.54,0.739176346357,8833105614.24,8479442979.54,925902056.0,888830501.0,498.87340022,43.87133283,1.56003075,-2.89276528,38.95337991,2.31983048
2018-12-24,9.44,-1.04821802935,8740515408.64,8390559929.44,925902056.0,888830501.0,493.6441193,43.41146561,1.54367822,-2.86244279,38.54506356,2.2955136
2018-12-25,9.34,-1.059322033898,8647925203.04,8301676879.34,925902056.0,888830501.0,488.41483837,42.95159839,1.5273257,-2.8321203,38.13674721,2.27119672
2018-12-26,9.35,0.107066381156,8657184223.6,8310565184.35,925902056.0,888830501.0,488.93776647,42.99758511,1.52896095,-2.83515255,38.17757884,2.2736284
2018-12-27,9.25,-1.069518716578,8564594018.0,8221682134.25,925902056.0,888830501.0,483.70848554,42.53771789,1.51260843,-2.80483006,37.76926249,2.24931152
2018-12-28,9.43,1.945945945946,8731256388.08,8381671624.43,925902056.0,888830501.0,493.12119121,43.36547889,1.54204297,-2.85941054,38.50423192,2.29308191
2019-01-02,9.04,-4.135737009544,8370154586.24,7993472403.92,925902056.0,884233673.0,472.7269956,223.01854916,1.47065959,0.20404901,36.91179815,2.19824607
2019-01-03,8.65,-4.314159292035,8009052784.4,7648621271.45,925902056.0,884233673.0,452.33279999,213.3971737,1.40721299,0.19524601,35.31936438,2.10341024
2019-01-04,8.77,1.387283236994,8120161031.12,7754729312.21,925902056.0,884233673.0,458.6079371,216.35759692,1.42673502,0.19795463,35.809344,2.13259049
2019-01-07,9.08,3.534777651083,8407190668.48,8028841750.84,925902056.0,884233673.0,474.81870797,224.0053569,1.47716693,0.20495189,37.07512469,2.20797282
2019-01-08,8.97,-1.211453744493,8305341442.32,7931576046.81,925902056.0,884233673.0,469.06649895,221.29163562,1.45927174,0.20246899,36.62597671,2.18122426
2019-01-09,9.07,1.114827201784,8397931647.92,8019999414.11,925902056.0,884233673.0,474.29577988,223.75865496,1.4755401,0.20472617,37.03429306,2.20554114
2019-01-10,9.02,-0.551267916207,8351636545.12,7975787730.46,925902056.0,884233673.0,471.68113941,222.52514529,1.46740592,0.20359758,36.83013488,2.1933827
2019-01-11,9.1,0.886917960089,8425708709.6,8046526424.3,925902056.0,884233673.0,475.86456415,224.49876077,1.4804206,0.20540332,37.15678796,2.2128362
2019-01-14,9.06,-0.43956043956,8388672627.36,8011157077.38,925902056.0,884233673.0,473.77285178,223.51195303,1.47391326,0.20450045,36.99346142,2.20310945
2019-01-15,9.1,0.441501103753,8425708709.6,8046526424.3,925902056.0,884233673.0,475.86456415,224.49876077,1.4804206,0.20540332,37.15678796,2.2128362
2019-01-16,9.08,-0.21978021978,8407190668.48,8028841750.84,925902056.0,884233673.0,474.81870797,224.0053569,1.47716693,0.20495189,37.07512469,2.20797282
2019-01-17,8.9,-1.982378854626,8240528298.4,7869679689.7,925902056.0,884233673.0,465.4060023,219.56472207,1.44788389,0.20088896,36.34015526,2.16420244
2019-01-18,8.9,0.0,8240528298.4,7869679689.7,925902056.0,884233673.0,465.4060023,219.56472207,1.44788389,0.20088896,36.34015526,2.16420244
2019-01-21,9.33,4.831460674157,8638666182.48,8249900169.09,925902056.0,884233673.0,487.89191028,230.17290527,1.51783783,0.21059483,38.09591557,2.26876503
2019-01-22,9.36,0.32154340836,8666443244.16,8276427179.28,925902056.0,884233673.0,489.46069456,230.91301108,1.52271834,0.21127199,38.21841048,2.27606009
2019-01-23,9.44,0.854700854701,8740515408.64,8347165873.12,925902056.0,884233673.0,493.6441193,232.88662656,1.53573302,0.21307773,38.54506356,2.2955136
2019-01-24,9.38,-0.635593220339,8684961285.28,8294111852.74,925902056.0,884233673.0,490.50655074,231.40641495,1.52597201,0.21172342,38.30007375,2.28092347
2019-01-25,9.42,0.426439232409,8721997367.52,8329481199.66,925902056.0,884233673.0,492.59826311,232.39322269,1.53247935,0.2126263,38.46340029,2.29065022
2019-01-28,9.4,-0.212314225053,8703479326.4,8311796526.2,925902056.0,884233673.0,491.55240693,231.89981882,1.52922568,0.21217486,38.38173702,2.28578685
2019-01-29,9.4,0.0,8703479326.4,8311796526.2,925902056.0,884233673.0,491.55240693,231.89981882,1.52922568,0.21217486,38.38173702,2.28578685
2019-01-30,9.21,-2.021276595745,8527557935.76,8143792128.33,925902056.0,884233673.0,481.61677317,227.21248205,1.4983158,0.20788622,37.60593595,2.23958477
2019-01-31,9.38,1.845819761129,8684961285.28,8294111852.74,925902056.0,884233673.0,490.50655074,231.40641495,1.52597201,0.21172342,38.30007375,2.28092347
2019-02-01,9.82,4.690831556503,9092358189.92,8683174668.86,925902056.0,884233673.0,513.51538681,242.26130008,1.59755278,0.22165501,40.09666569,2.38791775
2019-02-11,10.03,2.13849287169,9286797621.68,8868863740.19,925902056.0,884233673.0,524.49687675,247.44204072,1.63171634,0.22639509,40.95413003,2.4389832
2019-02-12,9.9,-1.296111665005,9166430354.4,8753913362.7,925902056.0,884233673.0,517.69881155,244.23491556,1.61056747,0.22346076,40.42331877,2.40737125
2019-02-13,9.91,0.10101010101,9175689374.96,8762755699.43,925902056.0,884233673.0,518.22173965,244.4816175,1.61219431,0.22368647,40.46415041,2.40980294
2019-02-14,9.9,-0.100908173562,9166430354.4,8753913362.7,925902056.0,884233673.0,517.69881155,244.23491556,1.61056747,0.22346076,40.42331877,2.40737125
2019-02-15,9.91,0.10101010101,9175689374.96,8762755699.43,925902056.0,884233673.0,518.22173965,244.4816175,1.61219431,0.22368647,40.46415041,2.40980294
2019-02-18,10.0,0.908173562059,9259020560.0,8842336730.0,925902056.0,884233673.0,522.92809248,246.70193491,1.62683583,0.22571794,40.83163512,2.43168813
2019-02-19,10.47,4.7,9694194526.32,9257926556.31,925902056.0,884233673.0,547.50571282,258.29692585,1.70329711,0.23632668,42.75072198,2.54597748
2019-02-20,10.49,0.191021967526,9712712567.44,9275611229.77,925902056.0,884233673.0,548.55156901,258.79032972,1.70655079,0.23677811,42.83238525,2.55084085
2019-02-21,10.4,-0.857959961868,9629381382.4,9196030199.2,925902056.0,884233673.0,543.84521618,256.57001231,1.69190926,0.23474665,42.46490053,2.52895566
2019-02-22,10.47,0.673076923077,9694194526.32,9257926556.31,925902056.0,884233673.0,547.50571282,258.29692585,1.70329711,0.23632668,42.75072198,2.54597748
2019-02-25,10.67,1.910219675263,9879374937.52,9434773290.91,925902056.0,884233673.0,557.96427467,263.23096455,1.73583383,0.24084104,43.56735468,2.59461124
2019-02-26,10.22,-4.217432052484,9462719012.32,9036868138.06,925902056.0,884233673.0,253.37361367,252.12937748,1.66262622,0.23068373,41.7299311,2.27434474
2019-02-27,10.15,-0.684931506849,9397905868.4,8974971780.95,925902056.0,884233673.0,251.63817796,250.40246393,1.65123837,0.2291037,41.44410965,2.25876704
2019-02-28,10.46,3.054187192118,9684935505.76,9249084219.58,925902056.0,884233673.0,259.32367896,258.05022392,1.70167028,0.23610096,42.70989034,2.32775401
2019-03-01,10.66,1.912045889101,9870115916.96,9425930954.18,925902056.0,884233673.0,264.2820667,262.98426262,1.73420699,0.24061532,43.52652304,2.37226174
2019-03-04,10.69,0.281425891182,9897892978.64,9452457964.37,925902056.0,884233673.0,265.02582486,263.72436842,1.7390875,0.24129247,43.64901795,2.37893789
2019-03-05,10.76,0.654817586529,9962706122.56,9514354321.48,925902056.0,884233673.0,266.76126057,265.45128196,1.75047535,0.2428725,43.93483939,2.3945156
2019-03-06,11.08,2.973977695167,10258994780.48,9797309096.84,925902056.0,884233673.0,274.69468096,273.34574388,1.8025341,0.25009547,45.24145172,2.46572796
2019-03-07,10.83,-2.256317689531,10027519266.48,9576250678.59,925902056.0,884233673.0,268.49669628,267.17819551,1.7618632,0.24445252,44.22066084,2.4100933
2019-03-08,10.6,-2.123730378578,9814561793.6,9372876933.8,925902056.0,884233673.0,262.79455038,261.50405101,1.72444598,0.23926101,43.28153323,2.35890942
2019-03-11,10.85,2.358490566038,10046037307.6,9593935352.05,925902056.0,884233673.0,268.99253506,267.67159938,1.76511688,0.24490396,44.30232411,2.41454407
2019-03-12,11.65,7.373271889401,10786758952.4,10374056770.4,925902056.0,890476976.0,288.82608603,287.40775417,1.89526374,0.2629614,47.56885492,2.59257497
2019-03-13,11.71,0.515021459227,10831610135.76,10427485388.96,924988056.0,890476976.0,290.0270206,288.60279134,1.90314422,0.26405478,47.76664551,2.60335486
2019-03-14,11.72,0.085397096499,10840860016.32,10436390158.72,924988056.0,890476976.0,290.27469526,288.84924974,1.90476945,0.26428028,47.80743684,2.60557805
2019-03-15,11.66,-0.511945392491,10785360732.96,10382961540.16,924988056.0,890476976.0,288.78864733,287.37049932,1.89501807,0.26292731,47.56268887,2.59223891
2019-03-18,12.65,8.490566037736,11701098908.4,11264533746.4,924988056.0,890476976.0,313.30843814,311.76988134,2.05591583,0.28525133,51.60103038,2.81233467
2019-03-19,12.24,-3.241106719368,11321853805.44,10899438186.24,924988056.0,890476976.0,303.1537773,301.66508676,1.9892814,0.27600603,49.92858592,2.7211839
2019-03-20,12.59,2.859477124183,11645599625.04,11211105127.84,924988056.0,890476976.0,311.82239021,310.29113091,2.04616445,0.28389836,51.35628241,2.79899553
2019-03-21,12.62,0.238284352661,11673349266.72,11237819437.12,924988056.0,890476976.0,312.56541418,311.03050612,2.05104014,0.28457484,51.47865639,2.8056651
2019-03-22,11.36,-9.984152139461,10507864316.16,10115818447.36,924988056.0,890476976.0,281.35840769,279.97674719,1.84626117,0.25616246,46.33894902,2.52554323
2019-03-25,10.58,-6.866197183099,9786373632.48,9421246406.08,924988056.0,890476976.0,262.03978463,260.75299166,1.71949324,0.23857384,43.15722541,2.35213445
2019-03-26,10.4,-1.701323251418,9619875782.4,9260960550.4,924988056.0,890476976.0,257.58164084,256.31674039,1.6902391,0.23451492,42.4229815,2.31211704
2019-03-27,10.36,-0.384615384615,9582876260.16,9225341471.36,924988056.0,890476976.0,256.59094222,255.33090677,1.68373818,0.23361294,42.25981618,2.30322428
2019-03-28,9.9,-4.440154440154,9157381754.4,8815722062.4,924988056.0,890476976.0,245.19790811,243.99382018,1.60897761,0.22324017,40.38341508,2.20095757
2019-03-29,10.36,4.646464646465,9582876260.16,9225341471.36,924988056.0,890476976.0,256.59094222,255.33090677,1.68373818,0.23361294,42.25981618,2.30322428
2019-04-01,10.77,3.957528957529,9962121363.12,9590437031.52,924988056.0,890476976.0,266.74560307,265.43570134,1.7023142,0.24285824,43.93226065,2.39437505
2019-04-02,10.96,1.764159702878,10137869093.76,9759627656.96,924988056.0,890476976.0,271.4514215,270.11841102,1.73234574,0.24714265,44.70729588,2.43661565
2019-04-03,10.79,-1.551094890511,9980621124.24,9608246571.04,924988056.0,890476976.0,267.24095237,265.92861815,1.70547542,0.24330923,44.0138433,2.39882143
2019-04-04,10.82,0.278035217794,10008370765.92,9634960880.32,924988056.0,890476976.0,267.98397634,266.66799337,1.71021724,0.24398572,44.13621729,2.405491
2019-04-08,9.74,-9.981515711645,9009383665.44,8673245746.24,924988056.0,890476976.0,241.23511364,240.05048571,1.53951164,0.21963225,39.73075382,2.16538654
2019-04-09,10.01,2.772073921971,9259130440.56,8913674529.76,924988056.0,890476976.0,247.92232931,246.70486262,1.58218804,0.22572061,40.83211969,2.22541265
2019-04-10,10.08,0.699300699301,9323879604.48,8976007918.08,924988056.0,890476976.0,249.65605189,248.43007145,1.59325229,0.22729908,41.11765899,2.24097498
2019-04-11,9.52,-5.555555555556,8805886293.12,8477340811.52,924988056.0,890476976.0,235.78627123,234.62840082,1.50473827,0.21467135,38.8333446,2.11647637
2019-04-12,9.38,-1.470588235294,8676387965.28,8352674034.88,924988056.0,890476976.0,232.31882607,231.17798316,1.48260977,0.21151442,38.262266,2.08535172
2019-04-15,9.44,0.639658848614,8731887248.64,8406102653.44,924988056.0,890476976.0,233.804874,232.65673358,1.49209341,0.21286739,38.50701397,2.09869085
2019-04-16,10.19,7.944915254237,9425628290.64,9073960385.44,924988056.0,890476976.0,252.3804731,251.1411139,1.61063897,0.22977953,41.5663636,2.26543006
2019-04-17,10.11,-0.785083415113,9351629246.16,9002722227.36,924988056.0,890476976.0,250.39907586,249.16944667,1.59799411,0.22797557,41.24003297,2.24764455
2019-04-18,10.72,6.033630069238,9915871960.32,9545913182.72,924988056.0,890476976.0,265.50722979,264.20340932,1.69441116,0.24173077,43.728304,2.3832591
2019-04-19,10.7,-0.186567164179,9897372199.2,9528103643.2,924988056.0,890476976.0,265.01188048,263.71049251,1.69124995,0.24127978,43.64672135,2.37881273
2019-04-22,10.8,0.934579439252,9989871004.8,9617151340.8,924988056.0,890476976.0,266.17507656,266.17507656,1.70705602,0.24353473,18.59895026,2.4281868
2019-04-23,10.99,1.759259259259,10165618735.44,9786341966.24,924988056.0,890476976.0,270.85778624,270.85778624,1.73708756,0.24781914,18.92615401,2.4709049
2019-04-24,11.1,1.000909918107,10267367421.6,9884294433.6,924988056.0,890476976.0,273.56882868,273.56882868,1.75447425,0.25029958,19.11558777,2.49563643
2019-04-25,11.07,-0.27027027027,10239617779.92,9857580124.32,924988056.0,890476976.0,79.11368999,272.82945347,1.74973242,0.2496231,15.21352543,2.33502066
2019-04-26,11.35,2.52935862692,10498614435.6,10106913677.6,924988056.0,890476976.0,81.11475893,279.73028879,1.79398943,0.25593696,15.59833004,2.39408171
2019-04-29,11.2,-1.321585903084,10359866227.2,9973342131.2,924988056.0,890476976.0,80.04275771,276.03341273,1.77028032,0.25255453,15.39218471,2.36244186
2019-04-30,11.05,-1.339285714286,10221118018.8,9839770584.8,924988056.0,890476976.0,78.97075649,272.33653666,1.74657121,0.24917211,15.18603938,2.33080201
2019-05-06,10.29,-6.877828054299,9518127096.24,9163008083.04,924988056.0,890476976.0,73.53928365,253.60569794,1.62644504,0.23203448,14.14156971,2.17049346
2019-05-07,11.08,7.677356656948,10248867660.48,9866484894.08,924988056.0,890476976.0,79.18515674,273.07591187,1.75131303,0.24984859,15.22726845,2.33712998
2019-05-08,10.85,-2.075812274368,10036120407.6,9659071189.6,924988056.0,890236976.0,77.54142153,267.40736858,1.71495906,0.2446622,14.91117894,2.28861555
2019-05-09,10.6,-2.304147465438,9804873393.6,9436511945.6,924988056.0,890236976.0,75.75475283,261.24590847,1.67544387,0.23902483,14.56760339,2.23588247
2019-05-10,11.13,5.0,10295117063.28,9979712006.88,924988056.0,896649776.0,79.54249048,274.3082039,1.75921607,0.25097607,15.29598356,2.3476766
2019-05-13,10.77,-3.234501347709,9962121363.12,9656918087.52,924988056.0,896649776.0,76.96968755,265.43570134,1.7023142,0.24285824,14.80123476,2.27174097
2019-05-14,10.6,-1.578458681523,9804873393.6,9504487625.6,924988056.0,896649776.0,75.75475283,261.24590847,1.67544387,0.23902483,14.56760339,2.23588247
2019-05-15,10.92,3.018867924528,10100869571.52,9791415553.92,924988056.0,896649776.0,78.04168877,269.13257741,1.72602331,0.24624067,15.0073801,2.30338081
2019-05-16,10.73,-1.739926739927,9925121840.88,9621052096.48,924988056.0,896649776.0,76.68382056,264.44986773,1.69599177,0.24195626,14.74626268,2.26330367
2019-05-17,10.86,1.21155638397,10045370288.16,9737616567.36,924988056.0,896649776.0,77.61288828,267.65382698,1.71653967,0.2448877,14.92492196,2.29072487
2019-05-20,10.7,-1.473296500921,9897372199.2,9594152603.2,924988056.0,896649776.0,76.46942031,263.71049251,1.69124995,0.24127978,14.70503361,2.2569757
2019-05-21,10.69,-0.093457943925,9888122318.64,9585186105.44,924988056.0,896649776.0,76.39795357,263.46403411,1.68966934,0.24105428,14.69129059,2.25486638
2019-05-22,10.41,-2.619270346118,9629125662.96,9334124168.16,924988056.0,896649776.0,74.39688462,256.56319879,1.64541233,0.23474042,14.30648597,2.19580534
2019-05-23,10.27,-1.344860710855,9499627335.12,9208593199.52,924988056.0,896649776.0,73.39635015,253.11278113,1.62328383,0.23158349,14.11408366,2.16627481
2019-05-24,10.2,-0.681596884129,9434878171.2,9145827715.2,924988056.0,896649776.0,72.89608292,251.3875723,1.61221958,0.23000502,14.01788251,2.15150955
2019-05-27,10.48,2.745098039216,9693874826.88,9396889652.48,924988056.0,896649776.0,74.89715186,258.28840762,1.65647659,0.23631888,14.40268712,2.2105706
2019-05-28,10.34,-1.335877862595,9564376499.04,9271358683.84,924988056.0,896649776.0,73.89661739,254.83798996,1.63434808,0.23316195,14.21028482,2.18104007
2019-05-29,10.27,-0.676982591876,9499627335.12,9208593199.52,924988056.0,896649776.0,73.39635015,253.11278113,1.62328383,0.23158349,14.11408366,2.16627481
2019-05-30,10.28,0.097370983447,9508877215.68,9217559697.28,924988056.0,896649776.0,73.4678169,253.35923954,1.62486444,0.23180898,14.12782668,2.16838414
2019-05-31,10.2,-0.778210116732,9434878171.2,9145827715.2,924988056.0,896649776.0,72.89608292,251.3875723,1.61221958,0.23000502,14.01788251,2.15150955
2019-06-03,9.96,-2.352941176471,9212881037.76,8930631768.96,924988056.0,896649776.0,71.18088097,245.4725706,1.574285,0.22459314,13.68804998,2.1008858
2019-06-04,9.87,-0.903614457831,9129632112.72,8849933289.12,924988056.0,896649776.0,70.53768023,243.25444496,1.56005953,0.22256368,13.56436278,2.08190189
2019-06-05,9.92,0.506585612969,9175881515.52,8894765777.92,924988056.0,896649776.0,70.89501397,244.48673699,1.56796257,0.22369116,13.63307789,2.0924485
2019-06-06,9.97,0.504032258065,9222130918.32,8939598266.72,924988056.0,896649776.0,71.25234771,245.71902901,1.57586561,0.22481863,13.701793,2.10299512
2019-06-10,9.97,0.0,9222130918.32,8939598266.72,924988056.0,896649776.0,71.25234771,245.71902901,1.57586561,0.22481863,13.701793,2.10299512
2019-06-11,10.39,4.212637913741,9610625901.84,9316191172.64,924988056.0,896649776.0,74.25395113,256.07028198,1.64225112,0.23428943,14.27899993,2.19158669
2019-06-12,10.54,1.443695861405,9749374110.24,9450688639.04,924988056.0,896649776.0,75.32595235,259.76715805,1.66596023,0.23767186,14.48514526,2.22322654
2019-06-13,10.55,0.094876660342,9758623990.8,9459655136.8,924988056.0,896649776.0,75.39741909,260.01361645,1.66754084,0.23789735,14.49888828,2.22533586
2019-06-14,10.72,1.611374407583,9915871960.32,9612085598.72,924988056.0,896649776.0,76.61235381,264.20340932,1.69441116,0.24173077,14.73251965,2.26119435
2019-06-17,10.96,2.238805970149,10137869093.76,9827281544.96,924988056.0,896649776.0,78.32755576,270.11841102,1.73234574,0.24714265,15.06235218,2.31181811
2019-06-18,10.87,-0.821167883212,10054620168.72,9746583065.12,924988056.0,896649776.0,77.68435503,267.90028539,1.71812027,0.24511319,14.93866499,2.2928342
2019-06-19,10.99,1.103955841766,10165618735.44,9854181038.24,924988056.0,896649776.0,78.541956,270.85778624,1.73708756,0.24781914,15.10358125,2.31814607
2019-06-20,11.18,1.728844404004,10341366466.08,10024544495.68,924988056.0,896649776.0,79.89982422,275.54049592,1.76711911,0.25210354,15.36469867,2.35822321
2019-06-21,11.36,1.610017889088,10507864316.16,10185941455.36,924988056.0,896649776.0,81.18622568,279.97674719,1.79557004,0.25616246,15.61207307,2.39619103
2019-06-24,11.25,-0.968309859155,10406115630.0,10087309980.0,924988056.0,896649776.0,80.40009145,277.26570475,1.77818336,0.25368201,15.46089982,2.37298847
2019-06-25,11.3,0.444444444444,10452365032.8,10132142468.8,924988056.0,896649776.0,80.75742519,278.49799677,1.78608639,0.25480948,15.52961493,2.38353509
2019-06-26,11.16,-1.238938053097,10322866704.96,10006611500.16,924988056.0,896649776.0,79.75689072,275.04757911,1.76395789,0.25165255,15.33721263,2.35400457
2019-06-27,11.16,0.0,10322866704.96,10006611500.16,924988056.0,896649776.0,79.75689072,275.04757911,1.76395789,0.25165255,15.33721263,2.35400457
2019-06-28,11.09,-0.627240143369,10258117541.04,9943846015.84,924988056.0,896649776.0,79.25662348,273.32237028,1.75289364,0.25007409,15.24101147,2.33923931
2019-07-01,11.33,2.164111812444,10480114674.48,10159041962.08,924988056.0,896649776.0,80.97182544,279.23737198,1.77023469,0.25548597,15.570844,2.38986306
2019-07-02,11.25,-0.706090026478,10406115630.0,10087309980.0,924988056.0,896649776.0,80.40009145,277.26570475,1.75773524,0.25368201,15.46089982,2.37298847
2019-07-03,11.22,-0.266666666667,10378365988.32,10060410486.72,924988056.0,896649776.0,80.18569121,276.52632953,1.75304794,0.25300552,15.41967076,2.36666051
2019-07-04,11.1,-1.069518716578,10267367421.6,9952812513.6,924988056.0,896649776.0,79.32809023,273.56882868,1.73429877,0.25029958,15.25475449,2.34134863
2019-07-05,11.38,2.707581227437,10526364077.28,10203874450.88,924988056.0,896649776.0,81.32915918,280.469664,1.77804684,0.25661345,15.63955911,2.40040967
2019-07-08,11.04,-2.98769771529,10211868138.24,9899013527.04,924988056.0,896649776.0,78.89928974,272.09007826,1.72492418,0.24894661,15.17229636,2.32869269
2019-07-09,11.29,2.264492753623,10443115152.24,10123175971.04,924988056.0,896649776.0,80.68595844,278.25153836,1.76398496,0.25458399,15.51587191,2.38142577
2019-07-10,10.93,-3.188662533215,10110119452.08,9800382051.68,924988056.0,896649776.0,78.11315552,269.37903581,1.70773743,0.24646617,15.02112312,2.30549014
2019-07-11,11.62,6.312900274474,10748361210.72,10419070397.12,924988056.0,896649776.0,83.04436113,286.3846657,1.8155452,0.26202533,15.96939164,2.45103343
2019-07-12,11.93,2.667814113597,11021865208.08,10697031827.68,923878056.0,896649776.0,85.1575172,293.67204183,1.86174376,0.26869285,16.37575056,2.5134027
2019-07-15,11.76,-1.424979044426,10864805938.56,10544601365.76,923878056.0,896649776.0,83.94404042,289.48727677,1.8352143,0.26486404,16.14239955,2.47758724
2019-07-16,11.5,-2.210884353741,10624597644.0,10311472424.0,923878056.0,896649776.0,82.08813477,283.08704786,1.79463984,0.2590082,15.78550976,2.42281065
2019-07-17,11.41,-0.782608695652,10541448618.96,10230773944.16,923878056.0,896649776.0,81.44570588,280.87158401,1.78059483,0.25698118,15.66197099,2.40384952
2019-07-18,11.07,-2.979842243646,10227330079.92,9925913020.32,923878056.0,896649776.0,79.01875233,272.5020539,1.72753591,0.24932355,15.19526896,2.3322186
2019-07-19,11.05,-0.180668473351,10208852518.8,9907980024.8,923878056.0,896649776.0,78.87599036,272.0097286,1.7244148,0.2488731,15.1678159,2.32800501
2019-07-22,11.08,0.27149321267,10236568860.48,9934879518.08,923878056.0,896649776.0,79.09013332,272.74821655,1.72909647,0.24954877,15.20899549,2.33432539
2019-07-23,11.3,1.985559566787,10439822032.8,10132142468.8,923878056.0,896649776.0,80.66051503,278.16379486,1.76342871,0.25450371,15.51097916,2.38067481
2019-07-24,11.15,-1.327433628319,10301240324.4,9997645002.4,923878056.0,896649776.0,79.58980023,274.4713551,1.74002036,0.25112534,15.3050812,2.34907293
2019-07-25,11.14,-0.089686098655,10292001543.84,9988678504.64,923878056.0,896649776.0,79.51841924,274.22519245,1.73845981,0.25090012,15.29135467,2.34696614
2019-07-26,11.01,-1.166965888689,10171897396.56,9872114033.76,923878056.0,896649776.0,78.59046641,271.025078,1.71817257,0.2479722,15.11290978,2.31957785
2019-07-29,10.97,-0.363306085377,10134942274.32,9836248042.72,923878056.0,896649776.0,78.30494247,270.0404274,1.71193035,0.2470713,15.05800366,2.31115068
2019-07-30,10.95,-0.182315405652,10116464713.2,9818315047.2,923878056.0,896649776.0,78.16218049,269.5481021,1.70880924,0.24662085,15.0305506,2.3069371
2019-07-31,11.01,0.547945205479,10171897396.56,9872114033.76,923878056.0,896649776.0,78.59046641,271.025078,1.71817257,0.2479722,15.11290978,2.31957785
2019-08-01,11.15,1.271571298819,10301240324.4,9997645002.4,923878056.0,896649776.0,79.58980023,274.4713551,1.74002036,0.25112534,15.3050812,2.34907293
2019-08-02,10.86,-2.600896860987,10033315688.16,9737616567.36,923878056.0,896649776.0,77.51975161,267.33263824,1.69476423,0.24459383,14.90701183,2.28797597
2019-08-05,10.63,-2.117863720074,9820823735.28,9531387118.88,923878056.0,896649776.0,75.87798892,261.67089728,1.65887143,0.23941367,14.59130163,2.23951976
2019-08-06,10.43,-1.881467544685,9636048124.08,9352057163.68,923878056.0,896649776.0,74.45036918,256.74764428,1.6276603,0.23490918,14.31677103,2.19738392
2019-08-07,10.63,1.917545541707,9820823735.28,9531387118.88,923878056.0,896649776.0,75.87798892,261.67089728,1.65887143,0.23941367,14.59130163,2.23951976
2019-08-08,10.72,0.846660395108,9903972760.32,9612085598.72,923878056.0,896649776.0,76.5204178,263.88636114,1.67291644,0.24144069,14.7148404,2.25848088
2019-08-09,11.11,3.638059701493,10264285202.16,9961779011.36,923878056.0,896649776.0,79.30427628,273.4867045,1.73377814,0.25022444,15.25017508,2.34064577
2019-08-12,11.13,0.1800180018,10282762763.28,9979712006.88,923878056.0,896649776.0,79.44703826,273.9790298,1.73689925,0.25067489,15.27762814,2.34485935
2019-08-13,10.96,-1.527403414196,10125703493.76,9827281544.96,923878056.0,896649776.0,78.23356148,269.79426475,1.71036979,0.24684608,15.04427713,2.30904389
2019-08-14,11.1,1.277372262774,10255046421.6,9952812513.6,923878056.0,896649776.0,79.2328953,273.24054185,1.73221758,0.24999922,15.23644855,2.33853897
2019-08-15,10.98,-1.081081081081,10144181054.88,9845214540.48,923878056.0,896649776.0,78.37632345,270.28659005,1.7134909,0.24729652,15.07173019,2.31325747
2019-08-16,11.81,7.559198542805,10910999841.36,10589433854.56,923878056.0,896649776.0,84.30094535,290.71809002,1.84301708,0.26599016,16.2110322,2.4881212
2019-08-19,11.84,0.254022015241,10938716183.04,10616333347.84,923878056.0,896649776.0,84.51508831,291.45657797,1.84769875,0.26666583,16.25221179,2.49444157
2019-08-20,12.13,2.449324324324,11206640819.28,10876361782.88,923878056.0,896649776.0,86.58513693,298.59529483,1.89295489,0.27319734,16.65028116,2.55553854
2019-08-21,12.14,0.082440230833,11215879599.84,10885328280.64,923878056.0,896649776.0,86.65651792,298.84145748,1.89451544,0.27342257,16.66400769,2.55764533
2019-08-22,12.14,0.0,11215879599.84,10885328280.64,923878056.0,896649776.0,86.65651792,298.84145748,1.89451544,0.27342257,16.66400769,2.55764533
2019-08-23,13.22,8.896210873147,12213667900.32,11853710038.72,923878056.0,896649776.0,94.36566449,325.42702372,2.06305553,0.29774682,18.14647296,2.78517885
2019-08-26,12.83,-2.950075642965,11853355458.48,11504016626.08,923878056.0,896649776.0,91.581806,315.82668035,2.00219383,0.28896306,17.61113828,2.70301397
2019-08-27,13.1,2.104442712393,12102802533.6,11746112065.6,923878056.0,896649776.0,93.50909265,322.47307191,2.04432886,0.29504412,17.9817546,2.75989735
2019-08-28,13.35,1.908396946565,12333772047.6,11970274509.6,923878056.0,896649776.0,95.29361731,328.62713817,2.08334277,0.30067474,18.32491785,2.81256714
2019-08-29,12.81,-4.044943820225,11834877897.36,11486083630.56,923878056.0,896649776.0,43.76182948,315.33435505,1.99907272,0.28851261,10.16151703,2.52824925
2019-08-30,12.71,-0.780640124902,11742490091.76,11396418652.96,923878056.0,896649776.0,43.42020708,312.87272855,1.98346716,0.28626037,10.08219215,2.50851273
2019-09-02,13.55,6.6089693155,12518547658.8,12149604464.8,923878056.0,896649776.0,46.28983524,333.55039118,2.11455389,0.30517923,10.74852114,2.67429956
2019-09-03,13.41,-1.033210332103,12389204730.96,12024073496.16,923878056.0,896649776.0,45.81156388,330.10411407,2.0927061,0.30202608,10.63746631,2.64666842
2019-09-04,13.58,1.267710663684,12546264000.48,12176503958.08,923878056.0,896649776.0,46.39232196,334.28887913,2.11923556,0.3058549,10.7723186,2.68022052
2019-09-05,13.57,-0.073637702504,12537025219.92,12167537460.32,923878056.0,896649776.0,46.35815972,334.04271648,2.11767501,0.30562968,10.76438611,2.67824687
2019-09-06,13.58,0.073691967576,12546264000.48,12176503958.08,923878056.0,896649776.0,46.39232196,334.28887913,2.11923556,0.3058549,10.7723186,2.68022052
2019-09-09,13.65,0.515463917526,12610935464.4,12239269442.4,923878056.0,896649776.0,46.63145764,336.01201768,2.13015946,0.30743147,10.82784602,2.69403609
2019-09-10,13.32,-2.417582417582,12306055705.92,11943375016.32,923878056.0,896649776.0,45.50410372,327.88865022,2.0786611,0.29999906,10.56607391,2.62890555
2019-09-11,13.15,-1.276276276276,12148996436.4,11790944554.4,923878056.0,896649776.0,44.92334564,323.70388516,2.05213164,0.29617025,10.43122162,2.59535345
2019-09-12,13.16,0.076045627376,12158235216.96,11799911052.16,923878056.0,896649776.0,44.95750788,323.95004781,2.0536922,0.29639547,10.43915411,2.5973271
2019-09-16,13.12,-0.303951367781,12121280094.72,11764045061.12,923878056.0,896649776.0,44.82085892,322.96539721,2.04744997,0.29549457,10.40742416,2.58943249
2019-09-17,12.76,-2.743902439024,11788683994.56,11441251141.76,923878056.0,896649776.0,43.59101828,314.1035418,1.99126994,0.28738649,10.12185459,2.51838099
2019-09-18,12.65,-0.862068965517,11687057408.4,11342619666.4,923878056.0,896649776.0,43.21523364,311.39575265,1.97410382,0.28490902,10.03459722,2.49667081
2019-09-19,12.92,2.134387351779,11936504483.52,11584715105.92,923878056.0,896649776.0,44.13761412,318.04214421,2.01623884,0.29099008,10.2487744,2.54995943
2019-09-20,12.61,-2.399380804954,11650102286.16,11306753675.36,923878056.0,896649776.0,43.07858468,310.41110205,1.96786159,0.28400812,10.00286727,2.4887762
2019-09-23,12.72,0.872323552736,11751728872.32,11405385150.72,923878056.0,896649776.0,43.45436932,313.1188912,1.98502771,0.28648559,10.09012464,2.51048638
2019-09-24,12.53,-1.493710691824,11576192041.68,11235021693.28,923878056.0,896649776.0,42.80528676,308.44180084,1.95537714,0.28220633,9.93940737,2.47298697
2019-09-25,12.58,0.399042298484,11622385944.48,11279854182.08,923878056.0,896649776.0,42.97609796,309.6726141,1.96317993,0.28333245,9.97906981,2.48285524
2019-09-26,12.76,1.430842607313,11788683994.56,11441251141.76,923878056.0,896649776.0,43.59101828,314.1035418,1.99126994,0.28738649,10.12185459,2.51838099
2019-09-27,12.52,-1.880877742947,11566953261.12,11226055195.52,923878056.0,896649776.0,42.77112452,308.19563819,1.95381659,0.2819811,9.93147488,2.47101332
2019-09-30,12.89,2.955271565495,11908788141.84,11557815612.64,923878056.0,896649776.0,44.0351274,317.30365626,1.98806782,0.29031441,10.22497693,2.54403848
2019-10-08,12.93,0.310318076028,11945743264.08,11593681603.68,923878056.0,896649776.0,44.17177636,318.28830686,1.99423715,0.29121531,10.25670689,2.55193309
2019-10-09,13.43,3.866976024749,12407682292.08,12042006491.68,923878056.0,896649776.0,45.87988836,330.59643937,2.07135382,0.30247653,10.65333128,2.65061573
2019-10-10,13.42,-0.074460163812,12398443511.52,12033039993.92,923878056.0,896649776.0,45.84572612,330.35027672,2.06981149,0.30225131,10.64539879,2.64864208
2019-10-11,13.51,0.670640834575,12481592536.56,12113738473.76,923878056.0,896649776.0,46.15318628,332.56574058,2.08369249,0.30427833,10.71679118,2.66640495
2019-10-14,13.44,-0.518134715026,12416921072.64,12050972989.44,923878056.0,896649776.0,45.9140506,330.84260202,2.07289616,0.30270176,10.66126377,2.65258938
2019-10-15,13.28,-1.190476190476,12269100583.68,11907509025.28,923878056.0,896649776.0,45.36745476,326.90399962,2.04821882,0.29909816,10.53434396,2.62101094
2019-10-16,13.18,-0.753012048193,12176712778.08,11817844047.68,923878056.0,896649776.0,45.02583236,324.44237312,2.03279549,0.29684592,10.45501908,2.60127441
2019-10-17,13.39,1.593323216995,12370727169.84,12006140500.64,923878056.0,896649776.0,45.7432394,329.61178877,2.06518449,0.30157563,10.62160133,2.64272112
2019-10-18,13.15,-1.792382374907,12148996436.4,11790944554.4,923878056.0,896649776.0,44.92334564,323.70388516,2.02816849,0.29617025,10.43122162,2.59535345
2019-10-21,13.47,2.433460076046,12444637414.32,12077872482.72,923878056.0,896649776.0,46.01653732,331.58108997,2.07752316,0.30337743,10.68506123,2.65851034
2019-10-22,13.27,-1.484780994803,12259861803.12,11898542527.52,923878056.0,896649776.0,45.33329252,326.65783697,2.04667649,0.29887294,10.52641147,2.61903728
2019-10-23,13.3,0.226073850791,12287578144.8,11925442020.8,923878056.0,896649776.0,45.43577924,327.39632492,2.05130349,0.29954861,10.55020894,2.62495824
2019-10-24,13.46,1.203007518797,12435398633.76,12068905984.96,923878056.0,896649776.0,45.98237508,331.33492732,2.07598082,0.30315221,10.67712875,2.65653669
2019-10-25,13.85,2.897473997028,12795711075.6,12418599397.6,923878056.0,896649776.0,47.31470244,340.93527069,2.13613183,0.31193596,10.98649577,2.73350915
2019-10-28,13.75,-0.72202166065,12703323270.0,12328934420.0,923878056.0,896649776.0,46.97308004,338.47364418,2.12070849,0.30968372,10.90717089,2.71377262
2019-10-29,13.35,-2.909090909091,12333772047.6,11970274509.6,923878056.0,896649776.0,45.60659044,328.62713817,2.05901516,0.30067474,10.58987138,2.63482651
2019-10-30,13.3,-0.374531835206,12287578144.8,11925442020.8,923878056.0,896649776.0,45.43577924,327.39632492,2.05130349,0.29954861,10.55020894,2.62495824
2019-10-31,13.74,3.308270676692,12694084489.44,12319967922.24,923878056.0,896649776.0,36.41214541,338.22748153,2.11916616,0.30945849,10.27852857,2.6398298
2019-11-01,13.84,0.727802037846,12786472295.04,12409632899.84,923878056.0,896649776.0,36.67715375,340.68910804,2.1345895,0.31171074,10.35333591,2.65904253
2019-11-04,14.33,3.540462427746,13239172542.48,12848991290.08,923878056.0,896649776.0,37.9756946,352.7510779,2.21016383,0.32274674,10.71989188,2.75318494
2019-11-05,14.26,-0.488485694348,13174501078.56,12786225805.76,923878056.0,896649776.0,37.79018876,351.02793935,2.1993675,0.32117017,10.66752674,2.73973602
2019-11-06,14.4,0.981767180926,13303844006.4,12911756774.4,923878056.0,896649776.0,38.16120043,354.47421645,2.22096017,0.32432331,10.77225701,2.76663385
2019-11-07,14.19,-1.458333333333,13109829614.64,12723460321.44,923878056.0,896649776.0,37.60468293,349.3048008,2.18857117,0.3195936,10.6151616,2.72628711
2019-11-08,14.06,-0.91613812544,12989725467.36,12606895850.56,923878056.0,896649776.0,37.26017209,346.10468634,2.16852083,0.31666568,10.51791206,2.70131055
2019-11-11,13.75,-2.204836415363,12703323270.0,12328934420.0,923878056.0,896649776.0,36.43864625,338.47364418,2.12070849,0.30968372,10.2860093,2.64175107
2019-11-12,13.75,0.0,12703323270.0,12328934420.0,923878056.0,896649776.0,36.43864625,338.47364418,2.12070849,0.30968372,10.2860093,2.64175107
2019-11-13,13.38,-2.690909090909,12361488389.28,11997174002.88,923878056.0,896649776.0,35.4581154,329.36562612,2.06364216,0.30135041,10.00922214,2.57066395
2019-11-14,14.15,5.75485799701,13072874492.4,12687594330.4,923878056.0,896649776.0,37.49867959,348.3201502,2.18240183,0.3186927,10.58523866,2.71860201
2019-11-15,13.94,-1.484098939929,12878860100.64,12499297877.44,923878056.0,896649776.0,36.94216208,343.15073454,2.15001283,0.31396298,10.42814325,2.67825527
2019-11-18,13.69,-1.793400286944,12647890586.64,12275135433.44,923878056.0,896649776.0,36.27964124,336.99666828,2.11145449,0.30833237,10.2411249,2.63022343
2019-11-19,13.78,0.657414170928,12731039611.68,12355833913.28,923878056.0,896649776.0,36.51814875,339.21213213,2.1253355,0.31035939,10.3084515,2.64751489
2019-11-20,13.82,0.290275761974,12767994733.92,12391699904.32,923878056.0,896649776.0,36.62415208,340.19678274,2.13150483,0.31126029,10.33837444,2.65519999
2019-11-21,14.43,4.413892908828,13331560348.08,12938656267.68,923878056.0,896649776.0,38.24070293,355.2127044,2.22558717,0.32499898,10.79469922,2.77239767
2019-11-22,14.17,-1.801801801802,13091352053.52,12705527325.92,923878056.0,896649776.0,37.55168126,348.8124755,2.1854865,0.31914315,10.60020013,2.72244456
2019-11-25,13.8,-2.611150317572,12749517172.8,12373766908.8,923878056.0,896649776.0,36.57115041,339.70445743,2.12842016,0.31080984,10.32341297,2.65135744
2019-11-26,13.8,0.0,12749517172.8,12373766908.8,923878056.0,896649776.0,36.57115041,339.70445743,2.12842016,0.31080984,10.32341297,2.65135744
2019-11-27,14.25,3.260869565217,13165262298.0,12777259308.0,923878056.0,896649776.0,37.76368793,350.7817767,2.19782517,0.32094494,10.660046,2.73781475
2019-11-28,14.37,0.842105263158,13276127664.72,12884857281.12,923878056.0,896649776.0,38.08169793,353.7357285,2.21633317,0.32364764,10.74981481,2.76087003
2019-11-29,14.0,-2.574808629088,12934292784.0,12553096864.0,923878056.0,896649776.0,37.10116709,344.62771044,2.15926683,0.31531433,10.47302765,2.68978291
2019-12-02,14.02,0.142857142857,12952770345.12,12571029859.52,923878056.0,896649776.0,37.15416875,345.12003574,2.1623515,0.31576478,10.48798912,2.69362546
2019-12-03,14.78,5.420827389444,13654917667.68,13252483689.28,923878056.0,896649776.0,39.16823211,363.82839717,2.27956884,0.33288184,11.05652491,2.83964224
2019-12-04,14.96,1.217861975643,13821215717.76,13413880648.96,923878056.0,896649776.0,39.64524712,368.25932487,2.30733084,0.33693588,11.19117812,2.87422517
2019-12-05,15.13,1.136363636364,13978274987.28,13566311110.88,923878056.0,896649776.0,40.09576129,372.44408993,2.33355051,0.3407647,11.3183506,2.90688682
2019-12-06,15.12,-0.066093853272,13969036206.72,13557344613.12,923878056.0,896649776.0,40.06926045,372.19792728,2.33200818,0.34053948,11.31086987,2.90496554
2019-12-09,15.4,1.851851851852,14227722062.4,13808406550.4,923878056.0,896649776.0,40.8112838,379.09048149,2.37519351,0.34684576,11.52033042,2.9587612
2019-12-10,15.29,-0.714285714286,14126095476.24,13709775075.04,923878056.0,896649776.0,40.51977463,376.38269233,2.35822785,0.34436829,11.43804234,2.93762719
2019-12-11,15.1,-1.242642249836,13950558645.6,13539411617.6,923878056.0,896649776.0,40.01625879,371.70560198,2.32892351,0.34008903,11.2959084,2.901123
2019-12-12,15.46,2.384105960265,14283154745.76,13862205536.96,923878056.0,896649776.0,40.9702888,380.56745739,2.38444751,0.34819711,11.56521482,2.97028884
2019-12-13,15.7,1.552393272962,14504885479.2,14077401483.2,923878056.0,896649776.0,41.6063088,386.47536099,2.42146352,0.3536025,11.74475244,3.01639941
2019-12-16,15.83,0.828025477707,14624989626.48,14193965954.08,923878056.0,896649776.0,41.95081964,389.67547545,2.44151385,0.35653042,11.84200198,3.04137596
2019-12-17,16.25,2.653190145294,15013018410.0,14570558860.0,923878056.0,896649776.0,43.06385465,400.01430676,2.50629186,0.36598985,12.15619281,3.12206945
2019-12-18,16.06,-1.169230769231,14837481579.36,14400195402.56,923878056.0,896649776.0,42.56033881,395.33721641,2.47698752,0.36171058,12.01405886,3.08556525
2019-12-19,16.47,2.552926525529,15216271582.32,14767821810.72,923878056.0,896649776.0,43.64687299,405.42988507,2.54022319,0.37094479,12.32076896,3.16433747
2019-12-20,16.33,-0.850030358227,15086928654.48,14642290842.08,923878056.0,896649776.0,43.27586132,401.98360796,2.51863053,0.36779164,12.21603868,3.13743964
2019-12-23,16.34,0.06123698714,15096167435.04,14651257339.84,923878056.0,896649776.0,43.30236216,402.22977061,2.52017286,0.36801687,12.22351942,3.13936091
2019-12-24,16.36,0.122399020808,15114644996.16,14669190335.36,923878056.0,896649776.0,43.35536382,402.72209592,2.52325753,0.36846732,12.23848089,3.14320346
2019-12-25,16.21,-0.916870415648,14976063287.76,14534692868.96,923878056.0,896649776.0,42.95785132,399.02965616,2.50012252,0.36508895,12.12626988,3.11438436
2019-12-26,16.2,-0.061690314621,14966824507.2,14525726371.2,923878056.0,896649776.0,42.93135049,398.78349351,2.49858019,0.36486373,12.11878914,3.11246308
2019-12-27,16.08,-0.740740740741,14855959140.48,14418128398.08,923878056.0,896649776.0,42.61334048,395.82954171,2.48007219,0.36216103,12.02902033,3.0894078
2019-12-30,16.59,3.171641791045,15327136949.04,14875419783.84,923878056.0,896649776.0,43.964883,408.38383687,2.55873119,0.37364748,12.41053777,3.18739275
2019-12-31,17.13,3.254972875226,15826031099.28,15359353712.88,923878056.0,896634776.0,45.39592801,109.70878977,2.6800659,0.38580961,12.81449741,3.29114152
2020-01-02,17.06,-0.408639813193,15761359635.36,15296589278.56,923878056.0,896634776.0,45.21042218,109.26047597,2.66911409,-6.03792391,12.76213227,3.2776926
2020-01-03,16.85,-1.230949589683,15567345243.6,15108295975.6,923878056.0,896634776.0,44.65390467,107.91553459,2.63625864,-5.96360011,12.60503685,3.23734586
2020-01-06,17.0,0.890207715134,15705926952.0,15242791192.0,923878056.0,896634776.0,45.05141718,108.87620701,2.65972682,-6.01668854,12.71724786,3.26616496
2020-01-07,17.0,0.0,15705926952.0,15242791192.0,923878056.0,896634776.0,45.05141718,108.87620701,2.65972682,-6.01668854,12.71724786,3.26616496
2020-01-08,17.03,0.176470588235,15733643293.68,15269690235.28,923878056.0,896634776.0,45.13091968,109.06834149,2.66442045,-6.02730622,12.73969007,3.27192878
2020-01-09,17.46,2.52495596007,16130910857.76,15655243188.96,923878056.0,896634776.0,46.27045552,111.82226908,2.7316959,-6.17949305,13.06136163,3.35454354
2020-01-10,17.78,1.832760595647,16426551835.68,15942166317.28,923878056.0,896634776.0,47.1184822,113.87170356,2.78176134,-6.29274836,13.30074512,3.4160243
2020-01-13,17.69,-0.506186726659,16343402810.64,15861469187.44,923878056.0,896634776.0,46.8799747,113.29530012,2.76768043,-6.26089531,13.23341851,3.39873283
2020-01-14,17.8,0.621820237422,16445029396.8,15960099012.8,923878056.0,896634776.0,47.17148387,113.99979322,2.78489043,-6.29982682,13.31570659,3.41986684
2020-01-15,17.51,-1.629213483146,16177104760.56,15700074927.76,923878056.0,896634776.0,46.40295969,112.14249322,2.73951862,-6.19718919,13.0987653,3.36414991
2020-01-16,17.67,0.913763563678,16324925249.52,15843536491.92,923878056.0,896634776.0,46.82697303,113.16721046,2.76455134,-6.25381685,13.21845704,3.39489029
2020-01-17,17.56,-0.622524052066,16223298663.36,15744906666.56,923878056.0,896634776.0,46.53546386,112.46271736,2.74734135,-6.21488533,13.13616897,3.37375628
2020-01-20,17.97,2.334851936219,16602088666.32,16112526924.72,923878056.0,896634776.0,47.62199804,115.08855529,2.8114877,-6.35999371,13.44287907,3.45252849
2020-01-21,17.96,-0.055648302727,16592849885.76,16103560576.96,923878056.0,896634776.0,47.59549721,115.02451046,2.80992315,-6.35645448,13.43539833,3.45060722
2020-01-22,17.98,0.11135857461,16611327446.88,16121493272.48,923878056.0,896634776.0,47.64849887,115.15260012,2.81305224,-6.36353293,13.4503598,3.45444977
2020-01-23,16.77,-6.729699666296,15493434999.12,15036565193.52,923878056.0,896634776.0,44.441898,107.40317597,2.62374228,-5.93528628,12.54519098,3.22197567
2020-02-03,15.09,-10.017889087657,13941319865.04,13530218769.84,923878056.0,896634776.0,39.98975795,96.64364493,2.36089869,-5.34069588,11.28842766,2.89920172
2020-02-04,16.29,7.952286282306,15049973532.24,14606180501.04,923878056.0,896634776.0,43.16985799,104.32902424,2.54864411,-5.76540331,12.18611575,3.12975454
2020-02-05,16.43,0.85942295887,15179316460.08,14731709369.68,923878056.0,896634776.0,43.54086966,105.22565183,2.57054774,-5.81495251,12.29084602,3.15665237
2020-02-06,16.47,0.243457090688,15216271582.32,14767574760.72,923878056.0,896634776.0,43.64687299,105.48183114,2.57680592,-5.82910942,12.32076896,3.16433747
2020-02-07,16.59,0.728597449909,15327136949.04,14875170933.84,923878056.0,896634776.0,43.964883,106.25036907,2.59558046,-5.87158017,12.41053777,3.18739275
2020-02-10,16.7,0.663050030139,15428763535.2,14973800759.2,923878056.0,896634776.0,44.25639217,106.95486218,2.61279046,-5.91051168,12.49282584,3.20852676
2020-02-11,16.7,0.0,15428763535.2,14973800759.2,923878056.0,896634776.0,44.25639217,106.95486218,2.61279046,-5.91051168,12.49282584,3.20852676
2020-02-12,16.74,0.239520958084,15465718657.44,15009666150.24,923878056.0,896634776.0,44.3623955,107.21104149,2.61904864,-5.92466859,12.52274878,3.21621185
2020-02-13,16.85,0.657108721625,15567345243.6,15108295975.6,923878056.0,896634776.0,44.65390467,107.91553459,2.63625864,-5.96360011,12.60503685,3.23734586
2020-02-14,17.17,1.899109792285,15862986221.52,15395219103.92,923878056.0,896634776.0,45.50193135,109.96496908,2.68632408,-6.07685542,12.84442034,3.29882661
2020-02-17,18.02,4.950495049505,16648282569.12,16157358663.52,923878056.0,896634776.0,47.75450221,115.40877943,2.81931043,-6.37768985,13.48028274,3.46213486
2020-02-18,17.52,-2.774694783574,16186343541.12,15709041275.52,923878056.0,896634776.0,46.42946053,112.20653805,2.74108317,-6.20072842,13.10624603,3.36607118
2020-02-19,17.5,-0.114155251142,16167865980.0,15691108580.0,923878056.0,896634776.0,46.37645886,112.07844839,2.73795408,-6.19364996,13.09128457,3.36222864
2020-02-20,17.64,0.8,16297208907.84,15816637448.64,923878056.0,896634776.0,46.74747053,112.97507598,2.75985771,-6.24319916,13.19601484,3.38912647
2020-02-21,17.42,-1.24716553288,16093955735.52,15619377797.92,923878056.0,896634776.0,46.16445219,111.56608977,2.72543771,-6.16533614,13.03143869,3.34685845
2020-02-24,17.01,-2.353616532721,15715165732.56,15251757539.76,923878056.0,896634776.0,114.90760132,108.94025184,2.66129136,-6.02022776,12.7247286,3.6620896
2020-02-25,16.48,-3.115814226925,15225510362.88,14776541108.48,923878056.0,896634776.0,111.32729393,105.54587597,2.57837047,-5.83264865,12.32824969,3.54798569
2020-02-26,15.99,-2.973300970874,14772810115.44,14337190068.24,923878056.0,896634776.0,108.01719842,102.40767941,2.50170775,-5.65922645,11.96169373,3.44249339
2020-02-27,16.06,0.437773608505,14837481579.36,14399954502.56,923878056.0,896634776.0,108.4900692,102.85599321,2.51265957,-5.68400105,12.01405886,3.45756372
2020-02-28,15.35,-4.420921544209,14181528159.6,13763343811.6,923878056.0,896634776.0,103.69380836,98.30881045,2.40157686,-5.43271583,11.48292675,3.30470754
2020-03-02,15.59,1.563517915309,14403258893.04,13978536157.84,923878056.0,896634776.0,105.31507963,99.84588631,2.43912595,-5.51765731,11.66246437,3.35637724
2020-03-03,15.97,2.437459910199,14754332554.32,14319257372.72,923878056.0,896634776.0,107.88209248,102.27958976,2.49857866,-5.652148,11.94673226,3.43818759
2020-03-04,16.12,0.93926111459,14892914262.72,14453752589.12,923878056.0,896634776.0,108.89538702,103.24026217,2.52204684,-5.70523642,12.05894327,3.47048115
2020-03-05,16.08,-0.248138957816,14855959140.48,14417887198.08,923878056.0,896634776.0,108.62517514,102.98408286,2.51578866,-5.69107951,12.02902033,3.46186953
2020-03-06,16.14,0.373134328358,14911391823.84,14471685284.64,923878056.0,896634776.0,109.03049296,103.36835183,2.52517593,-5.71231488,12.07390474,3.47478695
2020-03-09,16.37,1.425030978934,15123883776.72,14677911283.12,923878056.0,896634776.0,110.58421126,104.84138287,2.56116047,-5.79371714,12.24596162,3.52430374
2020-03-10,16.63,1.588271227856,15364092071.28,14911036324.88,923878056.0,896634776.0,112.34058847,106.50654838,2.60183864,-5.88573708,12.44046071,3.58027925
2020-03-11,16.51,-0.721587492483,15253226704.56,14803440151.76,923878056.0,896634776.0,111.52995284,105.73801045,2.5830641,-5.84326634,12.3506919,3.5544444
2020-03-12,15.89,-3.755299818292,14680422309.84,14247526590.64,923878056.0,896634776.0,107.34166872,101.76723114,2.4860623,-5.62383417,11.88688639,3.42096436
2020-03-13,16.18,1.825047199497,14948346946.08,14507550675.68,923878056.0,896634776.0,109.30070484,103.62453114,2.53143411,-5.72647179,12.10382767,3.48339857
2020-03-16,15.78,-2.472187886279,14578795723.68,14148896765.28,923878056.0,896634776.0,106.59858605,101.06273803,2.4688523,-5.58490265,11.80459831,3.39728241
2020-03-17,15.49,-1.837769328264,14310871087.44,13888872680.24,923878056.0,896634776.0,104.63954993,99.20543803,2.42348049,-5.48226502,11.58765702,3.3348482
2020-03-18,15.14,-2.259522272434,13987513767.84,13575050508.64,923878056.0,896634776.0,102.275196,96.96386906,2.36872141,-5.35839203,11.32583133,3.25949656
2020-03-19,14.5,-4.227212681638,13396231812.0,13001204252.0,923878056.0,896634776.0,97.95180594,92.86500009,2.26859052,-5.1318814,10.84706435,3.12171071
2020-03-20,14.3,-1.379310344828,13211456200.8,12821877296.8,923878056.0,896634776.0,96.60074655,91.58410354,2.23729962,-5.06109683,10.69744967,3.07865263
2020-03-23,13.47,-5.804195804196,12444637414.32,12077670432.72,923878056.0,896634776.0,90.99385007,86.26838285,2.10744237,-4.76734086,10.07654875,2.8999616
2020-03-24,14.17,5.196733481811,13091352053.52,12705314775.92,923878056.0,896634776.0,95.72255795,90.75152078,2.21696053,-5.01508686,10.60020013,3.05066488
2020-03-25,14.42,1.764290755116,13322321567.52,12929473469.92,923878056.0,896634776.0,97.41138219,92.35264147,2.25607416,-5.10356757,10.78721848,3.10448748
2020-03-26,14.08,-2.357836338419,13008203028.48,12624617646.08,923878056.0,896634776.0,95.11458122,90.17511733,2.20287962,-4.9832338,10.53287353,3.03128874
2020-03-27,14.46,2.698863636364,13359276689.76,12965338860.96,923878056.0,896634776.0,97.68159406,92.60882078,2.26233234,-5.11772448,10.81714142,3.11309909
2020-03-30,14.1,-2.489626556017,13026680589.6,12642550341.6,923878056.0,896634776.0,95.24968716,90.30320699,2.20600871,-4.99031226,10.54783499,3.03559455
2020-03-31,13.93,-1.205673758865,12869621320.08,12490122429.68,923878056.0,896634776.0,94.10128667,89.21444492,2.19474904,-4.93014537,10.42066251,2.99899518
2020-04-01,13.68,-1.794687724336,12638651806.08,12265963735.68,923878056.0,896634776.0,92.41246243,87.61332423,2.15536015,-4.84166466,10.23364416,2.94517259
2020-04-02,14.29,4.459064327485,13202217420.24,12812910949.04,923878056.0,896634776.0,96.53319358,91.52005871,2.25146904,-5.0575576,10.68996894,3.07649973
2020-04-03,14.74,3.149055283415,13617962545.44,13216396598.24,923878056.0,896634776.0,99.57307721,94.40207596,2.32236905,-5.21682288,11.02660197,3.1733804
2020-04-07,15.12,2.578018995929,13969036206.72,13557117813.12,923878056.0,896634776.0,102.14009006,96.83577941,2.38224016,-5.35131357,11.31086987,3.25519075
2020-04-08,15.5,2.513227513228,14320109868.0,13897839028.0,923878056.0,896634776.0,104.7071029,99.26948286,2.44211128,-5.48580425,11.59513776,3.3370011
2020-04-09,15.57,0.451612903226,14384781331.92,13960603462.32,923878056.0,896634776.0,105.17997369,99.71779665,2.45314017,-5.51057885,11.6475029,3.35207143
2020-04-10,15.47,-0.642260757868,14292393526.32,13870939984.72,923878056.0,896634776.0,104.504444,99.07734838,2.43738461,-5.47518657,11.57269556,3.33054239
2020-04-13,15.74,1.745313510019,14541840601.44,14113031374.24,923878056.0,896634776.0,106.32837417,100.80655872,2.47992461,-5.57074574,11.77467538,3.3886708
2020-04-14,15.7,-0.254129606099,14504885479.2,14077165983.2,923878056.0,896634776.0,106.0581623,100.55037941,2.47362239,-5.55658882,11.74475244,3.38005918
2020-04-15,16.0,1.910828025478,14782048896.0,14346156416.0,923878056.0,896634776.0,108.08475138,102.47172424,2.52088906,-5.66276568,11.96917446,3.4446463
2020-04-16,16.68,4.25,15410285974.08,14955868063.68,923878056.0,896634776.0,112.67835332,106.82677252,2.62802685,-5.90343322,12.47786438,3.59104377
2020-04-17,16.48,-1.199040767386,15225510362.88,14776541108.48,923878056.0,896634776.0,111.32729393,105.54587597,2.59651573,-5.83264865,12.32824969,3.54798569
2020-04-20,16.91,2.609223300971,15622777926.96,15162094062.16,923878056.0,896634776.0,114.23207162,108.29980356,2.66426463,-5.98483548,12.64992126,3.64056056
2020-04-21,16.92,0.059136605559,15632016707.52,15171060409.92,923878056.0,896634776.0,114.29962459,108.36384839,2.66584018,-5.98837471,12.65740199,3.64271346
2020-04-22,17.24,1.891252955083,15927657685.44,15457983538.24,923878056.0,896634776.0,116.46131962,110.41328287,2.71625796,-6.10163002,12.89678548,3.71160639
2020-04-23,17.17,-0.406032482599,15862986221.52,15395219103.92,923878056.0,896634776.0,109.96496908,109.96496908,2.70522907,-6.07685542,15.10006189,3.7030309
2020-04-24,16.92,-1.456027955737,15632016707.52,15171060409.92,923878056.0,896634776.0,108.36384839,108.36384839,2.66584018,-5.98837471,14.88020076,3.64911373
2020-04-27,17.1,1.063829787234,15798314757.6,15332454669.6,923878056.0,896634776.0,109.51665528,109.51665528,2.69420018,-6.05208082,15.03850077,3.68793409
2020-04-28,16.82,-1.637426900585,15539628901.92,15081396932.32,923878056.0,896634776.0,107.72340011,107.72340011,2.65008463,-5.95298242,14.79225631,3.62754687
2020-04-29,16.55,-1.605231866825,15290181826.8,14839305542.8,923878056.0,896634776.0,105.99418976,105.99418976,2.60754462,-5.85742325,14.5548063,3.56931633
2020-04-30,16.88,1.993957703927,15595061585.28,15135195018.88,923878056.0,896634776.0,-350.06484473,108.10766908,2.65953796,-5.97421779,15.51122514,4.21187757
2020-05-06,16.72,-0.947867298578,15447241096.32,15252360534.4,923878056.0,912222520.0,-346.74669455,107.08295183,2.63432907,-5.91759014,15.36419931,4.17195456
2020-05-07,16.85,0.777511961722,15567345243.6,15370949462.0,923878056.0,912222520.0,-349.44269157,107.91553459,2.65481129,-5.96360011,15.4836578,4.20439201
2020-05-08,16.71,-0.830860534125,15438002315.76,15243238309.2,923878056.0,912222520.0,-346.53931016,107.01890701,2.63275351,-5.91405091,15.35501019,4.16945937
2020-05-11,16.32,-2.333931777379,15077689873.92,14985244646.4,923878056.0,918213520.0,-338.45131908,104.52115873,2.57130684,-5.77602099,14.99663473,4.07214704
2020-05-12,16.62,1.838235294118,15354853290.72,15260708702.4,923878056.0,918213520.0,-344.67285068,106.44250356,2.61857351,-5.88219785,15.27230816,4.14700268
2020-05-13,16.89,1.624548736462,15604300365.84,15508626352.8,923878056.0,918213520.0,-350.27222912,108.1717139,2.66111352,-5.97775702,15.52041425,4.21437276
2020-05-14,16.69,-1.184132622854,15419524754.64,15324983648.8,923878056.0,918213520.0,-346.12454139,106.89081735,2.6296024,-5.90697245,15.33663196,4.164469
2020-05-15,16.42,-1.617735170761,15170077679.52,15077065998.4,923878056.0,918213520.0,-340.52516295,105.161607,2.5870624,-5.81141328,15.08852588,4.09709892
2020-05-18,16.31,-0.669914738124,15068451093.36,14976062511.2,923878056.0,918213520.0,-338.24393469,104.4571139,2.56973129,-5.77248177,14.98744562,4.06965185
2020-05-19,16.13,-1.10361741263,14902153043.28,14810784077.6,923878056.0,918213520.0,-334.51101573,103.304307,2.54137128,-5.70877565,14.82204156,4.02473846
2020-05-20,15.93,-1.239925604464,14717377432.08,14627141373.6,923878056.0,918213520.0,-330.363328,102.02341045,2.50986017,-5.63799108,14.63825927,3.9748347
2020-05-21,15.92,-0.062774639046,14708138651.52,14617959238.4,923878056.0,918213520.0,-330.15594361,101.95936562,2.50828462,-5.63445185,14.62907015,3.97233951
2020-05-22,15.71,-1.319095477387,14514124259.76,14425134399.2,923878056.0,918213520.0,-325.80087149,100.61442424,2.47519795,-5.56012805,14.43609875,3.91994056
2020-05-25,15.46,-1.591343093571,14283154745.76,14195581019.2,923878056.0,918213520.0,-320.61626182,99.01330355,2.43580906,-5.47164734,14.20637089,3.85756086
2020-05-26,15.76,1.940491591203,14560318162.56,14471045075.2,923878056.0,918213520.0,-326.83779342,100.93464838,2.48307573,-5.5778242,14.48204432,3.9324165
2020-05-27,16.4,4.060913705584,15151600118.4,15058701728.0,923878056.0,918213520.0,-340.11039417,105.03351735,2.58391129,-5.80433482,15.07014765,4.09210854
2020-05-28,16.13,-1.646341463415,14902153043.28,14810784077.6,923878056.0,918213520.0,-334.51101573,103.304307,2.54137128,-5.70877565,14.82204156,4.02473846
2020-05-29,16.82,4.2777433354,15539628901.92,15444351406.4,923878056.0,918213520.0,-348.82053841,107.72340011,2.65008463,-5.95298242,15.45609045,4.19690644
2020-06-01,17.0,1.070154577883,15705926952.0,15609629840.0,923878056.0,918213520.0,-352.55345737,108.87620701,2.67844463,-6.01668854,15.62149451,4.24181983
2020-06-02,17.01,0.058823529412,15715165732.56,15618811975.2,923878056.0,918213520.0,-352.76084176,108.94025184,2.68002018,-6.02022776,15.63068363,4.24431502
2020-06-03,17.0,-0.058788947678,15705926952.0,15609629840.0,923878056.0,918213520.0,-352.55345737,108.87620701,2.67844463,-6.01668854,15.62149451,4.24181983
2020-06-04,17.36,2.117647058824,16038523052.16,15940186707.2,923878056.0,918213520.0,-360.0192953,111.1818208,2.73516463,-6.14410076,15.95230263,4.3316466
2020-06-05,17.34,-0.115207373272,16020045491.04,15921822436.8,923878056.0,918213520.0,-359.60452652,111.05373115,2.73201352,-6.13702231,15.9339244,4.32665623
2020-06-08,17.63,1.672433679354,16287970127.28,16188104357.6,923878056.0,918213520.0,-365.61867374,112.91103115,2.77770463,-6.23965993,16.20040872,4.39901668
2020-06-09,18.16,3.006239364719,16777625496.96,16674757523.2,923878056.0,918213520.0,-376.61004623,116.30540702,2.86120908,-6.42723905,16.68743178,4.53126165
2020-06-10,19.05,4.900881057269,17599876966.8,17491967556.0,923878056.0,918213520.0,-395.06725665,122.00539668,3.00143354,-6.74223039,17.50526297,4.7533334
2020-06-11,18.91,-0.734908136483,17470534038.96,17363417663.2,923878056.0,918213520.0,-392.16387523,121.10876909,2.97937576,-6.69268119,17.37661537,4.71840076
2020-06-12,18.82,-0.475938656795,17387385013.92,17280778446.4,923878056.0,918213520.0,-390.29741575,120.53236564,2.96519576,-6.66082813,17.29391334,4.69594407
2020-06-15,18.5,-1.700318809777,17091744036.0,16986950120.0,923878056.0,918213520.0,-383.66111538,118.48293116,2.91477798,-6.54757282,16.99986167,4.61609805
2020-06-16,19.07,3.081081081081,17618354527.92,17510331826.4,923878056.0,918213520.0,-395.48202542,122.13348633,3.00458465,-6.74930885,17.5236412,4.75832377
2020-06-17,19.14,0.367068694284,17683025991.84,17574606772.8,923878056.0,918213520.0,-396.93371613,122.58180013,3.01561354,-6.77408345,17.587965,4.77579009
2020-06-18,18.95,-0.992685475444,17507489161.2,17400146204.0,923878056.0,918213520.0,-392.99341278,121.3649484,2.98567798,-6.7068381,17.41337182,4.72838152
2020-06-19,19.73,4.116094986807,18228114044.88,18116352749.6,923878056.0,918213520.0,-409.16939494,126.36044496,3.10857132,-6.98289793,18.13012275,4.92300619
2020-06-22,19.93,1.013684744045,18412889656.08,18299995453.6,923878056.0,918213520.0,-413.31708267,127.64134151,3.14008244,-7.0536825,18.31390504,4.97290995
2020-06-23,20.21,1.404917210236,18671575511.76,18557095239.2,923878056.0,918213520.0,-419.1238455,129.43459668,3.184198,-7.1527809,18.57120024,5.04277522
2020-06-24,20.2,-0.04948045522,18662336731.2,18547913104.0,923878056.0,918213520.0,-418.91646112,129.37055186,3.18262244,-7.14924167,18.56201113,5.04028003
2020-06-29,21.13,4.60396039604,19521543323.28,19401851677.6,923878056.0,918213520.0,-438.20320908,135.32672083,3.32914912,-7.47838993,19.41659877,5.27233253
2020-06-30,21.8,3.170847136772,20140541620.8,20017054736.0,923878056.0,918213520.0,-452.09796299,139.61772428,3.35017482,-7.71551824,20.03226943,5.43951013
2020-07-01,23.27,6.743119266055,21498642363.12,21366828610.4,923878056.0,918213520.0,-482.58346783,149.03231395,3.57608111,-8.23578484,21.38306925,5.80630279
2020-07-02,22.83,-1.890846583584,21092136018.48,20962814661.6,923878056.0,918213520.0,-473.45855481,146.21434153,3.5084629,-8.08005878,20.97874822,5.69651451
2020-07-03,23.28,1.971090670171,21507881143.68,21376010745.6,923878056.0,918213520.0,-482.79085222,149.09635877,3.57761788,-8.23932407,21.39225837,5.80879798
2020-07-06,24.36,4.639175257732,22505669444.16,22367681347.2,923878056.0,918213520.0,-505.18836598,156.01320016,3.74358985,-8.62156075,22.38468272,6.0782783
2020-07-07,24.02,-1.395730706076,22191550905.12,22055488750.4,923878056.0,918213520.0,-498.13729683,153.83567602,3.69133941,-8.50122698,22.07225283,5.9934419
2020-07-08,23.88,-0.582847626978,22062207977.28,21926938857.6,923878056.0,918213520.0,-495.23391542,152.93904843,3.66982453,-8.45167778,21.94360523,5.95850927
2020-07-09,24.03,0.628140703518,22200789685.68,22064670885.6,923878056.0,918213520.0,-498.34468122,153.89972085,3.69287619,-8.50476621,22.08144195,5.99593709
2020-07-10,25.48,6.255212677231,23540412866.88,23396080489.6,923878056.0,918213520.0,-528.41541729,163.18622086,3.91570892,-9.01795435,23.41386354,6.35773937
2020-07-13,25.35,-0.510204081633,23420308719.6,23276712732.0,923878056.0,918213520.0,-525.71942026,162.3536381,3.89573081,-8.97194438,23.29440505,6.32530192
2020-07-14,25.15,-0.788954635108,23235533108.4,23093070028.0,923878056.0,918213520.0,-521.57173253,161.07274154,3.86499526,-8.9011598,23.11062276,6.27539816
2020-07-15,25.14,-0.039761431412,23226294327.84,23083887892.8,923878056.0,918213520.0,-521.36434814,161.00869672,3.86345849,-8.89762058,23.10143365,6.27290297
2020-07-16,24.22,-3.659506762132,22376326516.32,22239131454.4,923878056.0,918213520.0,-502.28498456,155.11657257,3.72207496,-8.57201155,22.25603512,6.04334566
2020-07-17,25.91,6.977704376548,23937680430.96,23790912303.2,923878056.0,918213520.0,-537.33294592,165.94014845,3.98179035,-9.17014117,23.80899546,6.46503246
2020-07-20,26.4,1.891161713624,24390380678.4,24240836928.0,923878056.0,918213520.0,-547.49478086,169.078345,4.05709244,-9.34356337,24.25926206,6.58729668
2020-07-21,26.64,0.909090909091,24612111411.84,24461208172.8,923878056.0,918213520.0,-552.47200614,170.61542086,4.0939751,-9.42850486,24.47980081,6.64718119
2020-07-22,27.03,1.463963963964,24972423853.68,24819311445.6,923878056.0,918213520.0,-560.55999723,173.11316914,4.15390942,-9.56653477,24.83817627,6.74449353
2020-07-23,27.32,1.072881982982,25240348489.92,25085593366.4,923878056.0,918213520.0,-566.57414444,174.97046914,4.19847597,-9.6691724,25.10466059,6.81685398
2020-07-24,26.24,-3.953147877013,24242560189.44,24093922764.8,923878056.0,918213520.0,-544.17663068,168.05362776,4.03250401,-9.28693572,24.11223623,6.54737367
2020-07-27,25.89,-1.333841463415,23919202869.84,23772548032.8,923878056.0,918213520.0,-536.91817714,165.81205879,3.97871679,-9.16306272,23.79061723,6.46004208
2020-07-28,25.6,-1.120123599846,23651278233.6,23506266112.0,923878056.0,918213520.0,-530.90402993,163.95475879,3.93415025,-9.06042509,23.52413291,6.38768163
2020-07-29,25.91,1.2109375,23937680430.96,23790912303.2,923878056.0,918213520.0,-537.33294592,165.94014845,3.98179035,-9.17014117,23.80899546,6.46503246
2020-07-30,25.96,0.192975685064,23983874333.76,23836822979.2,923878056.0,918213520.0,-538.36986785,166.26037258,3.98947424,-9.18783732,23.85494103,6.4775084
2020-07-31,26.56,2.31124807396,24538201167.36,24387751091.2,923878056.0,918213520.0,-550.81293105,170.10306224,4.08168088,-9.40019103,24.4062879,6.62721969
2020-08-03,25.28,-4.819277108434,23339665351.68,23212437785.6,923246256.0,918213520.0,-523.90920567,161.7946043,3.88231661,-8.9410512,23.21419521,6.30352195
2020-08-04,25.5,0.870253164557,23542779528.0,23414444760.0,923246256.0,918213520.0,-528.46854211,163.20262696,3.91610259,-9.01886098,23.41621748,6.35837855
2020-08-05,26.13,2.470588235294,24124424669.28,23992919277.6,923246256.0,918213520.0,-541.52482374,167.23469186,4.01285336,-9.2416799,23.99473579,6.5154679
2020-08-06,26.33,0.765403750478,24309073920.48,24176561981.6,923246256.0,918213520.0,-545.66967505,168.51471247,4.04356789,-9.31241606,24.1783924,6.56533754
2020-08-07,26.49,0.607671857197,24456793321.44,24323476144.8,923246256.0,918213520.0,-548.9855561,169.53872895,4.06813951,-9.36900499,24.32531768,6.60523325
2020-08-10,26.6,0.415251038128,24558350409.6,24424479632.0,923246256.0,918213520.0,-551.26522432,170.24274028,4.08503251,-9.40790988,24.42632882,6.63266155
2020-08-11,25.83,-2.894736842105,23847450792.48,23717455221.6,923246256.0,918213520.0,-535.30754677,165.31466096,3.96678156,-9.13557565,23.71925088,6.44066345
2020-08-12,25.23,-2.322880371661,23293503038.88,23166527109.6,923246256.0,918213520.0,-522.87299284,161.47459915,3.87463797,-8.92336715,23.16828106,6.29105454
2020-08-13,25.14,-0.356718192628,23210410875.84,23083887892.8,923246256.0,918213520.0,-521.00780975,160.89858987,3.86081644,-8.89153588,23.08563558,6.26861321
2020-08-14,25.59,1.789976133652,23625871691.04,23497083976.8,923246256.0,918213520.0,-530.3337252,163.77863623,3.92992413,-9.05069225,23.49886295,6.38081989
2020-08-17,25.32,-1.0550996483,23376595201.92,23249166326.4,923246256.0,918213520.0,-524.73817593,162.05060842,3.88845951,-8.95519843,23.25092653,6.31349588
2020-08-18,25.6,1.105845181675,23635104153.6,23506266112.0,923246256.0,918213520.0,-530.54096776,163.84263726,3.93145985,-9.05422906,23.50804578,6.38331337
2020-08-19,25.29,-1.2109375,23348897814.24,23221619920.8,923246256.0,918213520.0,-524.11644823,161.85860533,3.88385233,-8.944588,23.22337804,6.30601543
2020-08-20,25.0,-1.146698299723,23081156400.0,22955338000.0,923246256.0,918213520.0,-518.10641383,160.00257545,3.83931626,-8.84202057,22.95707596,6.23370446
2020-08-21,24.95,-0.2,23034994087.2,22909427324.0,923246256.0,918213520.0,-517.070201,159.6825703,3.83163763,-8.82433652,22.91116181,6.22123705
2020-08-24,25.4,1.803607214429,23450454902.4,23322623408.0,923246256.0,918213520.0,-526.39611645,162.56261666,3.90074532,-8.98349289,23.32438917,6.33344373
2020-08-25,25.5,0.393700787402,23542779528.0,23414444760.0,923246256.0,918213520.0,-528.46854211,163.20262696,3.91610259,-9.01886098,23.41621748,6.35837855
2020-08-26,24.2,-5.098039215686,22342559395.2,22220767184.0,923246256.0,918213520.0,-501.52700859,154.88249304,3.71645814,-8.55907591,22.22244953,6.03422592
2020-08-27,25.39,4.917355371901,23441222439.84,23313441272.8,923246256.0,918213520.0,-526.18887389,162.49861563,3.8992096,-8.97995609,23.31520634,6.33095025
2020-08-28,26.99,6.30169358015,24918416449.44,24782582904.8,923246256.0,918213520.0,-559.34768437,172.73878046,4.14492584,-9.5458454,24.7844592,6.72990734
2020-08-31,28.75,6.52093367914,26543329860.0,26398638700.0,923246256.0,918213520.0,1918.86113358,184.00296177,4.4152137,-10.16832365,42.43808295,6.608838
2020-09-01,29.55,2.782608695652,27281926864.8,27133209516.0,923246256.0,918213520.0,1972.25553034,189.12304418,4.53807182,-10.45126831,43.61896873,6.79273611
2020-09-02,28.93,-2.098138747885,26709514186.08,26563917133.6,923246256.0,918213520.0,1930.87487286,185.15498031,4.44285678,-10.2319862,42.70378225,6.65021508
2020-09-03,29.24,1.071552022122,26995720525.44,26848563324.8,923246256.0,918213520.0,1951.5652016,187.13901225,4.4904643,-10.34162725,43.16137549,6.72147559
2020-09-04,29.02,-0.752393980848,26792606349.12,26646556350.4,923246256.0,918213520.0,1936.88174249,185.73098958,4.45667832,-10.26381747,42.8366319,6.67090361
2020-09-07,28.11,-3.135768435562,25952452256.16,25810982047.2,923246256.0,918213520.0,1876.14561618,179.90689584,4.31692721,-9.94196792,41.49337432,6.46171952
2020-09-08,28.04,-0.249021700462,25887825018.24,25746707100.8,923246256.0,918213520.0,1871.47360646,179.45888863,4.30617712,-9.91721027,41.39004681,6.44562844
2020-09-09,26.95,-3.887303851641,24881486599.2,24745854364.0,923246256.0,918213520.0,1798.72374087,172.48277634,4.13878293,-9.53169817,39.78108993,6.19506728
2020-09-10,26.65,-1.113172541744,24604512722.4,24470390308.0,923246256.0,918213520.0,1778.70084209,170.56274543,4.09271114,-9.42559392,39.33825776,6.12610549
2020-09-11,27.2,2.063789868668,25112298163.2,24975407744.0,923246256.0,918213520.0,1815.40948986,174.08280209,4.1771761,-9.62011838,40.15011674,6.25253543
2020-09-14,27.6,1.470588235294,25481596665.6,25342693152.0,923246256.0,918213520.0,1842.10668824,176.6428433,4.23860516,-9.7615907,40.74055963,6.34448448
2020-09-15,27.79,0.688405797101,25657013454.24,25517153720.8,923246256.0,918213520.0,1854.78785747,177.85886287,4.26778396,-9.82879006,41.02102,6.38816028
2020-09-16,27.39,-1.439366678661,25287714951.84,25149868312.8,923246256.0,918213520.0,1828.09065909,175.29882167,4.2063549,-9.68731773,40.43057711,6.29621123
2020-09-17,27.75,1.3143483023,25620083604.0,25480425180.0,923246256.0,918213520.0,1852.11813763,177.60285875,4.26164105,-9.81464283,40.96197571,6.37896538
2020-09-18,27.22,-1.90990990991,25130763088.32,24993772014.4,923246256.0,918213520.0,1816.74434978,174.21080415,4.18024755,-9.62719199,40.17963888,6.25713289
2020-09-21,26.49,-2.681851579721,24456793321.44,24323476144.8,923246256.0,918213520.0,1768.02196274,169.53872895,4.06813951,-9.36900499,39.1020806,6.08932587
2020-09-22,26.15,-1.283503208758,24142889594.4,24011283548.0,923246256.0,918213520.0,1745.32934411,167.36269392,4.01592481,-9.24875351,38.60020414,6.01116918
2020-09-23,26.22,0.267686424474,24207516832.32,24075558494.4,923246256.0,918213520.0,1750.00135383,167.81070113,4.0266749,-9.27351117,38.70353165,6.02726026
2020-09-24,25.59,-2.402745995423,23625871691.04,23497083976.8,923246256.0,918213520.0,1707.95326638,163.77863623,3.92992413,-9.05069225,37.77358409,5.88244051
2020-09-25,25.5,-0.351699882767,23542779528.0,23414444760.0,923246256.0,918213520.0,1701.94639674,163.20262696,3.91610259,-9.01886098,37.64073444,5.86175197
2020-09-28,25.08,-1.647058823529,23155016100.48,23028795081.6,923246256.0,918213520.0,1673.91433845,160.51458369,3.85160208,-8.87031503,37.0207694,5.76520547
2020-09-29,24.87,-0.837320574163,22961134386.72,22835970242.4,923246256.0,918213520.0,1659.8983093,159.17056206,3.81935182,-8.79604206,36.71078688,5.71693221
2020-09-30,24.69,-0.723763570567,22794950060.64,22670691808.8,923246256.0,918213520.0,1647.88457002,158.01854352,3.71924178,-8.73237951,36.44508758,5.67555514
2020-10-09,24.87,0.729040097205,22961134386.72,22835970242.4,923246256.0,918213520.0,1659.8983093,159.17056206,3.74635654,-8.79604206,36.71078688,5.71693221
2020-10-12,25.15,1.125854443104,23219643338.4,23093070028.0,923246256.0,918213520.0,1678.58634816,160.9625909,3.78853507,-8.89507269,37.12409691,5.78129655
2020-10-13,26.55,5.566600397614,24512188096.8,24378568956.0,923246256.0,918213520.0,1772.02654249,169.92273513,3.99942767,-9.39022584,39.19064703,6.10311823
2020-10-14,26.37,-0.677966101695,24346003770.72,24213290522.4,923246256.0,918213520.0,1760.01280322,168.77071659,3.97231291,-9.32656329,38.92494773,6.06174115
2020-10-15,25.89,-1.820250284414,23902845567.84,23772548032.8,923246256.0,918213520.0,1727.97616517,165.69866714,3.90000687,-9.1567965,38.21641626,5.95140229
2020-10-16,24.71,-4.55774430282,22813414985.76,22689056079.2,923246256.0,918213520.0,1649.21942994,158.14654558,3.72225453,-8.73945313,36.47460973,5.68015259
2020-10-19,24.3,-1.659247268312,22434884020.8,22312588536.0,923246256.0,918213520.0,1621.8548016,155.52250334,3.66049313,-8.59444399,35.86940576,5.58590482
2020-10-20,25.08,3.20987654321,23155016100.48,23028795081.6,923246256.0,918213520.0,1673.91433845,160.51458369,3.77799044,-8.87031503,37.0207694,5.76520547
2020-10-21,24.45,-2.511961722488,22573370959.2,22450320564.0,923246256.0,918213520.0,1631.866251,156.48251879,3.68308876,-8.64749611,36.09082184,5.62038571
2020-10-22,24.06,-1.59509202454,22213304919.36,22092217291.2,923246256.0,918213520.0,1605.83648258,153.98647862,3.62434011,-8.50956059,35.51514002,5.53073539
2020-10-23,24.2,0.581878636741,22342559395.2,22220767184.0,923246256.0,918213520.0,1615.18050201,154.88249304,3.64542937,-8.55907591,35.72179504,5.56291755
2020-10-26,23.72,-1.98347107438,21899401192.32,21780024694.4,923246256.0,918213520.0,1583.14386395,151.81044359,3.57312333,-8.38930911,35.01326356,5.45257869
2020-10-27,23.98,1.096121416526,22139445218.88,22018760209.6,923246256.0,918213520.0,1600.4970429,153.47447037,3.6122891,-8.48126613,35.39705145,5.51234558
2020-10-28,24.55,2.376980817348,22665695584.8,22542141916.0,923246256.0,918213520.0,1638.54055059,157.12252909,3.69815252,-8.6828642,36.23843257,5.64337297
2020-10-29,24.52,-0.122199592668,22637998197.12,22514595510.4,923246256.0,918213520.0,1636.53826071,156.930526,3.69363339,-8.67225377,36.19414935,5.6364768
2020-10-30,23.74,-3.181076672104,21917866117.44,21798388964.8,923246256.0,918213520.0,1584.47872387,151.93844565,3.57613608,-8.39638273,35.04278571,5.45717615
2020-11-02,24.6,3.622577927548,22711857897.6,22588052592.0,923246256.0,918213520.0,311.90047529,157.44253424,3.7056844,-8.70054824,16.25467821,5.15326088
2020-11-03,24.38,-0.894308943089,22508743721.28,22386045617.6,923246256.0,918213520.0,309.11112144,156.03451158,3.67254413,-8.62273846,16.10931117,5.1071748
2020-11-04,24.83,1.845775225595,22924204536.48,22799241701.6,923246256.0,918213520.0,314.81661794,158.91455794,3.74033104,-8.78189483,16.40665285,5.20144177
2020-11-05,24.84,0.040273862263,22933436999.04,22808423836.8,923246256.0,918213520.0,314.94340675,158.97855897,3.74183742,-8.78543163,16.41326044,5.20353659
2020-11-06,23.99,-3.421900161031,22148677681.44,22027942344.8,923246256.0,918213520.0,304.16635781,153.5384714,3.61379548,-8.48480293,15.85161505,5.02547677
2020-11-09,23.91,-0.333472280117,22074817980.96,21954485263.2,923246256.0,918213520.0,303.15204732,153.02646316,3.60174447,-8.45650847,15.79875431,5.00871819
2020-11-10,24.61,2.927645336679,22721090360.16,22597234727.2,923246256.0,918213520.0,312.0272641,157.50653528,3.70719077,-8.70408504,16.2612858,5.1553557
2020-11-11,24.85,0.975213327915,22942669461.6,22817605972.0,923246256.0,918213520.0,315.07019556,159.04256,3.74334379,-8.78896844,16.41986803,5.20563141
2020-11-12,25.28,1.730382293763,23339665351.68,23212437785.6,923246256.0,918213520.0,320.52211444,161.7946043,3.80811795,-8.9410512,16.70399452,5.29570874
2020-11-13,24.67,-2.412974683544,22776485135.52,22652327538.4,923246256.0,918213520.0,312.78799696,157.89054146,3.71622903,-8.72530589,16.30093136,5.16792463
2020-11-16,24.19,-1.945683015809,22333326932.64,22211585048.8,923246256.0,918213520.0,306.70213403,154.81849201,3.64392299,-8.5555391,15.98376691,5.0673732
2020-11-17,24.17,-0.08267879289,22314862007.52,22193220778.4,923246256.0,918213520.0,306.44855641,154.69048995,3.64091024,-8.54846548,15.97055172,5.06318355
2020-11-18,23.47,-2.896152254861,21668589628.32,21550471314.4,923246256.0,918213520.0,297.57333963,150.21041783,3.53546394,-8.30088891,15.50802023,4.91654605
2020-11-19,23.89,1.789518534299,22056353055.84,21936120992.8,923246256.0,918213520.0,302.8984697,152.8984611,3.59873172,-8.44943485,15.78553913,5.00452855
2020-11-20,23.71,-0.753453327752,21890168729.76,21770842559.2,923246256.0,918213520.0,300.6162711,151.74644256,3.57161695,-8.3857723,15.66660246,4.96682176
2020-11-23,23.39,-1.349641501476,21594729927.84,21477014232.8,923246256.0,918213520.0,296.55902914,149.69840959,3.52341293,-8.27259444,15.45515949,4.89978748
2020-11-24,23.03,-1.539119281744,21262361275.68,21146457365.6,923246256.0,918213520.0,291.99463195,147.39437251,3.4691834,-8.14526935,15.21728615,4.8243739
2020-11-25,22.31,-3.126356925749,20597623971.36,20485343631.2,923246256.0,918213520.0,282.86583755,142.78629833,3.36072435,-7.89061915,14.74153947,4.67354676
2020-11-26,22.13,-0.806813088301,20431439645.28,20320065197.6,923246256.0,918213520.0,280.58363895,141.63427979,3.33360958,-7.8269566,14.6226028,4.63583997
2020-11-27,21.94,-0.858563036602,20256022856.64,20145604628.8,923246256.0,918213520.0,278.17465154,140.41826022,3.30498844,-7.75975725,14.49705854,4.59603836
2020-11-30,21.92,-0.091157702826,20237557931.52,20127240358.4,923246256.0,918213520.0,277.92107391,140.29025816,3.30197569,-7.75268363,14.48384335,4.59184872
2020-12-01,22.67,3.421532846715,20929992623.52,20815900498.4,923246256.0,918213520.0,287.43023475,145.09033542,3.41495387,-8.01794425,14.97941281,4.74896033
2020-12-02,23.71,4.587560652845,21890168729.76,21770842559.2,923246256.0,918213520.0,300.6162711,151.74644256,3.57161695,-8.3857723,15.66660246,4.96682176
2020-12-03,24.1,1.644875579924,22250234769.6,22128945832.0,923246256.0,918213520.0,305.56103473,154.24248274,3.63036561,-8.52370783,15.92429857,5.0485198
2020-12-04,24.4,1.244813278008,22527208646.4,22404409888.0,923246256.0,918213520.0,309.36469906,156.16251364,3.67555688,-8.62981207,16.12252636,5.11136445
2020-12-07,24.53,0.532786885246,22647230659.68,22523777645.6,923246256.0,918213520.0,311.01295361,156.99452703,3.69513977,-8.67579058,16.20842506,5.13859713
2020-12-08,24.42,-0.448430493274,22545673571.52,22422774158.4,923246256.0,918213520.0,309.61827669,156.2905157,3.67856963,-8.63688569,16.13574154,5.11555409
2020-12-09,24.26,-0.655200655201,22397954170.56,22275859995.2,923246256.0,918213520.0,307.58965571,155.26649922,3.65446762,-8.58029676,16.03002006,5.08203695
2020-12-10,24.7,1.813685078318,22804182523.2,22679873944.0,923246256.0,918213520.0,313.1683634,158.08254455,3.72074816,-8.73591632,16.32075414,5.17420909
2020-12-11,24.54,-0.647773279352,22656463122.24,22532959780.8,923246256.0,918213520.0,311.13974242,157.05852806,3.69664614,-8.67932739,16.21503266,5.14069195
2020-12-14,24.84,1.222493887531,22933436999.04,22808423836.8,923246256.0,918213520.0,314.94340675,158.97855897,3.74183742,-8.78543163,16.41326044,5.20353659
2020-12-15,24.69,-0.6038647343,22794950060.64,22670691808.8,923246256.0,918213520.0,313.04157459,158.01854352,3.71924178,-8.73237951,16.31414655,5.17211427
2020-12-16,24.72,0.121506682868,22822647448.32,22698238214.4,923246256.0,918213520.0,313.42194102,158.21054661,3.72376091,-8.74298994,16.33396933,5.17839874
2020-12-17,24.66,-0.242718446602,22767252672.96,22643145403.2,923246256.0,918213520.0,312.66120815,157.82654043,3.71472265,-8.72176909,16.29432377,5.16582981
2020-12-18,23.91,-3.041362530414,22074817980.96,21954485263.2,923246256.0,918213520.0,303.15204732,153.02646316,3.60174447,-8.45650847,15.79875431,5.00871819
2020-12-21,24.99,4.516938519448,23071923937.44,22946155864.8,923246256.0,918213520.0,316.84523892,159.93857442,3.76443305,-8.83848376,16.51237433,5.23495892
2020-12-22,23.99,-4.001600640256,22148677681.44,22027942344.8,923246256.0,918213520.0,304.16635781,153.5384714,3.61379548,-8.48480293,15.85161505,5.02547677
2020-12-23,23.8,-0.791996665277,21973260892.8,21853481776.0,923246256.0,918213520.0,301.7573704,152.32245183,3.58517434,-8.41760358,15.72607079,4.98567516
2020-12-24,23.26,-2.268907563025,21474707914.56,21357646475.2,923246256.0,918213520.0,294.9107746,148.8663962,3.50383005,-8.22661593,15.36926078,4.8725548
2020-12-25,24.23,4.170249355116,22370256782.88,22248313589.6,923246256.0,918213520.0,307.20928928,155.07449613,3.64994849,-8.56968633,16.01019728,5.07575248
2020-12-28,25.16,3.838217086257,23228875800.96,23102252163.2,923246256.0,918213520.0,319.00064871,161.02659193,3.79004144,-8.8986095,16.62470341,5.27057088
2020-12-29,24.52,-2.543720190779,22637998197.12,22514595510.4,923246256.0,918213520.0,310.8861648,156.930526,3.69363339,-8.67225377,16.20181747,5.13650231
2020-12-30,24.2,-1.305057096248,22342559395.2,22220767184.0,923246256.0,918213520.0,306.82892284,154.88249304,3.64542937,-8.55907591,15.9903745,5.06946802
2020-12-31,23.99,-0.867768595041,22148677681.44,22027942344.8,923246256.0,918213520.0,304.16635781,201.29321398,3.67440518,-8.48480293,15.85161505,5.02547677
2021-01-04,23.7,-1.208837015423,21880936267.2,21761660424.0,923246256.0,918213520.0,300.48948229,198.8599071,3.62998761,0.37168274,15.65999486,4.96472694
2021-01-05,24.2,2.10970464135,22342559395.2,22220767184.0,923246256.0,918213520.0,306.82892284,203.05526379,3.70656962,0.37952415,15.9903745,5.06946802
2021-01-06,24.24,0.165289256198,22379489245.44,22257495724.8,923246256.0,918213520.0,307.33607809,203.39089232,3.71269619,0.38015146,16.01680487,5.0778473
2021-01-07,24.6,1.485148514851,22711857897.6,22588052592.0,923246256.0,918213520.0,311.90047529,206.41154914,3.76783524,0.38579728,16.25467821,5.15326088
2021-01-08,24.36,-0.975609756098,22490278796.16,22367681347.2,923246256.0,918213520.0,308.85754382,204.39777793,3.73107587,0.3820334,16.09609599,5.10298516
2021-01-11,24.45,0.369458128079,22573370959.2,22450320564.0,923246256.0,918213520.0,309.99864312,205.15294213,3.74486063,0.38344485,16.15556432,5.12183856
2021-01-12,23.31,-4.662576687117,21520870227.36,21403557151.2,923246256.0,918213520.0,295.54471866,195.58752888,3.57025363,0.36556644,15.40229874,4.8830289
2021-01-13,23.55,1.029601029601,21742449328.8,21623928396.0,923246256.0,918213520.0,298.58765012,197.60130009,3.607013,0.36933032,15.56088097,4.93330462
2021-01-14,23.05,-2.123142250531,21280826200.8,21164821636.0,923246256.0,918213520.0,292.24820957,193.4059434,3.53043098,0.36148891,15.23050133,4.82856355
2021-01-15,23.09,0.173535791757,21317756051.04,21201550176.8,923246256.0,918213520.0,292.75536481,193.74157193,3.53655755,0.36211622,15.2569317,4.83694283
2021-01-18,22.86,-0.996102208748,21105409412.16,20990361067.2,923246256.0,918213520.0,289.83922216,191.81170786,3.50132982,0.35850918,15.10495707,4.78876194
2021-01-19,23.23,1.61854768154,21447010526.88,21330100069.6,923246256.0,918213520.0,294.53040817,194.91627181,3.55800051,0.36431182,15.349438,4.86627033
2021-01-20,24.93,7.318123116659,23016529162.08,22891063053.6,923246256.0,918213520.0,316.08450605,209.18048455,3.81837937,0.39097261,16.47272877,5.22238999
2021-01-21,26.07,4.572803850782,24069029893.92,23937826466.4,923246256.0,918213520.0,330.53843052,218.74589781,3.99298637,0.40885102,17.22599435,5.46119964
2021-01-22,26.51,1.68776371308,24475258246.56,24341840415.2,923246256.0,918213520.0,336.11713821,222.43781169,4.06037854,0.41575145,17.51672843,5.55337178
2021-01-25,25.56,-3.583553376084,23598174303.36,23469537571.2,923246256.0,918213520.0,324.07220115,214.46663398,3.91487271,0.40085278,16.88900712,5.35436374
2021-01-26,24.3,-4.929577464789,22434884020.8,22312588536.0,923246256.0,918213520.0,308.09681095,203.89433512,3.72188603,0.38109243,16.05645043,5.09041623
2021-01-27,24.56,1.069958847737,22674928047.36,22551324051.2,923246256.0,918213520.0,311.39332004,206.0759206,3.76170868,0.38516996,16.22824784,5.14488159
2021-01-28,24.5,-0.244299674267,22619533272.0,22496231240.0,923246256.0,918213520.0,310.63258718,205.5724778,3.75251883,0.38422899,16.18860228,5.13231266
2021-01-29,23.61,-3.632653061224,21797844104.16,21679021207.2,923246256.0,918213520.0,299.34838299,198.10474289,3.61620284,0.37027129,15.60052653,4.94587355
2021-02-01,23.57,-0.169419737399,21760914253.92,21642292666.4,923246256.0,918213520.0,298.84122774,197.76911436,3.61007628,0.36964398,15.57409616,4.93749426
2021-02-02,23.25,-1.357658039881,21465475452.0,21348464340.0,923246256.0,918213520.0,294.78398579,195.08408607,3.56106379,0.36462547,15.36265319,4.87045998
2021-02-03,22.81,-1.89247311828,21059247099.36,20944450391.2,923246256.0,918213520.0,289.2052781,191.39217219,3.49367162,0.35772504,15.07191911,4.77828783
2021-02-04,22.58,-1.008329679965,20846900460.48,20733261281.6,923246256.0,918213520.0,286.28913545,189.46230811,3.45844389,0.35411799,14.91994447,4.73010694
2021-02-05,22.1,-2.125775022143,20403742257.6,20292518792.0,923246256.0,918213520.0,280.20327251,185.43476569,3.38492515,0.34659024,14.60278002,4.6295555
2021-02-08,21.99,-0.497737556561,20302185169.44,20191515304.8,923246256.0,918213520.0,278.80859559,184.51178722,3.36807711,0.34486513,14.5300965,4.60651247
2021-02-09,23.05,4.820372896771,21280826200.8,21164821636.0,923246256.0,918213520.0,292.24820957,193.4059434,3.53043098,0.36148891,15.23050133,4.82856355
2021-02-10,23.1,0.216919739696,21326988513.6,21210732312.0,923246256.0,918213520.0,292.88215362,193.82547907,3.53808919,0.36227305,15.2635393,4.83903765
2021-02-18,23.15,0.21645021645,21373150826.4,21256642988.0,923246256.0,918213520.0,293.51609768,194.24501474,3.54574739,0.36305719,15.29657726,4.84951176
2021-02-19,23.93,3.369330453564,22093282906.08,21972849533.6,923246256.0,918213520.0,303.40562494,200.78977117,3.66521533,0.37528979,15.8119695,5.01290784
2021-02-22,24.35,1.755119097367,22481046333.6,22358499212.0,923246256.0,918213520.0,308.73075501,204.31387079,3.72954423,0.38187657,16.08948839,5.10089034
2021-02-23,24.6,1.026694045175,22711857897.6,22588052592.0,923246256.0,918213520.0,311.90047529,206.41154914,3.76783524,0.38579728,16.25467821,5.15326088
2021-02-24,24.06,-2.19512195122,22213304919.36,22092217291.2,923246256.0,918213520.0,305.05387949,201.88056391,3.68512666,0.37732856,15.8978682,5.04014052
2021-02-25,24.09,0.124688279302,22241002307.04,22119763696.8,923246256.0,918213520.0,305.43424592,202.13228531,3.68972158,0.37779904,15.91769098,5.04642498
2021-02-26,25.49,5.811540058115,23533547065.44,23405262624.8,923246256.0,918213520.0,229.47334459,213.87928405,3.90415123,0.39975498,16.84275397,4.94883274
2021-03-01,26.08,2.314633189486,24078262356.48,23947008601.6,923246256.0,918213520.0,234.78481079,218.82980494,3.99451801,0.40900784,17.23260194,5.06338006
2021-03-02,26.33,0.958588957055,24309073920.48,24176561981.6,923246256.0,918213520.0,237.03543206,220.92748328,4.03280902,0.41292855,17.39779176,5.11191706
2021-03-03,26.08,-0.94948727687,24078262356.48,23947008601.6,923246256.0,918213520.0,234.78481079,218.82980494,3.99451801,0.40900784,17.23260194,5.06338006
2021-03-04,25.21,-3.335889570552,23275038113.76,23148162839.2,923246256.0,918213520.0,226.95264877,211.5298843,3.8612653,0.39536379,16.65774137,4.89447129
2021-03-05,24.62,-2.34034113447,22730322822.72,22606416862.4,923246256.0,918213520.0,221.64118258,206.5793634,3.77089852,0.38611093,16.2678934,4.77992397
2021-03-08,23.55,-4.346060113729,21742449328.8,21623928396.0,923246256.0,918213520.0,212.00852355,197.60130009,3.607013,0.36933032,15.56088097,4.5721856
2021-03-09,22.9,-2.76008492569,21142339262.4,21027089608.0,923246256.0,918213520.0,206.15690825,192.14733639,3.50745638,0.35913649,15.13138744,4.4459894
2021-03-10,22.6,-1.310043668122,20865365385.6,20751625552.0,923246256.0,918213520.0,203.45616272,189.63012238,3.46150717,0.35443164,14.93315966,4.38774499
2021-03-11,22.79,0.840707964602,21040782174.24,20926086120.8,923246256.0,918213520.0,205.16663489,191.22435792,3.49060834,0.35741138,15.05870392,4.42463311
2021-03-12,22.71,-0.351031154015,20966922473.76,20852629039.2,923246256.0,918213520.0,204.44643608,190.55310085,3.47835521,0.35615675,15.00584318,4.40910127
2021-03-15,22.62,-0.396301188904,20883830310.72,20769989822.4,923246256.0,918213520.0,203.63621242,189.79793665,3.46457045,0.3547453,14.94637484,4.39162795
2021-03-16,22.65,0.132625994695,20911527698.4,20797536228.0,923246256.0,918213520.0,203.90628698,190.04965805,3.46916537,0.35521578,14.96619762,4.39745239
2021-03-17,22.87,0.971302428256,21114641874.72,20999543202.4,923246256.0,918213520.0,205.88683369,191.89561499,3.50286146,0.358666,15.11156466,4.44016496
2021-03-18,23.09,0.96195889812,21317756051.04,21201550176.8,923246256.0,918213520.0,207.86738041,193.74157193,3.53655755,0.36211622,15.2569317,4.48287752
2021-03-19,24.14,4.547423126895,22287164619.84,22165674372.8,923246256.0,918213520.0,217.31998974,202.55182098,3.69737978,0.37858318,15.95072894,4.68673293
2021-03-22,24.07,-0.289975144988,22222537381.92,22101399426.4,923246256.0,918213520.0,216.68981579,201.96447105,3.6866583,0.37748538,15.9044758,4.67314257
2021-03-23,23.78,-1.204819277108,21954795967.68,21835117505.6,923246256.0,918213520.0,214.07909511,199.53116417,3.64224073,0.37293737,15.7128556,4.61683964
2021-03-24,23.14,-2.6913372582,21363918363.84,21247460852.8,923246256.0,918213520.0,208.31750466,194.1611076,3.54421575,0.36290036,15.28996967,4.49258492
2021-03-25,23.44,1.296456352636,21640892240.64,21522924908.8,923246256.0,918213520.0,211.01825019,196.67832162,3.59016496,0.36760521,15.48819745,4.55082932
2021-03-26,23.78,1.450511945392,21954795967.68,21835117505.6,923246256.0,918213520.0,214.07909511,199.53116417,3.64224073,0.37293737,15.7128556,4.61683964
2021-03-29,23.62,-0.67283431455,21807076566.72,21688203342.4,923246256.0,918213520.0,212.6386975,198.18865003,3.61773448,0.37042812,15.60713412,4.58577596
2021-03-30,24.78,4.911092294666,22878042223.68,22753331025.6,923246256.0,918213520.0,223.08158019,207.92187755,3.79540476,0.38862018,16.37361488,4.81098765
2021-03-31,24.79,0.040355125101,22887274686.24,22762513160.8,923246256.0,918213520.0,223.17160504,208.00578468,3.74334581,0.38877701,16.38022247,4.81292913
2021-04-01,25.72,3.751512706737,23745893704.32,23616451734.4,923246256.0,918213520.0,231.54391616,215.80914812,3.8837779,0.40336203,16.9947286,4.99348678
2021-04-02,25.78,0.233281493002,23801288479.68,23671544545.6,923246256.0,918213520.0,232.08406527,216.31259093,3.89283803,0.404303,17.03437416,5.00513566
2021-04-06,25.74,-0.155159038014,23764358629.44,23634816004.8,923246256.0,918213520.0,231.72396586,215.97696239,3.88679794,0.40367569,17.00794379,4.99736974
2021-04-07,25.33,-1.592851592852,23385827664.48,23258348461.6,923246256.0,918213520.0,228.03294698,212.5367699,3.82488702,0.39724573,16.73703248,4.91776906
2021-04-08,25.18,-0.592183181998,23247340726.08,23120616433.6,923246256.0,918213520.0,226.68257422,211.2781629,3.80223668,0.39489331,16.63791859,4.88864685
2021-04-09,24.93,-0.99285146942,23016529162.08,22891063053.6,923246256.0,918213520.0,224.43195295,209.18048455,3.76448612,0.39097261,16.47272877,4.84010985
2021-04-12,24.21,-2.888086642599,22351791857.76,22229949319.2,923246256.0,918213520.0,217.9501637,203.13917092,3.6557645,0.37968098,15.99698209,4.70032329
2021-04-13,23.75,-1.900041305246,21927098580.0,21807571100.0,923246256.0,918213520.0,213.80902056,199.27944276,3.58630346,0.37246688,15.69303283,4.6110152
2021-04-14,23.0,-3.157894736842,21234663888.0,21118910960.0,923246256.0,918213520.0,207.05715675,192.98640773,3.47305178,0.36070477,15.19746337,4.4654042
2021-04-15,22.93,-0.304347826087,21170036650.08,21054636013.6,923246256.0,918213520.0,206.4269828,192.39905779,3.46248162,0.35960697,15.15121022,4.45181384
2021-04-16,22.19,-3.227213257741,20486834420.64,20375158008.8,923246256.0,918213520.0,199.76514384,186.18992989,3.35073995,0.34800169,14.66224835,4.30814431
2021-04-19,22.88,3.109508787742,21123874337.28,21008725337.6,923246256.0,918213520.0,205.97685854,191.97952212,3.45493151,0.35882283,15.11817226,4.44210644
2021-04-20,22.0,-3.846153846154,20311417632.0,20200697440.0,923246256.0,918213520.0,198.05467168,184.59569435,3.32204952,0.34502195,14.53670409,4.27125619
2021-04-21,21.97,-0.136363636364,20283720244.32,20173151034.4,923246256.0,918213520.0,197.78459713,184.34397295,3.31751946,0.34455147,14.51688131,4.26543175
2021-04-22,22.0,0.136549840692,20311417632.0,20200697440.0,923246256.0,918213520.0,198.05467168,184.59569435,3.32204952,0.34502195,14.53670409,4.27125619
2021-04-23,22.45,2.045454545455,20726878447.2,20613893524.0,923246256.0,918213520.0,188.37151537,188.37151537,3.39000054,0.35207922,15.02733547,4.33453595
2021-04-26,23.05,2.672605790646,21280826200.8,21164821636.0,923246256.0,918213520.0,193.4059434,193.4059434,3.48060189,0.36148891,15.42895691,4.45038101
2021-04-27,22.97,-0.347071583514,21206966500.32,21091364554.4,923246256.0,918213520.0,192.73468633,192.73468633,3.46852171,0.36023429,15.37540738,4.43493501
2021-04-28,22.64,-1.436656508489,20902295235.84,20788354092.8,923246256.0,918213520.0,90.56991503,189.96575091,3.41869097,0.35505896,14.43805321,3.78120453
2021-04-29,22.82,0.795053003534,21068479561.92,20953632526.4,923246256.0,918213520.0,91.28999386,191.47607932,3.44587137,0.35788186,14.55284338,3.81126711
2021-04-30,22.53,-1.270815074496,20800738147.68,20687350605.6,923246256.0,918213520.0,90.12986685,189.04277244,3.40208072,0.35333385,14.36790366,3.76283295
2021-05-06,22.63,0.443852640923,20893062773.28,20779171957.6,923246256.0,918213520.0,90.52991065,189.88184378,3.41718094,0.35490213,14.43167598,3.77953438
2021-05-07,22.27,-1.590808661069,20560694121.12,20448615090.4,923246256.0,918213520.0,89.08975299,186.86118696,3.36282013,0.34925631,14.20209562,3.71940922
2021-05-10,21.81,-2.065559048047,20136000843.36,20026236871.2,923246256.0,918213520.0,87.24955153,183.00145881,3.2933591,0.34204222,13.90874295,3.64258263
2021-05-11,22.16,1.604768454837,20459137032.96,20347611603.2,923246256.0,918213520.0,88.64970481,185.93820849,3.34620988,0.3475312,14.13194607,3.70103765
2021-05-12,22.66,2.256317689531,20920760160.96,20806718363.2,923246256.0,918213520.0,90.64992378,190.13356518,3.42171101,0.35537261,14.45080767,3.78454481
2021-05-13,22.01,-2.868490732568,20320650094.56,20209879575.2,923246256.0,918213520.0,88.04963912,184.67960148,3.32355955,0.34517878,14.03628759,3.6759855
2021-05-14,22.76,3.407542026352,21013084786.56,20898539715.2,923246256.0,918213520.0,91.04996758,190.97263652,3.43681124,0.35694089,14.51457999,3.80124625
2021-05-17,23.08,1.405975395431,21308523588.48,21192368041.6,923246256.0,918213520.0,92.33010772,193.6576648,3.48513196,0.3619594,14.71865141,3.85469084
2021-05-18,23.45,1.603119584055,21650124703.2,21532107044.0,923246256.0,918213520.0,93.81026976,196.76222875,3.54100279,0.36776204,14.954609,3.91648614
2021-05-19,23.31,-0.597014925373,21520870227.36,21403557151.2,923246256.0,918213520.0,93.25020845,195.58752888,3.51986247,0.36556644,14.86532775,3.89310413
2021-05-20,23.8,2.102102102102,21973260892.8,21853481776.0,923246256.0,918213520.0,95.21042304,199.69897843,3.59385358,0.37325102,15.17781212,3.97494116
2021-05-21,23.62,-0.756302521008,21807076566.72,21688203342.4,923246256.0,918213520.0,94.49034421,198.18865003,3.56667317,0.37042812,15.06302194,3.94487858
2021-05-24,23.15,-1.98983911939,21373150826.4,21256642988.0,923246256.0,918213520.0,92.61013838,194.24501474,3.49570211,0.36305719,14.76329204,3.86638184
2021-05-25,23.7,2.375809935205,21880936267.2,21761660424.0,923246256.0,918213520.0,94.81037924,198.8599071,3.57875335,0.37168274,15.1140398,3.95823972
2021-05-26,23.21,-2.067510548523,21428545601.76,21311735799.2,923246256.0,918213520.0,92.85016465,194.74845754,3.50476225,0.36399816,14.80155543,3.8764027
2021-05-27,24.09,3.791469194313,22241002307.04,22119763696.8,923246256.0,918213520.0,96.37055004,202.13228531,3.63764423,0.37779904,15.36275184,4.02337531
2021-05-28,24.28,0.788709007887,22416419095.68,22294224265.6,923246256.0,918213520.0,97.13063325,203.72652086,3.66633466,0.38077877,15.48391925,4.05510804
2021-05-31,25.44,4.777594728171,23487384752.64,23359351948.8,923246256.0,918213520.0,101.77114127,213.45974838,3.84149727,0.39897084,16.22367816,4.24884466
2021-06-01,26.11,2.633647798742,24105959744.16,23974555007.2,923246256.0,918213520.0,104.45143469,219.08152634,3.94266878,0.40947833,16.65095271,4.36074427
2021-06-02,25.62,-1.876675603217,23653569078.72,23524630382.4,923246256.0,918213520.0,102.49122009,214.97007678,3.86867767,0.40179375,16.33846834,4.27890724
2021-06-03,26.46,3.27868852459,24429095933.76,24295929739.2,923246256.0,918213520.0,105.85158797,222.01827602,3.99551956,0.41496731,16.87415582,4.41919929
2021-06-04,28.49,7.671957671958,26303285833.44,26159903184.8,923246256.0,918213520.0,113.97247699,239.05142418,4.30205413,0.44680343,18.16873392,4.75823838
2021-06-07,29.07,2.035802035802,26838768661.92,26692467026.4,923246256.0,918213520.0,116.292731,243.91803794,4.38963544,0.45589946,18.53861337,4.8551067
2021-06-08,28.75,-1.10079119367,26543329860.0,26398638700.0,923246256.0,918213520.0,115.01259086,241.23300966,4.34131472,0.45088096,18.33454195,4.80166211
2021-06-09,28.82,0.24347826087,26607957097.92,26462913646.4,923246256.0,918213520.0,115.29262151,241.8203596,4.35188488,0.45197876,18.37918257,4.81335311
2021-06-10,28.96,0.485773768217,26737211573.76,26591463539.2,923246256.0,918213520.0,115.85268282,242.99505947,4.37302519,0.45417435,18.46846382,4.83673512
2021-06-11,28.58,-1.312154696133,26386377996.48,26242542401.6,923246256.0,918213520.0,114.33251641,239.80658839,4.31564434,0.44821488,18.226129,4.77326967
2021-06-15,28.04,-1.889433170049,25887825018.24,25746707100.8,923246256.0,918213520.0,112.17227992,235.27560316,4.23410312,0.43974616,17.88175848,4.68308193
2021-06-16,27.4,-2.28245363766,25296947414.4,25159050448.0,923246256.0,918213520.0,109.61199963,229.9055466,4.13746168,0.42970916,17.47361563,4.57619276
2021-06-17,28.3,3.284671532847,26127869044.8,25985442616.0,923246256.0,918213520.0,113.21239378,237.45718864,4.27336371,0.4438237,18.04756651,4.72650566
2021-06-18,27.88,-1.484098939929,25740105617.28,25599792937.6,923246256.0,918213520.0,111.53220985,233.93308902,4.20994276,0.43723691,17.77972277,4.65635964
2021-06-21,27.8,-0.286944045911,25666245916.8,25526335856.0,923246256.0,918213520.0,111.21217481,233.26183195,4.19786258,0.43598229,17.72870491,4.64299849
2021-06-22,27.82,0.071942446043,25684710841.92,25544700126.4,923246256.0,918213520.0,111.29218357,233.42964622,4.20088263,0.43629594,17.74145937,4.64633878
2021-06-23,27.44,-1.36592379583,25333877264.64,25195778988.8,923246256.0,918213520.0,109.77201715,230.24117514,4.14350177,0.43033647,17.49912456,4.58287333
2021-06-24,27.4,-0.145772594752,25296947414.4,25159050448.0,923246256.0,918213520.0,109.61199963,229.9055466,4.13746168,0.42970916,17.47361563,4.57619276
2021-06-25,27.8,1.459854014599,25666245916.8,25526335856.0,923246256.0,918213520.0,111.21217481,233.26183195,4.19786258,0.43598229,17.72870491,4.64299849
2021-06-28,28.93,4.064748201439,26709514186.08,26563917133.6,923246256.0,918213520.0,115.73266969,242.74333807,4.36849513,0.45370387,18.44933212,4.83172469
2021-06-29,28.39,-1.866574490149,26210961207.84,26068081832.8,923246256.0,918213520.0,113.5724332,238.21235285,4.28695391,0.44523515,18.1049616,4.74153695
2021-06-30,27.9,-1.725959845016,25758570542.4,25643800795.5,923246256.0,919132645.0,111.6122186,234.10090329,4.17389406,0.43755057,17.79247723,4.65969993
2021-07-01,27.25,-2.329749103943,25158460476.0,25046364576.25,923246256.0,919132645.0,109.01193394,228.64693959,4.0766528,0.42735674,17.37795715,4.55114061
2021-07-02,26.5,-2.752293577982,24466025784.0,24357015092.5,923246256.0,919132645.0,106.01160548,222.35390456,3.96445135,0.41559463,16.89966475,4.42587986
2021-07-05,25.93,-2.150943396226,23939775418.08,23833109484.85,923246256.0,919132645.0,103.73135586,217.57119793,3.87917824,0.40665542,16.53616253,4.33068169
2021-07-06,26.0,0.269957578095,24004402656.0,23897448770.0,923246256.0,919132645.0,104.01138651,218.15854787,3.88965038,0.40775322,16.58080315,4.34237269
2021-07-07,25.95,-0.192307692308,23958240343.2,23851492137.75,923246256.0,919132645.0,103.81136462,217.7390122,3.88217028,0.40696908,16.54891699,4.33402197
2021-07-08,25.57,-1.464354527938,23607406765.92,23502221732.65,923246256.0,919132645.0,102.2911982,214.55054112,3.82532155,0.40100961,16.30658218,4.27055653
2021-07-09,26.1,2.072741493938,24096727281.6,23989362034.5,923246256.0,919132645.0,104.41143031,218.99761921,3.90461057,0.4093215,16.64457547,4.35907412
2021-07-12,27.0,3.448275862069,24927648912.0,24816581415.0,923246256.0,919132645.0,108.01182446,226.54926125,4.03925232,0.42343603,17.21852635,4.50938703
2021-07-13,27.95,3.518518518519,25804732855.2,25689757427.75,923246256.0,919132645.0,111.8122405,234.52043896,4.18137416,0.43833471,17.82436339,4.66805064
2021-07-14,28.2,0.894454382826,26035544419.2,25919540589.0,923246256.0,919132645.0,112.81234999,236.6181173,4.21877464,0.44225541,17.98379419,4.70980423
2021-07-15,28.79,2.09219858156,26580259710.24,26461828849.55,923246256.0,919132645.0,115.17260837,241.5686382,4.30703979,0.45150828,18.36005088,4.80834268
2021-07-16,27.98,-2.813476901702,25832430242.88,25717331407.1,923246256.0,919132645.0,111.93225364,234.77216036,4.18586222,0.43880519,17.84349509,4.67306107
2021-07-19,28.05,0.250178699071,25897057480.8,25781670692.25,923246256.0,919132645.0,112.2122843,235.3595103,4.19633435,0.43990299,17.88813571,4.68475208
2021-07-20,27.75,-1.069518716578,25620083604.0,25505930898.75,923246256.0,919132645.0,111.01215291,232.84229628,4.15145377,0.43519815,17.69681875,4.63464778
2021-07-21,27.93,0.648648648649,25786267930.08,25671374774.85,923246256.0,919132645.0,111.73223174,234.35262469,4.17838212,0.43802105,17.81160893,4.66471036
2021-07-22,28.37,1.575366988901,26192496282.72,26075793138.65,923246256.0,919132645.0,113.49242444,238.04453858,4.24420697,0.44492149,18.09220713,4.73819666
2021-07-23,28.33,-0.140994007755,26155566432.48,26039027832.85,923246256.0,919132645.0,113.33240692,237.70891004,4.23822289,0.44429418,18.06669821,4.73151609
2021-07-26,27.58,-2.647370278856,25463131740.48,25349678349.1,923246256.0,919132645.0,110.33207846,231.41587501,4.12602144,0.43253207,17.58840581,4.60625534
2021-07-27,26.7,-3.19071791153,24650675035.2,24540841621.5,923246256.0,919132645.0,106.81169307,224.03204723,3.99437174,0.41873119,17.02720939,4.45928273
2021-07-28,26.6,-0.374531835206,24558350409.6,24448928357.0,923246256.0,919132645.0,106.41164928,223.1929759,3.97941154,0.41716291,16.96343707,4.44258129
2021-07-29,26.39,-0.60263653484,24364468695.84,24255910501.55,923246256.0,919132645.0,105.57155731,221.43092609,3.94799514,0.41386952,16.8295152,4.40750828
2021-07-30,26.39,0.0,24364468695.84,24255910501.55,923246256.0,919132645.0,105.57155731,221.43092609,3.94799514,0.41386952,16.8295152,4.40750828
2021-08-02,25.5,-3.372489579386,23542779528.0,23437882447.5,923246256.0,919132645.0,102.01116754,213.96319118,3.81484941,0.39991181,16.26194155,4.25886552
2021-08-03,26.64,4.470588235294,24595280259.84,24485693662.8,923246256.0,919132645.0,106.5716668,223.52860443,3.98539562,0.41779022,16.988946,4.44926187
2021-08-04,26.79,0.563063063063,24733767198.24,24623563559.55,923246256.0,919132645.0,107.17173249,224.78721144,4.00783591,0.42014264,17.08460448,4.47431402
2021-08-05,26.55,-0.895856662934,24512188096.8,24402971724.75,923246256.0,919132645.0,106.21162738,222.77344023,3.97193145,0.41637877,16.93155091,4.43423058
2021-08-06,27.19,2.41054613936,25103065700.64,24991216617.55,923246256.0,919132645.0,108.77190767,228.14349679,4.06767669,0.42641577,17.33969376,4.54111975
2021-08-09,26.03,-4.266274365576,24032100043.68,23925022749.35,923246256.0,919132645.0,104.13139965,218.41026927,3.89413844,0.4082237,16.59993485,4.34738312
2021-08-10,25.71,-1.229350749136,23736661241.76,23630900302.95,923246256.0,919132645.0,102.85125951,215.72524099,3.84626582,0.4032052,16.39586343,4.29393853
2021-08-11,25.43,-1.089070400622,23478152290.08,23373543162.35,923246256.0,919132645.0,101.73113689,213.37584124,3.80437728,0.39881401,16.21730093,4.24717452
2021-08-12,25.56,0.511207235549,23598174303.36,23493030406.2,923246256.0,919132645.0,102.25119382,214.46663398,3.82382553,0.40085278,16.30020495,4.26888638
2021-08-13,25.35,-0.821596244131,23404292589.6,23300012550.75,923246256.0,919132645.0,101.41110185,212.70458417,3.79240912,0.39755939,16.16628307,4.23381337
2021-08-16,25.16,-0.749506903353,23228875800.96,23125377348.2,923246256.0,919132645.0,100.65101864,211.11034863,3.76398475,0.39457965,16.04511567,4.20208065
2021-08-17,24.72,-1.748807631161,22822647448.32,22720958984.4,923246256.0,919132645.0,98.89082595,207.41843474,3.6981599,0.38767921,15.76451746,4.12859434
2021-08-18,24.39,-1.334951456311,22517976183.84,22417645211.55,923246256.0,919132645.0,97.57068143,204.64949933,3.64879126,0.38250388,15.5540688,4.07347961
2021-08-19,25.01,2.542025420254,23090388862.56,22987507451.45,923246256.0,919132645.0,100.05095295,209.85174162,3.74154446,0.39222723,15.94945719,4.1770285
2021-08-20,23.7,-5.237904838065,21880936267.2,21783443686.5,923246256.0,919132645.0,94.81037924,198.8599071,3.54556592,0.37168274,15.1140398,3.95823972
2021-08-23,23.76,0.253164556962,21936331042.56,21838591645.2,923246256.0,919132645.0,114.90903102,199.3633499,3.55454204,0.37262371,17.39998316,3.8646024
2021-08-24,23.5,-1.094276094276,21696287016.0,21599617157.5,923246256.0,919132645.0,113.65160896,197.18176442,3.51564554,0.36854618,17.20957931,3.82231298
2021-08-25,23.29,-0.893617021277,21502405302.24,21406599302.05,923246256.0,919132645.0,112.63599884,195.41971461,3.48422913,0.36525279,17.05579158,3.78815614
2021-08-26,23.05,-1.030485186775,21280826200.8,21186007467.25,923246256.0,919132645.0,111.47530156,193.4059434,3.44832466,0.36148891,16.88003417,3.74911975
2021-08-27,22.7,-1.518438177874,20957690011.2,20864311041.5,923246256.0,919132645.0,109.78261802,190.46919372,3.39596399,0.35599993,16.62372129,3.69219169
2021-08-30,22.64,-0.264317180617,20902295235.84,20809163082.8,923246256.0,919132645.0,109.4924437,189.96575091,3.38698787,0.35505896,16.57978194,3.68243259
2021-08-31,22.75,0.485865724382,21003852324.0,20910267673.75,923246256.0,919132645.0,110.02442995,190.88872939,3.40344408,0.35678407,16.66033742,3.70032427
2021-09-01,22.07,-2.989010989011,20376044869.92,20285257475.15,923246256.0,919132645.0,106.73578765,185.18304429,3.30171476,0.34611975,16.1623581,3.58972117
2021-09-02,22.72,2.945174444948,20976154936.32,20882693694.4,923246256.0,919132645.0,109.87934279,190.63700798,3.39895602,0.35631358,16.63836774,3.69544472
2021-09-03,22.15,-2.508802816901,20449904570.4,20358788086.75,923246256.0,919132645.0,107.12268675,185.85430136,3.31368292,0.34737438,16.2209439,3.6027333
2021-09-06,22.49,1.534988713318,20763808297.44,20671293186.05,923246256.0,919132645.0,108.7670079,188.70714391,3.36454758,0.35270653,16.46993356,3.65803485
2021-09-07,22.5,0.044464206314,20773040760.0,20680484512.5,923246256.0,919132645.0,108.81537028,188.79105104,3.3660436,0.35286336,16.47725678,3.65966137
2021-09-08,22.24,-1.155555555556,20532996733.44,20441510024.8,923246256.0,919132645.0,107.55794823,186.60946556,3.32714709,0.34878583,16.28685293,3.61737195
2021-09-09,23.11,3.911870503597,21336220976.16,21241155425.95,923246256.0,919132645.0,111.76547588,193.9093862,3.45730078,0.36242988,16.92397352,3.75887885
2021-09-10,22.25,-3.721332756383,20542229196.0,20450701351.25,923246256.0,919132645.0,107.60631061,186.6933727,3.32864311,0.34894266,16.29417615,3.61899846
2021-09-13,22.5,1.123595505618,20773040760.0,20680484512.5,923246256.0,919132645.0,108.81537028,188.79105104,3.3660436,0.35286336,16.47725678,3.65966137
2021-09-14,21.28,-5.422222222222,19646680327.68,19559142685.6,923246256.0,919132645.0,102.9151591,178.55438072,3.18352923,0.33373033,15.58382331,3.46122639
2021-09-15,22.15,4.088345864662,20449904570.4,20358788086.75,923246256.0,919132645.0,107.12268675,185.85430136,3.31368292,0.34737438,16.2209439,3.6027333
2021-09-16,21.22,-4.198645598194,19591285552.32,19503994726.9,923246256.0,919132645.0,102.62498478,178.05093791,3.17455312,0.33278936,15.53988395,3.4514673
2021-09-17,21.84,2.921771913289,20163698231.04,20073856966.8,923246256.0,919132645.0,105.62345276,183.25318021,3.26730632,0.3425127,15.99392392,3.5523113
2021-09-22,21.84,0.0,20163698231.04,20073856966.8,923246256.0,919132645.0,105.62345276,183.25318021,3.26730632,0.3425127,15.99392392,3.5523113
2021-09-23,21.61,-1.053113553114,19951351592.16,19862456458.45,923246256.0,919132645.0,104.51111786,181.32331613,3.23289787,0.33890566,15.82548974,3.51490143
2021-09-24,21.19,-1.943544655252,19563588164.64,19476420747.55,923246256.0,919132645.0,102.47989761,177.79921651,3.17006506,0.33231887,15.51791428,3.44658775
2021-09-27,20.61,-2.737140160453,19028105336.16,18943323813.45,923246256.0,919132645.0,99.67487918,172.93260275,3.08329594,0.32322284,15.09316721,3.35224981
2021-09-28,19.91,-3.396409509947,18381832956.96,18299930961.95,923246256.0,919132645.0,96.28951211,167.05910339,2.97857458,0.31224487,14.58054145,3.23839368
2021-09-29,18.85,-5.323957810146,17403191925.6,17325650358.25,923246256.0,919132645.0,91.16309911,158.1649472,2.81999653,0.29562108,13.80427957,3.06598297
2021-09-30,18.5,-1.856763925729,17080055736.0,17003953932.5,923246256.0,919132645.0,89.47041557,155.22819752,2.73009118,0.2901321,13.54796669,3.0090549
2021-10-08,18.55,0.27027027027,17126218048.8,17049910564.75,923246256.0,919132645.0,89.7122275,155.64773319,2.73746981,0.29091624,13.58458282,3.01718748
2021-10-11,18.17,-2.048517520216,16775384471.52,16700640159.65,923246256.0,919132645.0,87.8744568,152.45926211,2.68139226,0.28495677,13.30630026,2.95537987
2021-10-12,18.04,-0.715465052284,16655362458.24,16581152915.8,923246256.0,919132645.0,87.24574577,151.36846937,2.66220784,0.282918,13.21109833,2.93423516
2021-10-13,18.55,2.827050997783,17126218048.8,17049910564.75,923246256.0,919132645.0,89.7122275,155.64773319,2.73746981,0.29091624,13.58458282,3.01718748
2021-10-14,18.45,-0.539083557951,17033893423.2,16957997300.25,923246256.0,919132645.0,89.22860363,154.80866185,2.72271256,0.28934796,13.51135056,3.00092232
2021-10-15,18.12,-1.788617886179,16729222158.72,16654683527.4,923246256.0,919132645.0,87.63264487,152.03972644,2.67401364,0.28417263,13.26968413,2.94724729
2021-10-18,17.93,-1.048565121413,16553805370.08,16480048324.85,923246256.0,919132645.0,86.71375952,150.4454909,2.64597486,0.28119289,13.13054285,2.91634348
2021-10-19,17.68,-1.394311210262,16322993806.08,16250265163.6,923246256.0,919132645.0,85.50469985,148.34781255,2.60908174,0.27727219,12.94746222,2.87568058
2021-10-20,17.5,-1.018099547511,16156809480.0,16084821287.5,923246256.0,919132645.0,84.63417689,146.83748414,2.58251869,0.27444928,12.81564417,2.84640328
2021-10-21,17.85,2.0,16479945669.6,16406517713.25,923246256.0,919132645.0,86.32686043,149.77423383,2.63416906,0.27993827,13.07195705,2.90333135
2021-10-22,18.02,0.952380952381,16636897533.12,16562770262.9,923246256.0,919132645.0,87.149021,151.2006551,2.65925639,0.28260435,13.19645188,2.93098213
2021-10-25,18.6,3.218645948946,17172380361.6,17095867197.0,923246256.0,919132645.0,89.95403944,156.06726886,2.74484843,0.29170038,13.62119894,3.02532006
2021-10-26,18.8,1.075268817204,17357029612.8,17279693726.0,923246256.0,919132645.0,90.92128717,157.74541154,2.77436293,0.29483694,13.76766345,3.05785039
2021-10-27,18.23,-3.031914893617,16830779246.88,16755788118.35,923246256.0,919132645.0,88.16463112,152.96270491,2.69024661,0.28589774,13.35023961,2.96513896
2021-10-28,19.41,6.472846955568,17920209828.96,17840364639.45,923246256.0,919132645.0,108.07234902,162.8637467,2.86438216,0.30440346,32.96558634,2.93900992
2021-10-29,19.3,-0.566718186502,17818652740.8,17739260048.5,923246256.0,919132645.0,107.45988337,161.94076823,2.84814918,0.30267835,32.77876436,2.92235401
2021-11-01,19.74,2.279792746114,18224881093.44,18143678412.3,923246256.0,919132645.0,109.90974599,165.63268211,2.91308108,0.30957879,33.52605226,2.98897763
2021-11-02,19.41,-1.671732522796,17920209828.96,17840364639.45,923246256.0,919132645.0,108.07234902,162.8637467,2.86438216,0.30440346,32.96558634,2.93900992
2021-11-03,19.56,0.772797527048,18058696767.36,17978234536.2,923246256.0,919132645.0,108.90752946,164.1223537,2.88651803,0.30675588,33.22034357,2.96172251
2021-11-04,19.53,-0.153374233129,18030999379.68,17950660556.85,923246256.0,919132645.0,108.74049338,163.8706323,2.88209086,0.3062854,33.16939213,2.95717999
2021-11-05,19.5,-0.153609831029,18003301992.0,17923086577.5,923246256.0,919132645.0,108.57345729,163.6189109,2.87766368,0.30581491,33.11844068,2.95263748
2021-11-08,19.43,-0.358974358974,17938674754.08,17858747292.35,923246256.0,919132645.0,108.18370642,163.03156097,2.86733361,0.30471712,32.99955397,2.94203826
2021-11-09,19.34,-0.463201235203,17855582591.04,17776025354.3,923246256.0,919132645.0,107.68259815,162.27639676,2.85405208,0.30330566,32.84669963,2.92841071
2021-11-10,20.0,3.412616339193,18464925120.0,18382652900.0,923246256.0,919132645.0,111.35739209,167.81426759,2.95144993,0.31365632,33.96763147,3.02834613
2021-11-11,20.11,0.55,18566482208.16,18483757490.95,923246256.0,919132645.0,111.96985775,168.73724606,2.9676829,0.31538143,34.15445344,3.04500203
2021-11-12,21.33,6.066633515664,19692842640.48,19605099317.85,923246256.0,919132645.0,118.76265866,178.97391639,3.14772135,0.33451447,36.22647896,3.22973115
2021-11-15,20.56,-3.609939052977,18981943023.36,18897367181.2,923246256.0,919132645.0,114.47539907,172.51306708,3.03409053,0.3224387,34.91872515,3.11313982
2021-11-16,20.0,-2.72373540856,18464925120.0,18382652900.0,923246256.0,919132645.0,111.35739209,167.81426759,2.95144993,0.31365632,33.96763147,3.02834613
2021-11-17,20.0,0.0,18464925120.0,18382652900.0,923246256.0,919132645.0,111.35739209,167.81426759,2.95144993,0.31365632,33.96763147,3.02834613
2021-11-18,19.6,-2.0,18095626617.6,18014999842.0,923246256.0,919132645.0,109.13024425,164.45798224,2.89242093,0.3073832,33.28827884,2.96777921
2021-11-19,19.23,-1.887755102041,17754025502.88,17674920763.35,923246256.0,919132645.0,107.0701325,161.35341829,2.83781911,0.30158055,32.65987765,2.9117548
2021-11-22,19.72,2.548101924077,18206416168.32,18125295759.4,923246256.0,919132645.0,109.7983886,165.46486785,2.91012963,0.30926513,33.49208463,2.98594928
2021-11-23,19.3,-2.129817444219,17818652740.8,17739260048.5,923246256.0,919132645.0,107.45988337,161.94076823,2.84814918,0.30267835,32.77876436,2.92235401
2021-11-24,18.85,-2.331606217617,17403191925.6,17325650358.25,923246256.0,919132645.0,104.95434205,158.1649472,2.78174156,0.29562108,32.01449266,2.85421623
2021-11-25,18.18,-3.554376657825,16784616934.08,16709831486.1,923246256.0,919132645.0,101.22386941,152.54316924,2.68286799,0.2851136,30.876577,2.75276663
2021-11-26,18.16,-0.1100110011,16766152008.96,16691448833.2,923246256.0,919132645.0,101.11251202,152.37535497,2.67991654,0.28479994,30.84260937,2.74973828
2021-11-29,17.93,-1.266519823789,16553805370.08,16480048324.85,923246256.0,919132645.0,99.83190201,150.4454909,2.64597486,0.28119289,30.45198161,2.7149123
2021-11-30,17.96,0.167317345231,16581502757.76,16507622304.2,923246256.0,919132645.0,99.9989381,150.6972123,2.65040204,0.28166338,30.50293306,2.71945482
2021-12-01,18.5,3.006681514477,17080055736.0,17003953932.5,923246256.0,919132645.0,103.00558768,155.22819752,2.73009118,0.2901321,31.42005911,2.80122017
2021-12-02,17.69,-4.378378378378,16332226268.64,16259456490.05,923246256.0,919132645.0,98.4956133,148.43171968,2.61055746,0.27742902,30.04437003,2.67857215
2021-12-03,17.57,-0.678349349915,16221436717.92,16149160572.65,923246256.0,919132645.0,97.82746895,147.42483408,2.59284876,0.27554708,29.84056424,2.66040207
2021-12-06,17.99,2.390438247012,16609200145.44,16535196283.55,923246256.0,919132645.0,100.16597419,150.9489337,2.65482921,0.28213386,30.5538845,2.72399734
2021-12-07,18.32,1.83435241801,16913871409.92,16838510056.4,923246256.0,919132645.0,102.00337116,153.71786911,2.70352814,0.28730919,31.11435042,2.77396505
2021-12-08,19.0,3.711790393013,17541678864.0,17463520255.0,923246256.0,919132645.0,105.78952249,159.42355421,2.80387743,0.29797351,32.26924989,2.87692882
2021-12-09,19.48,2.526315789474,17984837066.88,17904703924.6,923246256.0,919132645.0,108.4620999,163.45109663,2.87471223,0.30550126,33.08447305,2.94960913
2021-12-10,19.3,-0.924024640657,17818652740.8,17739260048.5,923246256.0,919132645.0,107.45988337,161.94076823,2.84814918,0.30267835,32.77876436,2.92235401
2021-12-13,19.42,0.621761658031,17929442291.52,17849555965.9,923246256.0,919132645.0,108.12802772,162.94765383,2.86585788,0.30456029,32.98257015,2.94052409
2021-12-14,19.69,1.390319258496,18178718780.64,18097721780.05,923246256.0,919132645.0,109.63135251,165.21314644,2.90570246,0.30879465,33.44113318,2.98140676
2021-12-15,19.77,0.406297613002,18252578481.12,18171252391.65,923246256.0,919132645.0,110.07678208,165.88440351,2.91750826,0.31004927,33.5770037,2.99352015
2021-12-16,19.43,-1.719777440567,17938674754.08,17858747292.35,923246256.0,919132645.0,108.18370642,163.03156097,2.86733361,0.30471712,32.99955397,2.94203826
2021-12-17,19.05,-1.955738548636,17587841176.8,17509476887.25,923246256.0,919132645.0,106.06791597,159.84308988,2.81125606,0.29875765,32.35416897,2.88449969
2021-12-20,18.92,-0.682414698163,17467819163.52,17389989643.4,923246256.0,919132645.0,105.34409292,158.75229714,2.79207163,0.29671888,32.13337937,2.86481544
2021-12-21,19.12,1.057082452431,17652468414.72,17573816172.4,923246256.0,919132645.0,106.45766684,160.43043982,2.82158613,0.29985544,32.47305568,2.8950989
2021-12-22,18.86,-1.359832635983,17412424388.16,17334841684.7,923246256.0,919132645.0,105.01002074,158.24885434,2.78321728,0.29577791,32.03147647,2.8557304
2021-12-23,18.72,-0.742311770944,17283169912.32,17206163114.4,923246256.0,919132645.0,104.230519,157.07415447,2.76255713,0.29358232,31.79370305,2.83453198
2021-12-24,18.86,0.747863247863,17412424388.16,17334841684.7,923246256.0,919132645.0,105.01002074,158.24885434,2.78321728,0.29577791,32.03147647,2.8557304
2021-12-27,18.57,-1.537645811241,17144682973.92,17068293217.65,923246256.0,919132645.0,103.39533856,155.81554746,2.74042126,0.2912299,31.53894582,2.81181938
2021-12-28,18.44,-0.700053850296,17024660960.64,16948805973.8,923246256.0,919132645.0,102.67151551,154.72475472,2.72123683,0.28919113,31.31815621,2.79213513
2021-12-29,18.07,-2.006507592191,16683059845.92,16608726895.15,923246256.0,919132645.0,100.61140375,151.62019077,2.66663501,0.28338849,30.68975503,2.73611073
2021-12-30,17.96,-0.608743774211,16581502757.76,16507622304.2,923246256.0,919132645.0,99.9989381,150.6972123,2.65040204,0.28166338,30.50293306,2.71945482
2021-12-31,17.97,0.055679287305,16590735220.32,16515690505.65,923246256.0,919070145.0,100.05461679,52.60136692,2.63294924,0.28182021,30.51991687,2.720969
2022-01-04,18.1,0.723427935448,16710757233.6,16635169624.5,923246256.0,919070145.0,100.77843984,52.9818999,2.65199673,0.19829597,30.74070648,2.74065325
2022-01-05,18.1,0.0,16710757233.6,16635169624.5,923246256.0,919070145.0,100.77843984,52.9818999,2.65199673,0.19829597,30.74070648,2.74065325
2022-01-06,18.33,1.270718232044,16923103872.48,16846555757.85,923246256.0,919070145.0,102.05904985,53.65515056,2.68569614,0.20081575,31.13133424,2.77547923
2022-01-07,17.8,-2.891434806328,16433783356.8,16359448581.0,923246256.0,919070145.0,99.10807896,52.10374686,2.60804099,0.1950093,30.231192,2.69522805
2022-01-10,17.99,1.067415730337,16609200145.44,16534071908.55,923246256.0,919070145.0,100.16597419,52.65991045,2.63587963,0.19709086,30.5538845,2.72399734
2022-01-11,18.04,0.277932184547,16655362458.24,16580025415.8,923246256.0,919070145.0,100.44436767,52.80626929,2.64320558,0.19763864,30.63880358,2.73156821
2022-01-12,18.16,0.665188470067,16766152008.96,16690313833.2,923246256.0,919070145.0,101.11251202,53.15753051,2.66078788,0.19895331,30.84260937,2.74973828
2022-01-13,18.1,-0.330396475771,16710757233.6,16635169624.5,923246256.0,919070145.0,100.77843984,52.9818999,2.65199673,0.19829597,30.74070648,2.74065325
2022-01-14,18.2,0.552486187845,16803081859.2,16727076639.0,923246256.0,919070145.0,101.3352268,53.27461758,2.66664865,0.19939153,30.91054463,2.75579498
2022-01-17,19.34,6.263736263736,17855582591.04,17774816604.3,923246256.0,919070145.0,107.68259815,56.61159912,2.83368049,0.21188089,32.84669963,2.92841071
2022-01-18,19.49,0.775594622544,17994069529.44,17912677126.05,923246256.0,919070145.0,108.51777859,57.05067564,2.85565836,0.21352423,33.10145686,2.9511233
2022-01-19,19.06,-2.206259620318,17597073639.36,17517476963.7,923246256.0,919070145.0,106.12359466,55.79198962,2.79265512,0.20881333,32.37115279,2.88601386
2022-01-20,18.85,-1.101783840504,17403191925.6,17324472233.25,923246256.0,919070145.0,104.95434205,55.17728249,2.7618861,0.20651266,32.01449266,2.85421623
2022-01-21,18.33,-2.758620689655,16923103872.48,16846555757.85,923246256.0,919070145.0,102.05904985,53.65515056,2.68569614,0.20081575,31.13133424,2.77547923
2022-01-24,17.96,-2.018548827059,16581502757.76,16506499804.2,923246256.0,919070145.0,99.9989381,52.57209515,2.63148405,0.19676219,30.50293306,2.71945482
2022-01-25,17.17,-4.398663697105,15852138215.52,15780434389.65,923246256.0,919070145.0,95.60032111,50.25962549,2.51573392,0.18810728,29.16121161,2.59983515
2022-01-26,17.38,1.223063482819,16046019929.28,15973439120.1,923246256.0,919070145.0,96.76957373,50.87433261,2.54650294,0.19040796,29.51787174,2.63163279
2022-01-27,17.44,0.345224395857,16101414704.64,16028583328.8,923246256.0,919070145.0,97.1036459,51.04996322,2.55529409,0.19106529,29.61977464,2.64071782
2022-01-28,17.16,-1.605504587156,15842905752.96,15771243688.2,923246256.0,919070145.0,95.54464241,50.23035372,2.51426873,0.18799773,29.1442278,2.59832098
2022-02-07,17.44,1.631701631702,16101414704.64,16028583328.8,923246256.0,919070145.0,97.1036459,51.04996322,2.55529409,0.19106529,29.61977464,2.64071782
2022-02-08,17.52,0.45871559633,16175274405.12,16102108940.4,923246256.0,919070145.0,97.54907547,51.28413736,2.56701562,0.19194174,29.75564516,2.65283121
2022-02-09,17.83,1.769406392694,16461480744.48,16387020685.35,923246256.0,919070145.0,99.27511505,52.19156217,2.61243656,0.19533797,30.28214345,2.69977057
2022-02-10,17.93,0.560852495794,16553805370.08,16478927699.85,923246256.0,919070145.0,99.83190201,52.48427985,2.62708848,0.19643352,30.45198161,2.7149123
2022-02-11,17.6,-1.840490797546,16249134105.6,16175634552.0,923246256.0,919070145.0,97.99450504,51.5183115,2.57873715,0.19281818,29.89151569,2.66494459
2022-02-14,17.56,-0.227272727273,16212204255.36,16138871746.2,923246256.0,919070145.0,97.77179026,51.40122443,2.57287639,0.19237996,29.82358043,2.6588879
2022-02-15,17.66,0.569476082005,16304528880.96,16230778760.7,923246256.0,919070145.0,98.32857722,51.69394211,2.5875283,0.19347552,29.99341858,2.67402963
2022-02-16,17.47,-1.075877689694,16129112092.32,16056155433.15,923246256.0,919070145.0,97.27068199,51.13777852,2.55968966,0.19139396,29.67072609,2.64526034
2022-02-17,17.38,-0.515168860904,16046019929.28,15973439120.1,923246256.0,919070145.0,96.76957373,50.87433261,2.54650294,0.19040796,29.51787174,2.63163279
2022-02-18,17.17,-1.208285385501,15852138215.52,15780434389.65,923246256.0,919070145.0,95.60032111,50.25962549,2.51573392,0.18810728,29.16121161,2.59983515
2022-02-21,17.84,3.902154921374,16470713207.04,16396211386.8,923246256.0,919070145.0,99.33079375,52.22083393,2.61390175,0.19544752,30.29912727,2.70128475
2022-02-22,17.47,-2.07399103139,16129112092.32,16056155433.15,923246256.0,919070145.0,97.27068199,51.13777852,2.55968966,0.19139396,29.67072609,2.64526034
2022-02-23,17.58,0.629650829994,16230669180.48,16157253149.1,923246256.0,919070145.0,97.88314765,51.45976797,2.57580677,0.19259907,29.85754806,2.66191625
2022-02-24,17.19,-2.21843003413,15870603140.64,15798815792.55,923246256.0,919070145.0,95.7116785,50.31816902,2.5186643,0.1883264,29.19517925,2.6028635
2022-02-25,17.44,1.454333915067,16101414704.64,16028583328.8,923246256.0,919070145.0,97.1036459,51.04996322,2.55529409,0.19106529,29.61977464,2.64071782
2022-02-28,17.28,-0.917431192661,15953695303.68,15881532105.6,923246256.0,919070145.0,96.21278677,50.58161493,2.53185102,0.1893124,29.34803359,2.61649106
2022-03-01,17.16,-0.694444444444,15842905752.96,15771243688.2,923246256.0,919070145.0,95.54464241,50.23035372,2.51426873,0.18799773,29.1442278,2.59832098
2022-03-02,17.12,-0.2331002331,15805975902.72,15734480882.4,923246256.0,919070145.0,95.32192763,50.11326665,2.50840796,0.1875595,29.07629253,2.59226429
2022-03-03,16.83,-1.693925233645,15538234488.48,15467950540.35,923246256.0,919070145.0,93.70724544,49.26438538,2.4659174,0.18438239,28.58376188,2.54835327
2022-03-04,17.17,2.020202020202,15852138215.52,15780434389.65,923246256.0,919070145.0,95.60032111,50.25962549,2.51573392,0.18810728,29.16121161,2.59983515
2022-03-07,16.58,-3.436225975539,15307422924.48,15238183004.1,923246256.0,919070145.0,92.31527804,48.53259118,2.42928762,0.18164349,28.15916649,2.51049894
2022-03-08,15.15,-8.624849215923,13987180778.4,13923912696.75,923246256.0,919070145.0,84.35322451,44.34672837,2.21976522,0.16597702,25.73048084,2.29397219
2022-03-09,14.17,-6.468646864686,13082399447.52,13023223954.65,923246256.0,919070145.0,78.8967123,41.47809512,2.07617645,0.15524055,24.06606689,2.14558323
2022-03-10,14.77,4.234297812279,13636347201.12,13574666041.65,923246256.0,919070145.0,82.23743406,43.23440119,2.16408794,0.1618139,25.08509584,2.23643362
2022-03-11,14.93,1.083276912661,13784066602.08,13721717264.85,923246256.0,919070145.0,83.1282932,43.70274948,2.18753101,0.16356679,25.35683689,2.26066038
2022-03-14,14.6,-2.210314802411,13479395337.6,13418424117.0,923246256.0,919070145.0,81.29089623,42.73678113,2.13917969,0.15995145,24.79637097,2.21069267
2022-03-15,13.4,-8.219178082192,12371499830.4,12315539943.0,923246256.0,919070145.0,74.6094527,39.22416899,1.9633567,0.14680475,22.75831308,2.02899191
2022-03-16,13.87,3.507462686567,12805425570.72,12747502911.15,923246256.0,919070145.0,77.22635142,40.59994208,2.0322207,0.15195387,23.55655242,2.10015804
2022-03-17,13.99,0.865176640231,12916215121.44,12857791328.55,923246256.0,919070145.0,77.89449577,40.95120329,2.049803,0.15326854,23.76035821,2.11832812
2022-03-18,13.96,-0.214438884918,12888517733.76,12830219224.2,923246256.0,919070145.0,77.72745968,40.86338799,2.04540743,0.15293988,23.70940676,2.1137856
2022-03-21,13.75,-1.504297994269,12694636020.0,12637214493.75,923246256.0,919070145.0,76.55820706,40.24868086,2.0146384,0.15063921,23.35274663,2.08198796
2022-03-22,13.41,-2.472727272727,12380732292.96,12324730644.45,923246256.0,919070145.0,74.6651314,39.25344075,1.96482189,0.14691431,22.7752969,2.03050608
2022-03-23,13.34,-0.521998508576,12316105055.04,12260395734.3,923246256.0,919070145.0,74.27538052,39.04853838,1.95456555,0.14614742,22.65641019,2.01990687
2022-03-24,13.27,-0.524737631184,12251477817.12,12196060824.15,923246256.0,919070145.0,73.88562965,38.843636,1.94430921,0.14538053,22.53752348,2.00930766
2022-03-25,13.16,-0.828937452901,12149920728.96,12094963108.2,923246256.0,919070145.0,73.273164,38.52164656,1.9281921,0.14417541,22.3507015,1.99265175
2022-03-28,13.11,-0.379939209726,12103758416.16,12049009600.95,923246256.0,919070145.0,72.99477052,38.37528772,1.92086614,0.14362763,22.26578243,1.98508089
2022-03-29,13.33,1.678108314264,12306872592.48,12251205032.85,923246256.0,919070145.0,74.21970183,39.01926661,1.95310036,0.14603786,22.63942637,2.01839269
2022-03-30,13.81,3.600900225056,12750030795.36,12692358702.45,923246256.0,919070145.0,76.89227924,40.42431147,2.02342955,0.15129654,23.45464953,2.091073
2022-03-31,13.64,-1.230992034757,12593078931.84,12536116777.8,923246256.0,919070145.0,75.94574141,39.92669142,1.96978573,0.14943409,23.16592466,2.06533206
2022-04-01,13.83,1.392961876833,12768495720.48,12710740105.35,923246256.0,919070145.0,77.00363663,40.48285501,1.9972241,0.15151565,23.48861716,2.09410135
2022-04-06,13.97,1.012292118583,12897750196.32,12839409925.65,923246256.0,919070145.0,77.78313838,40.89265976,2.01744184,0.15304943,23.72639058,2.11529977
2022-04-07,13.7,-1.932712956335,12648473707.2,12591260986.5,923246256.0,919070145.0,76.27981358,40.10232202,1.97845048,0.15009143,23.26782755,2.0744171
2022-04-08,13.84,1.021897810219,12777728183.04,12719930806.8,923246256.0,919070145.0,77.05931533,40.51212677,1.99866822,0.15162521,23.50560097,2.09561552
2022-04-11,13.48,-2.601156069364,12445359530.88,12389065554.6,923246256.0,919070145.0,75.05488227,39.45834313,1.94667974,0.1476812,22.89418361,2.04110529
2022-04-12,13.68,1.483679525223,12630008782.08,12572879583.6,923246256.0,919070145.0,76.16845619,40.04377849,1.97556223,0.14987231,23.23385992,2.07138875
2022-04-13,13.32,-2.631578947368,12297640129.92,12242014331.4,923246256.0,919070145.0,74.16402313,38.98999484,1.92357375,0.14592831,22.62244256,2.01687852
2022-04-14,13.46,1.051051051051,12426894605.76,12370684151.7,923246256.0,919070145.0,74.94352488,39.39979959,1.94379149,0.14746209,22.86021598,2.03807694
2022-04-15,13.38,-0.594353640416,12353034905.28,12297158540.1,923246256.0,919070145.0,74.49809531,39.16562545,1.9322385,0.14658564,22.72434545,2.02596356
2022-04-18,13.09,-2.167414050822,12085293491.04,12030628198.05,923246256.0,919070145.0,72.88341312,38.31674418,1.89035889,0.14340852,22.23181479,1.98205254
2022-04-19,13.25,1.22230710466,12233012892.0,12177679421.25,923246256.0,919070145.0,73.77427226,38.78509247,1.91346488,0.14516142,22.50355585,2.00627931
2022-04-20,12.95,-2.264150943396,11956039015.2,11901958377.75,923246256.0,919070145.0,72.10391138,37.90693943,1.87014115,0.14187474,21.99404137,1.96085412
2022-04-21,12.29,-5.096525096525,11346696486.24,11295372082.05,923246256.0,919070145.0,68.42911744,35.97500275,1.77482893,0.13464406,20.87310954,1.8609187
2022-04-22,13.03,6.021155410903,12029898715.68,11975483989.35,923246256.0,919070145.0,38.14111357,38.14111357,1.88169414,0.14275119,16.30535122,1.82637001
2022-04-25,12.09,-7.214121258634,11162047235.04,11111558053.05,923246256.0,919070145.0,35.38956739,35.38956739,1.74594645,0.13245294,15.12906341,1.69461346
2022-04-26,11.78,-2.564102564103,10875840895.68,10826646308.1,923246256.0,919070145.0,34.48214259,34.48214259,1.70117859,0.12905672,14.74113871,1.65116184
2022-04-27,12.54,6.451612903226,11577508050.24,11525139618.3,923246256.0,919070145.0,36.70679695,36.70679695,1.81093204,0.13738296,15.69217992,1.75768841
2022-04-28,12.65,0.877192982456,11679065138.4,11626237334.25,923246256.0,919070145.0,38.22013787,37.02878639,1.82681741,0.13858807,11.4979542,1.70469497
2022-04-29,13.24,4.664031620553,12223780429.44,12168488719.8,923246256.0,919070145.0,40.00273719,38.7558207,1.91202076,0.14505186,12.03422242,1.78420249
2022-05-05,13.82,4.380664652568,12759263257.92,12701549403.9,923246256.0,919070145.0,41.75512296,40.45358324,1.99577997,0.1514061,12.56140135,1.86236241
2022-05-06,13.72,-0.723589001447,12666938632.32,12609642389.4,923246256.0,919070145.0,41.45298748,40.16086556,1.98133873,0.15031054,12.47050843,1.84888656
2022-05-09,14.38,4.810495626822,13276281161.28,13216228685.1,923246256.0,919070145.0,43.44708163,42.09280224,2.07665094,0.15754122,13.07040169,1.93782717
2022-05-10,14.72,2.364394993046,13590184888.32,13528712534.4,923246256.0,919070145.0,44.47434225,43.08804235,2.12575117,0.16126612,13.37943761,1.98364506
2022-05-11,14.72,0.0,13590184888.32,13528712534.4,923246256.0,919070145.0,44.47434225,43.08804235,2.12575117,0.16126612,13.37943761,1.98364506
2022-05-12,14.74,0.135869565217,13608649813.44,13547093937.3,923246256.0,919070145.0,44.53476935,43.14658589,2.12863942,0.16148523,13.3976162,1.98634023
2022-05-13,14.69,-0.33921302578,13562487500.64,13501140430.05,923246256.0,919070145.0,44.38370161,43.00022705,2.1214188,0.16093745,13.35216974,1.97960231
2022-05-16,14.84,1.021102791014,13700974439.04,13639000951.8,923246256.0,919070145.0,44.83690483,43.43930356,2.14308067,0.16258079,13.48850912,1.99981608
2022-05-17,14.87,0.202156334232,13728671826.72,13666573056.15,923246256.0,919070145.0,44.92754547,43.52711887,2.14741304,0.16290945,13.51577699,2.00385883
2022-05-18,14.58,-1.950235373235,13460930412.48,13400042714.1,923246256.0,919070145.0,44.05135259,42.6782376,2.10553343,0.15973234,13.25218753,1.96477887
2022-05-19,14.62,0.274348422497,13497860262.72,13436805519.9,923246256.0,919070145.0,44.17220678,42.79532467,2.11130993,0.16017056,13.2885447,1.97016921
2022-05-20,14.87,1.709986320109,13728671826.72,13666573056.15,923246256.0,919070145.0,44.92754547,43.52711887,2.14741304,0.16290945,13.51577699,2.00385883
2022-05-23,15.19,2.151983860121,14024110628.64,13960675502.55,923246256.0,919070145.0,45.894379,44.46381544,2.19362502,0.16641524,13.80663433,2.04698155
2022-05-24,14.64,-3.620803159974,13516325187.84,13455186922.8,923246256.0,919070145.0,44.23263387,42.85386821,2.11419818,0.16038967,13.30672328,1.97286438
2022-05-25,14.67,0.204918032787,13544022575.52,13482759027.15,923246256.0,919070145.0,44.32327452,42.94168351,2.11853055,0.16071834,13.33399115,1.97690714
2022-05-26,14.81,0.954328561691,13673277051.36,13611428847.45,923246256.0,919070145.0,44.74626418,43.35148826,2.13874829,0.16225212,13.46124124,1.99577332
2022-05-27,14.66,-1.01282916948,13534790112.96,13473568325.7,923246256.0,919070145.0,44.29306097,42.91241174,2.11708643,0.16060878,13.32490186,1.97555955
2022-05-30,14.83,1.159618008186,13691741976.48,13629810250.35,923246256.0,919070145.0,44.80669128,43.4100318,2.14163654,0.16247123,13.47941982,1.99846849
2022-05-31,14.91,0.539447066757,13765601676.96,13703335861.95,923246256.0,919070145.0,45.04839966,43.64420594,2.15318954,0.16334768,13.55213416,2.00924917
2022-06-01,14.56,-2.347417840376,13442465487.36,13381661311.2,923246256.0,919070145.0,43.99092549,42.61969406,2.10264518,0.15951322,13.23400894,1.9620837
2022-06-02,14.47,-0.618131868132,13359373324.32,13298944998.15,923246256.0,919070145.0,43.71900356,42.35624815,2.08964806,0.15852722,13.15220532,1.94995544
2022-06-06,15.27,5.528680027643,14097970329.12,14034201114.15,923246256.0,919070145.0,46.13608738,44.69798958,2.20517802,0.16729168,13.87934867,2.05776223
2022-06-07,15.41,0.916830386379,14227224804.96,14162870934.45,923246256.0,919070145.0,46.55907705,45.10779433,2.22539576,0.16882547,14.00659875,2.07662842
2022-06-08,15.91,3.24464633355,14688847932.96,14622406006.95,923246256.0,919070145.0,48.06975443,46.57138273,2.29760198,0.17430325,14.46106335,2.14400767
2022-06-09,15.56,-2.199874292898,14365711743.36,14300731456.2,923246256.0,919070145.0,47.01228026,45.54687085,2.24705763,0.1704688,14.14293813,2.0968422
2022-06-10,16.0,2.827763496144,14771940096.0,14705122320.0,923246256.0,919070145.0,48.34167636,46.83482864,2.3105991,0.17528926,14.54286697,2.15613594
2022-06-13,16.29,1.8125,15039681510.24,14971652662.05,923246256.0,919070145.0,49.21786925,47.68370991,2.35247871,0.17846637,14.80645644,2.1952159
2022-06-14,16.37,0.49109883364,15113541210.72,15045178273.65,923246256.0,919070145.0,49.45957763,47.91788405,2.3640317,0.17934282,14.87917077,2.20599658
2022-06-15,15.76,-3.726328649969,14550360994.56,14484545485.2,923246256.0,919070145.0,47.61655122,46.13230621,2.27594011,0.17265992,14.32472397,2.1237939
2022-06-16,16.34,3.680203045685,15085843823.04,15017606169.3,923246256.0,919070145.0,49.36893699,47.83006875,2.35969933,0.17901415,14.85190289,2.20195382
2022-06-17,16.96,3.794369645043,15658256501.76,15587429659.2,923246256.0,919070145.0,51.24217694,49.64491836,2.44923505,0.18580661,15.41543899,2.28550409
2022-06-20,17.26,1.768867924528,15935230378.56,15863150702.7,923246256.0,919070145.0,52.14858338,50.5230714,2.49255878,0.18909329,15.68811775,2.32593164
2022-06-21,16.99,-1.564310544612,15685953889.44,15615001763.55,923246256.0,919070145.0,51.33281759,49.73273366,2.45356742,0.18613528,15.44270687,2.28954685
2022-06-22,16.87,-0.706297822248,15575164338.72,15504713346.15,923246256.0,919070145.0,50.97025501,49.38147245,2.43623793,0.18482061,15.33363536,2.27337583
2022-06-23,16.84,-0.177830468287,15547466951.04,15477141241.8,923246256.0,919070145.0,50.87961437,49.29365714,2.43190555,0.18449194,15.30636749,2.26933307
2022-06-24,16.7,-0.83135391924,15418212475.2,15348471421.5,923246256.0,919070145.0,50.4566247,48.88385239,2.41168781,0.18295816,15.1791174,2.25046688
2022-06-27,16.41,-1.736526946108,15150471060.96,15081941079.45,923246256.0,919070145.0,49.58043182,48.03497112,2.3698082,0.17978104,14.91552794,2.21138692
2022-06-28,16.43,0.121876904327,15168935986.08,15100322482.35,923246256.0,919070145.0,49.64085891,48.09351466,2.37269645,0.18000016,14.93370652,2.21408209
2022-06-29,16.38,-0.30432136336,15122773673.28,15054368975.1,923246256.0,919070145.0,49.48979118,47.94715582,2.36547583,0.17945238,14.88826006,2.20734416
2022-06-30,16.37,-0.06105006105,15113541210.72,15046201398.65,923246256.0,919132645.0,49.45957763,47.91788405,2.32903044,0.17934282,14.87917077,2.20599658
2022-07-01,16.48,0.671960904093,15215098298.88,15147305989.6,923246256.0,919132645.0,49.79192665,48.2398735,2.34468062,0.18054793,14.97915298,2.22082001
2022-07-04,16.77,1.759708737864,15482839713.12,15413854456.65,923246256.0,919132645.0,50.66811954,49.08875477,2.38594017,0.18372505,15.24274244,2.25989998
2022-07-05,17.11,2.027429934407,15796743440.16,15726359555.95,923246256.0,919132645.0,51.69538016,50.08399488,2.43431343,0.18744995,15.55177837,2.30571787
2022-07-06,16.7,-2.39625949737,15418212475.2,15349515171.5,923246256.0,919132645.0,50.4566247,48.88385239,2.37598096,0.18295816,15.1791174,2.25046688
2022-07-07,16.84,0.838323353293,15547466951.04,15478193741.8,923246256.0,919132645.0,50.87961437,49.29365714,2.39589937,0.18449194,15.30636749,2.26933307
2022-07-08,16.64,-1.187648456057,15362817699.84,15294367212.8,923246256.0,919132645.0,50.27534342,48.70822179,2.36744451,0.18230083,15.12458165,2.24238137
2022-07-11,16.23,-2.463942307692,14984286734.88,14917522828.35,923246256.0,919132645.0,49.03658796,47.5080793,2.30911204,0.17780904,14.75192068,2.18713039
2022-07-12,15.62,-3.758471965496,14421106518.72,14356851914.9,923246256.0,919132645.0,47.19356155,45.72250146,2.22232471,0.17112614,14.19747388,2.10492771
2022-07-13,16.03,2.624839948784,14799637483.68,14733696299.35,923246256.0,919132645.0,48.43231701,46.92264394,2.28065718,0.17561792,14.57013485,2.16017869
2022-07-14,16.51,2.994385527137,15242795686.56,15174879968.95,923246256.0,919132645.0,49.8825673,48.3276888,2.34894885,0.1808766,15.00642086,2.22486277
2022-07-15,16.73,1.332525741975,15445909862.88,15377089150.85,923246256.0,919132645.0,50.54726535,48.9716677,2.38024919,0.18328683,15.20638528,2.25450964
2022-07-18,17.0,1.613867304244,15695186352.0,15625254965.0,923246256.0,919132645.0,51.36303114,49.76200543,2.41866326,0.18624484,15.45179616,2.29089443
2022-07-19,17.21,1.235294117647,15889068065.76,15818272820.45,923246256.0,919132645.0,51.99751564,50.37671256,2.44854086,0.18854551,15.64267129,2.31919372
2022-07-20,17.25,0.232423009878,15925997916.0,15855038126.25,923246256.0,919132645.0,52.11836983,50.49379963,2.45423183,0.18898373,15.67902845,2.32458406
2022-07-21,17.2,-0.289855072464,15879835603.2,15809081494.0,923246256.0,919132645.0,51.96730209,50.34744079,2.44711812,0.18843595,15.63358199,2.31784613
2022-07-22,17.42,1.574344023324,16082949779.52,16011290675.9,923246256.0,919132645.0,52.63200014,50.99141968,2.47841847,0.19084618,15.83354642,2.347493
2022-07-25,17.14,-1.607347876005,15824440827.84,15753933535.3,923246256.0,919132645.0,51.7860208,50.17181018,2.43858166,0.18777862,15.57904624,2.30976062
2022-07-26,17.48,1.983663943991,16138344554.88,16066438634.6,923246256.0,919132645.0,52.81328143,51.16705029,2.48695493,0.19150351,15.88808217,2.35557851
2022-07-27,17.86,2.173913043478,16489178132.16,16415709039.7,923246256.0,919132645.0,53.96139624,52.27937747,2.54101916,0.19566663,16.23347526,2.40678674
2022-07-28,18.34,2.687569988802,16932336335.04,16856892709.3,923246256.0,919132645.0,55.41164653,53.68442233,2.60931083,0.20092531,16.66976127,2.47147082
2022-07-29,18.75,2.235550708833,17310867300.0,17233737093.75,923246256.0,919132645.0,56.65040199,54.88456481,2.6676433,0.2054171,17.04242223,2.5267218
2022-08-01,19.59,4.48,18086394155.04,18005808515.55,923246256.0,919132645.0,59.18834,57.34339332,2.78715372,0.21461978,17.80592275,2.63991894
2022-08-02,19.33,-1.327207759061,17846350128.48,17766834027.85,923246256.0,919132645.0,58.40278776,56.58232735,2.7501624,0.21177133,17.56960116,2.60488173
2022-08-03,19.35,0.103466114847,17864815053.6,17785216680.75,923246256.0,919132645.0,58.46321485,56.64087089,2.75300788,0.21199045,17.58777974,2.6075769
2022-08-04,19.4,0.258397932817,17910977366.4,17831173313.0,923246256.0,919132645.0,58.61428259,56.78722973,2.7601216,0.21253822,17.6332262,2.61431482
2022-08-05,20.07,3.453608247423,18529552357.92,18446992185.15,923246256.0,919132645.0,60.63859029,58.74843818,2.85544539,0.21987846,18.24220876,2.70460301
2022-08-08,20.98,4.534130543099,19369706450.88,19283402892.1,923246256.0,919132645.0,63.38802313,61.41216906,2.98491501,0.22984804,19.06933432,2.82723324
2022-08-09,21.05,0.333651096282,19434333688.8,19347742177.25,923246256.0,919132645.0,63.59951796,61.61707143,2.99487421,0.23061493,19.13295936,2.83666634
2022-08-10,21.05,0.0,19434333688.8,19347742177.25,923246256.0,919132645.0,63.59951796,61.61707143,2.99487421,0.23061493,19.13295936,2.83666634
2022-08-11,21.29,1.140142517815,19655912790.24,19568334012.05,923246256.0,919132645.0,64.32464311,62.31959386,3.02902004,0.23324427,19.35110236,2.86900838
2022-08-12,21.28,-0.046970408643,19646680327.68,19559142685.6,923246256.0,919132645.0,64.29442956,62.29032209,3.0275973,0.23313471,19.34201307,2.86766079
2022-08-15,21.92,3.007518796992,20237557931.52,20147387578.4,923246256.0,919132645.0,66.22809662,64.16371524,3.11865286,0.24014628,19.92372775,2.95390623
2022-08-16,22.49,2.600364963504,20763808297.44,20671293186.05,923246256.0,919132645.0,67.95026884,65.83220601,3.19974921,0.24639096,20.44181739,3.03071857
2022-08-17,22.76,1.200533570476,21013084786.56,20919459000.2,923246256.0,919132645.0,68.76603463,66.62254374,3.23816328,0.24934897,20.68722827,3.06710337
2022-08-18,23.59,3.646748681898,21779379179.04,21682339095.55,923246256.0,919132645.0,71.27375909,69.05210048,3.35625095,0.2584421,21.44163949,3.17895292
2022-08-19,22.75,-3.560830860534,21003852324.0,20910267673.75,923246256.0,919132645.0,68.73582108,66.59327197,3.23674054,0.24923941,20.67813898,3.06575578
2022-08-22,22.74,-0.043956043956,20994619861.44,20901076347.3,923246256.0,919132645.0,68.70560753,66.56400021,3.23531779,0.24912986,20.66904968,3.0644082
2022-08-23,22.16,-2.550571679859,20459137032.96,20367979413.2,923246256.0,919132645.0,66.95322176,64.86623767,3.15279869,0.24277562,20.14187076,2.98624827
2022-08-24,21.17,-4.467509025271,19545123239.52,19458038094.65,923246256.0,919132645.0,63.96208054,61.96833265,3.01194713,0.2319296,19.24203086,2.85283736
2022-08-25,20.8,-1.747756258857,19203522124.8,19117959016.0,923246256.0,919132645.0,62.84417927,60.88527723,2.95930563,0.22787603,18.90572706,2.80297672
2022-08-26,21.3,2.403846153846,19665145252.8,19577525338.5,923246256.0,919132645.0,59.44351337,62.34886563,3.03044279,0.23335382,19.12612356,2.70277687
2022-08-29,22.73,6.713615023474,20985387398.88,20891885020.85,923246256.0,919132645.0,63.43432201,66.53472844,3.23389505,0.2490203,20.41017787,2.8842309
2022-08-30,22.62,-0.483941926969,20883830310.72,20790780429.9,923246256.0,919132645.0,63.12733673,66.21273899,3.21824487,0.24781519,20.31140446,2.8702729
2022-08-31,21.8,-3.625110521662,20126768380.8,20037091661.0,923246256.0,919132645.0,60.83890101,63.81245402,3.10157994,0.23883161,19.5750936,2.76622233
2022-09-01,21.85,0.229357798165,20172930693.6,20083048293.25,923246256.0,919132645.0,60.97843977,63.95881286,3.10869366,0.23937939,19.6199906,2.77256688
2022-09-02,21.91,0.274599542334,20228325468.96,20138196251.95,923246256.0,919132645.0,61.14588629,64.13444347,3.11723012,0.24003673,19.67386701,2.78018034
2022-09-05,21.2,-3.240529438613,19572820627.2,19485612074.0,923246256.0,919132645.0,59.16443584,62.05614795,3.01621536,0.23225827,19.03632955,2.69008778
2022-09-06,21.35,0.707547169811,19711307565.6,19623481970.75,923246256.0,919132645.0,59.58305213,62.49522447,3.0375565,0.2339016,19.17102057,2.70912142
2022-09-07,21.17,-0.843091334895,19545123239.52,19458038094.65,923246256.0,919132645.0,59.08071258,61.96833265,3.01194713,0.2319296,19.00939135,2.68628105
2022-09-08,21.32,0.708549834672,19683610177.92,19595907991.4,923246256.0,919132645.0,59.49932888,62.40740916,3.03328827,0.23357293,19.14408236,2.70531469
2022-09-09,21.31,-0.046904315197,19674377715.36,19586716664.95,923246256.0,919132645.0,59.47142112,62.3781374,3.03186553,0.23346338,19.13510296,2.70404578
2022-09-13,20.86,-2.111684655092,19258916900.16,19173106974.7,923246256.0,919132645.0,58.21557225,61.06090784,2.96784209,0.22853337,18.73102993,2.64694486
2022-09-14,20.7,-0.767018216683,19111197499.2,19026045751.5,923246256.0,919132645.0,57.7690482,60.59255955,2.9450782,0.22678048,18.58735952,2.62664231
2022-09-15,19.64,-5.12077294686,18132556467.84,18051765147.8,923246256.0,919132645.0,54.81082641,57.48975216,2.79426743,0.21516756,17.63554304,2.49213792
2022-09-16,19.36,-1.42566191446,17874047516.16,17794408007.2,923246256.0,919132645.0,54.02940934,56.67014266,2.75443063,0.2121,17.38411982,2.45660846
2022-09-19,19.24,-0.619834710744,17763257965.44,17684112089.8,923246256.0,919132645.0,53.6945163,56.31888144,2.73735771,0.21078533,17.27636701,2.44138155
2022-09-20,19.18,-0.31185031185,17707863190.08,17628964131.1,923246256.0,919132645.0,53.52706979,56.14325083,2.72882125,0.210128,17.22249061,2.43376809
2022-09-21,19.14,-0.208550573514,17670933339.84,17592198825.3,923246256.0,919132645.0,53.41543877,56.02616376,2.72313028,0.20968977,17.186573,2.42869245
2022-09-22,18.92,-1.149425287356,17467819163.52,17389989643.4,923246256.0,919132645.0,52.80146821,55.38218487,2.69182993,0.20727955,16.98902619,2.40077645
2022-09-23,18.56,-1.902748414376,17135450511.36,17059101891.2,923246256.0,919132645.0,51.79678911,54.32840122,2.64061118,0.20333554,16.66576776,2.35509571
2022-09-26,18.45,-0.592672413793,17033893423.2,16957997300.25,923246256.0,919132645.0,51.48980383,54.00641178,2.62496101,0.20213042,16.56699435,2.34113771
2022-09-27,18.47,0.108401084011,17052358348.32,16976379953.15,923246256.0,919132645.0,51.54561934,54.06495531,2.62780649,0.20234954,16.58495315,2.34367553
2022-09-28,17.9,-3.086085544126,16526107982.4,16452474345.5,923246256.0,919132645.0,49.95487743,52.39646454,2.54671014,0.19610486,16.07312731,2.2713477
2022-09-29,18.25,1.95530726257,16849244172.0,16774170771.25,923246256.0,919132645.0,50.93164878,53.42097642,2.59650614,0.19993931,16.38740634,2.31575952
2022-09-30,17.9,-1.917808219178,16526107982.4,16452474345.5,923246256.0,919132645.0,49.95487743,52.39646454,2.4861609,0.19610486,16.07312731,2.2713477
2022-10-10,17.88,-0.111731843575,16507643057.28,16434091692.6,923246256.0,919132645.0,49.89906193,52.33792101,2.48338307,0.19588574,16.05516851,2.26880988
2022-10-11,18.06,1.006711409396,16673827383.36,16599535568.7,923246256.0,919132645.0,50.40140148,52.86481283,2.50838357,0.19785775,16.21679772,2.29165025
2022-10-12,18.45,2.159468438538,17033893423.2,16957997300.25,923246256.0,919132645.0,51.48980383,54.00641178,2.56255132,0.20213042,16.56699435,2.34113771
2022-10-13,18.24,-1.138211382114,16840011709.44,16764979444.8,923246256.0,919132645.0,50.90374103,53.39170465,2.53338407,0.19982975,16.37842694,2.31449061
2022-10-14,19.02,4.276315789474,17560143789.12,17481902907.9,923246256.0,919132645.0,53.08054574,55.67490255,2.64171957,0.2083751,17.07882019,2.41346554
2022-10-17,18.91,-0.578338590957,17458586700.96,17380798316.95,923246256.0,919132645.0,52.77356046,55.3529131,2.62644149,0.20716999,16.98004679,2.39950754
2022-10-18,18.51,-2.11528291909,17089288198.56,17013145258.95,923246256.0,919132645.0,51.65725035,54.18204238,2.57088482,0.20278776,16.62087076,2.34875117
2022-10-19,18.16,-1.890869800108,16766152008.96,16691448833.2,923246256.0,919132645.0,50.680479,53.15753051,2.52227274,0.19895331,16.30659173,2.30433934
2022-10-20,17.95,-1.156387665198,16572270295.2,16498430977.75,923246256.0,919132645.0,50.0944162,52.54282338,2.49310549,0.19665264,16.11802432,2.27769224
2022-10-21,17.67,-1.559888579387,16313761343.52,16241073837.15,923246256.0,919132645.0,49.31299912,51.72321388,2.45421582,0.19358507,15.8666011,2.24216278
2022-10-24,17.05,-3.508771929825,15741348664.8,15671211597.25,923246256.0,919132645.0,47.58271845,49.90836427,2.36810298,0.18679261,15.30987825,2.1634904
2022-10-25,17.25,1.173020527859,15925997916.0,15855038126.25,923246256.0,919132645.0,48.1408735,50.49379963,2.39588132,0.18898373,15.48946627,2.18886859
2022-10-26,18.24,5.739130434783,16840011709.44,16764979444.8,923246256.0,919132645.0,50.90374103,53.39170465,2.53338407,0.19982975,16.37842694,2.31449061
2022-10-27,19.8,8.552631578947,18280275868.8,18198826371.0,923246256.0,919132645.0,48.05392865,57.95810044,2.75005508,0.21692046,19.64156452,2.35915671
2022-10-28,19.02,-3.939393939394,17560143789.12,17481902907.9,923246256.0,919132645.0,46.1608951,55.67490255,2.64171957,0.2083751,18.86780592,2.26622024
2022-10-31,18.71,-1.629863301788,17273937449.76,17196971787.95,923246256.0,919132645.0,45.40853561,54.76747774,2.59866316,0.20497887,18.56028648,2.22928394
2022-11-01,19.18,2.51202565473,17707863190.08,17628964131.1,923246256.0,919132645.0,46.54920967,56.14325083,2.66394224,0.210128,19.02652563,2.28528413
2022-11-02,19.48,1.564129301356,17984837066.88,17904703924.6,923246256.0,919132645.0,47.2772995,57.02140387,2.70560974,0.21341467,19.3241251,2.32102893
2022-11-03,18.78,-3.593429158111,17338564687.68,17261311073.1,923246256.0,919132645.0,45.57842323,54.97238012,2.60838557,0.20574577,18.62972635,2.2376244
2022-11-04,19.0,1.171458998935,17541678864.0,17463520255.0,923246256.0,919132645.0,46.11235577,55.61635901,2.63894174,0.20815599,18.84796596,2.26383725
2022-11-07,18.74,-1.368421052632,17301634837.44,17224545767.3,923246256.0,919132645.0,45.48134459,54.85529305,2.60282991,0.20530754,18.59004642,2.23285842
2022-11-08,18.47,-1.440768409819,17052358348.32,16976379953.15,923246256.0,919132645.0,44.82606374,54.06495531,2.56532915,0.20234954,18.32220691,2.2006881
2022-11-09,18.55,0.433134813211,17126218048.8,17049910564.75,923246256.0,919132645.0,45.02022103,54.29912946,2.57644049,0.20322598,18.40156676,2.21022005
2022-11-10,17.95,-3.234501347709,16572270295.2,16498430977.75,923246256.0,919132645.0,43.56404138,52.54282338,2.49310549,0.19665264,17.80636784,2.13873045
2022-11-11,17.95,0.0,16572270295.2,16498430977.75,923246256.0,919132645.0,43.56404138,52.54282338,2.49310549,0.19665264,17.80636784,2.13873045
2022-11-14,18.01,0.33426183844,16627665070.56,16553578936.45,923246256.0,919132645.0,43.70965934,52.71845399,2.50143899,0.19730997,17.86588773,2.14587941
2022-11-15,18.26,1.388117712382,16858476634.56,16783362097.7,923246256.0,919132645.0,44.31640087,53.45024819,2.5361619,0.20004886,18.11388728,2.17566675
2022-11-16,17.88,-2.081051478642,16507643057.28,16434091692.6,923246256.0,919132645.0,43.39415375,52.33792101,2.48338307,0.19588574,17.73692796,2.13039
2022-11-17,17.96,0.447427293065,16581502757.76,16507622304.2,923246256.0,919132645.0,43.58831104,52.57209515,2.4944944,0.19676219,17.81628782,2.13992195
2022-11-18,17.83,-0.723830734967,16461480744.48,16388135060.35,923246256.0,919132645.0,43.27280545,52.19156217,2.47643849,0.19533797,17.68732805,2.12443253
2022-11-21,18.14,1.73864273696,16747687083.84,16673066180.3,923246256.0,919132645.0,44.02516493,53.09898697,2.5194949,0.19873419,17.9948475,2.16136883
2022-11-22,17.98,-0.882028665932,16599967682.88,16526004957.1,923246256.0,919132645.0,43.63685036,52.63063869,2.49727224,0.1969813,17.83612778,2.14230493
2022-11-23,17.92,-0.333704115684,16544572907.52,16470856998.4,923246256.0,919132645.0,43.49123239,52.45500808,2.48893874,0.19632397,17.77660789,2.13515597
2022-11-24,18.33,2.287946428571,16923103872.48,16847701382.85,923246256.0,919132645.0,44.48628849,53.65515056,2.54588432,0.20081575,18.18332716,2.1840072
2022-11-25,17.88,-2.454991816694,16507643057.28,16434091692.6,923246256.0,919132645.0,43.39415375,52.33792101,2.48338307,0.19588574,17.73692796,2.13039
2022-11-28,17.76,-0.671140939597,16396853506.56,16323795775.2,923246256.0,919132645.0,43.10291782,51.98665979,2.46671607,0.19457108,17.61788818,2.11609208
2022-11-29,17.9,0.788288288288,16526107982.4,16452474345.5,923246256.0,919132645.0,43.44269307,52.39646454,2.4861609,0.19610486,17.75676793,2.13277299
2022-11-30,17.38,-2.905027932961,16046019929.28,15974525370.1,923246256.0,919132645.0,42.1806707,50.87433261,2.41393723,0.19040796,17.24092886,2.07081534
2022-12-01,17.61,1.32336018412,16258366568.16,16185925878.45,923246256.0,919132645.0,42.7388729,51.54758327,2.44588232,0.19292774,17.46908845,2.09821968
2022-12-02,17.5,-0.624645088018,16156809480.0,16084821287.5,923246256.0,919132645.0,42.47190663,51.22559383,2.43060423,0.19172262,17.35996864,2.08511326
2022-12-05,16.66,-4.8,15381282624.96,15312749865.7,923246256.0,919132645.0,40.43325512,48.76676532,2.31393523,0.18251994,16.52669015,1.98502782
2022-12-06,16.98,1.920768307323,15676721426.88,15606872312.1,923246256.0,919132645.0,41.20988427,49.7034619,2.35838057,0.18602572,16.84412958,2.0231556
2022-12-07,16.76,-1.295641931684,15473607250.56,15404663130.2,923246256.0,919132645.0,40.67595173,49.059483,2.3278244,0.1836155,16.62588997,1.99694275
2022-12-08,16.38,-2.267303102625,15122773673.28,15055392725.1,923246256.0,919132645.0,39.75370461,47.94715582,2.27504556,0.17945238,16.24893065,1.95166601
2022-12-09,16.46,0.4884004884,15196633373.76,15128923336.7,923246256.0,919132645.0,39.9478619,48.18132996,2.2861569,0.18032882,16.32829051,1.96119795
2022-12-12,16.68,1.336573511543,15399747550.08,15331132518.6,923246256.0,919132645.0,40.48179444,48.82530886,2.31671306,0.18273905,16.54653011,1.98741081
2022-12-13,16.65,-0.179856115108,15372050162.4,15303558539.25,923246256.0,919132645.0,40.40898545,48.73749355,2.31254631,0.18241038,16.51677017,1.98383633
2022-12-14,16.55,-0.600600600601,15279725536.8,15211645274.75,923246256.0,919132645.0,40.16628885,48.44477588,2.29865715,0.18131483,16.41757035,1.97192139
2022-12-15,16.31,-1.450151057402,15058146435.36,14991053439.95,923246256.0,919132645.0,39.58381698,47.74225345,2.26532315,0.17868549,16.17949078,1.94332555
2022-12-16,16.03,-1.716738197425,14799637483.68,14733696299.35,923246256.0,919132645.0,38.90426648,46.92264394,2.22643348,0.17561792,15.90173128,1.90996374
2022-12-19,15.6,-2.68247036806,14402641593.6,14338469262.0,923246256.0,919132645.0,37.86067106,45.66395792,2.16671006,0.17090703,15.47517205,1.85872953
2022-12-20,15.38,-1.410256410256,14199527417.28,14136260080.1,923246256.0,919132645.0,37.32673852,45.01997903,2.13615389,0.1684968,15.25693244,1.83251668
2022-12-21,15.04,-2.21066319896,13885623690.24,13823754980.8,923246256.0,919132645.0,36.50157004,44.02473892,2.08893072,0.1647719,14.91965305,1.79200591
2022-12-22,14.85,-1.26329787234,13710206901.6,13649119778.25,923246256.0,919132645.0,36.04044649,43.46857533,2.06254131,0.16269034,14.73117339,1.76936753
2022-12-23,14.8,-0.3367003367,13664044588.8,13603163146.0,923246256.0,919132645.0,35.91909818,43.32221649,2.05559672,0.16214256,14.68157348,1.76341007
2022-12-26,14.84,0.27027027027,13700974439.04,13639928451.8,923246256.0,919132645.0,36.01617683,43.43930356,2.06115239,0.16258079,14.72125341,1.76817604
2022-12-27,15.05,1.415094339623,13894856152.8,13832946307.25,923246256.0,919132645.0,36.52583971,44.05401069,2.09031964,0.16488146,14.92957303,1.7931974
2022-12-28,15.08,0.199335548173,13922553540.48,13860520286.6,923246256.0,919132645.0,36.59864869,44.14182599,2.09448639,0.16521012,14.95933298,1.79677188
2022-12-29,15.62,3.580901856764,14421106518.72,14356851914.9,923246256.0,919132645.0,37.90921038,45.72250146,2.16948789,0.17112614,15.49501201,1.86111252
2022-12-30,15.5,-0.768245838668,14310316968.0,14246555997.5,923246256.0,919132645.0,37.61797445,45.37124025,2.15282089,0.16981147,15.37597223,1.8468146
2023-01-03,15.72,1.41935483871,14513431144.32,14448765179.4,923246256.0,919132645.0,38.15190699,20.82754096,2.08788396,0.18706156,15.59421183,1.87302745
2023-01-04,15.74,0.127226463104,14531896069.44,14467147832.3,923246256.0,919132645.0,38.20044631,20.85403911,2.0905403,0.18729955,15.6140518,1.87541044
2023-01-05,15.87,0.825921219822,14651918082.72,14586635076.15,923246256.0,919132645.0,38.5159519,21.02627704,2.10780651,0.1888465,15.74301156,1.89089985
2023-01-06,16.06,1.19722747322,14827334871.36,14761270278.7,923246256.0,919132645.0,38.97707546,21.27800941,2.13304175,0.19110742,15.93149122,1.91353822
2023-01-09,16.02,-0.249066002491,14790405021.12,14724504972.9,923246256.0,919132645.0,38.87999682,21.22501312,2.12772907,0.19063143,15.8918113,1.90877225
2023-01-10,15.93,-0.561797752809,14707312858.08,14641783034.85,923246256.0,919132645.0,38.66156987,21.10577147,2.11577554,0.18956047,15.80253146,1.89804881
2023-01-11,15.92,-0.062774639046,14698080395.52,14632591708.4,923246256.0,919132645.0,38.63730021,21.0925224,2.11444736,0.18944147,15.79261148,1.89685732
2023-01-12,15.96,0.251256281407,14735010245.76,14669357014.2,923246256.0,919132645.0,38.73437885,21.14551869,2.11976005,0.18991746,15.8322914,1.90162329
2023-01-13,16.03,0.438596491228,14799637483.68,14733696299.35,923246256.0,919132645.0,38.90426648,21.23826219,2.12905724,0.19075043,15.90173128,1.90996374
2023-01-16,16.26,1.434809731753,15011984122.56,14945096807.7,923246256.0,919132645.0,39.46246868,21.54299084,2.15960516,0.19348734,16.12989087,1.93736809
2023-01-17,16.21,-0.307503075031,14965821809.76,14899140175.45,923246256.0,919132645.0,39.34112037,21.47674548,2.15296431,0.19289236,16.08029096,1.93141062
2023-01-18,16.22,0.061690314621,14975054272.32,14908331501.9,923246256.0,919132645.0,39.36539003,21.48999456,2.15429248,0.19301135,16.09021094,1.93260211
2023-01-19,16.29,0.431565967941,15039681510.24,14972670787.05,923246256.0,919132645.0,39.53527766,21.58273806,2.16358967,0.19384432,16.15965081,1.94094257
2023-01-20,17.43,6.998158379374,16092182242.08,16020482002.35,923246256.0,919132645.0,42.30201901,23.09313225,2.3150011,0.20740986,17.29052877,2.0767728
2023-01-30,18.06,3.614457831325,16673827383.36,16599535568.7,923246256.0,919132645.0,43.83100765,23.92782378,2.39867584,0.2149066,17.91548764,2.15183688
2023-01-31,17.55,-2.823920265781,16202971792.8,16130777919.75,923246256.0,919132645.0,42.59325494,23.25212111,2.33093915,0.20883781,17.40956855,2.09107072
2023-02-01,17.95,2.279202279202,16572270295.2,16498430977.75,923246256.0,919132645.0,43.56404138,23.78208399,2.38406597,0.21359764,17.80636784,2.13873045
2023-02-02,17.78,-0.947075208914,16415318431.68,16342178428.1,923246256.0,919132645.0,43.15145714,23.55684977,2.36148707,0.21157471,17.63772814,2.11847507
2023-02-03,17.73,-0.281214848144,16369156118.88,16296221795.85,923246256.0,919132645.0,43.03010884,23.49060441,2.35484622,0.21097973,17.58812823,2.1125176
2023-02-06,17.67,-0.338409475465,16313761343.52,16241073837.15,923246256.0,919132645.0,42.88449087,23.41110998,2.34687719,0.21026576,17.52860834,2.10536864
2023-02-07,17.48,-1.075268817204,16138344554.88,16066438634.6,923246256.0,919132645.0,42.42336731,23.15937761,2.32164196,0.20800484,17.34012868,2.08273027
2023-02-08,17.44,-0.228832951945,16101414704.64,16029673328.8,923246256.0,919132645.0,42.32628867,23.10638132,2.31632927,0.20752885,17.30044875,2.0779643
2023-02-09,17.4,-0.229357798165,16064484854.4,15992908023.0,923246256.0,919132645.0,42.22921002,23.05338504,2.31101659,0.20705287,17.26076882,2.07319832
2023-02-10,17.18,-1.264367816092,15861370678.08,15790698841.1,923246256.0,919132645.0,41.69527748,22.76190546,2.28179684,0.20443496,17.04252922,2.04698547
2023-02-13,17.01,-0.989522700815,15704418814.56,15634446291.45,923246256.0,919132645.0,41.28269325,22.53667123,2.25921794,0.20241203,16.87388952,2.02673008
2023-02-14,17.4,2.292768959436,16064484854.4,15992908023.0,923246256.0,919132645.0,42.22921002,23.05338504,2.31101659,0.20705287,17.26076882,2.07319832
2023-02-15,17.15,-1.436781609195,15833673290.4,15763124861.75,923246256.0,919132645.0,41.6224685,22.72215824,2.27781233,0.20407797,17.01276927,2.04341099
2023-02-16,16.89,-1.516034985423,15593629263.84,15524150374.05,923246256.0,919132645.0,40.99145732,22.37768237,2.2432799,0.20098408,16.75484974,2.01243216
2023-02-17,16.58,-1.835405565423,15307422924.48,15239219254.1,923246256.0,919132645.0,40.23909783,21.96696114,2.20210661,0.1972952,16.44733029,1.97549587
2023-02-20,16.79,1.266586248492,15501304638.24,15432237109.55,923246256.0,919132645.0,40.74876071,22.24519165,2.22999819,0.19979412,16.65564992,2.00051723
2023-02-21,16.9,0.655151876117,15602861726.4,15533341700.5,923246256.0,919132645.0,41.01572698,22.39093144,2.24460807,0.20110307,16.76476972,2.01362366
2023-02-22,16.62,-1.656804733728,15344352774.72,15275984559.9,923246256.0,919132645.0,40.33617647,22.01995743,2.2074193,0.19777119,16.48701022,1.98026185
2023-02-23,16.49,-0.782190132371,15224330761.44,15156497316.05,923246256.0,919132645.0,40.02067088,21.8477195,2.19015308,0.19622424,16.35805045,1.96477243
2023-02-24,16.3,-1.152213462705,15048913972.8,14981862113.5,923246256.0,919132645.0,39.55954732,21.59598713,2.16491784,0.19396332,16.16957079,1.94213406
2023-02-27,16.4,0.613496932515,15141238598.4,15073775378.0,923246256.0,919132645.0,39.80224393,21.72847785,2.17819955,0.19515328,16.26877062,1.95404899
2023-02-28,16.45,0.30487804878,15187400911.2,15119732010.25,923246256.0,919132645.0,39.92359224,21.79472321,2.1848404,0.19574826,16.31837053,1.96000646
2023-03-01,16.34,-0.668693009119,15085843823.04,15018627419.3,923246256.0,919132645.0,39.65662597,21.64898342,2.17023052,0.1944393,16.20925072,1.94690003
2023-03-02,16.12,-1.346389228886,14882729646.72,14816418237.4,923246256.0,919132645.0,39.12269343,21.35750384,2.14101077,0.19182139,15.99101112,1.92068718
2023-03-03,15.93,-1.178660049628,14707312858.08,14641783034.85,923246256.0,919132645.0,38.66156987,21.10577147,2.11577554,0.18956047,15.80253146,1.89804881
2023-03-06,15.93,0.0,14707312858.08,14641783034.85,923246256.0,919132645.0,38.66156987,21.10577147,2.11577554,0.18956047,15.80253146,1.89804881
2023-03-07,15.73,-1.255492780917,14522663606.88,14457956505.85,923246256.0,919132645.0,38.17617665,20.84079004,2.08921213,0.18718055,15.60413182,1.87421894
2023-03-08,15.6,-0.826446280992,14402641593.6,14338469262.0,923246256.0,919132645.0,37.86067106,20.6685521,2.07194591,0.18563361,15.47517205,1.85872953
2023-03-09,15.5,-0.641025641026,14310316968.0,14246555997.5,923246256.0,919132645.0,37.61797445,20.53606138,2.05866421,0.18444365,15.37597223,1.8468146
2023-03-10,15.24,-1.677419354839,14070272941.44,14007581509.8,923246256.0,919132645.0,36.98696326,20.19158551,2.02413177,0.18134975,15.11805269,1.81583577
2023-03-13,15.12,-0.787401574803,13959483390.72,13897285592.4,923246256.0,919132645.0,36.69572733,20.03259665,2.00819373,0.1799218,14.99901291,1.80153785
2023-03-14,14.79,-2.18253968254,13654812126.24,13593971819.55,923246256.0,919132645.0,35.89482852,19.59537728,1.9643641,0.17599494,14.6716535,1.76221857
2023-03-15,14.72,-0.473292765382,13590184888.32,13529632534.4,923246256.0,919132645.0,35.72494089,19.50263378,1.95506691,0.17516197,14.60221363,1.75387812
2023-03-16,14.46,-1.766304347826,13350140861.76,13290658046.7,923246256.0,919132645.0,35.09392971,19.15815791,1.92053448,0.17206807,14.34429409,1.7228993
2023-03-17,14.46,0.0,13350140861.76,13290658046.7,923246256.0,919132645.0,35.09392971,19.15815791,1.92053448,0.17206807,14.34429409,1.7228993
2023-03-20,14.29,-1.175656984786,13193188998.24,13134405497.05,923246256.0,919132645.0,34.68134547,18.93292369,1.89795558,0.17004514,14.1756544,1.70264391
2023-03-21,14.62,2.309307207838,13497860262.72,13437719269.9,923246256.0,919132645.0,35.48224429,19.37014306,1.94178521,0.17397201,14.5030138,1.74196319
2023-03-22,14.71,0.615595075239,13580952425.76,13520441207.95,923246256.0,919132645.0,35.70067123,19.48938471,1.95373874,0.17504297,14.59229364,1.75268663
2023-03-23,14.35,-2.447314751869,13248583773.6,13189553455.75,923246256.0,919132645.0,34.82696344,19.01241812,1.9059246,0.17075912,14.23517429,1.70979287
2023-03-24,14.1,-1.742160278746,13017772209.6,12959770294.5,923246256.0,919132645.0,34.22022192,18.68119132,1.87272034,0.16778422,13.98717474,1.68000554
2023-03-27,14.1,0.0,13017772209.6,12959770294.5,923246256.0,919132645.0,34.22022192,18.68119132,1.87272034,0.16778422,13.98717474,1.68000554
2023-03-28,14.07,-0.212765957447,12990074821.92,12932196315.15,923246256.0,919132645.0,34.14741293,18.64144411,1.86873583,0.16742723,13.95741479,1.67643106
2023-03-29,13.84,-1.634683724236,12777728183.04,12720795806.8,923246256.0,919132645.0,33.58921073,18.33671545,1.83818791,0.16469033,13.7292552,1.64902671
2023-03-30,13.95,0.794797687861,12879285271.2,12821900397.75,923246256.0,919132645.0,33.856177,18.48245524,1.85279778,0.16599928,13.838375,1.66213314
2023-03-31,14.09,1.003584229391,13008539747.04,12950578968.05,923246256.0,919132645.0,34.19595226,18.66794225,1.85354534,0.16766522,13.97725475,1.67881404
2023-04-03,13.91,-1.277501774308,12842355420.96,12785135091.95,923246256.0,919132645.0,33.75909836,18.42945896,1.82986627,0.1655233,13.79869508,1.65736716
2023-04-04,13.84,-0.503235082674,12777728183.04,12720795806.8,923246256.0,919132645.0,33.58921073,18.33671545,1.82065774,0.16469033,13.7292552,1.64902671
2023-04-06,13.82,-0.14450867052,12759263257.92,12702413153.9,923246256.0,919132645.0,33.54067141,18.31021731,1.81802673,0.16445234,13.70941524,1.64664373
2023-04-07,13.81,-0.072358900145,12750030795.36,12693221827.45,923246256.0,919132645.0,33.51640175,18.29696824,1.81671123,0.16433334,13.69949526,1.64545223
2023-04-10,13.9,0.65170166546,12833122958.4,12775943765.5,923246256.0,919132645.0,33.7348287,18.41620989,1.82855076,0.1654043,13.78877509,1.65617567
2023-04-11,13.79,-0.791366906475,12731565870.24,12674839174.55,923246256.0,919132645.0,33.46786243,18.27047009,1.81408022,0.16409535,13.67965529,1.64306925
2023-04-12,13.82,0.217548948513,12759263257.92,12702413153.9,923246256.0,919132645.0,33.54067141,18.31021731,1.81802673,0.16445234,13.70941524,1.64664373
2023-04-13,13.81,-0.072358900145,12750030795.36,12693221827.45,923246256.0,919132645.0,33.51640175,18.29696824,1.81671123,0.16433334,13.69949526,1.64545223
2023-04-14,13.9,0.65170166546,12833122958.4,12775943765.5,923246256.0,919132645.0,33.7348287,18.41620989,1.82855076,0.1654043,13.78877509,1.65617567
2023-04-17,13.83,-0.503597122302,12768495720.48,12711604480.35,923246256.0,919132645.0,33.56494107,18.32346638,1.81934223,0.16457133,13.71933522,1.64783522
2023-04-18,13.86,0.216919739696,12796193108.16,12739178459.7,923246256.0,919132645.0,33.63775005,18.3632136,1.82328875,0.16492832,13.74909517,1.6514097
2023-04-19,13.75,-0.793650793651,12694636020.0,12638073868.75,923246256.0,919132645.0,33.37078378,18.21747381,1.8088182,0.16361936,13.63997536,1.63830327
2023-04-20,13.45,-2.181818181818,12417662143.2,12362334075.25,923246256.0,919132645.0,32.64269396,17.82000165,1.76935308,0.16004949,13.3423759,1.60255847
2023-04-21,13.1,-2.602230483271,12094525953.6,12040637649.5,923246256.0,919132645.0,31.79325582,17.35628414,1.72331043,0.15588463,12.99517653,1.56085621
2023-04-24,12.8,-2.290076335878,11817552076.8,11764897856.0,923246256.0,919132645.0,16.95881198,16.95881198,1.68384531,0.15231475,18.50074686,1.5024606
2023-04-25,12.39,-3.203125,11439021111.84,11388053471.55,923246256.0,919132645.0,16.41560003,16.41560003,1.62990964,0.14743592,17.90814482,1.45433491
2023-04-26,12.85,3.712671509282,11863714389.6,11810854488.25,923246256.0,919132645.0,17.02505734,17.02505734,1.69042283,0.15290973,18.57301541,1.50832959
2023-04-27,12.58,-2.101167315175,11614437900.48,11562688674.1,923246256.0,919132645.0,16.6673324,16.6673324,1.65490422,0.14969684,18.18276528,1.47663706
2023-04-28,12.02,-4.451510333863,11097419997.12,11047974392.9,923246256.0,919132645.0,16.63027079,15.92538438,1.58123598,0.14303307,27.34167054,1.3650471
2023-05-04,11.74,-2.329450915141,10838911045.44,10790617252.3,923246256.0,919132645.0,16.2428768,15.55441036,1.54440187,0.13970119,26.70475975,1.333249
2023-05-05,11.54,-1.703577512777,10654261794.24,10606790723.3,923246256.0,919132645.0,15.9661668,15.28942893,1.51809178,0.13732127,26.24982347,1.31053607
2023-05-08,11.54,0.0,10654261794.24,10606790723.3,923246256.0,919132645.0,15.9661668,15.28942893,1.51809178,0.13732127,26.24982347,1.31053607
2023-05-09,11.35,-1.646447140381,10478845005.6,10432155520.75,923246256.0,919132645.0,15.7032923,15.03769656,1.49309721,0.13506035,25.817634,1.28895879
2023-05-10,11.42,0.616740088106,10543472243.52,10496494805.9,923246256.0,919132645.0,15.8001408,15.13044006,1.50230574,0.13589332,25.9768617,1.29690831
2023-05-11,11.3,-1.050788091068,10432682692.8,10386198888.5,923246256.0,919132645.0,15.63411481,14.9714512,1.48651969,0.13446537,25.70389993,1.28328055
2023-05-12,11.09,-1.858407079646,10238800979.04,10193181033.05,923246256.0,919132645.0,15.34356931,14.69322069,1.4588941,0.13196645,25.22621683,1.25943198
2023-05-15,11.22,1.17222723174,10358822992.32,10312668276.9,923246256.0,919132645.0,15.52343081,14.86545863,1.47599565,0.1335134,25.52192542,1.27419538
2023-05-16,11.05,-1.515151515152,10201871128.8,10156415727.25,923246256.0,919132645.0,15.28822731,14.64022441,1.45363208,0.13149047,25.13522958,1.25488939
2023-05-17,10.99,-0.542986425339,10146476353.44,10101267768.55,923246256.0,919132645.0,15.20521431,14.56072997,1.44573906,0.1307765,24.99874869,1.24807551
2023-05-18,10.84,-1.364877161056,10007989415.04,9963397871.8,923246256.0,919132645.0,14.99768181,14.3619939,1.42600649,0.12899156,24.65754648,1.23104081
2023-05-19,10.85,0.092250922509,10017221877.6,9972589198.25,923246256.0,919132645.0,15.01151731,14.37524297,1.427322,0.12911055,24.6802933,1.23217646
2023-05-22,11.01,1.47465437788,10164941278.56,10119650421.45,923246256.0,919132645.0,15.23288531,14.58722812,1.44837007,0.13101449,25.04424232,1.25034681
2023-05-23,11.2,1.72570390554,10340358067.2,10294285624.0,923246256.0,919132645.0,15.49575981,14.83896048,1.47336464,0.13327541,25.47643179,1.27192409
2023-05-24,11.31,0.982142857143,10441915155.36,10395390214.95,923246256.0,919132645.0,15.64795031,14.98470027,1.48783519,0.13458436,25.72664674,1.2844162
2023-05-25,11.23,-0.707338638373,10368055454.88,10321859603.35,923246256.0,919132645.0,15.53726631,14.8787077,1.47731116,0.1336324,25.54467223,1.27533103
2023-05-26,11.19,-0.356188780053,10331125604.64,10285094297.55,923246256.0,919132645.0,15.48192431,14.82571141,1.47204914,0.13315641,25.45368497,1.27078844
2023-05-29,10.95,-2.144772117962,10109546503.2,10064502462.75,923246256.0,919132645.0,15.14987231,14.50773369,1.44047704,0.13030051,24.90776144,1.24353293
2023-05-30,11.02,0.639269406393,10174173741.12,10128841747.9,923246256.0,919132645.0,15.24672081,14.60047719,1.44968557,0.13113348,25.06698914,1.25148245
2023-05-31,10.93,-0.816696914701,10091081578.08,10046119809.85,923246256.0,919132645.0,15.12220131,14.48123554,1.43784603,0.13006252,24.86226781,1.24126163
2023-06-01,10.97,0.365965233303,10128011428.32,10082885115.65,923246256.0,919132645.0,15.17754331,14.53423183,1.44310805,0.1305385,24.95325506,1.24580422
2023-06-02,11.26,2.643573381951,10395752842.56,10349433582.7,923246256.0,919132645.0,15.57877281,14.91845491,1.48125767,0.13398938,25.61291267,1.27873797
2023-06-05,10.97,-2.575488454707,10128011428.32,10082885115.65,923246256.0,919132645.0,15.17754331,14.53423183,1.44310805,0.1305385,24.95325506,1.24580422
2023-06-06,10.69,-2.552415679125,9869502476.64,9825527975.05,923246256.0,919132645.0,14.79014932,14.16325782,1.40627393,0.12720662,24.31634427,1.21400612
2023-06-07,10.47,-2.057998129093,9666388300.32,9623318793.15,923246256.0,919132645.0,14.48576832,13.87177824,1.37733284,0.12458871,23.81591436,1.18902189
2023-06-08,10.43,-0.382043935053,9629458450.08,9586553487.35,923246256.0,919132645.0,14.43042632,13.81878195,1.37207082,0.12411272,23.7249271,1.18447931
2023-06-09,10.45,0.191754554171,9647923375.2,9604936140.25,923246256.0,919132645.0,14.45809732,13.84528009,1.37470183,0.12435072,23.77042073,1.1867506
2023-06-12,10.72,2.583732057416,9897199864.32,9853101954.4,923246256.0,919132645.0,14.83165582,14.20300503,1.41022044,0.12756361,24.38458471,1.21741306
2023-06-13,10.68,-0.373134328358,9860270014.08,9816336648.6,923246256.0,919132645.0,14.77631382,14.15000875,1.40495843,0.12708762,24.29359746,1.21287047
2023-06-14,10.57,-1.029962546816,9758712925.92,9715232057.65,923246256.0,919132645.0,14.62412332,14.00426896,1.39048788,0.12577867,24.0433825,1.20037836
2023-06-15,10.89,3.027436140019,10054151727.84,10009354504.05,923246256.0,919132645.0,15.06685931,14.42823926,1.43258402,0.12958654,24.77128055,1.23671905
2023-06-16,10.83,-0.550964187328,9998756952.48,9954206545.35,923246256.0,919132645.0,14.98384631,14.34874482,1.42469099,0.12887256,24.63479967,1.22990517
2023-06-19,10.69,-1.29270544783,9869502476.64,9825527975.05,923246256.0,919132645.0,14.79014932,14.16325782,1.40627393,0.12720662,24.31634427,1.21400612
2023-06-20,10.65,-0.374181478017,9832572626.4,9788762669.25,923246256.0,919132645.0,14.73480732,14.11026153,1.40101192,0.12673063,24.22535701,1.20946353
2023-06-21,10.31,-3.192488262911,9518668899.36,9476257569.95,923246256.0,919132645.0,14.26440032,13.65979309,1.35628477,0.12268477,23.45196533,1.17085155
2023-06-26,10.26,-0.484966052376,9472506586.56,9430300937.7,923246256.0,919132645.0,14.19522282,13.59354773,1.34970725,0.12208979,23.33823126,1.16517332
2023-06-27,10.4,1.364522417154,9601761062.4,9558979508.0,923246256.0,919132645.0,14.38891982,13.77903473,1.36812431,0.12375574,23.65668666,1.18107237
2023-06-28,10.21,-1.826923076923,9426344273.76,9384344305.45,923246256.0,919132645.0,14.12604532,13.52730237,1.34312973,0.12149482,23.22449719,1.15949508
2023-06-29,10.29,0.783545543585,9500203974.24,9457874917.05,923246256.0,919132645.0,14.23672932,13.63329494,1.35365377,0.12244678,23.40647171,1.16858026
2023-06-30,10.46,1.652089407191,9657155837.76,9616088716.7,923246256.0,919320145.0,14.47193282,13.85852917,1.39301956,0.12446971,23.79316755,1.18788625
2023-07-03,10.56,0.956022944551,9749480463.36,9708020731.2,923246256.0,919320145.0,14.61028782,13.99101988,1.40633715,0.12565967,24.02063569,1.19924271
2023-07-04,10.47,-0.852272727273,9666388300.32,9625281918.15,923246256.0,919320145.0,14.48576832,13.87177824,1.39435132,0.12458871,23.81591436,1.18902189
2023-07-05,10.33,-1.337153772684,9537133824.48,9496577097.85,923246256.0,919320145.0,14.29207132,13.68629123,1.3757067,0.12292277,23.49745896,1.17312284
2023-07-06,10.28,-0.484027105518,9490971511.68,9450611090.6,923246256.0,919320145.0,14.22289382,13.62004587,1.3690479,0.12232779,23.38372489,1.16744461
2023-07-07,10.13,-1.459143968872,9352484573.28,9312713068.85,923246256.0,919320145.0,14.01536133,13.42130979,1.34907152,0.12054285,23.04252268,1.15040991
2023-07-10,10.42,2.862783810464,9620225987.52,9579315910.9,923246256.0,919320145.0,14.41659082,13.80553288,1.38769253,0.12399373,23.70218029,1.18334366
2023-07-11,10.61,1.823416506718,9795642776.16,9753986738.45,923246256.0,919320145.0,14.67946532,14.05726524,1.41299594,0.12625465,24.13436976,1.20492095
2023-07-12,10.5,-1.036757775683,9694085688.0,9652861522.5,923246256.0,919320145.0,14.52727482,13.91152545,1.3983466,0.1249457,23.8841548,1.19242883
2023-07-13,10.57,0.666666666667,9758712925.92,9717213932.65,923246256.0,919320145.0,14.62412332,14.00426896,1.40766891,0.12577867,24.0433825,1.20037836
2023-07-14,10.35,-1.146131805158,9555598749.6,9514963500.75,923246256.0,919320145.0,14.31974232,13.71278937,1.37837022,0.12316076,23.54295259,1.17539414
2023-07-17,9.94,-3.961352657005,9177067784.64,9138042241.3,923246256.0,919320145.0,13.75248683,13.16957743,1.32376811,0.11828193,22.61033321,1.12883263
2023-07-18,10.13,1.911468812877,9352484573.28,9312713068.85,923246256.0,919320145.0,14.01536133,13.42130979,1.34907152,0.12054285,23.04252268,1.15040991
2023-07-19,10.12,-0.098716683119,9343252110.72,9303519867.4,923246256.0,919320145.0,14.00152583,13.40806072,1.34773977,0.12042385,23.01977587,1.14927427
2023-07-20,10.32,1.97628458498,9527901361.92,9487383896.4,923246256.0,919320145.0,14.27823582,13.67304216,1.37437494,0.12280377,23.47471215,1.1719872
2023-07-21,10.24,-0.77519379845,9454041661.44,9413838284.8,923246256.0,919320145.0,14.16755182,13.56704958,1.36372087,0.1218518,23.29273764,1.16290202
2023-07-24,10.0,-2.34375,9232462560.0,9193201450.0,923246256.0,919320145.0,13.83549983,13.24907186,1.33175866,0.1189959,22.7468141,1.13564651
2023-07-25,10.33,3.3,9537133824.48,9496577097.85,923246256.0,919320145.0,14.29207132,13.68629123,1.3757067,0.12292277,23.49745896,1.17312284
2023-07-26,10.39,0.580832526621,9592528599.84,9551736306.55,923246256.0,919320145.0,14.37508432,13.76578566,1.38369725,0.12363674,23.63393985,1.17993672
2023-07-27,10.08,-2.983638113571,9306322260.48,9266747061.6,923246256.0,919320145.0,13.94618383,13.35506443,1.34241273,0.11994787,22.92878861,1.14473168
2023-07-28,10.19,1.09126984127,9407879348.64,9367872277.55,923246256.0,919320145.0,14.09837432,13.50080423,1.35706208,0.12125682,23.17900356,1.15722379
2023-07-31,10.28,0.883218842002,9490971511.68,9450611090.6,923246256.0,919320145.0,14.22289382,13.62004587,1.3690479,0.12232779,23.38372489,1.16744461
2023-08-01,10.23,-0.486381322957,9444809198.88,9404645083.35,923246256.0,919320145.0,14.15371632,13.55380051,1.36238911,0.12173281,23.26999082,1.16176638
2023-08-02,10.04,-1.857282502444,9269392410.24,9229974255.8,923246256.0,919320145.0,13.89084183,13.30206815,1.3370857,0.11947188,22.83780135,1.14018909
2023-08-03,10.1,0.597609561753,9324787185.6,9285133464.5,923246256.0,919320145.0,13.97385483,13.38156258,1.34507625,0.12018586,22.97428224,1.14700297
2023-08-04,10.12,0.19801980198,9343252110.72,9303519867.4,923246256.0,919320145.0,14.00152583,13.40806072,1.34773977,0.12042385,23.01977587,1.14927427
2023-08-07,9.6,-5.138339920949,8863164057.6,8825473392.0,923246256.0,919320145.0,13.28207984,12.71910899,1.27848832,0.11423607,21.83694153,1.09022065
2023-08-08,9.5,-1.041666666667,8770839432.0,8733541377.5,923246256.0,919320145.0,13.14372484,12.58661827,1.26517073,0.11304611,21.60947339,1.07886418
2023-08-09,9.57,0.736842105263,8835466669.92,8797893787.65,923246256.0,919320145.0,13.24057334,12.67936177,1.27449304,0.11387908,21.76870109,1.08681371
2023-08-10,9.58,0.104493207941,8844699132.48,8807086989.1,923246256.0,919320145.0,13.25440884,12.69261084,1.2758248,0.11399807,21.79144791,1.08794935
2023-08-11,9.41,-1.774530271399,8687747268.96,8650802564.45,923246256.0,919320145.0,13.01920534,12.46737662,1.2531849,0.11197514,21.40475207,1.06864336
2023-08-14,9.33,-0.850159404888,8613887568.48,8577256952.85,923246256.0,919320145.0,12.90852134,12.36138405,1.24253083,0.11102318,21.22277755,1.05955819
2023-08-15,9.18,-1.607717041801,8475400630.08,8439358931.1,923246256.0,919320145.0,12.70098884,12.16264797,1.22255445,0.10923824,20.88157534,1.04252349
2023-08-16,9.14,-0.435729847495,8438470779.84,8402586125.3,923246256.0,919320145.0,12.64564684,12.10965168,1.21722742,0.10876225,20.79058808,1.03798091
2023-08-17,9.17,0.328227571116,8466168167.52,8430165729.65,923246256.0,919320145.0,12.68715334,12.1493989,1.22122269,0.10911924,20.85882853,1.04138785
2023-08-18,8.99,-1.96292257361,8299983841.44,8264688103.55,923246256.0,919320145.0,12.43811435,11.9109156,1.19725104,0.10697732,20.44938587,1.02094621
2023-08-21,8.88,-1.223581757508,8198426753.28,8163562887.6,923246256.0,919320145.0,12.28592385,11.76517581,1.18260169,0.10566836,20.19917092,1.0084541
2023-08-22,8.82,-0.675675675676,8143031977.92,8108403678.9,923246256.0,919320145.0,12.20291085,11.68568138,1.17461114,0.10495438,20.06269003,1.00164022
2023-08-23,8.58,-2.721088435374,7921452876.48,7887766844.1,923246256.0,919320145.0,11.87085885,11.36770366,1.14264893,0.10209848,19.5167665,0.9743847
2023-08-24,8.62,0.4662004662,7958382726.72,7924539649.9,923246256.0,919320145.0,11.92620085,11.42069994,1.14797597,0.10257447,19.60775375,0.97892729
2023-08-25,8.53,-1.044083526682,7875290563.68,7841800836.85,923246256.0,919320145.0,15.23222852,11.3014583,1.13599014,0.1015035,9.60691471,1.00603698
2023-08-28,8.56,0.351699882767,7902987951.36,7869380441.2,923246256.0,919320145.0,15.28580025,11.34120551,1.13998541,0.10186049,9.64070221,1.00957521
2023-08-29,8.71,1.752336448598,8041474889.76,8007278462.95,923246256.0,919320145.0,15.5536589,11.53994159,1.15996179,0.10364543,9.80963975,1.02726637
2023-08-30,8.67,-0.459242250287,8004545039.52,7970505657.15,923246256.0,919320145.0,15.48222993,11.4869453,1.15463476,0.10316945,9.76458974,1.02254873
2023-08-31,8.57,-1.153402537486,7912220413.92,7878573642.65,923246256.0,919320145.0,15.3036575,11.35445458,1.14131717,0.10197949,9.65196472,1.01075462
2023-09-01,8.53,-0.46674445741,7875290563.68,7841800836.85,923246256.0,919320145.0,15.23222852,11.3014583,1.13599014,0.1015035,9.60691471,1.00603698
2023-09-04,8.84,3.634232121923,8161496903.04,8126790081.8,923246256.0,919320145.0,15.78580306,11.71217952,1.17727466,0.10519238,9.95605229,1.0425987
2023-09-05,8.8,-0.452488687783,8124567052.8,8090017276.0,923246256.0,919320145.0,15.71437409,11.65918324,1.17194762,0.10471639,9.91100227,1.03788106
2023-09-06,8.82,0.227272727273,8143031977.92,8108403678.9,923246256.0,919320145.0,15.75008858,11.68568138,1.17461114,0.10495438,9.93352728,1.04023988
2023-09-07,8.63,-2.154195011338,7967615189.28,7933732851.35,923246256.0,919320145.0,15.41080095,11.43394902,1.14930773,0.10269346,9.71953973,1.01783108
2023-09-08,8.6,-0.347624565469,7939917801.6,7906153247.0,923246256.0,919320145.0,15.35722923,11.3942018,1.14531245,0.10233648,9.68575222,1.01429285
2023-09-11,8.74,1.627906976744,8069172277.44,8034858067.3,923246256.0,919320145.0,15.60723063,11.57968881,1.16395707,0.10400242,9.84342726,1.0308046
2023-09-12,8.83,1.029748283753,8152264440.48,8117596880.35,923246256.0,919320145.0,15.76794582,11.69893045,1.1759429,0.10507338,9.94478978,1.04141929
2023-09-13,8.7,-1.472253680634,8032242427.2,7998085261.5,923246256.0,919320145.0,15.53580166,11.52669252,1.15863004,0.10352643,9.79837725,1.02608696
2023-09-14,8.61,-1.034482758621,7949150264.16,7915346448.45,923246256.0,919320145.0,15.37508647,11.40745087,1.14664421,0.10245547,9.69701473,1.01547226
2023-09-15,8.67,0.696864111498,8004545039.52,7970505657.15,923246256.0,919320145.0,15.48222993,11.4869453,1.15463476,0.10316945,9.76458974,1.02254873
2023-09-18,8.75,0.922722029988,8078404740.0,8044051268.75,923246256.0,919320145.0,15.62508787,11.59293788,1.16528883,0.10412141,9.85468976,1.03198401
2023-09-19,8.59,-1.828571428571,7930685339.04,7896960045.55,923246256.0,919320145.0,15.33937198,11.38095273,1.14398069,0.10221748,9.67448972,1.01311344
2023-09-20,8.37,-2.56111757858,7727571162.72,7694709613.65,923246256.0,919320145.0,14.94651263,11.08947315,1.114682,0.09959957,9.42671466,0.98716642
2023-09-21,8.31,-0.716845878136,7672176387.36,7639550404.95,923246256.0,919320145.0,14.83936917,11.00997872,1.10669145,0.09888559,9.35913965,0.98008995
2023-09-22,8.55,2.888086642599,7893755488.8,7860187239.75,923246256.0,919320145.0,15.26794301,11.32795644,1.13865366,0.1017415,9.62943971,1.0083958
2023-09-25,8.5,-0.584795321637,7847593176.0,7814221232.5,923246256.0,919320145.0,15.17865679,11.26171108,1.13199486,0.10114652,9.5731272,1.00249875
2023-09-26,8.16,-4.0,7533689448.96,7501652383.2,923246256.0,919320145.0,14.57151052,10.81124264,1.08671507,0.09710066,9.19020211,0.9623988
2023-09-27,8.41,3.063725490196,7764501012.96,7731482419.45,923246256.0,919320145.0,15.0179416,11.14246943,1.12000903,0.10007555,9.47176467,0.99188406
2023-09-28,8.35,-0.713436385256,7709106237.6,7676323210.75,923246256.0,919320145.0,14.91079814,11.062975,1.11201848,0.09936158,9.40418966,0.9848076
2023-10-09,8.28,-0.838323353293,7644478999.68,7611970800.6,923246256.0,919320145.0,14.78579744,10.9702315,1.11922039,0.09852861,9.32535214,0.97655172
2023-10-10,8.29,0.12077294686,7653711462.24,7621164002.05,923246256.0,919320145.0,14.80365468,10.98348057,1.1205721,0.0986476,9.33661464,0.97773113
2023-10-11,8.32,0.361881785283,7681408849.92,7648743606.4,923246256.0,919320145.0,14.85722641,11.02322779,1.12462725,0.09900459,9.37040215,0.98126937
2023-10-12,8.49,2.043269230769,7838360713.44,7805028031.05,923246256.0,919320145.0,15.16079955,11.24846201,1.14760641,0.10102752,9.56186469,1.00131934
2023-10-13,8.4,-1.060070671378,7755268550.4,7722289218.0,923246256.0,919320145.0,15.00008436,11.12922036,1.13544097,0.09995656,9.46050217,0.99070465
2023-10-16,8.22,-2.142857142857,7589084224.32,7556811591.9,923246256.0,919320145.0,14.67865398,10.89073707,1.1111101,0.09781463,9.25777712,0.96947526
2023-10-17,8.23,0.121654501217,7598316686.88,7566004793.35,923246256.0,919320145.0,14.69651122,10.90398614,1.11246181,0.09793363,9.26903963,0.97065467
2023-10-18,7.98,-3.037667071689,7367505122.88,7336174757.1,923246256.0,919320145.0,14.25008014,10.57275934,1.07866892,0.09495873,8.98747706,0.94116942
2023-10-19,7.87,-1.378446115288,7265948034.72,7235049541.15,923246256.0,919320145.0,14.05365047,10.42701955,1.06380005,0.09364977,8.86358953,0.9281959
2023-10-20,7.88,0.12706480305,7275180497.28,7244242742.6,923246256.0,919320145.0,14.07150771,10.44026863,1.06515177,0.09376877,8.87485204,0.92937531
2023-10-23,7.62,-3.299492385787,7035136470.72,7005219504.9,923246256.0,919320145.0,13.60721938,10.09579276,1.03000717,0.09067488,8.58202697,0.89871064
2023-10-24,7.73,1.443569553806,7136693558.88,7106344720.85,923246256.0,919320145.0,13.80364906,10.24153255,1.04487604,0.09198383,8.7059145,0.91168416
2023-10-25,7.76,0.388098318241,7164390946.56,7133924325.2,923246256.0,919320145.0,13.85722079,10.28127976,1.04893118,0.09234082,8.73970201,0.91522239
2023-10-26,7.68,-1.030927835052,7090531246.08,7060378713.6,923246256.0,919320145.0,13.71436284,10.17528719,1.03811746,0.09138885,8.64960199,0.90578711
2023-10-27,7.89,2.734375,7284412959.84,7253435944.05,923246256.0,919320145.0,14.08936495,10.4535177,1.06650349,0.09388777,8.88611454,0.93055472
2023-10-30,7.87,-0.253485424588,7265948034.72,7235049541.15,923246256.0,919320145.0,26.04648361,10.42701955,1.06380005,0.09364977,7.78376559,1.04068388
2023-10-31,7.79,-1.016518424396,7192088334.24,7161503929.55,923246256.0,919320145.0,25.7817163,10.32102698,1.05298633,0.09269781,7.70464218,1.03010513
2023-11-01,7.81,0.256739409499,7210553259.36,7179890332.45,923246256.0,919320145.0,25.84790813,10.34752512,1.05568976,0.0929358,7.72442303,1.03274982
2023-11-02,7.7,-1.408450704225,7108996171.2,7078765116.5,923246256.0,919320145.0,25.48385308,10.20178533,1.04082089,0.09162684,7.61562834,1.01820405
2023-11-03,7.82,1.558441558442,7219785721.92,7189083533.9,923246256.0,919320145.0,25.88100404,10.36077419,1.05704148,0.09305479,7.73431346,1.03407216
2023-11-06,7.96,1.790281329923,7349040197.76,7317788354.2,923246256.0,919320145.0,26.34434682,10.5462612,1.07596549,0.09472074,7.87277943,1.05258496
2023-11-07,7.93,-0.376884422111,7321342810.08,7290208749.85,923246256.0,919320145.0,26.24505908,10.50651398,1.07191035,0.09436375,7.84310815,1.04861793
2023-11-08,7.88,-0.63051702396,7275180497.28,7244242742.6,923246256.0,919320145.0,26.07957952,10.44026863,1.06515177,0.09376877,7.79365602,1.04200622
2023-11-09,7.92,0.507614213198,7312110347.52,7281015548.4,923246256.0,919320145.0,26.21196317,10.49326491,1.07055863,0.09424475,7.83321772,1.04729559
2023-11-10,7.92,0.0,7312110347.52,7281015548.4,923246256.0,919320145.0,26.21196317,10.49326491,1.07055863,0.09424475,7.83321772,1.04729559
2023-11-13,7.9,-0.252525252525,7293645422.4,7262629145.5,923246256.0,919320145.0,26.14577135,10.46676677,1.0678552,0.09400676,7.81343687,1.0446509
2023-11-14,7.9,0.0,7293645422.4,7262629145.5,923246256.0,919320145.0,26.14577135,10.46676677,1.0678552,0.09400676,7.81343687,1.0446509
2023-11-15,7.98,1.012658227848,7367505122.88,7336174757.1,923246256.0,919320145.0,26.41053865,10.57275934,1.07866892,0.09495873,7.89256028,1.05522965
2023-11-16,7.86,-1.503759398496,7256715572.16,7225856339.7,923246256.0,919320145.0,26.01338769,10.41377048,1.06244834,0.09353078,7.77387517,1.03936153
2023-11-17,7.92,0.763358778626,7312110347.52,7281015548.4,923246256.0,919320145.0,26.21196317,10.49326491,1.07055863,0.09424475,7.83321772,1.04729559
2023-11-20,8.01,1.136363636364,7395202510.56,7363754361.45,923246256.0,919320145.0,26.50982639,10.61250656,1.08272407,0.09531572,7.92223156,1.05919668
2023-11-21,7.99,-0.249687890137,7376737585.44,7345367958.55,923246256.0,919320145.0,26.44363456,10.58600842,1.08002064,0.09507773,7.90245071,1.05655199
2023-11-22,7.88,-1.376720901126,7275180497.28,7244242742.6,923246256.0,919320145.0,26.07957952,10.44026863,1.06515177,0.09376877,7.79365602,1.04200622
2023-11-23,7.92,0.507614213198,7312110347.52,7281015548.4,923246256.0,919320145.0,26.21196317,10.49326491,1.07055863,0.09424475,7.83321772,1.04729559
2023-11-24,7.76,-2.020202020202,7164390946.56,7133924325.2,923246256.0,919320145.0,25.68242856,10.28127976,1.04893118,0.09234082,7.6749709,1.0261381
2023-11-27,7.72,-0.515463917526,7127461096.32,7097151519.4,923246256.0,919320145.0,25.55004491,10.22828348,1.04352432,0.09186484,7.6354092,1.02084873
2023-11-28,7.8,1.036269430052,7201320796.8,7170697131.0,923246256.0,919320145.0,25.81481221,10.33427605,1.05433805,0.0928168,7.71453261,1.03142748
2023-11-29,7.69,-1.410256410256,7099763708.64,7069571915.05,923246256.0,919320145.0,25.45075717,10.18853626,1.03946918,0.09150785,7.60573792,1.0168817
2023-11-30,7.61,-1.040312093628,7025904008.16,6996026303.45,923246256.0,919320145.0,25.18598987,10.08254369,1.02865545,0.09055588,7.5266145,1.00630296
2023-12-01,7.59,-0.262812089356,7007439083.04,6977639900.55,923246256.0,919320145.0,25.11979804,10.05604554,1.02595202,0.09031789,7.50683365,1.00365827
2023-12-04,7.67,1.054018445323,7081298783.52,7051185512.15,923246256.0,919320145.0,25.38456534,10.16203812,1.03676575,0.09126986,7.58595706,1.01423702
2023-12-05,7.57,-1.303780964798,6988974157.92,6959253497.65,923246256.0,919320145.0,25.05360621,10.0295474,1.02324859,0.0900799,7.4870528,1.00101359
2023-12-06,7.71,1.849405548217,7118228633.76,7087958317.95,923246256.0,919320145.0,25.516949,10.2150344,1.04217261,0.09174584,7.62551877,1.01952639
2023-12-07,7.38,-4.280155642023,6813557369.28,6784582670.1,923246256.0,919320145.0,24.42478386,9.77781503,0.997566,0.08781898,7.2991347,0.97588907
2023-12-08,7.47,1.219512195122,6896649532.32,6867321483.15,923246256.0,919320145.0,24.72264708,9.89705668,1.00973144,0.08888994,7.38814854,0.98779016
2023-12-11,7.47,0.0,6896649532.32,6867321483.15,923246256.0,919320145.0,24.72264708,9.89705668,1.00973144,0.08888994,7.38814854,0.98779016
2023-12-12,7.4,-0.937081659973,6832022294.4,6802969073.0,923246256.0,919320145.0,24.49097569,9.80431318,1.00026943,0.08805697,7.31891555,0.97853376
2023-12-13,7.28,-1.621621621622,6721232743.68,6692650655.6,923246256.0,919320145.0,24.09382473,9.64532431,0.98404884,0.08662902,7.20023043,0.96266564
2023-12-14,7.26,-0.274725274725,6702767818.56,6674264252.7,923246256.0,919320145.0,24.02763291,9.61882617,0.98134541,0.08639102,7.18044958,0.96002096
2023-12-15,7.19,-0.964187327824,6638140580.64,6609911842.55,923246256.0,919320145.0,23.79596152,9.52608267,0.9718834,0.08555805,7.1112166,0.95076456
2023-12-18,7.02,-2.364394993046,6481188717.12,6453627417.9,923246256.0,919320145.0,23.23333099,9.30084845,0.94890424,0.08353512,6.94307935,0.92828473
2023-12-19,7.01,-0.14245014245,6471956254.56,6444434216.45,923246256.0,919320145.0,23.20023508,9.28759937,0.94755253,0.08341613,6.93318892,0.92696239
2023-12-20,6.87,-1.997146932953,6342701778.72,6315729396.15,923246256.0,919320145.0,22.7368923,9.10211237,0.92862851,0.08175018,6.79472295,0.90844958
2023-12-21,6.99,1.74672489083,6453491329.44,6426047813.55,923246256.0,919320145.0,23.13404325,9.26110123,0.9448491,0.08317813,6.91340807,0.9243177
2023-12-22,6.97,-0.286123032904,6435026404.32,6407661410.65,923246256.0,919320145.0,23.06785143,9.23460309,0.94214566,0.08294014,6.89362721,0.92167301
2023-12-25,6.91,-0.860832137733,6379631628.96,6352502201.95,923246256.0,919320145.0,22.86927595,9.15510866,0.93403537,0.08222617,6.83428466,0.91373896
2023-12-26,6.84,-1.013024602026,6315004391.04,6288149791.8,923246256.0,919320145.0,22.63760456,9.06236515,0.92457336,0.0813932,6.76505167,0.90448256
2023-12-27,6.87,0.438596491228,6342701778.72,6315729396.15,923246256.0,919320145.0,22.7368923,9.10211237,0.92862851,0.08175018,6.79472295,0.90844958
2023-12-28,7.08,3.056768558952,6536583492.48,6508786626.6,923246256.0,919320145.0,23.43190647,9.38034288,0.95701453,0.0842491,7.0024219,0.93621879
2023-12-29,7.13,0.706214689266,6582745805.28,6554752633.85,923246256.0,919320145.0,23.59738604,9.44658824,0.96377311,0.08484408,7.05187404,0.9428305
2024-01-02,7.08,-0.70126227209,6536583492.48,6508786626.6,923246256.0,919320145.0,23.43190647,-14.04979799,1.01473994,0.51876131,7.0024219,0.93621879
2024-01-03,7.07,-0.141242937853,6527351029.92,6499593425.15,923246256.0,919320145.0,23.39881056,-14.02995364,1.01330669,0.5180286,6.99253148,0.93489644
2024-01-04,6.96,-1.555869872702,6425793941.76,6398468209.2,923246256.0,919320145.0,23.03475551,-13.81166582,0.99754096,0.50996875,6.88373679,0.92035067
2024-01-05,6.8,-2.298850574713,6278074540.8,6251376986.0,923246256.0,919320145.0,22.5052209,-13.49415626,0.97460898,0.49824533,6.72548996,0.89919318
2024-01-08,6.65,-2.205882352941,6139587602.4,6113478964.25,923246256.0,919320145.0,22.00878221,-13.19649105,0.95311025,0.48725462,6.57713357,0.87935804
2024-01-09,7.0,5.263157894737,6462723792.0,6435241015.0,923246256.0,919320145.0,23.16713917,-13.89104321,1.00327395,0.5128996,6.92329849,0.92564004
2024-01-10,6.72,-4.0,6204214840.32,6177831374.4,923246256.0,919320145.0,22.2404536,-13.33540148,0.96314299,0.49238362,6.64636655,0.88861444
2024-01-11,7.39,9.970238095238,6822789831.84,6793775871.55,923246256.0,919320145.0,24.45787978,-14.66497276,1.05917064,0.54147544,7.30902512,0.97721142
2024-01-12,7.41,0.270635994587,6841254756.96,6812162274.45,923246256.0,919320145.0,24.5240716,-14.70466145,1.06203714,0.54294086,7.32880598,0.9798561
2024-01-15,7.46,0.674763832659,6887417069.76,6858128281.7,923246256.0,919320145.0,24.68955117,-14.80388319,1.06920338,0.54660443,7.37825811,0.98646782
2024-01-16,7.39,-0.938337801609,6822789831.84,6793775871.55,923246256.0,919320145.0,24.45787978,-14.66497276,1.05917064,0.54147544,7.30902512,0.97721142
2024-01-17,7.08,-4.194857916103,6536583492.48,6508786626.6,923246256.0,919320145.0,23.43190647,-14.04979799,1.01473994,0.51876131,7.0024219,0.93621879
2024-01-18,6.98,-1.412429378531,6444258866.88,6416854612.1,923246256.0,919320145.0,23.10094734,-13.85135451,1.00040745,0.51143417,6.90351764,0.92299536
2024-01-19,7.24,3.724928366762,6684302893.44,6655877849.8,923246256.0,919320145.0,23.96144108,-14.36730755,1.03767191,0.53048473,7.16066873,0.95737627
2024-01-22,6.82,-5.801104972376,6296539465.92,6269763388.9,923246256.0,919320145.0,22.57141273,-13.53384495,0.97747548,0.49971075,6.74527082,0.90183787
2024-01-23,6.78,-0.58651026393,6259609615.68,6232990583.1,923246256.0,919320145.0,22.43902908,-13.45446756,0.97174248,0.4967799,6.70570911,0.8965485
2024-01-24,7.2,6.194690265487,6647373043.2,6619105044.0,923246256.0,919320145.0,23.82905743,-14.28793016,1.03193892,0.52755387,7.12110702,0.9520869
2024-01-25,7.34,1.944444444444,6776627519.04,6747809864.3,923246256.0,919320145.0,24.29240021,-14.56575102,1.0520044,0.53781187,7.25957299,0.9705997
2024-01-26,7.25,-1.226158038147,6693535356.0,6665071051.25,923246256.0,919320145.0,23.99453699,-14.38715189,1.03910516,0.53121744,7.17055915,0.95869862
2024-01-29,6.79,-6.344827586207,6268842078.24,6242183784.55,923246256.0,919320145.0,22.47212499,-13.47431191,0.97317573,0.49751261,6.71559954,0.89787084
2024-01-30,6.68,-1.620029455081,6167284990.08,6141058568.6,923246256.0,919320145.0,22.10806995,-13.25602409,0.95741,0.48945276,6.60680485,0.88332507
2024-01-31,6.74,0.898203592814,6222679765.44,6196217777.3,923246256.0,919320145.0,22.30664543,-13.37509017,0.96600949,0.49384904,6.66614741,0.89125913
2024-02-01,6.07,-9.940652818991,5604104773.92,5580273280.15,923246256.0,919320145.0,20.08921925,-12.0455189,0.86998184,0.44475722,6.00348884,0.80266215
2024-02-02,5.7,-6.095551894563,5262503659.2,5240124826.5,923246256.0,919320145.0,18.86467046,-11.31127804,0.81695165,0.41764682,5.63754306,0.75373546
2024-02-05,5.13,-10.0,4736253293.28,4716112343.85,923246256.0,919320145.0,16.97820342,-10.18015024,0.73525648,0.37588214,5.07378875,0.67836192
2024-02-06,5.43,5.847953216374,5013227170.08,4991908387.35,923246256.0,919320145.0,17.97108081,-10.77548066,0.77825394,0.39786355,5.37050155,0.7180322
2024-02-07,5.64,3.867403314917,5207108883.84,5184965617.8,923246256.0,919320145.0,18.66609499,-11.19221196,0.80835215,0.41325054,5.5782005,0.74580141
2024-02-08,5.97,5.851063829787,5511780148.32,5488341265.65,923246256.0,919320145.0,19.75826012,-11.84707542,0.85564936,0.43743009,5.90458457,0.78943872
2024-02-19,5.87,-1.675041876047,5419455522.72,5396409251.15,923246256.0,919320145.0,19.42730099,-11.64863195,0.84131687,0.43010295,5.80568031,0.77621529
2024-02-20,5.88,0.170357751278,5428687985.28,5405602452.6,923246256.0,919320145.0,19.4603969,-11.66847629,0.84275012,0.43083566,5.81557073,0.77753764
2024-02-21,5.94,1.020408163265,5484082760.64,5460761661.3,923246256.0,919320145.0,19.65897238,-11.78754238,0.85134961,0.43523195,5.87491329,0.78547169
2024-02-22,5.98,0.673400673401,5521012610.88,5497534467.1,923246256.0,919320145.0,19.79135603,-11.86691977,0.8570826,0.4381628,5.914475,0.79076106
2024-02-23,6.07,1.505016722408,5604104773.92,5580273280.15,923246256.0,919320145.0,20.08921925,-12.0455189,0.86998184,0.44475722,6.00348884,0.80266215
2024-02-26,6.13,0.988467874794,5659499549.28,5635432488.85,923246256.0,919320145.0,20.28779473,-12.16458498,0.87858133,0.44915351,6.06283139,0.81059621
2024-02-27,6.37,3.915171288744,5881078650.72,5856069323.65,923246256.0,919320145.0,21.08209664,-12.64084932,0.9129793,0.46673864,6.30020163,0.84233244
2024-02-28,6.04,-5.180533751962,5576407386.24,5552693675.8,923246256.0,919320145.0,19.98993151,-11.98598585,0.86568209,0.44255908,5.97381756,0.79869512
2024-02-29,6.2,2.649006622517,5724126787.2,5699784899.0,923246256.0,919320145.0,20.51946612,-12.30349541,0.88861407,0.4542825,6.13206438,0.81985261
2024-03-01,6.17,-0.483870967742,5696429399.52,5672205294.65,923246256.0,919320145.0,20.42017838,-12.24396237,0.88431433,0.45208436,6.1023931,0.81588558
2024-03-04,6.11,-0.97244732577,5641034624.16,5617046085.95,923246256.0,919320145.0,20.2216029,-12.12489629,0.87571483,0.44768808,6.04305054,0.80795152
2024-03-05,6.2,1.472995090016,5724126787.2,5699784899.0,923246256.0,919320145.0,20.51946612,-12.30349541,0.88861407,0.4542825,6.13206438,0.81985261
2024-03-06,6.1,-1.612903225806,5631802161.6,5607852884.5,923246256.0,919320145.0,20.18850699,-12.10505194,0.87428159,0.44695537,6.03316012,0.80662918
2024-03-07,6.15,0.819672131148,5677964474.4,5653818891.75,923246256.0,919320145.0,20.35398655,-12.20427368,0.88144783,0.45061893,6.08261225,0.81324089
2024-03-08,6.11,-0.650406504065,5641034624.16,5617046085.95,923246256.0,919320145.0,20.2216029,-12.12489629,0.87571483,0.44768808,6.04305054,0.80795152
2024-03-11,6.22,1.800327332242,5742591712.32,5718171301.9,923246256.0,919320145.0,20.58565795,-12.34318411,0.89148057,0.45574793,6.15184523,0.82249729
2024-03-12,6.44,3.536977491961,5945705888.64,5920421733.8,923246256.0,919320145.0,21.31376803,-12.77975975,0.92301203,0.47186763,6.36943461,0.85158884
2024-03-13,6.38,-0.931677018634,5890311113.28,5865262525.1,923246256.0,919320145.0,21.11519255,-12.66069367,0.91441254,0.46747135,6.31009206,0.84365478
2024-03-14,6.62,3.761755485893,6111890214.72,6085899359.9,923246256.0,919320145.0,21.90949447,-13.136958,0.94881051,0.48505648,6.54746229,0.87539101
2024-03-15,6.72,1.510574018127,6204214840.32,6177831374.4,923246256.0,919320145.0,22.2404536,-13.33540148,0.96314299,0.49238362,6.64636655,0.88861444
2024-03-18,6.65,-1.041666666667,6139587602.4,6113478964.25,923246256.0,919320145.0,22.00878221,-13.19649105,0.95311025,0.48725462,6.57713357,0.87935804
2024-03-19,6.62,-0.451127819549,6111890214.72,6085899359.9,923246256.0,919320145.0,21.90949447,-13.136958,0.94881051,0.48505648,6.54746229,0.87539101
2024-03-20,6.65,0.453172205438,6139587602.4,6113478964.25,923246256.0,919320145.0,22.00878221,-13.19649105,0.95311025,0.48725462,6.57713357,0.87935804
2024-03-21,6.53,-1.804511278195,6028798051.68,6003160546.85,923246256.0,919320145.0,21.61163125,-12.95835888,0.93591127,0.47846206,6.45844845,0.86348993
2024-03-22,6.29,-3.675344563553,5807218950.24,5782523712.05,923246256.0,919320145.0,20.81732934,-12.48209454,0.90151331,0.46087693,6.22107822,0.8317537
2024-03-25,6.08,-3.338632750397,5613337236.48,5589466481.6,923246256.0,919320145.0,20.12231516,-12.06536324,0.87141509,0.44548994,6.01337926,0.80398449
2024-03-26,6.13,0.822368421053,5659499549.28,5635432488.85,923246256.0,919320145.0,20.28779473,-12.16458498,0.87858133,0.44915351,6.06283139,0.81059621
2024-03-27,5.95,-2.936378466558,5493315223.2,5469954862.75,923246256.0,919320145.0,19.69206829,-11.80738673,0.85278286,0.43596466,5.88480372,0.78679404
2024-03-28,5.98,0.504201680672,5521012610.88,5497534467.1,923246256.0,919320145.0,19.79135603,-11.86691977,0.8570826,0.4381628,5.914475,0.79076106
2024-03-29,6.0,0.334448160535,5539477536.0,5515920870.0,923246256.0,919320145.0,19.85754786,-11.90660846,0.8599491,0.43962823,5.93425585,0.79340575
2024-04-01,6.14,2.333333333333,5668732011.84,5644625690.3,923246256.0,919320145.0,20.32089064,-12.18442933,0.88933117,0.44988622,6.07272182,0.81191855
2024-04-02,6.27,2.117263843648,5788754025.12,5764137309.15,923246256.0,919320145.0,20.75113751,-12.44240584,0.90816066,0.4594115,6.20129736,0.82910901
2024-04-03,6.17,-1.594896331738,5696429399.52,5672205294.65,923246256.0,919320145.0,20.42017838,-12.24396237,0.89367644,0.45208436,6.1023931,0.81588558
2024-04-08,6.0,-2.755267423015,5539477536.0,5515920870.0,923246256.0,919320145.0,19.85754786,-11.90660846,0.86905326,0.43962823,5.93425585,0.79340575
2024-04-09,6.2,3.333333333333,5724126787.2,5699784899.0,923246256.0,919320145.0,20.51946612,-12.30349541,0.89802171,0.4542825,6.13206438,0.81985261
2024-04-10,6.18,-0.322580645161,5705661862.08,5681398496.1,923246256.0,919320145.0,20.45327429,-12.26380672,0.89512486,0.45281708,6.11228353,0.81720792
2024-04-11,6.09,-1.456310679612,5622569699.04,5598659683.05,923246256.0,919320145.0,20.15541108,-12.08520759,0.88208906,0.44622265,6.02326969,0.80530684
2024-04-12,5.99,-1.642036124795,5530245073.44,5506727668.55,923246256.0,919320145.0,19.82445194,-11.88676412,0.86760484,0.43889552,5.92436542,0.79208341
2024-04-15,5.61,-6.343906510851,5179411496.16,5157386013.45,923246256.0,919320145.0,18.56680725,-11.13267891,0.8125648,0.41105239,5.54852922,0.74183438
2024-04-16,5.3,-5.525846702317,4893205156.8,4872396768.5,923246256.0,919320145.0,17.54083394,-10.51750414,0.76766372,0.38833827,5.241926,0.70084175
2024-04-17,5.46,3.018867924528,5040924557.76,5019487991.7,923246256.0,919320145.0,18.07036855,-10.8350137,0.79083847,0.40006169,5.40017282,0.72199923
2024-04-18,5.38,-1.465201465201,4967064857.28,4945942380.1,923246256.0,919320145.0,17.80560125,-10.67625892,0.77925109,0.39419998,5.32104941,0.71142049
2024-04-19,5.31,-1.301115241636,4902437619.36,4881589969.95,923246256.0,919320145.0,17.57392985,-10.53734849,0.76911214,0.38907098,5.25181643,0.70216409
2024-04-22,5.34,0.564971751412,4930135007.04,4909169574.3,923246256.0,919320145.0,17.67321759,-10.59688153,0.77345741,0.39126912,5.28148771,0.70613112
2024-04-23,5.3,-0.749063670412,4893205156.8,4872396768.5,923246256.0,919320145.0,17.54083394,-10.51750414,0.76766372,0.38833827,5.241926,0.70084175
2024-04-24,5.29,-0.188679245283,4883972694.24,4863203567.05,923246256.0,919320145.0,17.50773803,-10.4976598,0.76621529,0.38760556,5.23203558,0.6995194
2024-04-25,5.39,1.890359168242,4976297319.84,4955135581.55,923246256.0,919320145.0,17.83869716,-10.69610327,0.78069952,0.39493269,5.33093984,0.71274283
2024-04-26,5.5,2.040816326531,5077854408.0,5056260797.5,923246256.0,919320145.0,18.2027522,-10.91439109,0.79663216,0.40299254,5.43973453,0.7272886
2024-04-29,5.93,7.818181818182,5474850298.08,5451568459.85,923246256.0,919320145.0,-10.79556805,-11.76769803,0.85891431,0.43449923,6.45117953,0.92007124
2024-04-30,5.92,-0.168634064081,5465617835.52,5442375258.4,923246256.0,919320145.0,-10.77736304,-11.74785368,0.85746589,0.43376652,6.44030065,0.91851968
2024-05-06,6.14,3.716216216216,5668732011.84,5644625690.3,923246256.0,919320145.0,-11.17787316,-12.18442933,0.88933117,0.44988622,6.67963614,0.95265386
2024-05-07,6.25,1.791530944625,5770289100.0,5745750906.25,923246256.0,919320145.0,-11.37812821,-12.40271715,0.90526382,0.45794607,6.79930389,0.96972095
2024-05-08,6.22,-0.48,5742591712.32,5718171301.9,923246256.0,919320145.0,-11.3235132,-12.34318411,0.90091855,0.45574793,6.76666723,0.96506629
2024-05-09,6.31,1.446945337621,5825683875.36,5800910114.95,923246256.0,919320145.0,-11.48735824,-12.52178323,0.91395435,0.46234235,6.86457721,0.97903027
2024-05-10,6.2,-1.743264659271,5724126787.2,5699784899.0,923246256.0,919320145.0,-11.28710319,-12.30349541,0.89802171,0.4542825,6.74490946,0.96196318
2024-05-13,6.07,-2.096774193548,5604104773.92,5580273280.15,923246256.0,919320145.0,-11.05043812,-12.0455189,0.87919222,0.44475722,6.60348394,0.94179299
2024-05-14,6.13,0.988467874794,5659499549.28,5635432488.85,923246256.0,919320145.0,-11.15966815,-12.16458498,0.88788275,0.44915351,6.66875726,0.95110231
2024-05-15,6.22,1.468189233279,5742591712.32,5718171301.9,923246256.0,919320145.0,-11.3235132,-12.34318411,0.90091855,0.45574793,6.76666723,0.96506629
2024-05-16,6.14,-1.286173633441,5668732011.84,5644625690.3,923246256.0,919320145.0,-11.17787316,-12.18442933,0.88933117,0.44988622,6.67963614,0.95265386
2024-05-17,6.21,1.14006514658,5733359249.76,5708978100.45,923246256.0,919320145.0,-11.30530819,-12.32333976,0.89947013,0.45501522,6.75578835,0.96351473
2024-05-20,6.25,0.644122383253,5770289100.0,5745750906.25,923246256.0,919320145.0,-11.37812821,-12.40271715,0.90526382,0.45794607,6.79930389,0.96972095
2024-05-21,6.13,-1.92,5659499549.28,5635432488.85,923246256.0,919320145.0,-11.15966815,-12.16458498,0.88788275,0.44915351,6.66875726,0.95110231
2024-05-22,6.18,0.815660685155,5705661862.08,5681398496.1,923246256.0,919320145.0,-11.25069318,-12.26380672,0.89512486,0.45281708,6.72315169,0.95886007
2024-05-23,6.07,-1.779935275081,5604104773.92,5580273280.15,923246256.0,919320145.0,-11.05043812,-12.0455189,0.87919222,0.44475722,6.60348394,0.94179299
2024-05-24,5.96,-1.812191103789,5502547685.76,5479148064.2,923246256.0,919320145.0,-10.85018306,-11.82723107,0.86325958,0.43669737,6.48381619,0.9247259
2024-05-27,5.93,-0.503355704698,5474850298.08,5451568459.85,923246256.0,919320145.0,-10.79556805,-11.76769803,0.85891431,0.43449923,6.45117953,0.92007124
2024-05-28,5.86,-1.180438448567,5410223060.16,5387216049.7,923246256.0,919320145.0,-10.66813301,-11.6287876,0.84877535,0.42937024,6.37502733,0.90921036
2024-05-29,5.86,0.0,5410223060.16,5387216049.7,923246256.0,919320145.0,-10.66813301,-11.6287876,0.84877535,0.42937024,6.37502733,0.90921036
2024-05-30,5.84,-0.341296928328,5391758135.04,5368829646.8,923246256.0,919320145.0,-10.631723,-11.5890989,0.84587851,0.42790481,6.35326956,0.90610725
2024-05-31,5.75,-1.541095890411,5308665972.0,5286090833.75,923246256.0,919320145.0,-10.46787796,-11.41049978,0.83284271,0.42131039,6.25535958,0.89214327
2024-06-03,5.63,-2.086956521739,5197876421.28,5175772416.35,923246256.0,919320145.0,-10.24941789,-11.17236761,0.81546165,0.41251782,6.12481295,0.87352463
2024-06-04,5.6,-0.532859680284,5170179033.6,5148192812.0,923246256.0,919320145.0,-10.19480288,-11.11283457,0.81111638,0.41031968,6.09217629,0.86886997
2024-06-05,5.47,-2.321428571429,5050157020.32,5028681193.15,923246256.0,919320145.0,-9.95813781,-10.85485805,0.79228689,0.4007944,5.95075077,0.84869977
2024-06-06,5.21,-4.753199268739,4810112993.76,4789657955.45,923246256.0,919320145.0,-9.48480768,-10.33890502,0.75462792,0.38174385,5.66789972,0.80835938
2024-06-07,5.36,2.879078694818,4948599932.16,4927555977.2,923246256.0,919320145.0,-9.75788275,-10.63657023,0.77635425,0.39273455,5.83108302,0.83163269
2024-06-11,5.4,0.746268656716,4985529782.4,4964328783.0,923246256.0,919320145.0,-9.83070278,-10.71594762,0.78214794,0.39566541,5.87459856,0.8378389
2024-06-12,5.45,0.925925925926,5031692095.2,5010294790.25,923246256.0,919320145.0,-9.9217278,-10.81516935,0.78939005,0.39932897,5.92899299,0.84559667
2024-06-13,5.31,-2.56880733945,4902437619.36,4881589969.95,923246256.0,919320145.0,-9.66685773,-10.53734849,0.76911214,0.38907098,5.77668859,0.82387492
2024-06-14,5.25,-1.129943502825,4847042844.0,4826430761.25,923246256.0,919320145.0,-9.5576277,-10.41828241,0.76042161,0.3846747,5.71141527,0.8145656
2024-06-17,5.18,-1.333333333333,4782415606.08,4762078351.1,923246256.0,919320145.0,-9.43019266,-10.27937197,0.75028265,0.3795457,5.63526307,0.80370472
2024-06-18,5.2,0.3861003861,4800880531.2,4780464754.0,923246256.0,919320145.0,-9.46660267,-10.31906067,0.7531795,0.38101113,5.65702084,0.80680783
2024-06-19,5.09,-2.115384615385,4699323443.04,4679339538.05,923246256.0,919320145.0,-9.26634762,-10.10077285,0.73724685,0.37295128,5.53735309,0.78974074
2024-06-20,4.96,-2.554027504912,4579301429.76,4559827919.2,923246256.0,919320145.0,-9.02968255,-9.84279633,0.71841737,0.363426,5.39592757,0.76957054
2024-06-21,4.89,-1.411290322581,4514674191.84,4495475509.05,923246256.0,919320145.0,-8.90224751,-9.7038859,0.70827841,0.35829701,5.31977537,0.75870967
2024-06-24,4.75,-2.862985685072,4385419716.0,4366770688.75,923246256.0,919320145.0,-8.64737744,-9.42606503,0.6880005,0.34803901,5.16747096,0.73698792
2024-06-25,4.78,0.631578947368,4413117103.68,4394350293.1,923246256.0,919320145.0,-8.70199246,-9.48559808,0.69234577,0.35023716,5.20010762,0.74164258
2024-06-26,5.01,4.811715481172,4625463742.56,4605793926.45,923246256.0,919320145.0,-9.12070758,-9.94201807,0.72565948,0.36708957,5.450322,0.77732831
2024-06-27,4.8,-4.191616766467,4431582028.8,4412736696.0,923246256.0,919320145.0,-8.73840247,-9.52528677,0.69524261,0.35170258,5.22186539,0.74474569
2024-06-28,4.8,0.0,4431582028.8,4412736696.0,923246256.0,919320145.0,-8.73840247,-9.52528677,0.69524261,0.35170258,5.22186539,0.74474569
2024-07-01,4.9,2.083333333333,4523906654.4,4500391745.5,923246256.0,918447295.0,-8.92045252,-9.72373025,0.70987858,0.35902972,5.33065425,0.76026122
2024-07-02,4.94,0.816326530612,4560836504.64,4537129637.3,923246256.0,918447295.0,-8.99327254,-9.80310763,0.71567351,0.36196058,5.3741698,0.76646744
2024-07-03,4.96,0.404858299595,4579301429.76,4555498583.2,923246256.0,918447295.0,-9.02968255,-9.84279633,0.71857097,0.363426,5.39592757,0.76957054
2024-07-04,4.82,-2.822580645161,4450046953.92,4426915961.9,923246256.0,918447295.0,-8.77481248,-9.56497547,0.69828873,0.35316801,5.24362316,0.7478488
2024-07-05,4.9,1.659751037344,4523906654.4,4500391745.5,923246256.0,918447295.0,-8.92045252,-9.72373025,0.70987858,0.35902972,5.33065425,0.76026122
2024-07-08,4.69,-4.285714285714,4330024940.64,4307517813.55,923246256.0,918447295.0,-8.53814741,-9.30699895,0.67945522,0.34364273,5.10219764,0.7276786
2024-07-09,4.71,0.426439232409,4348489865.76,4325886759.45,923246256.0,918447295.0,-8.57455742,-9.34668764,0.68235268,0.34510816,5.12395541,0.73078171
2024-07-10,4.7,-0.212314225053,4339257403.2,4316702286.5,923246256.0,918447295.0,-8.55635242,-9.3268433,0.68090395,0.34437545,5.11307653,0.72923015
2024-07-11,4.95,5.31914893617,4570068967.2,4546314110.25,923246256.0,918447295.0,-9.01147754,-9.82295198,0.71712224,0.36269329,5.38504868,0.76801899
2024-07-12,4.97,0.811359026369,4588533892.32,4564683056.15,923246256.0,918447295.0,-9.04788755,-9.86264068,0.72001971,0.36415872,5.40680646,0.7711221
2024-07-15,4.85,-2.414486921529,4477744341.6,4454469380.75,923246256.0,918447295.0,-8.82942749,-9.62450851,0.70263492,0.35536615,5.27625982,0.75250346
2024-07-16,4.81,-0.824742268041,4440814491.36,4417731488.95,923246256.0,918447295.0,-8.75660747,-9.54513112,0.69684,0.3524353,5.23274428,0.74629724
2024-07-17,4.8,-0.2079002079,4431582028.8,4408547016.0,923246256.0,918447295.0,-8.73840247,-9.52528677,0.69539127,0.35170258,5.22186539,0.74474569
2024-07-18,4.79,-0.208333333333,4422349566.24,4399362543.05,923246256.0,918447295.0,-8.72019746,-9.50544242,0.69394253,0.35096987,5.2109865,0.74319413
2024-07-19,4.81,0.417536534447,4440814491.36,4417731488.95,923246256.0,918447295.0,-8.75660747,-9.54513112,0.69684,0.3524353,5.23274428,0.74629724
2024-07-22,4.84,0.623700623701,4468511879.04,4445284907.8,923246256.0,918447295.0,-8.81122249,-9.60466416,0.70118619,0.35463344,5.26538093,0.7509519
2024-07-23,4.75,-1.859504132231,4385419716.0,4362624651.25,923246256.0,918447295.0,-8.64737744,-9.42606503,0.68814761,0.34803901,5.16747096,0.73698792
2024-07-24,4.65,-2.105263157895,4293095090.4,4270779921.75,923246256.0,918447295.0,-8.46532739,-9.22762156,0.67366029,0.34071188,5.0586821,0.72147239
2024-07-25,4.78,2.795698924731,4413117103.68,4390178070.1,923246256.0,918447295.0,-8.70199246,-9.48559808,0.6924938,0.35023716,5.20010762,0.74164258
2024-07-26,4.84,1.255230125523,4468511879.04,4445284907.8,923246256.0,918447295.0,-8.81122249,-9.60466416,0.70118619,0.35463344,5.26538093,0.7509519
2024-07-29,4.81,-0.619834710744,4440814491.36,4417731488.95,923246256.0,918447295.0,-8.75660747,-9.54513112,0.69684,0.3524353,5.23274428,0.74629724
2024-07-30,4.85,0.831600831601,4477744341.6,4454469380.75,923246256.0,918447295.0,-8.82942749,-9.62450851,0.70263492,0.35536615,5.27625982,0.75250346
2024-07-31,5.01,3.298969072165,4625463742.56,4601420947.95,923246256.0,918447295.0,-9.12070758,-9.94201807,0.72581463,0.36708957,5.450322,0.77732831
2024-08-01,4.96,-0.998003992016,4579301429.76,4555498583.2,923246256.0,918447295.0,-9.02968255,-9.84279633,0.71857097,0.363426,5.39592757,0.76957054
2024-08-02,4.96,0.0,4579301429.76,4555498583.2,923246256.0,918447295.0,-9.02968255,-9.84279633,0.71857097,0.363426,5.39592757,0.76957054
2024-08-05,4.88,-1.612903225806,4505441729.28,4482022799.6,923246256.0,918447295.0,-8.88404251,-9.68404155,0.70698112,0.35756429,5.30889648,0.75715812
2024-08-06,4.99,2.254098360656,4606998817.44,4583052002.05,923246256.0,918447295.0,-9.08429756,-9.90232937,0.72291717,0.36562414,5.42856423,0.77422521
2024-08-07,4.94,-1.002004008016,4560836504.64,4537129637.3,923246256.0,918447295.0,-8.99327254,-9.80310763,0.71567351,0.36196058,5.3741698,0.76646744
2024-08-08,5.03,1.821862348178,4643928667.68,4619789893.85,923246256.0,918447295.0,-9.15711759,-9.98170676,0.7287121,0.368555,5.47207977,0.78043142
2024-08-09,4.97,-1.192842942346,4588533892.32,4564683056.15,923246256.0,918447295.0,-9.04788755,-9.86264068,0.72001971,0.36415872,5.40680646,0.7711221
2024-08-12,4.96,-0.201207243461,4579301429.76,4555498583.2,923246256.0,918447295.0,-9.02968255,-9.84279633,0.71857097,0.363426,5.39592757,0.76957054
2024-08-13,4.99,0.604838709677,4606998817.44,4583052002.05,923246256.0,918447295.0,-9.08429756,-9.90232937,0.72291717,0.36562414,5.42856423,0.77422521
2024-08-14,4.89,-2.004008016032,4514674191.84,4491207272.55,923246256.0,918447295.0,-8.90224751,-9.7038859,0.70842985,0.35829701,5.31977537,0.75870967
2024-08-15,4.93,0.81799591002,4551604042.08,4527945164.35,923246256.0,918447295.0,-8.97506753,-9.78326329,0.71422478,0.36122786,5.36329091,0.76491588
2024-08-16,4.82,-2.231237322515,4450046953.92,4426915961.9,923246256.0,918447295.0,-8.77481248,-9.56497547,0.69828873,0.35316801,5.24362316,0.7478488
2024-08-19,4.8,-0.414937759336,4431582028.8,4408547016.0,923246256.0,918447295.0,-8.73840247,-9.52528677,0.69539127,0.35170258,5.22186539,0.74474569
2024-08-20,4.71,-1.875,4348489865.76,4325886759.45,923246256.0,918447295.0,-8.57455742,-9.34668764,0.68235268,0.34510816,5.12395541,0.73078171
2024-08-21,4.66,-1.061571125265,4302327552.96,4279964394.7,923246256.0,918447295.0,-8.4835324,-9.24746591,0.67510902,0.34144459,5.06956098,0.72302394
2024-08-22,4.58,-1.716738197425,4228467852.48,4206488611.1,923246256.0,918447295.0,-8.33789235,-9.08871113,0.66351917,0.33558288,4.98252989,0.71061151
2024-08-23,4.56,-0.436681222707,4210002927.36,4188119665.2,923246256.0,918447295.0,-8.30148234,-9.04902243,0.6606217,0.33411745,4.96077212,0.7075084
2024-08-26,4.74,3.947368421053,4376187253.44,4353440178.3,923246256.0,918447295.0,-9.19993376,-9.40622069,0.68669887,0.3473063,3.97918988,0.76043298
2024-08-27,4.72,-0.42194092827,4357722328.32,4335071232.4,923246256.0,918447295.0,-9.16111548,-9.36653199,0.68380141,0.34584087,3.96240005,0.7572244
2024-08-28,4.74,0.423728813559,4376187253.44,4353440178.3,923246256.0,918447295.0,-9.19993376,-9.40622069,0.68669887,0.3473063,3.97918988,0.76043298
2024-08-29,4.86,2.53164556962,4486976804.16,4463653853.7,923246256.0,918447295.0,-9.43284348,-9.64435286,0.70408366,0.35609887,4.07992886,0.77968444
2024-08-30,4.94,1.646090534979,4560836504.64,4537129637.3,923246256.0,918447295.0,-9.58811662,-9.80310763,0.71567351,0.36196058,4.14708819,0.79251876
2024-09-02,4.86,-1.619433198381,4486976804.16,4463653853.7,923246256.0,918447295.0,-9.43284348,-9.64435286,0.70408366,0.35609887,4.07992886,0.77968444
2024-09-03,4.9,0.82304526749,4523906654.4,4500391745.5,923246256.0,918447295.0,-9.51048005,-9.72373025,0.70987858,0.35902972,4.11350852,0.7861016
2024-09-04,4.89,-0.204081632653,4514674191.84,4491207272.55,923246256.0,918447295.0,-9.49107091,-9.7038859,0.70842985,0.35829701,4.10511361,0.78449731
2024-09-05,4.88,-0.204498977505,4505441729.28,4482022799.6,923246256.0,918447295.0,-9.47166177,-9.68404155,0.70698112,0.35756429,4.09671869,0.78289302
2024-09-06,4.69,-3.893442622951,4330024940.64,4307517813.55,923246256.0,918447295.0,-9.10288805,-9.30699895,0.67945522,0.34364273,3.9372153,0.75241153
2024-09-09,4.66,-0.639658848614,4302327552.96,4279964394.7,923246256.0,918447295.0,-9.04466062,-9.24746591,0.67510902,0.34144459,3.91203056,0.74759866
2024-09-10,4.64,-0.429184549356,4283862627.84,4261595448.8,923246256.0,918447295.0,-9.00584233,-9.20777721,0.67221156,0.33997916,3.89524072,0.74439009
2024-09-11,4.68,0.862068965517,4320792478.08,4298333340.6,923246256.0,918447295.0,-9.08347891,-9.2871546,0.67800648,0.34291002,3.92882039,0.75080724
2024-09-12,4.67,-0.213675213675,4311560015.52,4289148867.65,923246256.0,918447295.0,-9.06406976,-9.26731025,0.67655775,0.3421773,3.92042547,0.74920295
2024-09-13,4.57,-2.141327623126,4219235389.92,4197304138.15,923246256.0,918447295.0,-8.86997833,-9.06886678,0.66207043,0.33485017,3.83647632,0.73316006
2024-09-18,4.48,-1.969365426696,4136143226.88,4114643881.6,923246256.0,918447295.0,-8.69529605,-8.89026765,0.64903185,0.32825574,3.76092208,0.71872146
2024-09-19,4.61,2.901785714286,4256165240.16,4234042029.95,923246256.0,918447295.0,-8.94761491,-9.14824417,0.66786536,0.33778102,3.87005598,0.73957722
2024-09-20,4.55,-1.301518438178,4200770464.8,4178935192.25,923246256.0,918447295.0,-8.83116005,-9.02917808,0.65917297,0.33338474,3.81968649,0.72995149
2024-09-23,4.51,-0.879120879121,4163840614.56,4142197300.45,923246256.0,918447295.0,-8.75352348,-8.9498007,0.65337804,0.33045389,3.78610683,0.72353433
2024-09-24,4.8,6.430155210643,4431582028.8,4408547016.0,923246256.0,918447295.0,-9.31638862,-9.52528677,0.69539127,0.35170258,4.02955937,0.77005871
2024-09-25,4.88,1.666666666667,4505441729.28,4482022799.6,923246256.0,918447295.0,-9.47166177,-9.68404155,0.70698112,0.35756429,4.09671869,0.78289302
2024-09-26,5.1,4.508196721311,4708555905.6,4684081204.5,923246256.0,918447295.0,-9.89866291,-10.12061719,0.73885322,0.37368399,4.28140683,0.81818738
2024-09-27,5.42,6.274509803922,5003994707.52,4977984338.9,923246256.0,918447295.0,-10.51975549,-10.75563631,0.78521264,0.39713083,4.55004412,0.86952463
2024-09-30,5.92,9.225092250923,5465617835.52,5437207986.4,923246256.0,918447295.0,-11.49021263,-11.74785368,0.85660294,0.43376652,4.96978989,0.94973908
2024-10-08,6.18,4.391891891892,5705661862.08,5676004283.1,923246256.0,918447295.0,-11.99485035,-12.26380672,0.89422402,0.45281708,5.18805769,0.99145059
2024-10-09,5.62,-9.061488673139,5188643958.72,5161673797.9,923246256.0,918447295.0,-10.90793834,-11.15252326,0.81319401,0.41178511,4.71794243,0.90161041
2024-10-10,5.62,0.0,5188643958.72,5161673797.9,923246256.0,918447295.0,-10.90793834,-11.15252326,0.81319401,0.41178511,4.71794243,0.90161041
2024-10-11,5.34,-4.982206405694,4930135007.04,4904508555.3,923246256.0,918447295.0,-10.36448234,-10.59688153,0.772679,0.39126912,4.4828848,0.85669032
2024-10-14,5.45,2.059925093633,5031692095.2,5005537757.75,923246256.0,918447295.0,-10.57798291,-10.81516935,0.78859561,0.39932897,4.57522887,0.87433749
2024-10-15,5.36,-1.651376146789,4948599932.16,4922877501.2,923246256.0,918447295.0,-10.40330063,-10.63657023,0.77557293,0.39273455,4.49967463,0.85989889
2024-10-16,5.36,0.0,4948599932.16,4922877501.2,923246256.0,918447295.0,-10.40330063,-10.63657023,0.77557293,0.39273455,4.49967463,0.85989889
2024-10-17,5.23,-2.425373134328,4828577918.88,4803479352.85,923246256.0,918447295.0,-10.15098177,-10.37859371,0.7567624,0.38320927,4.39054073,0.83904314
2024-10-18,5.32,1.720841300191,4911670081.92,4886139609.4,923246256.0,918447295.0,-10.32566406,-10.55719284,0.76978508,0.3898037,4.46609497,0.85348174
2024-10-21,5.31,-0.187969924812,4902437619.36,4876955136.45,923246256.0,918447295.0,-10.30625491,-10.53734849,0.76833811,0.38907098,4.45770005,0.85187745
2024-10-22,5.5,3.578154425612,5077854408.0,5051460122.5,923246256.0,918447295.0,-10.67502863,-10.91439109,0.79583043,0.40299254,4.61720345,0.88235894
2024-10-23,5.6,1.818181818182,5170179033.6,5143304852.0,923246256.0,918447295.0,-10.86912006,-11.11283457,0.81030008,0.41031968,4.7011526,0.89840183
2024-10-24,5.63,0.535714285714,5197876421.28,5170858270.85,923246256.0,918447295.0,-10.92734749,-11.17236761,0.81464097,0.41251782,4.72633735,0.9032147
2024-10-25,5.82,3.374777975133,5373293209.92,5345363256.9,923246256.0,918447295.0,-11.2961212,-11.54941021,0.8421333,0.42643938,4.88584074,0.93369619
2024-10-28,6.0,3.092783505155,5539477536.0,5510683770.0,923246256.0,918447295.0,-11.64548578,-11.90660846,0.86817866,0.43962823,5.03694921,0.96257339
2024-10-29,5.74,-4.333333333333,5299433509.44,5271887473.3,923246256.0,918447295.0,-11.14084806,-11.39065543,0.83055758,0.42057767,4.81868141,0.92086187
2024-10-30,5.76,0.348432055749,5317898434.56,5290256419.2,923246256.0,918447295.0,-11.17966635,-11.43034412,0.83345151,0.4220431,4.83547124,0.92407045
2024-10-31,5.96,3.472222222222,5502547685.76,5473945878.2,923246256.0,918447295.0,-15.39721512,-11.82723107,0.8623908,0.43669737,4.7969441,0.95155249
2024-11-01,5.89,-1.174496644295,5437920447.84,5409654567.55,923246256.0,918447295.0,-15.21637535,-11.68832064,0.85226205,0.43156838,4.74060416,0.94037653
2024-11-04,5.91,0.339558573854,5456385372.96,5428023513.45,923246256.0,918447295.0,-15.26804386,-11.72800934,0.85515598,0.43303381,4.75670128,0.94356966
2024-11-05,6.04,2.199661590525,5576407386.24,5547421661.8,923246256.0,918447295.0,-15.60388915,-11.98598585,0.87396651,0.44255908,4.86133261,0.964325
2024-11-06,6.08,0.662251655629,5613337236.48,5584159553.6,923246256.0,918447295.0,-15.70722617,-12.06536324,0.87975437,0.44548994,4.89352687,0.97071126
2024-11-07,6.23,2.467105263158,5751824174.88,5721926647.85,923246256.0,918447295.0,-16.09473997,-12.36302845,0.90145884,0.45648064,5.01425533,0.99465973
2024-11-08,6.1,-2.086677367576,5559132013.7,5529858351.6,911333117.0,906534156.0,-15.55554925,-11.94885399,0.87125902,0.44118806,4.8462725,0.96133758
2024-11-11,6.18,1.311475409836,5632038663.06,5602381084.08,911333117.0,906534156.0,-15.75955645,-12.10556028,0.88268537,0.44697414,4.90983017,0.97394529
2024-11-12,6.19,0.161812297735,5641151994.23,5611446425.64,911333117.0,906534156.0,-15.78505735,-12.12514856,0.88411366,0.44769739,4.91777488,0.97552125
2024-11-13,6.11,-1.292407108239,5568245344.87,5538923693.16,911333117.0,906534156.0,-15.58105015,-11.96844228,0.87268731,0.44191132,4.85421721,0.96291354
2024-11-14,5.97,-2.291325695581,5440658708.49,5412008911.32,911333117.0,906534156.0,-15.22403754,-11.69420629,0.8526912,0.43178569,4.74299128,0.94085006
2024-11-15,5.89,-1.340033500838,5367752059.13,5339486178.84,911333117.0,906534156.0,-15.02003034,-11.5375,0.84126486,0.42599962,4.67943361,0.92824235
2024-11-18,5.88,-0.169779286927,5358638727.96,5330420837.28,911333117.0,906534156.0,-14.99452944,-11.51791172,0.83983656,0.42527636,4.6714889,0.92666639
2024-11-19,5.97,1.530612244898,5440658708.49,5412008911.32,911333117.0,906534156.0,-15.22403754,-11.69420629,0.8526912,0.43178569,4.74299128,0.94085006
2024-11-20,6.24,4.522613065327,5686718650.08,5656773133.44,911333117.0,906534156.0,-15.91256185,-12.22308999,0.89125513,0.45131369,4.95749843,0.98340107
2024-11-21,6.23,-0.160256410256,5677605318.91,5647707791.88,911333117.0,906534156.0,-15.88706095,-12.2035017,0.88982683,0.45059043,4.94955372,0.9818251
2024-11-22,5.93,-4.815409309791,5404205383.81,5375747545.08,911333117.0,906534156.0,-15.12203394,-11.61585315,0.84697803,0.42889266,4.71121245,0.93454621
2024-11-25,6.01,1.349072512648,5477112033.17,5448270277.56,911333117.0,906534156.0,-15.32604115,-11.77255943,0.85840438,0.43467873,4.77477012,0.94715391
2024-11-26,5.96,-0.831946755408,5431545377.32,5402943569.76,911333117.0,906534156.0,-15.19853664,-11.674618,0.85126291,0.43106243,4.73504657,0.9392741
2024-11-27,6.0,0.671140939597,5467998702.0,5439204936.0,911333117.0,906534156.0,-15.30054025,-11.75297114,0.85697608,0.43395547,4.76682541,0.94557795
2024-11-28,6.0,0.0,5467998702.0,5439204936.0,911333117.0,906534156.0,-15.30054025,-11.75297114,0.85697608,0.43395547,4.76682541,0.94557795
2024-11-29,6.06,1.0,5522678689.02,5493596985.36,911333117.0,906534156.0,-15.45354565,-11.87050085,0.86554584,0.43829503,4.81449366,0.95503373
2024-12-02,6.17,1.815181518152,5622925331.89,5593315742.52,911333117.0,906534156.0,-15.73405555,-12.08597199,0.88125707,0.44625088,4.90188546,0.97236932
2024-12-03,6.21,0.64829821718,5659378656.57,5629577108.76,911333117.0,906534156.0,-15.83605915,-12.16432513,0.88697025,0.44914391,4.9336643,0.97867318
2024-12-04,6.06,-2.415458937198,5522678689.02,5493596985.36,911333117.0,906534156.0,-15.45354565,-11.87050085,0.86554584,0.43829503,4.81449366,0.95503373
2024-12-05,6.14,1.320132013201,5595585338.38,5566119717.84,911333117.0,906534156.0,-15.65755285,-12.02720714,0.87697219,0.4440811,4.87805134,0.96764143
2024-12-06,6.22,1.302931596091,5668491987.74,5638642450.32,911333117.0,906534156.0,-15.86156005,-12.18391342,0.88839854,0.44986717,4.94160901,0.98024914
2024-12-09,6.21,-0.16077170418,5659378656.57,5629577108.76,911333117.0,906534156.0,-15.83605915,-12.16432513,0.88697025,0.44914391,4.9336643,0.97867318
2024-12-10,6.1,-1.771336553945,5559132013.7,5529858351.6,911333117.0,906534156.0,-15.55554925,-11.94885399,0.87125902,0.44118806,4.8462725,0.96133758
2024-12-11,6.16,0.983606557377,5613812000.72,5584250400.96,911333117.0,906534156.0,-15.70855465,-12.06638371,0.87982878,0.44552762,4.89394075,0.97079336
2024-12-12,6.18,0.324675324675,5632038663.06,5602381084.08,911333117.0,906534156.0,-15.75955645,-12.10556028,0.88268537,0.44697414,4.90983017,0.97394529
2024-12-13,6.0,-2.912621359223,5467998702.0,5439204936.0,911333117.0,906534156.0,-15.30054025,-11.75297114,0.85697608,0.43395547,4.76682541,0.94557795
2024-12-16,5.87,-2.166666666667,5349525396.79,5321355495.72,911333117.0,906534156.0,-14.96902854,-11.49832343,0.83840827,0.4245531,4.66354419,0.92509043
2024-12-17,5.61,-4.42930153322,5112578786.37,5085656615.16,911333117.0,906534156.0,-14.30600513,-10.98902802,0.80127264,0.40574837,4.45698176,0.88411538
2024-12-18,5.59,-0.356506238859,5094352124.03,5067525932.04,911333117.0,906534156.0,-14.25500333,-10.94985145,0.79841605,0.40430185,4.44109234,0.88096346
2024-12-19,5.56,-0.536672629696,5067012130.52,5040329907.36,911333117.0,906534156.0,-14.17850063,-10.89108659,0.79413117,0.40213207,4.41725821,0.87623557
2024-12-20,5.64,1.438848920863,5139918779.88,5112852639.84,911333117.0,906534156.0,-14.38250783,-11.04779287,0.80555752,0.40791814,4.48081589,0.88884327
2024-12-23,5.58,-1.063829787234,5085238792.86,5058460590.48,911333117.0,906534156.0,-14.22950243,-10.93026316,0.79698776,0.40357859,4.43314763,0.87938749
2024-12-24,5.65,1.254480286738,5149032111.05,5121917981.4,911333117.0,906534156.0,-14.40800873,-11.06738116,0.80698581,0.4086414,4.48876059,0.89041924
2024-12-25,5.6,-0.884955752212,5103465455.2,5076591273.6,911333117.0,906534156.0,-14.28050423,-10.96943973,0.79984435,0.40502511,4.44903705,0.88253942
2024-12-26,5.65,0.892857142857,5149032111.05,5121917981.4,911333117.0,906534156.0,-14.40800873,-11.06738116,0.80698581,0.4086414,4.48876059,0.89041924
2024-12-27,5.73,1.41592920354,5221938760.41,5194440713.88,911333117.0,906534156.0,-14.61201593,-11.22408744,0.81841216,0.41442748,4.55231827,0.90302694
2024-12-30,5.63,-1.74520069808,5130805448.71,5103787298.28,911333117.0,906534156.0,-14.35700693,-11.02820459,0.80412923,0.40719488,4.47287118,0.88726731
2024-12-31,5.51,-2.131438721137,5021445474.67,4995003199.56,911333117.0,906534156.0,-14.05099613,48.68619409,0.77564041,0.39851577,4.37753467,0.86835575
2025-01-02,5.44,-1.270417422868,4957652156.48,4931545808.64,911333117.0,906534156.0,-13.87248982,48.0676762,0.76578654,0.05458636,4.32192171,0.85732401
2025-01-03,5.22,-4.044117647059,4757158870.74,4732108294.32,911333117.0,906534156.0,-13.31147001,46.12376282,0.73481723,0.05237882,4.14713811,0.82265282
2025-01-06,5.26,0.766283524904,4793612195.42,4768369660.56,911333117.0,906534156.0,-13.41347361,46.47720162,0.74044801,0.05278019,4.17891694,0.82895667
2025-01-07,5.35,1.71102661597,4875632175.95,4849957734.6,911333117.0,906534156.0,-13.64298172,47.27243891,0.75311727,0.05368327,4.25041932,0.84314034
2025-01-08,5.29,-1.121495327103,4820952188.93,4795565685.24,911333117.0,906534156.0,-13.48997632,46.74228072,0.7446711,0.05308122,4.20275107,0.83368456
2025-01-09,5.29,0.0,4820952188.93,4795565685.24,911333117.0,906534156.0,-13.48997632,46.74228072,0.7446711,0.05308122,4.20275107,0.83368456
2025-01-10,5.09,-3.780718336484,4638685565.53,4614258854.04,911333117.0,906534156.0,-12.97995831,44.97508674,0.71651718,0.05107437,4.04385689,0.80216529
2025-01-13,5.15,1.178781925344,4693365552.55,4668650903.4,911333117.0,906534156.0,-13.13296371,45.50524493,0.72496336,0.05167642,4.09152514,0.81162107
2025-01-14,5.26,2.135922330097,4793612195.42,4768369660.56,911333117.0,906534156.0,-13.41347361,46.47720162,0.74044801,0.05278019,4.17891694,0.82895667
2025-01-15,5.21,-0.950570342205,4748045539.57,4723042952.76,911333117.0,906534156.0,-13.28596911,46.03540312,0.73340953,0.05227848,4.1391934,0.82107685
2025-01-16,5.24,0.575815738964,4775385533.08,4750238977.44,911333117.0,906534156.0,-13.36247181,46.30048222,0.73763262,0.0525795,4.16302753,0.82580474
2025-01-17,5.76,9.923664122137,5249278753.92,5221636738.56,911333117.0,906534156.0,-14.68851864,50.89518656,0.8108328,0.05779732,4.57615239,0.90775483
2025-01-20,6.05,5.034722222222,5513565357.85,5484531643.8,911333117.0,906534156.0,-15.42804475,53.45761783,0.85165598,0.06070725,4.80654896,0.95345777
2025-01-21,5.97,-1.322314049587,5440658708.49,5412008911.32,911333117.0,906534156.0,-15.22403754,52.75074024,0.84039441,0.05990451,4.74299128,0.94085006
2025-01-22,5.81,-2.680067001675,5294845409.77,5266963446.36,911333117.0,906534156.0,-14.81602314,51.33698506,0.81787128,0.05829903,4.61587594,0.91563465
2025-01-23,5.85,0.688468158348,5331298734.45,5303224812.6,911333117.0,906534156.0,-14.91802674,51.69042385,0.82350206,0.0587004,4.64765478,0.9219385
2025-01-24,5.84,-0.17094017094,5322185403.28,5294159471.04,911333117.0,906534156.0,-14.89252584,51.60206416,0.82209437,0.05860006,4.63971007,0.92036254
2025-01-27,5.95,1.883561643836,5422432046.15,5393878228.2,911333117.0,906534156.0,-15.17303574,52.57402084,0.83757902,0.05970383,4.72710187,0.93769813
2025-02-05,6.05,1.680672268908,5513565357.85,5484531643.8,911333117.0,906534156.0,-15.42804475,53.45761783,0.85165598,0.06070725,4.80654896,0.95345777
2025-02-06,6.25,3.305785123967,5695831981.25,5665838475.0,911333117.0,906534156.0,-15.93806276,55.22481181,0.8798099,0.0627141,4.96544314,0.98497703
2025-02-07,6.68,6.88,6087705221.56,6055648162.08,911333117.0,906534156.0,-17.03460147,59.02427886,0.94034082,0.06702883,5.30706562,1.05274345
2025-02-10,6.85,2.544910179641,6242631851.45,6209758968.6,911333117.0,906534156.0,-17.46811678,60.52639374,0.96427165,0.06873466,5.44212568,1.07953483
2025-02-11,6.89,0.583941605839,6279085176.13,6246020334.84,911333117.0,906534156.0,-17.57012038,60.87983254,0.96990243,0.06913603,5.47390451,1.08583868
2025-02-12,6.91,0.290275761974,6297311838.47,6264151017.96,911333117.0,906534156.0,-17.62112218,61.05655194,0.97271782,0.06933671,5.48979393,1.0889906
2025-02-13,6.89,-0.289435600579,6279085176.13,6246020334.84,911333117.0,906534156.0,-17.57012038,60.87983254,0.96990243,0.06913603,5.47390451,1.08583868
2025-02-14,6.85,-0.580551523948,6242631851.45,6209758968.6,911333117.0,906534156.0,-17.46811678,60.52639374,0.96427165,0.06873466,5.44212568,1.07953483
2025-02-17,6.78,-1.021897810219,6178838533.26,6146301577.68,911333117.0,906534156.0,-17.28961048,59.90787585,0.95441778,0.06803226,5.38651271,1.06850308
2025-02-18,6.65,-1.917404129794,6060365228.05,6028452137.4,911333117.0,906534156.0,-16.95809877,58.75919977,0.93611773,0.06672781,5.2832315,1.04801556
2025-02-19,6.68,0.451127819549,6087705221.56,6055648162.08,911333117.0,906534156.0,-17.03460147,59.02427886,0.94034082,0.06702883,5.30706562,1.05274345
2025-02-20,6.86,2.694610778443,6251745182.62,6218824310.16,911333117.0,906534156.0,-17.49361768,60.61475344,0.96567934,0.068835,5.45007039,1.08111079
2025-02-21,6.9,0.583090379009,6288198507.3,6255085676.4,911333117.0,906534156.0,-17.59562128,60.96819224,0.97131013,0.06923637,5.48184922,1.08741464
2025-02-24,7.06,2.31884057971,6434011806.02,6400131141.36,911333117.0,906534156.0,-18.00363569,62.38194742,0.99383326,0.07084185,5.60896457,1.11263005
2025-02-25,6.9,-2.266288951841,6288198507.3,6255085676.4,911333117.0,906534156.0,-17.59562128,60.96819224,0.97131013,0.06923637,5.48184922,1.08741464
2025-02-26,6.92,0.289855072464,6306425169.64,6273216359.52,911333117.0,906534156.0,-17.64662308,61.14491164,0.97412552,0.06943705,5.49773864,1.09056657
2025-02-27,6.87,-0.722543352601,6260858513.79,6227889651.72,911333117.0,906534156.0,-17.51911858,60.70311314,0.96708704,0.06893534,5.4580151,1.08268675
2025-02-28,6.7,-2.474526928675,6105931883.9,6073778845.2,911333117.0,906534156.0,-17.08560327,59.20099826,0.94315621,0.06722952,5.32295504,1.05589538
2025-03-03,6.81,1.641791044776,6206178526.77,6173497602.36,911333117.0,906534156.0,-17.36611318,60.17295495,0.95864086,0.06833329,5.41034684,1.07323097
2025-03-04,6.88,1.027900146843,6269971844.96,6236954993.28,911333117.0,906534156.0,-17.54461948,60.79147284,0.96849474,0.06903568,5.4659598,1.08426271
2025-03-05,6.88,0.0,6269971844.96,6236954993.28,911333117.0,906534156.0,-17.54461948,60.79147284,0.96849474,0.06903568,5.4659598,1.08426271
2025-03-06,6.89,0.145348837209,6279085176.13,6246020334.84,911333117.0,906534156.0,-17.57012038,60.87983254,0.96990243,0.06913603,5.47390451,1.08583868
2025-03-07,7.08,2.757619738752,6452238468.36,6418261824.48,911333117.0,906534156.0,-18.05463749,62.55866682,0.99664865,0.07104254,5.62485398,1.11578198
2025-03-10,7.13,0.706214689266,6497805124.21,6463588532.28,911333117.0,906534156.0,-18.18214199,63.00046531,1.00368713,0.07154425,5.66457753,1.1236618
2025-03-11,7.03,-1.40252454418,6406671812.51,6372935116.68,911333117.0,906534156.0,-17.92713299,62.11686832,0.98961017,0.07054082,5.58513044,1.10790216
2025-03-12,6.97,-0.853485064011,6351991825.49,6318543067.32,911333117.0,906534156.0,-17.77412758,61.58671013,0.981164,0.06993877,5.53746219,1.09844638
2025-03-13,7.05,1.147776183644,6424898474.85,6391065799.8,911333117.0,906534156.0,-17.97813479,62.29358772,0.99242557,0.07074151,5.60101986,1.11105409
2025-03-14,7.05,0.0,6424898474.85,6391065799.8,911333117.0,906534156.0,-17.97813479,62.29358772,0.99242557,0.07074151,5.60101986,1.11105409
2025-03-17,7.02,-0.425531914894,6397558481.34,6363869775.12,911333117.0,906534156.0,-17.90163209,62.02850863,0.98820248,0.07044048,5.57718573,1.1063262
2025-03-18,7.21,2.706552706553,6570711773.57,6536111264.76,911333117.0,906534156.0,-18.38614919,63.7073429,1.0149487,0.07234699,5.7281352,1.1362695
2025-03-19,7.1,-1.525658807212,6470465130.7,6436392507.6,911333117.0,906534156.0,-18.10563929,62.73538622,0.99946404,0.07124322,5.6407434,1.11893391
2025-03-20,7.09,-0.140845070423,6461351799.53,6427327166.04,911333117.0,906534156.0,-18.08013839,62.64702652,0.99805635,0.07114288,5.63279869,1.11735794
2025-03-21,7.03,-0.846262341326,6406671812.51,6372935116.68,911333117.0,906534156.0,-17.92713299,62.11686832,0.98961017,0.07054082,5.58513044,1.10790216
2025-03-24,6.99,-0.568990042674,6370218487.83,6336673750.44,911333117.0,906534156.0,-17.82512939,61.76342953,0.98397939,0.07013945,5.5533516,1.10159831
2025-03-25,7.07,1.144492131617,6443125137.19,6409196482.92,911333117.0,906534156.0,-18.02913659,62.47030712,0.99524096,0.07094219,5.61690928,1.11420602
2025-03-26,7.14,0.990099009901,6506918455.38,6472653873.84,911333117.0,906534156.0,-18.20764289,63.08882501,1.00509483,0.07164459,5.67252224,1.12523776
2025-03-27,7.28,1.960784313725,6634505091.76,6599568655.68,911333117.0,906534156.0,-18.5646555,64.3258608,1.02480257,0.07304939,5.78374816,1.14730124
2025-03-28,7.28,0.0,6634505091.76,6599568655.68,911333117.0,906534156.0,-18.5646555,64.3258608,1.02480257,0.07304939,5.78374816,1.14730124
2025-03-31,6.92,-4.945054945055,6306425169.64,6273216359.52,911333117.0,906534156.0,-17.64662308,61.14491164,0.98141899,0.06943705,5.49773864,1.09056657
2025-04-01,7.04,1.734104046243,6415785143.68,6382000458.24,911333117.0,906534156.0,-17.95263389,62.20522802,0.99843781,0.07064117,5.59307515,1.10947813
2025-04-02,7.03,-0.142045454545,6406671812.51,6372935116.68,911333117.0,906534156.0,-17.92713299,62.11686832,0.99701958,0.07054082,5.58513044,1.10790216
2025-04-03,6.96,-0.99573257468,6342878494.32,6309477725.76,911333117.0,906534156.0,-17.74862668,61.49835043,0.98709193,0.06983843,5.52951748,1.09687042
2025-04-07,6.26,-10.057471264368,5704945312.42,5674903816.56,911333117.0,906534156.0,-15.96356366,55.31317151,0.88781544,0.06281445,4.97338785,0.98655299
2025-04-08,5.91,-5.591054313099,5385978721.47,5357616861.96,911333117.0,906534156.0,-15.07103214,52.22058205,0.8381772,0.05930246,4.69532303,0.93139428
2025-04-09,5.92,0.169204737733,5395092052.64,5366682203.52,911333117.0,906534156.0,-15.09653304,52.30894175,0.83959543,0.0594028,4.70326774,0.93297024
2025-04-10,6.08,2.702702702703,5540905351.36,5511727668.48,911333117.0,906534156.0,-15.50454745,53.72269693,0.8622872,0.06100828,4.83038308,0.95818566
2025-04-11,6.12,0.657894736842,5577358676.04,5547989034.72,911333117.0,906534156.0,-15.60655105,54.07613572,0.86796015,0.06140965,4.86216192,0.96448951
2025-04-14,6.24,1.960784313725,5686718650.08,5656773133.44,911333117.0,906534156.0,-15.91256185,55.13645211,0.88497897,0.06261376,4.95749843,0.98340107
2025-04-15,6.25,0.160256410256,5695831981.25,5665838475.0,911333117.0,906534156.0,-15.93806276,55.22481181,0.88639721,0.0627141,4.96544314,0.98497703
2025-04-16,6.11,-2.24,5568245344.87,5538923693.16,911333117.0,906534156.0,-15.58105015,53.98777603,0.86654191,0.06130931,4.85421721,0.96291354
2025-04-17,6.2,1.472995090016,5650265325.4,5620511767.2,911333117.0,906534156.0,-15.81055825,54.78301332,0.87930603,0.06221239,4.92571959,0.97709721
2025-04-18,6.22,0.322580645161,5668491987.74,5638642450.32,911333117.0,906534156.0,-15.86156005,54.95973271,0.8821425,0.06241308,4.94160901,0.98024914
2025-04-21,6.42,3.215434083601,5850758611.14,5819949281.52,911333117.0,906534156.0,-16.37157806,56.72692669,0.91050721,0.06441993,5.10050319,1.01176841
2025-04-22,6.63,3.271028037383,6042138565.71,6010321454.28,911333117.0,906534156.0,-16.90709697,58.58248037,0.94029016,0.06652712,5.26734208,1.04486363
2025-04-23,6.65,0.301659125189,6060365228.05,6028452137.4,911333117.0,906534156.0,-16.95809877,58.75919977,0.94312663,0.06672781,5.2832315,1.04801556
2025-04-24,6.47,-2.706766917293,5896325266.99,5865275989.32,911333117.0,906534156.0,-16.49908256,57.16872519,0.91759839,0.06492164,5.14022673,1.01964822
2025-04-25,6.52,0.772797527048,5941891922.84,5910602697.12,911333117.0,906534156.0,57.61052368,57.61052368,0.92468957,0.06542335,4.80259857,1.04669708
2025-04-28,6.43,-1.38036809816,5859871942.31,5829014623.08,911333117.0,906534156.0,56.81528639,56.81528639,0.91192545,0.06452027,4.73630503,1.03224881
2025-04-29,6.5,1.088646967341,5923665260.5,5892472014.0,911333117.0,906534156.0,39.44825461,57.43380428,0.9218531,0.06522267,4.76591868,1.03542022
2025-04-30,6.32,-2.769230769231,5759625299.44,5729295865.92,911333117.0,906534156.0,38.35584141,55.8433297,0.89632486,0.0634165,4.63393939,1.00674704
2025-05-06,6.55,3.639240506329,5969231916.35,5937798721.8,911333117.0,906534156.0,39.75170272,57.87560278,0.92894427,0.06572438,4.80257959,1.04338499
2025-05-07,6.55,0.0,5969231916.35,5937798721.8,911333117.0,906534156.0,39.75170272,57.87560278,0.92894427,0.06572438,4.80257959,1.04338499
2025-05-08,6.53,-0.30534351145,5951005254.01,5919668038.68,911333117.0,906534156.0,39.63032348,57.69888338,0.9261078,0.06552369,4.78791522,1.04019908
2025-05-09,6.41,-1.837672281776,5841645279.97,5810883939.96,911333117.0,906534156.0,38.90204801,56.63856699,0.90908898,0.06431958,4.69992903,1.02108363
2025-05-12,6.45,0.624024960998,5878098604.65,5847145306.2,911333117.0,906534156.0,39.1448065,56.99200579,0.91476192,0.06472095,4.72925776,1.02745545
2025-05-13,6.51,0.93023255814,5932778591.67,5901537355.56,911333117.0,906534156.0,39.50894423,57.52216398,0.92327133,0.06532301,4.77325086,1.03701317
2025-05-14,6.54,0.460829493088,5960118585.18,5928733380.24,911333117.0,906534156.0,39.6910131,57.78724308,0.92752604,0.06562404,4.79524741,1.04179203
2025-05-15,6.46,-1.223241590214,5887211935.82,5856210647.76,911333117.0,906534156.0,39.20549612,57.08036549,0.91618015,0.0648213,4.73658995,1.0290484
2025-05-16,6.44,-0.30959752322,5868985273.48,5838079964.64,911333117.0,906534156.0,39.08411688,56.90364609,0.91334368,0.06462061,4.72192558,1.02586249
2025-05-19,6.47,0.465838509317,5896325266.99,5865275989.32,911333117.0,906534156.0,39.26618574,57.16872519,0.91759839,0.06492164,4.74392213,1.03064135
2025-05-20,6.46,-0.15455950541,5887211935.82,5856210647.76,911333117.0,906534156.0,39.20549612,57.08036549,0.91618015,0.0648213,4.73658995,1.0290484
2025-05-21,6.43,-0.46439628483,5859871942.31,5829014623.08,911333117.0,906534156.0,39.02342725,56.81528639,0.91192545,0.06452027,4.7145934,1.02426954
2025-05-22,6.33,-1.555209953344,5768738630.61,5738361207.48,911333117.0,906534156.0,38.41653103,55.9316894,0.89774309,0.06351684,4.64127157,1.00834
2025-05-23,6.62,4.581358609795,6033025234.54,6001256112.72,911333117.0,906534156.0,40.17653008,58.49412067,0.93887192,0.06642678,4.85390487,1.05453567
2025-05-26,6.55,-1.057401812689,5969231916.35,5937798721.8,911333117.0,906534156.0,39.75170272,57.87560278,0.92894427,0.06572438,4.80257959,1.04338499
2025-05-27,6.91,5.496183206107,6297311838.47,6264151017.96,911333117.0,906534156.0,41.93652913,61.05655194,0.98000075,0.06933671,5.06653816,1.10073134
2025-05-28,7.6,9.985528219971,6926131689.2,6889659585.6,911333117.0,906534156.0,46.12411308,67.15337116,1.077859,0.07626035,5.57245876,1.21064518
2025-05-29,8.36,10.0,7618744858.12,7578625544.16,911333117.0,906534156.0,50.73652439,73.86870828,1.1856449,0.08388638,6.12970464,1.33170969
2025-05-30,9.2,10.047846889952,8384264676.4,8340114235.2,911333117.0,906534156.0,55.83445268,81.29092298,1.30477669,0.09231516,6.74560797,1.46551784
2025-06-03,10.12,10.0,9222691144.04,9174125658.72,911333117.0,906534156.0,61.41789795,89.42001528,1.43525436,0.10154668,7.42016877,1.61206963
2025-06-04,10.88,7.509881422925,9915304312.96,9863091617.28,911333117.0,906534156.0,66.03030925,96.1353524,1.54304026,0.10917271,7.97741465,1.73313415
2025-06-05,11.97,10.018382352941,10908657410.49,10851213847.32,911333117.0,906534156.0,72.6454781,105.76655958,1.69762793,0.12011005,8.77662255,1.90676615
2025-06-06,12.8,6.934001670844,11665063897.6,11603637196.8,911333117.0,906534156.0,77.68271677,113.10041459,1.81534148,0.12843848,9.3851937,2.03898135
2025-06-09,14.08,10.0,12831570287.36,12764000916.48,911333117.0,906534156.0,85.45098845,124.41045605,1.99687563,0.14128233,10.32371307,2.24287948
2025-06-10,14.8,5.113636363636,13487730131.6,13416705508.8,911333117.0,906534156.0,89.82064127,130.77235437,2.09898859,0.148507,10.85163022,2.35757219
2025-06-11,13.32,-10.0,12138957118.44,12075034957.92,911333117.0,906534156.0,80.83857714,117.69511893,1.88908973,0.1336563,9.76646719,2.12181497
2025-06-12,12.87,-3.378378378378,11728857215.79,11667094587.72,911333117.0,906534156.0,78.10754413,113.71893248,1.82526913,0.12914088,9.43651898,2.05013203
2025-06-13,13.08,1.631701631702,11920237170.36,11857466760.48,911333117.0,906534156.0,79.3820262,115.57448616,1.85505208,0.13124807,9.59049481,2.08358407
2025-06-16,13.77,5.275229357798,12549057021.09,12482975328.12,911333117.0,906534156.0,83.56961015,121.67130538,1.95291033,0.13817171,10.09641541,2.1934979
2025-06-17,13.13,-4.647785039942,11965803826.21,11902793468.28,911333117.0,906534156.0,79.68547431,116.01628465,1.86214325,0.13174979,9.62715573,2.09154884
2025-06-18,11.82,-9.97715156131,10771957442.94,10715233723.92,911333117.0,906534156.0,71.73513377,104.4411641,1.6763544,0.11860491,8.66663981,1.88287184
2025-06-19,12.04,1.861252115059,10972450728.68,10914671238.24,911333117.0,906534156.0,73.07030546,106.38507747,1.70755558,0.12081245,8.82794782,1.91791683
2025-06-20,12.18,1.162790697674,11100037365.06,11041586020.08,911333117.0,906534156.0,73.91996018,107.62211326,1.72741088,0.12221724,8.93059838,1.94021819
2025-06-23,12.95,6.32183908046,11801763865.15,11739617320.2,911333117.0,906534156.0,78.59306111,114.42581007,1.83661501,0.12994362,9.49517644,2.06287566
2025-06-24,13.48,4.092664092664,12284770417.16,12220080422.88,911333117.0,906534156.0,81.8096111,119.10887411,1.9117815,0.13526178,9.88378212,2.14730223
2025-06-25,12.14,-9.940652818991,11063584040.38,11005324653.84,911333117.0,906534156.0,73.67720169,107.26867446,1.72173794,0.12181587,8.90126965,1.93384637
2025-06-26,11.62,-4.283360790774,10589690819.54,10533926892.72,911333117.0,906534156.0,70.52134132,102.67397012,1.64798969,0.11659806,8.51999616,1.85101276
2025-06-27,11.05,-4.905335628227,10070230942.85,10017202423.8,911333117.0,906534156.0,67.06203284,97.63746728,1.56715026,0.11087853,8.10206175,1.76021437
2025-06-30,11.0,-0.452488687783,10024664287.0,9971875716.0,911333117.0,906534156.0,66.75858472,97.19566879,1.52480963,0.11037682,8.06540084,1.7522496
2025-07-01,11.15,1.363636363636,10161364254.55,10107855839.4,911333117.0,906534156.0,67.66892906,98.52106427,1.54560249,0.11188196,8.17538358,1.77614391
2025-07-02,10.77,-3.408071748879,9815057670.09,9763372860.12,911333117.0,906534156.0,65.36272341,95.16339571,1.49292725,0.10806894,7.89676064,1.71561165
2025-07-03,10.93,1.485608170845,9960870968.81,9908418325.08,911333117.0,906534156.0,66.33375737,96.57715089,1.5151063,0.10967442,8.01407556,1.74109892
2025-07-04,10.82,-1.006404391583,9860624325.94,9808699567.92,911333117.0,906534156.0,65.66617152,95.60519421,1.4998582,0.10857066,7.93342155,1.72357642
2025-07-07,10.84,0.184842883549,9878850988.28,9826830251.04,911333117.0,906534156.0,65.78755076,95.7819136,1.50263058,0.10877134,7.94808592,1.72676233
2025-07-08,10.86,0.184501845018,9897077650.62,9844960934.16,911333117.0,906534156.0,65.90893001,95.958633,1.50540297,0.10897203,7.96275028,1.72994824
2025-07-09,10.62,-2.209944751381,9678357702.54,9627392736.72,911333117.0,906534156.0,64.45237907,93.83800023,1.47213439,0.1065638,7.7867779,1.69171734
2025-07-10,10.63,0.283018867925,9687471033.71,9636458078.28,911333117.0,906534156.0,64.51306869,93.92635993,1.47352058,0.10666415,7.79411008,1.69331029
2025-07-11,10.65,0.188146754468,9705697696.05,9654588761.4,911333117.0,906534156.0,64.63444794,94.10307932,1.47629296,0.10686483,7.80877445,1.6964962
2025-07-14,10.59,-0.56338028169,9651017709.03,9600196712.04,911333117.0,906534156.0,64.2703102,93.57292113,1.46797582,0.10626278,7.76478135,1.68693848
2025-07-15,10.38,-1.983002832861,9459637754.46,9409824539.28,911333117.0,906534156.0,62.99582813,91.71736745,1.43886582,0.10415558,7.61080552,1.65348644
2025-07-16,10.46,0.770712909441,9532544403.82,9482347271.76,911333117.0,906534156.0,63.48134511,92.42424505,1.44995534,0.10495832,7.66946298,1.66623007
2025-07-17,10.51,0.478011472275,9578111059.67,9527673979.56,911333117.0,906534156.0,63.78479322,92.86604354,1.4568863,0.10546004,7.70612389,1.67419484
2025-07-18,10.44,-0.666032350143,9514317741.48,9464216588.64,911333117.0,906534156.0,63.35996587,92.24752565,1.44718296,0.10475764,7.65479861,1.66304416
2025-07-21,10.35,-0.862068965517,9432297760.95,9382628514.6,911333117.0,906534156.0,62.81375926,91.45228836,1.43470725,0.10385455,7.58880897,1.64870758
2025-07-22,10.24,-1.062801932367,9332051118.08,9282909757.44,911333117.0,906534156.0,62.14617342,90.48033167,1.41945915,0.10275079,7.50815496,1.63118508
2025-07-23,10.09,-1.46484375,9195351150.53,9146929634.04,911333117.0,906534156.0,61.23582908,89.15493619,1.39866629,0.10124565,7.39817222,1.60729077
2025-07-24,10.3,2.081268582755,9386731105.1,9337301806.8,911333117.0,906534156.0,62.51031115,91.01048986,1.42777629,0.10335284,7.55214806,1.6407428
2025-07-25,10.35,0.485436893204,9432297760.95,9382628514.6,911333117.0,906534156.0,62.81375926,91.45228836,1.43470725,0.10385455,7.58880897,1.64870758
2025-07-28,10.38,0.289855072464,9459637754.46,9409824539.28,911333117.0,906534156.0,62.99582813,91.71736745,1.43886582,0.10415558,7.61080552,1.65348644
2025-07-29,10.48,0.963391136802,9550771066.16,9500477954.88,911333117.0,906534156.0,63.60272436,92.60096444,1.45272772,0.10515901,7.68412734,1.66941598
2025-07-30,10.64,1.526717557252,9696584364.88,9645523419.84,911333117.0,906534156.0,64.57375832,94.01471963,1.47490677,0.10676449,7.80144226,1.69490325
2025-07-31,10.35,-2.725563909774,9432297760.95,9382628514.6,911333117.0,906534156.0,62.81375926,91.45228836,1.43470725,0.10385455,7.58880897,1.64870758
2025-08-01,11.05,6.763285024155,10070230942.85,10017202423.8,911333117.0,906534156.0,67.06203284,97.63746728,1.53174059,0.11087853,8.10206175,1.76021437
2025-08-04,11.1,0.452488687783,10115797598.7,10062529131.6,911333117.0,906534156.0,67.36548095,98.07926577,1.53867154,0.11138025,8.13872266,1.76817914
2025-08-05,10.75,-3.153153153153,9796831007.75,9745242177.0,911333117.0,906534156.0,65.24134416,94.98667631,1.49015487,0.10786826,7.88209627,1.71242574
2025-08-06,10.63,-1.116279069767,9687471033.71,9636458078.28,911333117.0,906534156.0,64.51306869,93.92635993,1.47352058,0.10666415,7.79411008,1.69331029
2025-08-07,10.18,-4.233301975541,9277371131.06,9228517708.08,911333117.0,906534156.0,61.78203568,89.95017348,1.41114201,0.10214873,7.46416187,1.62162735
2025-08-08,9.9,-2.750491159136,9022197858.3,8974688144.4,911333117.0,906534156.0,60.08272625,87.47610191,1.37232867,0.09933914,7.25886075,1.57702464
2025-08-11,9.97,0.707070707071,9085991176.49,9038145535.32,911333117.0,906534156.0,60.50755361,88.0946198,1.382032,0.10004154,7.31018603,1.58817532
2025-08-12,10.06,0.902708124373,9168011157.02,9119733609.36,911333117.0,906534156.0,61.05376021,88.88985709,1.39450772,0.10094462,7.37617567,1.6025119
2025-08-13,10.03,-0.298210735586,9140671163.51,9092537584.68,911333117.0,906534156.0,60.87169134,88.62477799,1.39034915,0.10064359,7.35417913,1.59773304
2025-08-14,9.98,-0.49850448654,9095104507.66,9047210876.88,911333117.0,906534156.0,60.56824323,88.1829795,1.3834182,0.10014188,7.31751821,1.58976827
2025-08-15,9.98,0.0,9095104507.66,9047210876.88,911333117.0,906534156.0,60.56824323,88.1829795,1.3834182,0.10014188,7.31751821,1.58976827
2025-08-18,10.2,2.204408817635,9295597793.4,9246648391.2,911333117.0,906534156.0,61.90341493,90.12689287,1.41391439,0.10234942,7.47882623,1.62481326
2025-08-19,10.17,-0.294117647059,9268257799.89,9219452366.52,911333117.0,906534156.0,61.72134606,89.86181378,1.40975582,0.10204839,7.45682968,1.6200344
2025-08-20,10.4,2.261553588987,9477864416.8,9427955222.4,911333117.0,906534156.0,63.11720738,91.89408685,1.4416382,0.10435627,7.62546988,1.65667235
2025-08-21,10.83,4.134615384615,9869737657.11,9817764909.48,911333117.0,906534156.0,65.72686114,95.6935539,1.50124439,0.108671,7.94075373,1.72516938
2025-08-22,10.6,-2.123730378578,9660131040.2,9609262053.6,911333117.0,906534156.0,64.33099983,93.66128083,1.46936201,0.10636312,7.77211353,1.68853143
2025-08-25,10.5,-0.943396226415,9568997728.5,9518608638.0,911333117.0,906534156.0,63.7241036,92.77768384,1.45550011,0.10535969,7.69879171,1.67260189
2025-08-26,10.59,0.857142857143,9651017709.03,9600196712.04,911333117.0,906534156.0,64.2703102,93.57292113,1.46797582,0.10626278,7.76478135,1.68693848
2025-08-27,11.65,10.009442870633,10617030813.05,10561122917.4,911333117.0,906534156.0,33.92891902,102.93904921,1.61491202,0.11689909,11.5697022,1.81535482
2025-08-28,12.13,4.12017167382,11054470709.21,10996259312.28,911333117.0,906534156.0,35.32684873,107.18031476,1.68144917,0.12171553,12.04639379,1.89015056
2025-08-29,11.38,-6.183017312448,10370970871.46,10316358695.28,911333117.0,906534156.0,33.14258356,100.55333734,1.57748488,0.11418984,11.30156318,1.77328222
2025-09-01,11.95,5.008787346221,10890430748.15,10833083164.2,911333117.0,906534156.0,34.80262509,105.58984018,1.65649774,0.11990937,11.86763444,1.86210216
2025-09-02,11.33,-5.188284518828,10325404215.61,10271031987.48,911333117.0,906534156.0,32.99696588,100.11153885,1.57055392,0.11368813,11.2519078,1.765491
2025-09-03,10.9,-3.795233892321,9933530975.3,9881222300.4,911333117.0,906534156.0,31.74465385,96.3120718,1.51094773,0.1093734,10.82487159,1.69848649
2025-09-04,10.68,-2.018348623853,9733037689.56,9681784786.08,911333117.0,906534156.0,31.10393606,94.36815842,1.48045154,0.10716586,10.60638794,1.66420511
2025-09-05,10.97,2.715355805243,9997324293.49,9944679691.32,911333117.0,906534156.0,31.9485186,96.93058969,1.52065106,0.11007579,10.89438911,1.7093942
2025-09-08,11.47,4.557885141294,10452990851.99,10397946769.32,911333117.0,906534156.0,33.40469538,101.34857463,1.58996059,0.11509292,11.39094285,1.78730642
2025-09-09,11.32,-1.307759372276,10316290884.44,10261966645.92,911333117.0,906534156.0,32.96784234,100.02317915,1.56916773,0.11358778,11.24197673,1.76393275
2025-09-10,11.2,-1.060070671378,10206930910.4,10153182547.2,911333117.0,906534156.0,32.61835992,98.96286276,1.55253345,0.11238367,11.12280383,1.74523382
2025-09-11,11.27,0.625,10270724228.59,10216639938.12,911333117.0,906534156.0,32.82222467,99.58138066,1.56223678,0.11308607,11.19232135,1.75614153
2025-09-12,11.28,0.088731144632,10279837559.76,10225705279.68,911333117.0,906534156.0,32.8513482,99.66974035,1.56362297,0.11318641,11.20225243,1.75769978
2025-09-15,11.35,0.620567375887,10343630877.95,10289162670.6,911333117.0,906534156.0,33.05521295,100.28825825,1.5733263,0.11388881,11.27176995,1.76860749
2025-09-16,11.19,-1.409691629956,10197817579.23,10144117205.64,911333117.0,906534156.0,32.58923638,98.87450306,1.55114725,0.11228333,11.11287276,1.74367558
2025-09-17,11.05,-1.251117068811,10070230942.85,10017202423.8,911333117.0,906534156.0,32.18150688,97.63746728,1.53174059,0.11087853,10.97383771,1.72186015
2025-09-18,10.87,-1.628959276018,9906190981.79,9854026275.72,911333117.0,906534156.0,31.65728324,96.0469927,1.50678916,0.10907237,10.79507836,1.69381175
2025-09-19,10.85,-0.183992640294,9887964319.45,9835895592.6,911333117.0,906534156.0,31.59903617,95.8702733,1.50401678,0.10887168,10.77521621,1.69069526
2025-09-22,10.68,-1.566820276498,9733037689.56,9681784786.08,911333117.0,906534156.0,31.10393606,94.36815842,1.48045154,0.10716586,10.60638794,1.66420511
2025-09-23,10.37,-2.902621722846,9450524423.29,9400759197.72,911333117.0,906534156.0,30.20110646,91.62900776,1.43747963,0.10405524,10.29852462,1.61589953
2025-09-24,10.48,1.06075216972,9550771066.16,9500477954.88,911333117.0,906534156.0,30.52146535,92.60096444,1.45272772,0.10515901,10.40776644,1.63304022
2025-09-25,10.51,0.286259541985,9578111059.67,9527673979.56,911333117.0,906534156.0,30.60883596,92.86604354,1.4568863,0.10546004,10.43755967,1.63771495
2025-09-26,10.5,-0.095147478592,9568997728.5,9518608638.0,911333117.0,906534156.0,30.57971242,92.77768384,1.45550011,0.10535969,10.42762859,1.63615671
2025-09-29,10.64,1.333333333333,9696584364.88,9645523419.84,911333117.0,906534156.0,30.98744192,94.01471963,1.47490677,0.10676449,10.56666364,1.65797213
2025-09-30,10.96,3.007518796992,9988210962.32,9935614349.76,911333117.0,906534156.0,31.91939506,96.84222999,1.50043377,0.10997545,10.88445803,1.70783595
2025-10-09,11.27,2.828467153285,10270724228.59,10216639938.12,911333117.0,906534156.0,32.82222467,99.58138066,1.54287305,0.11308607,11.19232135,1.75614153
2025-10-10,11.38,0.976042590949,10370970871.46,10316358695.28,911333117.0,906534156.0,33.14258356,100.55333734,1.55793215,0.11418984,11.30156318,1.77328222
2025-10-13,11.95,5.008787346221,10890430748.15,10831906089.2,911333117.0,906435656.0,34.80262509,105.58984018,1.63596565,0.11990937,11.86763444,1.86210216
2025-10-14,11.78,-1.422594142259,10735504118.26,10677812027.68,911333117.0,906435656.0,34.30752498,104.0877253,1.6126925,0.11820354,11.69880617,1.835612
2025-10-15,11.72,-0.509337860781,10680824131.24,10623425888.32,911333117.0,906435656.0,34.13278377,103.55756711,1.60447845,0.11760149,11.63921972,1.82626253
2025-10-16,11.55,-1.450511945392,10525897501.35,10469331826.8,911333117.0,906435656.0,33.63768366,102.05545222,1.5812053,0.11589566,11.47039145,1.79977238
2025-10-17,11.48,-0.606060606061,10462104183.16,10405881330.88,911333117.0,906435656.0,33.43381891,101.43693433,1.57162224,0.11519326,11.40087393,1.78886467
2025-10-20,11.38,-0.871080139373,10370970871.46,10315237765.28,911333117.0,906435656.0,33.14258356,100.55333734,1.55793215,0.11418984,11.30156318,1.77328222
2025-10-21,11.53,1.318101933216,10507670839.01,10451203113.68,911333117.0,906435656.0,33.57943659,101.87873283,1.57846728,0.11569498,11.4505293,1.79665589
2025-10-22,11.43,-0.867302688638,10416537527.31,10360559548.08,911333117.0,906435656.0,33.28820124,100.99513584,1.56477719,0.11469155,11.35121855,1.78107344
2025-10-23,11.47,0.349956255468,10452990851.99,10396816974.32,911333117.0,906435656.0,33.40469538,101.34857463,1.57025323,0.11509292,11.39094285,1.78730642
2025-10-24,11.66,1.656495204882,10626144144.22,10569039748.96,911333117.0,906435656.0,33.95804256,103.02740891,1.5962644,0.11699943,11.57963327,1.81691307
2025-10-27,12.12,3.945111492281,11045357378.04,10986000150.72,911333117.0,906435656.0,35.29772519,107.09195506,1.65923881,0.12161519,12.03646272,1.88859231
2025-10-28,11.4,-5.940594059406,10389197533.8,10333366478.4,911333117.0,906435656.0,26.88311266,100.73005674,1.56067016,0.11439052,8.43502267,1.72110325
2025-10-29,11.34,-0.526315789474,10334517546.78,10278980339.04,911333117.0,906435656.0,26.7416226,100.19989855,1.55245611,0.11378847,8.39062781,1.71204481
2025-10-30,11.37,0.26455026455,10361857540.29,10306173408.72,911333117.0,906435656.0,26.81236763,100.46497764,1.55656314,0.1140895,8.41282524,1.71657403
2025-10-31,11.83,4.045734388742,10781070774.11,10723133810.48,911333117.0,906435656.0,27.89712481,104.52952379,1.61953755,0.11870525,8.7531858,1.78602206
2025-11-03,11.99,1.352493660186,10926884072.83,10868163515.44,911333117.0,906435656.0,28.27443165,105.94327898,1.64144169,0.12031074,8.87157208,1.81017789
2025-11-04,12.0,0.083402835696,10935997404.0,10877227872.0,911333117.0,906435656.0,28.29801333,106.03163868,1.6428107,0.12041108,8.87897123,1.81168763
2025-11-05,11.77,-1.916666666667,10726390787.09,10668747671.12,911333117.0,906435656.0,27.75563474,103.9993656,1.61132349,0.1181032,8.70879094,1.77696362
2025-11-06,11.69,-0.679694137638,10653484137.73,10596232818.64,911333117.0,906435656.0,27.56698132,103.29248801,1.60037142,0.11730046,8.6495978,1.7648857
2025-11-07,12.86,10.008554319932,11719743884.62,11656762536.16,911333117.0,906435656.0,30.32603762,113.63057278,1.76054547,0.12904054,9.5152975,1.94152525
2025-11-10,12.96,0.777604976672,11662356892.32,11598885797.76,899873217.0,894975756.0,30.1775429,113.0741684,1.75192476,0.12840868,9.46870482,1.93201836
2025-11-11,13.4,3.395061728395,12058301107.8,11992675130.4,899873217.0,894975756.0,31.20208911,116.91310622,1.81140369,0.13276823,9.79017319,1.99761157
2025-11-12,13.2,-1.492537313433,11878326464.4,11813679979.2,899873217.0,894975756.0,30.73638628,115.16813448,1.78436782,0.13078662,9.6440512,1.96779647
2025-11-13,14.0,6.060606060606,12598225038.0,12529660584.0,899873217.0,894975756.0,32.59919757,122.14802142,1.89251132,0.13871308,10.22853915,2.08705687
2025-11-14,15.4,10.0,13858047541.8,13782626642.4,899873217.0,894975756.0,35.85911733,134.36282356,2.08176245,0.15258439,11.25139307,2.29576255
2025-11-17,15.0,-2.597402597403,13498098255.0,13424636340.0,899873217.0,894975756.0,34.92771169,130.8728801,2.0276907,0.14862115,10.95914909,2.23613236
2025-11-18,14.11,-5.933333333333,12697211091.87,12628107917.16,899873217.0,894975756.0,32.85533413,123.10775588,1.90738105,0.13980297,10.30890625,2.10345517
2025-11-19,13.69,-2.97661233168,12319264340.73,12252218099.64,899873217.0,894975756.0,31.8773582,119.44331523,1.85060571,0.13564157,10.00205007,2.04084347
2025-11-20,13.15,-3.944485025566,11833332803.55,11768931191.4,899873217.0,894975756.0,30.61996058,114.73189155,1.77760885,0.13029121,9.6075207,1.9603427
2025-11-21,11.84,-9.961977186312,10654498889.28,10596512951.04,899873217.0,894975756.0,27.56960709,103.30232669,1.60052386,0.11731163,8.65042168,1.76505381
2025-11-24,11.73,-0.929054054054,10555512835.41,10498065617.88,899873217.0,894975756.0,27.31347054,102.34259223,1.58565413,0.11622174,8.57005459,1.7486555
2025-11-25,12.11,3.239556692242,10897464657.87,10838156405.16,899873217.0,894975756.0,28.1983059,105.65803853,1.63702229,0.11998681,8.84768637,1.80530419
2025-11-26,12.05,-0.495458298927,10843472264.85,10784457859.8,899873217.0,894975756.0,28.05859506,105.13454701,1.62891153,0.11939233,8.80384977,1.79635966
2025-11-27,12.5,3.734439834025,11248415212.5,11187196950.0,899873217.0,894975756.0,29.10642641,109.06073341,1.68974225,0.12385096,9.13262424,1.86344363
2025-11-28,12.65,1.2,11383396195.05,11321443313.4,899873217.0,894975756.0,29.45570352,110.36946221,1.71001916,0.12533717,9.24221573,1.88580496
2025-12-01,12.53,-0.948616600791,11275411409.01,11214046222.68,899873217.0,894975756.0,29.17628183,109.32247917,1.69379763,0.1241482,9.15454254,1.8679159
2025-12-02,12.21,-2.553870710295,10987451979.57,10927653980.76,899873217.0,894975756.0,28.43115731,106.5305244,1.65054023,0.12097762,8.92074736,1.82021174
2025-12-03,12.1,-0.900900900901,10888465925.7,10829206647.6,899873217.0,894975756.0,28.17502076,105.57078994,1.6356705,0.11988773,8.84038027,1.80381344
2025-12-04,11.97,-1.074380165289,10771482407.49,10712859799.32,899873217.0,894975756.0,27.87231393,104.43655832,1.61809718,0.11859968,8.74540098,1.78443362
2025-12-05,12.08,0.918964076859,10870468461.36,10811307132.48,899873217.0,894975756.0,28.12845048,105.39629277,1.63296691,0.11968957,8.82576807,1.80083193
2025-12-08,12.02,-0.496688741722,10816476068.34,10757608587.12,899873217.0,894975756.0,27.98873963,104.87280125,1.62485615,0.11909509,8.78193147,1.7918874
2025-12-09,12.01,-0.083194675541,10807477336.17,10748658829.56,899873217.0,894975756.0,27.96545449,104.78555266,1.62350435,0.118996,8.77462537,1.79039664
2025-12-10,11.9,-0.915903413822,10708491282.3,10650211496.4,899873217.0,894975756.0,27.70931794,103.82581821,1.60863462,0.11790612,8.69425828,1.77399834
2025-12-11,12.01,0.924369747899,10807477336.17,10748658829.56,899873217.0,894975756.0,27.96545449,104.78555266,1.62350435,0.118996,8.77462537,1.79039664
2025-12-12,12.23,1.831806827644,11005449443.91,10945553495.88,899873217.0,894975756.0,28.4777276,106.70502157,1.65324382,0.12117578,8.93535956,1.82319325
2025-12-15,12.05,-1.471790678659,10843472264.85,10784457859.8,899873217.0,894975756.0,28.05859506,105.13454701,1.62891153,0.11939233,8.80384977,1.79635966
2025-12-16,11.68,-3.070539419087,10510519174.56,10453316830.08,899873217.0,894975756.0,27.19704483,101.9063493,1.57889516,0.11572634,8.53352409,1.74120173
2025-12-17,12.02,2.91095890411,10816476068.34,10757608587.12,899873217.0,894975756.0,27.98873963,104.87280125,1.62485615,0.11909509,8.78193147,1.7918874
2025-12-18,12.06,0.332778702163,10852470997.02,10793407617.36,899873217.0,894975756.0,28.0818802,105.2217956,1.63026332,0.11949141,8.81115587,1.79785042
2025-12-19,12.19,1.077943615257,10969454515.23,10909754465.64,899873217.0,894975756.0,28.38458703,106.35602722,1.64783664,0.12077946,8.90613516,1.81723023
2025-12-22,12.2,0.082034454471,10978453247.4,10918704223.2,899873217.0,894975756.0,28.40787217,106.44327581,1.64918844,0.12087854,8.91344126,1.81872098
2025-12-23,12.59,3.196721311475,11329403802.03,11267744768.04,899873217.0,894975756.0,29.31599268,109.84597069,1.70190839,0.12474269,9.19837914,1.87686043
2025-12-24,12.68,0.714853057983,11410392391.56,11348292586.08,899873217.0,894975756.0,29.52555895,110.63120797,1.71407454,0.12563442,9.26413403,1.89027722
2025-12-25,12.85,1.340694006309,11563370838.45,11500438464.6,899873217.0,894975756.0,29.92140635,112.11443395,1.73705503,0.12731879,9.38833772,1.91562005
2025-12-26,13.02,1.322957198444,11716349285.34,11652584343.12,899873217.0,894975756.0,30.31725374,113.59765992,1.76003553,0.12900316,9.51254141,1.94096289
2025-12-29,13.08,0.460829493088,11770341678.36,11706282888.48,899873217.0,894975756.0,30.45696459,114.12115144,1.76814629,0.12959765,9.55637801,1.94990742
2025-12-30,13.18,0.764525993884,11860329000.06,11795780464.08,899873217.0,894975756.0,30.689816,114.99363731,1.78166423,0.13058845,9.629439,1.96481497
2025-12-31,13.38,1.517450682853,12040303643.46,11974775615.28,899873217.0,894975756.0,31.15551883,33.26562658,1.79260628,0.13257007,9.77556099,1.99463006
2026-01-05,13.42,0.298953662182,12076298572.14,12010574645.52,899873217.0,894975756.0,31.24865939,33.36507539,1.79796534,0.13296639306,9.80478539,2.00059308
2026-01-06,13.96,4.023845007452,12562230109.32,12493861553.76,899873217.0,894975756.0,32.50605701,34.70763431,1.87031268,0.138316754626,10.19931475,2.08109385
2026-01-07,14.69,5.229226361032,13219137557.73,13147193855.64,899873217.0,894975756.0,34.20587231,36.52257508,1.96811556,0.145549650811,10.73266001,2.18991896
2026-01-08,16.16,10.00680735194,14541951186.72,14462808216.96,899873217.0,894975756.0,37.62878806,40.1773188,2.1650611,0.16011452399,11.80665662,2.40905993
2026-01-09,16.42,1.608910891089,14775918223.14,14695501913.52,899873217.0,894975756.0,38.23420173,40.82373606,2.199895,0.162690624008,11.99661521,2.44781955
2026-01-12,17.69,7.734470158343,15918757208.73,15832121123.64,899873217.0,894975756.0,41.19141465,43.98123575,2.37004522,0.175273881759,12.92448983,2.63714543
2026-01-13,17.06,-3.561334087055,15351837082.02,15268286397.36,899873217.0,894975756.0,39.72445076,42.41491701,2.28563999,0.169031793266,12.46420557,2.54322787
2026-01-14,16.83,-1.348182883939,15144866242.11,15062441973.48,899873217.0,894975756.0,39.18889251,41.84308635,2.25482539,0.166752935543,12.29616528,2.50894051
2026-01-15,17.86,6.120023767083,16071735655.62,15984267002.16,899873217.0,894975756.0,41.58726205,44.40389318,2.39282124,0.176958254849,13.04869352,2.66248826
2026-01-16,17.49,-2.071668533035,15738782565.33,15653125972.44,899873217.0,894975756.0,40.72571183,43.4839917,2.34324991,0.173292266374,12.77836784,2.60733033
2026-01-19,17.64,0.857632933105,15873763547.88,15787372335.84,899873217.0,894975756.0,41.07498894,43.85692473,2.36334639,0.174778477891,12.88795933,2.62969165
2026-01-20,17.58,-0.340136054422,15819771154.86,15733673790.48,899873217.0,894975756.0,40.9352781,43.70775152,2.3553078,0.174183993301,12.84412274,2.62074712
2026-01-21,17.84,1.478953356086,16053738191.28,15966367487.04,899873217.0,894975756.0,41.54069177,44.35416878,2.39014171,0.176760093319,13.03408132,2.65950675
2026-01-22,17.55,-1.625560538117,15792774958.35,15706824517.8,899873217.0,894975756.0,40.86542267,43.63316491,2.3512885,0.173886750964,12.82220444,2.61627486
2026-01-23,18.02,2.678062678063,16215715370.34,16127463123.12,899873217.0,894975756.0,41.95982431,44.80168842,2.41425748,0.178543547174,13.16559111,2.68634034
2026-01-26,18.75,4.051054384018,16872622818.75,16780795425.0,899873217.0,894975756.0,43.65963961,46.61662918,2.51206037,0.18577644336,13.69893636,2.79516545
2026-01-27,18.1,-3.466666666667,16287705227.7,16199061183.6,899873217.0,894975756.0,42.14610544,45.00058604,2.42497561,0.179336193337,13.2240399,2.69826638
2026-01-28,17.72,-2.099447513812,15945753405.24,15858970396.32,899873217.0,894975756.0,41.26127007,44.05582235,2.37406452,0.175571124054,12.94640813,2.64161769
2026-01-29,17.54,-1.015801354402,15783776226.18,15697874760.24,899873217.0,894975756.0,40.84213753,43.60830271,2.34994874,0.173787670199,12.81489834,2.6147841
2026-01-30,17.54,0.0,15783776226.18,15697874760.24,899873217.0,894975756.0,40.84213753,43.60830271,2.34994874,0.173787670199,12.81489834,2.6147841
2026-02-02,16.72,-4.675028506271,15045880188.24,14963994640.32,899873217.0,894975756.0,38.93275596,41.56960213,2.24008797,0.165663047086,12.21579819,2.4925422
2026-02-03,17.33,3.648325358852,15594802850.61,15509929851.48,899873217.0,894975756.0,40.35314957,43.08619647,2.32181366,0.171706974049,12.66147025,2.58347825
2026-02-04,17.36,0.173110213503,15621799047.12,15536779124.16,899873217.0,894975756.0,40.42300499,43.16078307,2.32583296,0.172004216344,12.68338855,2.58795052
2026-02-05,17.13,-1.324884792627,15414828207.21,15330934700.28,899873217.0,894975756.0,39.88744675,42.58895242,2.29501835,0.169725358663,12.51534826,2.55366315
2026-02-06,17.6,2.743724460012,15837768619.2,15751573305.6,899873217.0,894975756.0,40.98184838,43.75747593,2.35798733,0.174382154831,12.85873493,2.62372863
2026-02-09,17.89,1.647727272727,16098731852.13,16011116274.84,899873217.0,894975756.0,41.65711747,44.47847979,2.39684053,0.177255497144,13.07061182,2.66696053
2026-02-10,18.07,1.006148686417,16260709031.19,16172211910.92,899873217.0,894975756.0,42.07625001,44.92599943,2.42095631,0.179038950999,13.20212161,2.69379411
2026-02-11,18.1,0.16602102933,16287705227.7,16199061183.6,899873217.0,894975756.0,42.14610544,45.00058604,2.42497561,0.179336193337,13.2240399,2.69826638
2026-02-12,17.9,-1.104972375691,16107730584.3,16020066032.4,899873217.0,894975756.0,41.68040261,44.50334199,2.3981803,0.177354577909,13.07791792,2.66845128
2026-02-13,17.71,-1.061452513966,15936754673.07,15850020638.76,899873217.0,894975756.0,41.23798493,44.03096015,2.37272475,0.175472043289,12.93910203,2.64012694
2026-02-24,17.55,-0.903444381705,15792774958.35,15706824517.8,899873217.0,894975756.0,40.86542267,43.63316491,2.3512885,0.173886750964,12.82220444,2.61627486
2026-02-25,17.68,0.740740740741,15909758476.56,15823171366.08,899873217.0,894975756.0,41.16812951,43.95637354,2.36870546,0.175174800994,12.91718373,2.63565467
2026-02-26,18.15,2.658371040724,16332698888.55,16243809971.4,899873217.0,894975756.0,42.26253114,45.12489705,2.43167444,0.179831597162,13.2605704,2.70572015
2026-02-27,18.84,3.801652892562,16953611408.28,16861343243.04,899873217.0,894975756.0,43.86920588,46.840389,2.52411826,0.186668170288,13.76469126,2.80858224
2026-03-02,18.16,-3.609341825902,16341697620.72,16252759728.96,899873217.0,894975756.0,42.28581628,45.14975925,2.4330142,0.179930677927,13.2678765,2.70721091
2026-03-03,16.61,-8.535242290749,14946894134.37,14865547307.16,899873217.0,894975756.0,38.67661941,41.29611791,2.22535055,0.164573158628,12.13543109,2.4761439
2026-03-04,16.78,1.023479831427,15099872581.26,15017693185.68,899873217.0,894975756.0,39.07246681,41.71877534,2.24812656,0.166257531718,12.25963478,2.50148673
2026-03-05,16.52,-1.549463647199,14865905544.84,14784999489.12,899873217.0,894975756.0,38.46705314,41.07235808,2.21329266,0.1636814317,12.0696762,2.4627271
2026-03-06,17.39,5.266343825666,15648795243.63,15563628396.84,899873217.0,894975756.0,40.49286042,43.23536968,2.32985226,0.172301458681,12.70530685,2.59242278
2026-03-09,16.7,-3.967797584819,15027882723.9,14946095125.2,899873217.0,894975756.0,38.88618568,41.51987773,2.23740843,0.165464885556,12.20118599,2.48956069
2026-03-10,16.8,0.59880239521,15117870045.6,15035592700.8,899873217.0,894975756.0,39.11903709,41.76849975,2.25080609,0.166455693248,12.27424698,2.50446824
2026-03-11,17.03,1.369047619048,15324840885.51,15241437124.68,899873217.0,894975756.0,39.65459534,42.3403304,2.2816207,0.168734550971,12.44228727,2.5387556
2026-03-12,16.56,-2.759835584263,14901900473.52,14820798519.36,899873217.0,894975756.0,38.5601937,41.17180689,2.21865172,0.16407775476,12.0989006,2.46869012
2026-03-13,16.49,-0.42270531401,14838909348.33,14758150216.44,899873217.0,894975756.0,38.39719772,40.99777148,2.20927336,0.163384189405,12.0477579,2.45825484
2026-03-16,15.88,-3.69921164342,14289986685.96,14212215005.28,899873217.0,894975756.0,36.97680411,39.48117714,2.12754766,0.157340262442,11.60208584,2.36731879
2026-03-17,15.52,-2.267002518892,13966032327.84,13890023733.12,899873217.0,894975756.0,36.13853903,38.58613786,2.0793161,0.153773354732,11.33906626,2.31365161
2026-03-18,15.9,2.448453608247,14307984150.3,14230114520.4,899873217.0,894975756.0,37.02337439,39.53090155,2.13022719,0.157538423972,11.61669804,2.3703003
2026-03-19,15.13,-4.842767295597,13615081773.21,13540983188.28,899873217.0,894975756.0,35.23041852,37.61651197,2.02706525,0.149909204684,11.05412838,2.25551217
2026-03-20,15.09,-0.264375413087,13579086844.53,13505184158.04,899873217.0,894975756.0,35.13727796,37.51706317,2.02170618,0.149512881624,11.02490399,2.24954915
2026-03-23,14.55,-3.578528827038,13093155307.35,13021897249.8,899873217.0,894975756.0,33.87988034,36.17450425,1.94935885,0.144162520059,10.63037462,2.16904839
2026-03-24,14.78,1.580756013746,13300126147.26,13227741673.68,899873217.0,894975756.0,34.41543858,36.7463349,1.98017345,0.146441377739,10.79841491,2.20333575
2026-03-25,15.26,3.247631935047,13732065291.42,13657330036.56,899873217.0,894975756.0,35.53312536,37.9397206,2.0444822,0.151197254714,11.14910768,2.27489199
2026-03-26,15.34,0.524246395806,13804055148.78,13728928097.04,899873217.0,894975756.0,35.71940649,38.13861822,2.05520032,0.151989900877,11.20755647,2.28681802
2026-03-27,15.91,3.715775749674,14316982882.47,14239064277.96,899873217.0,894975756.0,37.04665953,39.55576375,2.13156696,0.157637504737,11.62400414,2.37179105
2026-03-30,16.01,0.628535512256,14406970204.17,14328561853.56,899873217.0,894975756.0,37.27951094,39.80438577,2.14496461,0.15862831243,11.69706513,2.3866986
2026-03-31,16.56,3.435352904435,14901900473.52,14820798519.36,899873217.0,894975756.0,38.5601937,41.17180689,2.18030734,0.16407775476,12.0989006,2.46869012
2026-04-01,16.42,-0.845410628019,14775918223.14,14695501913.52,899873217.0,894975756.0,38.23420173,40.82373606,2.16187479,0.162690624008,11.99661521,2.44781955
2026-04-02,16.15,-1.644336175396,14532952454.55,14453858459.4,899873217.0,894975756.0,37.60550292,40.1524566,2.1263263,0.160015443225,11.79935052,2.40756917
2026-04-03,15.8,-2.167182662539,14217996828.6,14140616944.8,899873217.0,894975756.0,36.79052298,39.28227952,2.08024492,0.15654761628,11.54363704,2.35539275
2026-04-07,15.93,0.822784810127,14334980346.81,14256963793.08,899873217.0,894975756.0,37.09322981,39.60548815,2.09736086,0.157835666267,11.63861634,2.37477256
2026-04-08,16.25,2.008788449466,14622939776.25,14543356035.0,899873217.0,894975756.0,37.83835433,40.40107862,2.13949241,0.161006250918,11.87241152,2.42247672
2026-04-09,16.23,-0.123076923077,14604942311.91,14525456519.88,899873217.0,894975756.0,37.79178405,40.35135422,2.13685918,0.160808089388,11.85779932,2.41949521
2026-04-10,16.52,1.786814540974,14865905544.84,14784999489.12,899873217.0,894975756.0,38.46705314,41.07235808,2.17504089,0.1636814317,12.0696762,2.4627271
2026-04-13,16.66,0.847457627119,14991887795.22,14910296094.96,899873217.0,894975756.0,38.79304511,41.42042892,2.19347344,0.165068562453,12.17196159,2.48359767
2026-04-14,16.93,1.620648259304,15234853563.81,15151939549.08,899873217.0,894975756.0,39.42174392,42.09170838,2.22902193,0.167743743236,12.36922628,2.52384805
2026-04-15,16.56,-2.185469580626,14901900473.52,14820798519.36,899873217.0,894975756.0,38.5601937,41.17180689,2.18030734,0.16407775476,12.0989006,2.46869012
2026-04-16,16.6,0.24154589372,14937895402.2,14856597549.6,899873217.0,894975756.0,38.65333427,41.2712557,2.18557378,0.164474077863,12.128125,2.47465314
2026-04-17,16.45,-0.903614457831,14802914419.65,14722351186.2,899873217.0,894975756.0,38.30405715,40.89832267,2.16582462,0.162987866303,12.0185335,2.45229182
2026-04-20,16.69,1.45896656535,15018883991.73,14937145367.64,899873217.0,894975756.0,38.86290054,41.49501552,2.19742328,0.165365804791,12.19387989,2.48806994
2026-04-21,16.67,-0.119832234871,15000886527.39,14919245852.52,899873217.0,894975756.0,38.81633026,41.44529112,2.19479005,0.165167643261,12.17926769,2.48508843
2026-04-22,16.73,0.359928014397,15054878920.41,14972944397.88,899873217.0,894975756.0,38.9560411,41.59446433,2.20268972,0.165762127851,12.22310429,2.49403296
2026-04-23,16.32,-2.450687387926,14685930901.44,14606004337.92,899873217.0,894975756.0,38.00135032,40.57511404,2.14870868,0.161699816315,11.92355421,2.43291201
2026-04-24,16.81,3.002450980392,15126868777.77,15044542458.36,899873217.0,894975756.0,41.79336195,41.79336195,2.2132226,0.177835232001,13.3233576,2.35253734
2026-04-27,17.44,3.747769185009,15693788904.48,15608377184.64,899873217.0,894975756.0,43.35968069,43.35968069,2.29616908,0.184500086024,13.82268629,2.44070501
2026-04-28,16.48,-5.504587155963,14829910616.16,14749200458.88,899873217.0,894975756.0,35.80971775,40.97290928,2.16977445,0.152374184962,13.96590232,2.15460201
2026-04-29,16.51,0.182038834951,14856906812.67,14776049731.56,899873217.0,894975756.0,35.87490535,41.04749588,2.17372428,0.152651565183,13.99132568,2.15852422
2026-04-30,16.55,0.242277407632,14892901741.35,14811848761.8,899873217.0,894975756.0,35.96182214,41.14694469,2.17899073,0.153021405435,14.0252235,2.16375383
2026-05-06,16.68,0.785498489426,15009885259.56,14928195610.08,899873217.0,894975756.0,36.24430171,41.47015332,2.19610667,0.154223386265,14.13539142,2.18075009
2026-05-07,16.52,-0.96,14865905545.0,14784999489.0,,,35.9,36.47,2.18,,,
2026-05-08,16.9,2.3,15207857367.0,15125090276.0,,,36.72,37.31,2.23,,,
2026-05-11,17.11,1.243,,,,,,,,,,
2026-06-08,13.54,-3.63,12184283357.939648,12117971735.919523,,,29.41945562130177,29.89215384615385,1.7866390532544378,,11.47441245964029,1.7702251929616304
2026-06-09,13.83,2.142,12445246590.8645,12377514705.15266,,,30.04956213017751,30.532384615384625,1.824905325443787,,11.720171662985615,1.8081399127517983
2026-06-10,13.86,0.217,12472242787.373966,12404363977.831951,,,30.11474556213017,30.5986153846154,1.828863905325444,,11.745595028848925,1.8120621251438849
2026-06-11,14.03,1.227,12625221234.26095,12556509856.347927,,,30.48411834319526,30.973923076923093,1.851295857988166,,11.88966076874101,1.834287995365708
2026-06-12,14.35,2.281,12913180663.695269,12842902098.260351,,,31.179408284023665,31.680384615384632,1.893520710059172,,12.160843337949643,1.8761249275479623
2026-06-15,14.14,-1.463,12724207288.128996,12654957189.505322,,,30.72312426035503,31.21676923076925,1.8658106508875745,,11.982879776906474,1.8486694408033584
2026-06-16,13.98,-1.132,12580227573.411837,12511761068.549109,,,30.375479289940827,30.86353846153848,1.844698224852072,,11.847288492302155,1.8277509747122311
2026-06-17,13.84,-1.001,12454245323.034325,12386464462.71242,,,30.0712899408284,30.55446153846156,1.826224852071007,,11.728646118273378,1.8094473168824947
2026-06-18,13.92,0.578,12526235180.392904,12458062523.190529,,,30.2451124260355,30.731076923076944,1.8367810650887584,,11.796441760575537,1.8199065499280584
2026-06-19,13.92,0.578,12526235180.392904,12458062523.190529,,,30.2451124260355,30.731076923076944,1.8367810650887584,,11.796441760575537,1.8199065499280584
2026-06-22,14.4,3.448,12958174324.544384,12887650886.05917,,,31.28804733727811,31.790769230769254,1.9001183431952675,,12.203215614388483,1.88266194820144
2026-06-23,14.36,-0.278,12922179395.865091,12851851855.820118,,,31.20113609467456,31.70246153846156,1.894840236686392,,12.169317793237404,1.8774323316786576
2026-06-24,14.77,2.855,13291127414.827814,13218791915.770414,,,32.09197633136095,32.60761538461541,1.948940828402368,,12.516770460035966,1.931035901037171
2026-06-25,13.68,-7.38,12310265608.317162,12243268341.756212,,,29.723644970414203,30.2012307692308,1.805112426035504,,11.593054833669058,1.7885288507913677
2026-06-26,13.22,-3.36,11896323929.0,11831579494.0,,,28.73,29.19,1.74,,11.203229890431649,1.7283882607793777
2026-06-29,13.96,5.598,12562230109.594551,12493861553.422089,,,30.3381845688351,30.82393343419062,1.8373978819969743,,11.830339581726612,1.8251361664508403
2026-06-30,13.67,-2.077,12301266876.658846,12234318584.189106,,,29.70795007564297,30.18360816944024,1.7992284417549167,,11.584580378381286,1.7872214466606724
2026-07-01,14.1,3.15,12688212360.0,12619158160.0,,,30.64,31.13,1.91,,11.948981955755388,1.8434398242805763
2026-07-02,15.51,10.0,13957033596.0,13881073976.0,,,33.704,34.243,2.101,,13.143880151330928,2.027783806708634
2026-07-03,15.65,0.903,14083015846.382978,14006370581.843971,,,34.00822695035461,34.55209219858156,2.1199645390070923,,13.262522525359705,2.0460874645383704
2026-07-06,15.56,-0.575,14002027256.851065,13925822763.801418,,,33.812652482269506,34.35339007092199,2.1077730496453904,,13.186252427769777,2.0343208273621114
2026-07-07,14.92,-4.113,13426108397.957447,13353038279.943262,,,32.42190070921986,32.940397163120565,2.0210780141843974,,12.643887289352511,1.9506469629976029
2026-07-08,14.15,-5.161,12733206020.851065,12663906947.801418,,,30.748652482269502,31.240390070921983,1.9167730496453903,,11.991354232194238,1.8499768449340537
2026-07-09,14.1,1.075,12688212360.0,12619158160.0,,,30.64,31.129999999999995,1.91,,11.948981955755388,1.8434398242805763
2026-07-10,14.34,1.702,12904181932.085104,12833952341.446808,,,31.161531914893622,31.65987234042553,1.9425106382978723,,12.15236888266186,1.874817523417267
2026-07-13,13.72,-4.324,12346260537.531914,12279067372.70922,,,29.81424113475178,30.29103546099291,1.8585248226950355,,11.626952654820132,1.7937584673141496
2026-07-14,15.09,9.985,13579086844.85106,13505184158.468084,,,32.791319148936175,33.31572340425532,2.044106382978723,,12.78795302924459,1.9728728332194247
2026-07-15,16.26,7.753,14631938508.765957,14552305793.021276,,,35.33378723404256,35.898851063829795,2.202595744680852,,13.779464297913655,2.1258391165107926
2026-07-16,16.17,-0.554,14550949919.23404,14471757974.978724,,,35.138212765957455,35.70014893617022,2.19040425531915,,13.703194200323727,2.1140724793345336
2026-07-17,15.61,-3.46,14047020917.0,13970571551.0,,,33.92,34.46,2.11,,13.228624704208618,2.0408578480155883
2026-07-20,16.5,5.701,14847908080.108906,14767099973.830875,,,35.853939782190906,36.42472773862909,2.230301089045484,,13.982851224820129,2.157216815647483
2026-07-21,17.1,3.636,15387832010.294683,15304085427.424726,,,37.157719410634215,37.74926329276106,2.3114029468289563,,14.491318542086317,2.23566106348921
2026-07-22,16.45,-3.8,14802914420.0,14722351186.0,,,35.74,36.32,2.22,,13.94047894838128,2.150679794994006
2026-07-23,15.92,-3.222,14325981614.978724,14248014035.326445,,,34.58849848024317,35.14981155015197,2.148474164133739,,13.491332818129482,2.0813873760671475
2026-07-24,14.94,-6.156,13444105862.29787,13370937794.458364,,,32.459306990881466,32.98606686930091,2.0162188449848024,,12.660836199928044,1.953261771258994
2026-07-27,15.82,5.89,14235994293.276594,14158516459.727669,,,34.3712340425532,34.92902127659575,2.1349787234042554,,13.406588265251784,2.068313334760193
2026-07-28,15.52,-1.9,13966032328.0,13890023733.0,,,33.72,34.26,2.1,,13.15235460661869,2.0290912108393298
2026-07-29,15.63,0.709,14065018381.871136,13988471066.159151,,,33.95899484536083,34.502822164948455,2.1148840206185566,,13.245573614784158,2.04347265627698
2026-07-30,15.5,-0.832,13948034863.659794,13872124217.880156,,,33.67654639175258,34.21585051546392,2.0972938144329896,,13.135405696043147,2.0264764025779387
2026-07-31,15.08,-2.71,13570088112.515465,13496234400.363403,,,32.76402061855671,33.28871134020619,2.040463917525773,,12.779478573956816,1.97156542908873
2026-08-03,15.08,0.0,13570088112.515465,13496234400.363403,,,32.76402061855671,33.28871134020619,2.040463917525773,,12.779478573956816,1.97156542908873
2026-08-04,15.95,5.769,14352977811.314432,14274863308.076675,,,34.6542525773196,35.20921391752578,2.1581829896907214,,13.516756183992785,2.0853095884592334
2026-08-05,16.3,2.194,14667933437.268042,14588104822.67397,,,35.41469072164951,35.98182989690722,2.205541237113402,,13.813362119064728,2.1310687330335742
2026-08-07,16.57,3.433,14910899205.860825,14829748276.791882,,,36.00131443298972,36.57784793814434,2.2420747422680414,,14.042172411834512,2.166368644562351
2026-08-10,17.54,5.854,15783776226.360825,15697874760.104382,,,38.108814432989725,38.71909793814434,2.373324742268041,,14.86419457474818,2.2931868452398088
2026-08-11,17.44,-0.57,15693788904.659796,15608377184.505156,,,37.89154639175262,38.49835051546393,2.3597938144329897,,14.779450021870485,2.2801128039328544
2026-08-12,17.47,0.172,15720785101.170103,15635226457.18492,,,37.95672680412376,38.56457474226805,2.3638530927835046,,14.804873387733789,2.2840350163249403
2026-08-13,16.37,-6.297,14730924562.458763,14650753125.593428,,,35.56677835051551,36.13635309278352,2.215012886597938,,13.872683306079116,2.140220561948442
2026-08-14,16.48,0.672,14829910616.329897,14749200458.752577,,,35.805773195876334,36.37917525773197,2.2298969072164945,,13.965902314244584,2.1546020073860914
2026-08-17,16.24,-1.456,14613941044.24742,14534406277.31443,,,35.28432989690726,35.84938144329898,2.1974226804123704,,13.762515387338109,2.1232243082494
2026-08-18,16.12,-0.739,14505956258.206184,14427009186.59536,,,35.02360824742273,35.58448453608249,2.181185567010309,,13.660821923884871,2.107535458681055
2026-08-19,15.75,-2.295,14173003167.912369,14095868156.87822,,,34.21971649484541,34.767719072164965,2.131121134020618,,13.347267078237389,2.0591615058453234
2026-08-20,16.11,2.286,14496957526.03608,14418059429.035437,,,35.00188144329902,35.562409793814446,2.179832474226804,,13.6523474685971,2.10622805455036
2026-08-21,15.75,-2.235,14173003167.912369,14095868156.878222,,,34.21971649484541,34.767719072164965,2.1311211340206184,,13.347267078237389,2.059161505845324
2026-08-24,14.54,-7.683,13084156575.329891,13012947492.127577,,,31.59077319587633,32.096675257731974,1.9673969072164943,,12.321857988417246,1.900965606031175
2026-08-25,15.0,3.164,13498098255.154634,13424636339.884022,,,32.590206185567055,33.11211340206187,2.0296391752577314,,12.711682931654655,1.9611061960431653
2026-08-26,15.67,4.467,14101013310.55154,14024270096.39884,,,34.04590206185572,34.59112113402064,2.120296391752577,,13.27947143593523,2.04870227279976
2026-08-27,15.35,0.0,13813053881.10824,13737877854.481314,,,33.35064432989696,33.88472938144332,2.0769974226804115,,13.008288866726597,2.0068653406175057
2026-08-28,15.54,1.238,13984029792.340197,13907923248.119844,,,33.763453608247474,34.304149484536104,2.1027061855670097,,13.169303517194225,2.031706019100719
2026-08-31,15.01,-3.411,13507096987.324734,13433586097.443945,,,32.61193298969077,33.13418814432992,2.0309922680412367,,12.720157386942429,1.9624136001738608
2026-09-01,15.19,1.199,13669074166.38659,13594681733.522554,,,33.00301546391758,33.531533505154655,2.0553479381443296,,12.872697582122283,1.9859468745263789
2026-09-02,15.74,3.621,14164004435.74226,14086918399.318304,,,34.19798969072171,34.745644329896926,2.129768041237113,,13.338792622949622,2.057854101714629
2026-09-03,15.47,-1.715,13921038667.149475,13845274945.200392,,,33.6113659793815,34.14962628865982,2.093234536082474,,13.10998233017984,2.022554190185852
2026-09-04,15.41,-0.388,13867046274.128857,13791576399.840857,,,33.481005154639234,34.01717783505157,2.0851159793814427,,13.05913559845322,2.0147097654016792
2026-09-07,14.84,-3.699,13354118540.43298,13281440218.925262,,,32.24257731958768,32.75891752577322,2.007989690721649,,12.576091647050344,1.940187729952039
2026-09-08,14.74,-0.674,13264131218.731949,13191942643.326036,,,32.02530927835057,32.53817010309281,1.994458762886597,,12.491347094172646,1.9271136886450844
2026-09-09,14.83,0.611,13345119808.262877,13272490461.36534,,,32.22085051546397,32.73684278350518,2.006636597938144,,12.567617191762574,1.938880325821344
2026-09-10,14.48,-2.36,13030164182.309269,12959248946.768047,,,31.46041237113408,31.96422680412374,1.959278350515464,,12.271011256690633,1.893121181247004
2026-09-11,14.03,-3.108,12625221234.654629,12556509856.571526,,,30.482706185567064,30.97086340206188,1.898389175257732,,11.889660768740992,1.8342879953657087
2026-09-14,14.12,0.641,12706209824.185558,12637057674.610828,,,30.678247422680467,31.16953608247425,1.9105670103092784,,11.965930866330918,1.846054632541968
2026-09-15,14.04,-0.567,12634219966.824734,12565459614.131449,,,30.504432989690773,30.99293814432992,1.8997422680412368,,11.898135224028762,1.8355953994964045
2026-09-16,14.26,1.567,12832192074.567003,12762354280.449747,,,30.982422680412427,31.478582474226823,1.9295103092783503,,12.084573240359695,1.8643582903717044
2026-09-17,14.05,-1.473,12643218698.99484,12574409371.691372,,,30.52615979381449,31.01501288659796,1.9010953608247425,,11.906609679316531,1.8369028036271
2026-09-18,14.13,0.569,12715208556.355663,12646007432.170752,,,30.699974226804187,31.19161082474229,1.911920103092784,,11.97440532161869,1.8473620366726635
2026-09-21,14.51,2.689,13057160378.819582,12986098219.447811,,,31.525592783505218,32.03045103092786,1.96333762886598,,12.29643462255394,1.8970433936390905
2026-09-22,14.45,-0.414,13003167985.798964,12932399674.088278,,,31.39523195876295,31.89800257731961,1.9552190721649487,,12.245587890827322,1.8891989688549176
2026-09-23,14.74,2.007,13264131218.731956,13191942643.326036,,,32.02530927835058,32.53817010309281,1.9944587628865984,,12.491347094172648,1.9271136886450853
2026-09-24,14.51,-1.56,13057160378.819586,12986098219.447817,,,31.52559278350522,32.030451030927864,1.96333762886598,,12.296434622553942,1.8970433936390905
2026-09-25,14.51,-1.56,13057160378.819586,12986098219.447817,,,31.52559278350522,32.030451030927864,1.96333762886598,,12.296434622553942,1.8970433936390905
2026-09-28,14.14,-2.55,12724207288.525772,12654957189.730677,,,30.721701030927903,31.213685567010337,1.9132731958762887,,11.98287977690646,1.848669440803359
2026-09-29,13.92,-1.556,12526235180.783504,12458062523.412378,,,30.243711340206254,30.728041237113427,1.883505154639176,,11.796441760575522,1.8199065499280591
2026-09-30,14.24,2.299,12814194610.226805,12744454765.329905,,,30.93896907216502,31.434432989690745,1.926804123711341,,12.067624329784156,1.8617434821103136
2026-10-01,14.24,2.299,12814194610.226805,12744454765.329905,,,30.93896907216502,31.434432989690745,1.926804123711341,,12.067624329784156,1.8617434821103136
2026-10-02,14.24,2.299,12814194610.226805,12744454765.329905,,,30.93896907216502,31.434432989690745,1.926804123711341,,12.067624329784156,1.8617434821103136
2026-10-05,14.24,2.299,12814194610.226805,12744454765.329905,,,30.93896907216502,31.434432989690745,1.926804123711341,,12.067624329784156,1.8617434821103136
2026-10-06,14.24,2.299,12814194610.226805,12744454765.329905,,,30.93896907216502,31.434432989690745,1.926804123711341,,12.067624329784156,1.8617434821103136
2026-10-07,14.24,2.299,12814194610.226805,12744454765.329905,,,30.93896907216502,31.434432989690745,1.926804123711341,,12.067624329784156,1.8617434821103136
2026-10-08,14.43,1.334,12985170521.458763,12914500158.968435,,,31.35177835051553,31.853853092783528,1.9525128865979384,,12.228638980251782,1.8865841605935272
2026-10-09,14.6,1.178,13138148968.350515,13066646037.487122,,,31.721134020618624,32.22912371134023,1.975515463917526,,12.372704720143869,1.9088100308153497
