数据日期,当日收盘价,当日涨跌幅,总市值,流通市值,总股本,流通股本,PE(TTM),PE(静),市净率,PEG值,市现率,市销率
2018-01-02,10.28,-0.290979631426,2141406240.0,1598717545.88,208308000.0,155517271.0,85.46289489,98.80334206,2.61279174,-4.44105757,22.9271181,2.40315555
2018-01-03,10.44,1.556420233463,2174735520.0,1623600309.24,208308000.0,155517271.0,86.79305668,100.34113727,2.65345775,-4.51017909,23.2839604,2.44055875
2018-01-04,10.35,-0.862068965517,2155987800.0,1609603754.85,208308000.0,155517271.0,86.04484068,99.47612747,2.63058312,-4.47129824,23.08323661,2.41951945
2018-01-05,10.39,0.386473429952,2164320120.0,1615824445.69,208308000.0,155517271.0,86.37738112,99.86057627,2.64074962,-4.48857862,23.17244718,2.42887025
2018-01-08,10.3,-0.866217516843,2145572400.0,1601827891.3,208308000.0,155517271.0,85.62916512,98.99556646,2.61787499,-4.44969776,22.97172339,2.40783095
2018-01-09,10.41,1.067961165049,2168486280.0,1618934791.11,208308000.0,155517271.0,86.54365135,100.05280067,2.64583288,-4.49721881,23.21705247,2.43354565
2018-01-10,10.22,-1.825168107589,2128907760.0,1589386509.62,208308000.0,155517271.0,84.96408422,98.22666886,2.59754198,-4.415137,22.79330223,2.38912935
2018-01-11,10.38,1.565557729941,2162237040.0,1614269272.98,208308000.0,155517271.0,86.29424601,99.76446407,2.638208,-4.48425852,23.15014454,2.42653255
2018-01-12,10.3,-0.770712909441,2145572400.0,1601827891.3,208308000.0,155517271.0,85.62916512,98.99556646,2.61787499,-4.44969776,22.97172339,2.40783095
2018-01-15,10.12,-1.747572815534,2108076960.0,1573834782.52,208308000.0,155517271.0,84.13273311,97.26554685,2.57212572,-4.37193605,22.57027579,2.36575235
2018-01-16,9.97,-1.482213438735,2076830760.0,1550507191.87,208308000.0,155517271.0,82.88570643,95.82386385,2.53400132,-4.30713463,22.23573613,2.33068685
2018-01-17,10.04,0.702106318957,2091412320.0,1561393400.84,208308000.0,155517271.0,83.46765221,96.49664925,2.55179271,-4.33737529,22.39185464,2.34705075
2018-01-18,10.04,0.0,2091412320.0,1561393400.84,208308000.0,155517271.0,83.46765221,96.49664925,2.55179271,-4.33737529,22.39185464,2.34705075
2018-01-19,9.97,-0.697211155378,2076830760.0,1550507191.87,208308000.0,155517271.0,82.88570643,95.82386385,2.53400132,-4.30713463,22.23573613,2.33068685
2018-01-22,10.0,0.300902708124,2083080000.0,1555172710.0,208308000.0,155517271.0,83.13511176,96.11220045,2.5416262,-4.32009491,22.30264406,2.33769995
2018-01-23,10.01,0.1,2085163080.0,1556727882.71,208308000.0,155517271.0,83.21824688,96.20831265,2.54416783,-4.32441501,22.32494671,2.34003765
2018-01-24,10.18,1.698301698302,2120575440.0,1583165818.78,208308000.0,155517271.0,84.63154378,97.84222006,2.58737547,-4.39785662,22.70409166,2.37977855
2018-01-25,10.17,-0.098231827112,2118492360.0,1581610646.07,208308000.0,155517271.0,84.54840866,97.74610786,2.58483385,-4.39353653,22.68178901,2.37744085
2018-01-26,10.34,1.671583087512,2153904720.0,1608048582.14,208308000.0,155517271.0,85.96170556,99.38001526,2.62804149,-4.46697814,23.06093396,2.41718175
2018-01-29,10.04,-2.901353965184,2091412320.0,1561393400.84,208308000.0,155517271.0,83.46765221,96.49664925,2.55179271,-4.33737529,22.39185464,2.34705075
2018-01-30,10.01,-0.298804780876,2085163080.0,1556727882.71,208308000.0,155517271.0,83.21824688,96.20831265,2.54416783,-4.32441501,22.32494671,2.34003765
2018-01-31,9.5,-5.094905094905,1978926000.0,1477414074.5,208308000.0,155517271.0,78.97835618,91.30659043,2.41454489,-4.10409017,21.18751186,2.22081495
2018-02-01,9.0,-5.263157894737,1874772000.0,1399655439.0,208308000.0,155517271.0,74.82160059,86.5009804,2.28746358,-3.88808542,20.07237966,2.10392995
2018-02-02,8.98,-0.222222222222,1870605840.0,1396545093.58,208308000.0,155517271.0,74.65533036,86.308756,2.28238033,-3.87944523,20.02777437,2.09925455
2018-02-05,9.07,1.002227171492,1889353560.0,1410541647.97,208308000.0,155517271.0,75.40354637,87.17376581,2.30525497,-3.91832609,20.22849817,2.12029385
2018-02-06,8.19,-9.702315325248,1706042520.0,1273686449.49,208308000.0,155517271.0,68.08765654,78.71589217,2.08159186,-3.53815773,18.26586549,1.91457626
2018-02-07,8.0,-2.319902319902,1666464000.0,1244138168.0,208308000.0,155517271.0,66.50808941,76.88976036,2.03330096,-3.45607593,17.84211525,1.87015996
2018-02-08,8.15,1.875,1697710200.0,1267465758.65,208308000.0,155517271.0,67.75511609,78.33144337,2.07142535,-3.52087736,18.17665491,1.90522546
2018-02-09,8.02,-1.59509202454,1670630160.0,1247248513.42,208308000.0,155517271.0,66.67435964,77.08198476,2.03838421,-3.46471612,17.88672054,1.87483536
2018-02-12,8.17,1.870324189526,1701876360.0,1270576104.07,208308000.0,155517271.0,67.92138631,78.52366777,2.07650861,-3.52951755,18.2212602,1.90990086
2018-02-13,8.09,-0.979192166463,1685211720.0,1258134722.39,208308000.0,155517271.0,67.25630542,77.75477016,2.0561756,-3.49495679,18.04283905,1.89119926
2018-02-14,8.1,0.123609394314,1687294800.0,1259689895.1,208308000.0,155517271.0,67.33944053,77.85088236,2.05871722,-3.49927688,18.06514169,1.89353696
2018-02-22,8.24,1.728395061728,1716457920.0,1281462313.04,208308000.0,155517271.0,68.50333209,79.19645317,2.09429999,-3.55975821,18.37737871,1.92626476
2018-02-23,8.25,0.121359223301,1718541000.0,1283017485.75,208308000.0,155517271.0,68.58646721,79.29256537,2.09684162,-3.5640783,18.39968135,1.92860246
2018-02-26,8.53,3.393939393939,1776867240.0,1326562321.63,208308000.0,155517271.0,70.91425034,81.98370698,2.16800715,-3.68504096,19.02415539,1.99405806
2018-02-27,8.53,0.0,1776867240.0,1326562321.63,208308000.0,155517271.0,70.91425034,81.98370698,2.16800715,-3.68504096,19.02415539,1.99405806
2018-02-28,8.59,0.703399765533,1789365720.0,1335893357.89,208308000.0,155517271.0,74.77897734,82.56038019,2.18325691,-3.71096153,19.15797125,1.90559085
2018-03-01,8.88,3.37601862631,1849775040.0,1380993366.48,208308000.0,155517271.0,77.30352955,85.347634,2.25696407,-3.83624428,19.80474793,1.96992395
2018-03-02,8.8,-0.900900900901,1833110400.0,1368551984.8,208308000.0,155517271.0,76.60710135,84.5787364,2.23663106,-3.80168352,19.62632678,1.95217689
2018-03-05,8.81,0.113636363636,1835193480.0,1370107157.51,208308000.0,155517271.0,76.69415488,84.6748486,2.23917268,-3.80600362,19.64862942,1.95439527
2018-03-06,8.9,1.021566401816,1853941200.0,1384103711.9,208308000.0,155517271.0,77.4776366,85.5398584,2.26204732,-3.84488447,19.84935322,1.97436071
2018-03-07,8.8,-1.123595505618,1833110400.0,1368551984.8,208308000.0,155517271.0,76.60710135,84.5787364,2.23663106,-3.80168352,19.62632678,1.95217689
2018-03-08,9.0,2.272727272727,1874772000.0,1399655439.0,208308000.0,155517271.0,78.34817184,86.5009804,2.28746358,-3.88808542,20.07237966,1.99654454
2018-03-09,9.2,2.222222222222,1916433600.0,1430758893.2,208308000.0,155517271.0,80.08924232,88.42322441,2.33829611,-3.97448732,20.51843254,2.0409122
2018-03-12,9.42,2.391304347826,1962261360.0,1464972692.82,208308000.0,155517271.0,82.00441986,90.53769282,2.39421188,-4.06952941,21.00909071,2.08971662
2018-03-13,9.45,0.31847133758,1968510600.0,1469638210.95,208308000.0,155517271.0,82.26558043,90.82602942,2.40183676,-4.08248969,21.07599864,2.09637177
2018-03-14,9.18,-2.857142857143,1912267440.0,1427648547.78,208308000.0,155517271.0,79.91513528,88.23100001,2.33321285,-3.96584713,20.47382725,2.03647543
2018-03-15,9.12,-0.653594771242,1899768960.0,1418317511.52,208308000.0,155517271.0,79.39281413,87.65432681,2.3179631,-3.93992656,20.34001139,2.02316514
2018-03-16,9.31,2.083333333333,1939347480.0,1447865793.01,208308000.0,155517271.0,81.04683109,89.48045862,2.36625399,-4.02200837,20.76376162,2.06531441
2018-03-19,9.55,2.577873254565,1989341400.0,1485189938.05,208308000.0,155517271.0,83.13611567,91.78715143,2.42725302,-4.12569064,21.29902508,2.1185556
2018-03-20,9.87,3.350785340314,2055999960.0,1534955464.77,208308000.0,155517271.0,85.92182845,94.86274184,2.50858506,-4.26393368,22.01270969,2.18954385
2018-03-21,9.57,-3.039513677812,1993507560.0,1488300283.47,208308000.0,155517271.0,83.31022272,91.97937583,2.43233628,-4.13433083,21.34363037,2.12299236
2018-03-22,9.84,2.82131661442,2049750720.0,1530289946.64,208308000.0,155517271.0,85.66066788,94.57440524,2.50096018,-4.2509734,21.94580176,2.1828887
2018-03-23,9.14,-7.113821138211,1903935120.0,1421427856.94,208308000.0,155517271.0,79.56692118,87.84655121,2.32304635,-3.94856675,20.38461668,2.0276019
2018-03-26,9.49,3.82932166302,1976842920.0,1475858901.79,208308000.0,155517271.0,82.61379453,91.21047823,2.41200327,-4.09977007,21.16520922,2.1052453
2018-03-27,9.75,2.739726027397,2031003000.0,1516293392.25,208308000.0,155517271.0,84.87718616,93.70939544,2.47808555,-4.21209254,21.74507796,2.16292325
2018-03-28,10.2,4.615384615385,2124741600.0,1586276164.2,208308000.0,155517271.0,88.79459475,98.03444446,2.59245873,-4.40649681,22.74869695,2.26275048
2018-03-29,9.82,-3.725490196078,2045584560.0,1527179601.22,208308000.0,155517271.0,85.48656083,94.38218084,2.49587693,-4.24233321,21.90119647,2.17845193
2018-03-30,9.94,1.22199592668,2070581520.0,1545841673.74,208308000.0,155517271.0,86.53120312,95.53552725,2.52637644,-4.29417434,22.1688282,2.20507253
2018-04-02,9.77,-1.710261569416,2035169160.0,1519403737.67,208308000.0,155517271.0,85.05129321,93.90161984,2.46119577,-4.22073273,21.78968325,2.16736002
2018-04-03,9.8,0.307062436029,2041418400.0,1524069255.8,208308000.0,155517271.0,85.31245378,94.18995644,2.46875318,-4.23369302,21.85659118,2.17401517
2018-04-04,10.09,2.959183673469,2101827720.0,1569169264.39,208308000.0,155517271.0,87.83700598,96.97721025,2.54180812,-4.35897577,22.50336786,2.23834827
2018-04-09,10.03,-0.594648166501,2089329240.0,1559838228.13,208308000.0,155517271.0,87.31468484,96.40053705,2.52669331,-4.3330552,22.369552,2.22503797
2018-04-10,9.92,-1.096709870389,2066415360.0,1542731328.32,208308000.0,155517271.0,86.35709607,95.34330285,2.49898281,-4.28553416,22.12422291,2.20063576
2018-04-11,9.9,-0.201612903226,2062249200.0,1539620982.9,208308000.0,155517271.0,86.18298902,95.15107844,2.49394454,-4.27689397,22.07961762,2.196199
2018-04-12,9.93,0.30303030303,2068498440.0,1544286501.03,208308000.0,155517271.0,86.4441496,95.43941505,2.50150195,-4.28985425,22.14652556,2.20285414
2018-04-13,9.78,-1.510574018127,2037252240.0,1520958910.38,208308000.0,155517271.0,85.13834673,93.99773204,2.46371491,-4.22505283,21.8119859,2.1695784
2018-04-16,9.61,-1.738241308793,2001839880.0,1494520974.31,208308000.0,155517271.0,83.65843682,92.36382463,2.4208896,-4.15161121,21.43284095,2.13186589
2018-04-17,9.15,-4.786680541103,1906018200.0,1422983029.65,208308000.0,155517271.0,79.6539747,87.94266341,2.30500935,-3.95288685,20.40691932,2.02982028
2018-04-18,9.29,1.530054644809,1935181320.0,1444755447.59,208308000.0,155517271.0,80.87272404,89.28823422,2.34027725,-4.01336818,20.71915634,2.06087764
2018-04-19,9.34,0.5382131324,1945596720.0,1452531311.14,208308000.0,155517271.0,81.30799166,89.76879522,2.35287293,-4.03496865,20.83066956,2.07196956
2018-04-20,8.91,-4.603854389722,1856024280.0,1385658884.61,208308000.0,155517271.0,77.56469012,85.6359706,2.24455009,-3.84920457,19.87165586,1.9765791
2018-04-23,8.91,0.0,1856024280.0,1385658884.61,208308000.0,155517271.0,77.56469012,85.6359706,2.24455009,-3.84920457,19.87165586,1.9765791
2018-04-24,9.19,3.14253647587,1914350520.0,1429203720.49,208308000.0,155517271.0,80.0021888,88.32711221,2.31508589,-3.97016723,20.4961299,2.03869382
2018-04-25,9.43,2.611534276387,1964344440.0,1466527865.53,208308000.0,155517271.0,82.09147338,90.63380502,2.37554515,-4.0738495,21.03139335,2.091935
2018-04-26,9.16,-2.863202545069,1908101280.0,1424538202.36,208308000.0,155517271.0,84.44057727,88.03877561,2.30752848,-3.95720694,44.60937984,1.86312722
2018-04-27,9.29,1.419213973799,1935181320.0,1444755447.59,208308000.0,155517271.0,85.63896974,89.28823422,2.34027725,-4.01336818,45.2424824,1.88956898
2018-05-02,9.44,1.614639397201,1966427520.0,1468083038.24,208308000.0,155517271.0,87.02173029,90.72991722,2.37806429,-4.0781696,45.97298534,1.9200787
2018-05-03,9.47,0.317796610169,1972676760.0,1472748556.37,208308000.0,155517271.0,87.2982824,91.01825383,2.3856217,-4.09112988,46.11908593,1.92618065
2018-05-04,9.68,2.217529039071,2016421440.0,1505407183.28,208308000.0,155517271.0,89.23414716,93.03661003,2.43852355,-4.18185188,47.14179005,1.96889426
2018-05-07,9.79,1.136363636364,2039335320.0,1522514083.09,208308000.0,155517271.0,90.24817156,94.09384424,2.46623404,-4.22937292,47.67749221,1.99126806
2018-05-08,10.77,10.010214504597,2243477160.0,1674921008.67,208308000.0,155517271.0,99.28220712,103.51283988,2.71310936,-4.65274222,52.45011145,2.19059827
2018-05-09,10.8,0.278551532033,2249726400.0,1679586526.8,208308000.0,155517271.0,99.55875923,103.80117649,2.72066677,-4.66570251,52.59621204,2.19670021
2018-05-10,10.5,-2.777777777778,2187234000.0,1632931345.5,208308000.0,155517271.0,96.79323814,100.91781047,2.64509269,-4.53609966,51.13520615,2.13568076
2018-05-11,10.39,-1.047619047619,2164320120.0,1615824445.69,208308000.0,155517271.0,95.77921374,99.86057627,2.6173822,-4.48857862,50.59950399,2.11330696
2018-05-14,10.15,-2.309913378248,2114326200.0,1578500300.65,208308000.0,155517271.0,93.56679687,97.55388346,2.55692294,-4.38489634,49.43069928,2.0644914
2018-05-15,10.34,1.871921182266,2153904720.0,1608048582.14,208308000.0,155517271.0,95.31829356,99.38001526,2.60478652,-4.46697814,50.35600301,2.10313705
2018-05-16,10.43,0.870406189555,2172652440.0,1622045136.53,208308000.0,155517271.0,96.14794988,100.24502507,2.62745874,-4.505859,50.79430478,2.12144289
2018-05-17,10.16,-2.588686481304,2116409280.0,1580055473.36,208308000.0,155517271.0,93.6589809,97.64999566,2.55944207,-4.38921643,49.47939948,2.06652538
2018-05-18,10.18,0.196850393701,2120575440.0,1583165818.78,208308000.0,155517271.0,93.84334897,97.84222006,2.56448034,-4.39785662,49.57679987,2.07059335
2018-05-21,10.32,1.375245579568,2149738560.0,1604938236.72,208308000.0,155517271.0,95.13392548,99.18779086,2.59974825,-4.45833795,50.25860262,2.09906909
2018-05-22,10.35,0.290697674419,2155987800.0,1609603754.85,208308000.0,155517271.0,95.41047759,99.47612747,2.60730565,-4.47129824,50.40470321,2.10517103
2018-05-23,10.11,-2.31884057971,2105993880.0,1572279609.81,208308000.0,155517271.0,93.19806072,97.16943465,2.54684639,-4.36761596,49.23589849,2.05635547
2018-05-24,10.36,2.472799208704,2158070880.0,1611158927.56,208308000.0,155517271.0,95.50266163,99.57223967,2.60982479,-4.47561833,50.4534034,2.10720502
2018-05-25,10.81,4.343629343629,2251809480.0,1681141699.51,208308000.0,155517271.0,99.65094326,103.89728869,2.72318591,-4.6700226,52.64491224,2.19873419
2018-05-28,10.93,1.110083256244,2276806440.0,1699803772.03,208308000.0,155517271.0,100.7571517,105.05063509,2.75341554,-4.72186374,53.22931459,2.22314197
2018-05-29,10.3,-5.76395242452,2145572400.0,1601827891.3,208308000.0,155517271.0,94.94955741,98.99556646,2.59470998,-4.44969776,50.16120223,2.09500113
2018-05-30,9.63,-6.504854368932,2006006040.0,1497631319.73,208308000.0,155517271.0,88.77322698,92.55604903,2.42592787,-4.1602514,46.89828907,1.95872435
2018-05-31,10.14,5.295950155763,2112243120.0,1576945127.94,208308000.0,155517271.0,93.47461283,97.45777126,2.5544038,-4.38057624,49.38199908,2.06245742
2018-06-01,10.18,0.394477317554,2120575440.0,1583165818.78,208308000.0,155517271.0,93.84334897,97.84222006,2.56448034,-4.39785662,49.57679987,2.07059335
2018-06-04,10.24,0.589390962672,2133073920.0,1592496855.04,208308000.0,155517271.0,94.39645319,98.41889326,2.57959516,-4.42377719,49.86900105,2.08279724
2018-06-05,10.57,3.22265625,2201815560.0,1643817554.47,208308000.0,155517271.0,97.43852639,101.59059587,2.66272664,-4.56634032,51.47610753,2.14991863
2018-06-06,10.57,0.0,2201815560.0,1643817554.47,208308000.0,155517271.0,97.43852639,101.59059587,2.66272664,-4.56634032,51.47610753,2.14991863
2018-06-07,10.25,-3.027436140019,2135157000.0,1594052027.75,208308000.0,155517271.0,94.48863723,98.51500546,2.5821143,-4.42809729,49.91770124,2.08483122
2018-06-08,10.15,-0.975609756098,2114326200.0,1578500300.65,208308000.0,155517271.0,93.56679687,97.55388346,2.55692294,-4.38489634,49.43069928,2.0644914
2018-06-11,10.12,-0.295566502463,2108076960.0,1573834782.52,208308000.0,155517271.0,93.29024476,97.26554685,2.54936553,-4.37193605,49.28459869,2.05838946
2018-06-12,10.21,0.889328063241,2126824680.0,1587831336.91,208308000.0,155517271.0,94.11990108,98.13055666,2.57203775,-4.41081691,49.72290046,2.07669529
2018-06-13,9.84,-3.623898139079,2049750720.0,1530289946.64,208308000.0,155517271.0,90.70909174,94.57440524,2.47882972,-4.2509734,47.92099319,2.00143797
2018-06-14,9.91,0.711382113821,2064332280.0,1541176155.61,208308000.0,155517271.0,91.35437999,95.24719065,2.49646368,-4.28121406,48.26189457,2.01567584
2018-06-15,9.7,-2.119071644803,2020587600.0,1508517528.7,208308000.0,155517271.0,89.41851523,93.22883444,2.44356182,-4.19049207,47.23919045,1.97296223
2018-06-19,8.75,-9.79381443299,1822695000.0,1360776121.25,208308000.0,155517271.0,80.66103178,84.09817539,2.20424391,-3.78008305,42.61267179,1.77973397
2018-06-20,8.92,1.942857142857,1858107360.0,1387214057.32,208308000.0,155517271.0,82.2281604,85.7320828,2.24706922,-3.85352466,43.44057513,1.81431166
2018-06-21,8.75,-1.905829596413,1822695000.0,1360776121.25,208308000.0,155517271.0,80.66103178,84.09817539,2.20424391,-3.78008305,42.61267179,1.77973397
2018-06-22,8.88,1.485714285714,1849775040.0,1380993366.48,208308000.0,155517271.0,81.85942425,85.347634,2.23699268,-3.83624428,43.24577435,1.80617573
2018-06-25,8.76,-1.351351351351,1824778080.0,1362331293.96,208308000.0,155517271.0,80.75321582,84.19428759,2.20676305,-3.78440315,42.66137199,1.78176795
2018-06-26,8.9,1.598173515982,1853941200.0,1384103711.9,208308000.0,155517271.0,82.04379232,85.5398584,2.24203095,-3.84488447,43.34317474,1.81024369
2018-06-27,9.12,2.47191011236,1899768960.0,1418317511.52,208308000.0,155517271.0,84.07184112,87.65432681,2.29745194,-3.93992656,44.41457906,1.85499129
2018-06-28,8.93,-2.083333333333,1860190440.0,1388769230.03,208308000.0,155517271.0,82.32034443,85.828195,2.24958836,-3.85784476,43.48927533,1.81634564
2018-06-29,9.17,2.687569988802,1910184360.0,1426093375.07,208308000.0,155517271.0,84.53276131,88.13488781,2.31004762,-3.96152704,44.65808004,1.8651612
2018-07-02,9.0,-1.85387131952,1874772000.0,1402534989.0,208308000.0,155837221.0,82.96563269,86.5009804,2.31665649,-3.88808542,43.8301767,1.83058351
2018-07-03,9.17,1.888888888889,1910184360.0,1429027316.57,208308000.0,155837221.0,84.53276131,88.13488781,2.36041555,-3.96152704,44.65808004,1.8651612
2018-07-04,9.0,-1.85387131952,1874772000.0,1402534989.0,208308000.0,155837221.0,82.96563269,86.5009804,2.31665649,-3.88808542,43.8301767,1.83058351
2018-07-05,8.71,-3.222222222222,1814362680.0,1357342194.91,208308000.0,155837221.0,80.29229563,83.71372659,2.24200867,-3.76280267,42.41787101,1.77159804
2018-07-06,8.82,1.847575057737,1837276560.0,1374484289.22,208308000.0,155837221.0,81.30632003,84.7709608,2.27032336,-3.81032371,42.95357317,1.79397184
2018-07-09,9.28,5.215419501134,1933098240.0,1446169410.88,208308000.0,155837221.0,85.54678571,89.19212202,2.38873024,-4.00904808,45.1937822,1.887535
2018-07-10,9.57,3.125,1993507560.0,1491362204.97,208308000.0,155837221.0,88.22012276,91.97937583,2.46337806,-4.13433083,46.60608789,1.94652046
2018-07-11,9.28,-3.030303030303,1933098240.0,1446169410.88,208308000.0,155837221.0,85.54678571,89.19212202,2.38873024,-4.00904808,45.1937822,1.887535
2018-07-12,9.63,3.771551724138,2006006040.0,1500712438.23,208308000.0,155837221.0,88.77322698,92.55604903,2.47882244,-4.1602514,46.89828907,1.95872435
2018-07-13,9.44,-1.973001038422,1966427520.0,1471103366.24,208308000.0,155837221.0,87.02173029,90.72991722,2.42991525,-4.0781696,45.97298534,1.9200787
2018-07-16,9.05,-4.131355932203,1885187400.0,1410326850.05,208308000.0,155837221.0,83.42655287,86.98154141,2.3295268,-3.9096859,44.07367768,1.84075342
2018-07-17,9.04,-0.110497237569,1883104320.0,1408768477.84,208308000.0,155837221.0,83.33436883,86.88542921,2.32695274,-3.9053658,44.02497749,1.83871944
2018-07-18,9.06,0.221238938053,1887270480.0,1411885222.26,208308000.0,155837221.0,83.51873691,87.07765361,2.33210086,-3.91400599,44.12237788,1.8427874
2018-07-19,8.81,-2.759381898455,1835193480.0,1372925917.01,208308000.0,155837221.0,81.214136,84.6748486,2.26774929,-3.80600362,42.90487297,1.79193786
2018-07-20,8.85,0.454029511918,1843525800.0,1379159405.85,208308000.0,155837221.0,81.58287214,85.0592974,2.27804555,-3.823284,43.09967376,1.80007378
2018-07-23,8.5,-3.954802259887,1770618000.0,1324616378.5,208308000.0,155837221.0,78.35643087,81.69537038,2.18795335,-3.67208068,41.39516688,1.72888442
2018-07-24,8.61,1.294117647059,1793531880.0,1341758472.81,208308000.0,155837221.0,79.37045527,82.75260459,2.21626804,-3.71960172,41.93086904,1.75125822
2018-07-25,8.63,0.232288037166,1797698040.0,1344875217.23,208308000.0,155837221.0,79.55482334,82.94482899,2.22141616,-3.72824191,42.02826944,1.75532619
2018-07-26,8.76,1.506373117034,1824778080.0,1365134055.96,208308000.0,155837221.0,80.75321582,84.19428759,2.25487898,-3.78440315,42.66137199,1.78176795
2018-07-27,8.62,-1.598173515982,1795614960.0,1343316845.02,208308000.0,155837221.0,79.46263931,82.84871679,2.2188421,-3.72392182,41.97956924,1.7532922
2018-07-30,8.23,-4.524361948956,1714374840.0,1282540328.83,208308000.0,155837221.0,75.86746189,79.10034097,2.11845365,-3.55543811,40.08026158,1.67396692
2018-07-31,8.25,0.243013365735,1718541000.0,1285657073.25,208308000.0,155837221.0,76.05182996,79.29256537,2.12360178,-3.5640783,40.17766198,1.67803488
2018-08-01,8.2,-0.606060606061,1708125600.0,1277865212.2,208308000.0,155837221.0,75.59090978,78.81200437,2.11073147,-3.54247783,39.93416099,1.66786497
2018-08-02,7.93,-3.292682926829,1651882440.0,1235789162.53,208308000.0,155837221.0,73.1019408,76.21697496,2.04123177,-3.42583527,38.61925569,1.61294747
2018-08-03,7.86,-0.882723833544,1637300880.0,1224880557.06,208308000.0,155837221.0,72.45665255,75.54418955,2.02321333,-3.3955946,38.27835432,1.5987096
2018-08-06,7.87,0.127226463104,1639383960.0,1226438929.27,208308000.0,155837221.0,72.54883658,75.64030175,2.02578739,-3.3999147,38.32705452,1.60074358
2018-08-07,8.06,2.414231257942,1678962480.0,1256048001.26,208308000.0,155837221.0,74.30033327,77.46643356,2.07469459,-3.4819965,39.25235825,1.63938923
2018-08-08,7.92,-1.736972704715,1649799360.0,1234230790.32,208308000.0,155837221.0,73.00975677,76.12086276,2.03865771,-3.42151517,38.5705555,1.61091349
2018-08-09,8.13,2.651515151515,1693544040.0,1266956606.73,208308000.0,155837221.0,74.94562153,78.13921897,2.09271303,-3.51223717,39.59325962,1.6536271
2018-08-10,8.2,0.861008610086,1708125600.0,1277865212.2,208308000.0,155837221.0,75.59090978,78.81200437,2.11073147,-3.54247783,39.93416099,1.66786497
2018-08-13,8.2,0.0,1708125600.0,1277865212.2,208308000.0,155837221.0,75.59090978,78.81200437,2.11073147,-3.54247783,39.93416099,1.66786497
2018-08-14,8.14,-0.731707317073,1695627120.0,1268514978.94,208308000.0,155837221.0,75.03780556,78.23533117,2.09528709,-3.51655726,39.64195982,1.65566108
2018-08-15,7.92,-2.702702702703,1649799360.0,1234230790.32,208308000.0,155837221.0,73.00975677,76.12086276,2.03865771,-3.42151517,38.5705555,1.61091349
2018-08-16,7.87,-0.631313131313,1639383960.0,1226438929.27,208308000.0,155837221.0,72.54883658,75.64030175,2.02578739,-3.3999147,38.32705452,1.60074358
2018-08-17,7.73,-1.778907242694,1610220840.0,1204621718.33,208308000.0,155837221.0,71.25826008,74.29473095,1.98975052,-3.33943337,37.64525177,1.57226784
2018-08-20,7.78,0.646830530401,1620636240.0,1212413579.38,208308000.0,155837221.0,71.71918026,74.77529195,2.00262083,-3.36103384,37.88875275,1.58243774
2018-08-21,7.86,1.028277634961,1637300880.0,1224880557.06,208308000.0,155837221.0,72.45665255,75.54418955,2.02321333,-3.3955946,38.27835432,1.5987096
2018-08-22,7.8,-0.763358778626,1624802400.0,1215530323.8,208308000.0,155837221.0,71.90354833,74.96751635,2.00776896,-3.36967403,37.98615314,1.58650571
2018-08-23,7.83,0.384615384615,1631051640.0,1220205440.43,208308000.0,155837221.0,72.18010044,75.25585295,2.01549114,-3.38263432,38.13225373,1.59260765
2018-08-24,7.76,-0.893997445722,1616470080.0,1209296834.96,208308000.0,155837221.0,71.53481218,74.58306755,1.9974727,-3.35239365,37.79135236,1.57836978
2018-08-27,7.94,2.319587628866,1653965520.0,1237347534.74,208308000.0,155837221.0,73.19412484,76.31308716,2.04380583,-3.43015536,38.66795589,1.61498145
2018-08-28,7.92,-0.251889168766,1649799360.0,1234230790.32,208308000.0,155837221.0,73.00975677,76.12086276,2.03865771,-3.42151517,38.5705555,1.61091349
2018-08-29,7.93,0.126262626263,1651882440.0,1235789162.53,208308000.0,155837221.0,73.1019408,76.21697496,2.04123177,-3.42583527,38.61925569,1.61294747
2018-08-30,7.79,-1.765447667087,1622719320.0,1213971951.59,208308000.0,155837221.0,91.31406998,74.87140415,2.00519489,-3.36535394,46.84999512,1.53344405
2018-08-31,7.54,-3.209242618742,1570642320.0,1175012646.34,208308000.0,155837221.0,88.38357993,72.46859914,1.94084332,-3.25735157,45.34646511,1.48423211
2018-09-03,7.52,-0.26525198939,1566476160.0,1217402678.08,208308000.0,161888654.0,88.14914072,72.27637474,1.9356952,-3.24871138,45.22618271,1.48029515
2018-09-04,7.66,1.86170212766,1595639280.0,1240067089.64,208308000.0,161888654.0,89.79021515,73.62194554,1.97173208,-3.3091927,46.06815951,1.50785384
2018-09-05,7.59,-0.913838120104,1581057720.0,1228734883.86,208308000.0,161888654.0,88.96967794,72.94916014,1.95371364,-3.27895204,45.64717111,1.49407449
2018-09-06,7.65,0.790513833992,1593556200.0,1238448203.1,208308000.0,161888654.0,89.67299555,73.52583334,1.96915801,-3.30487261,46.00801831,1.50588536
2018-09-07,7.65,0.0,1593556200.0,1238448203.1,208308000.0,161888654.0,89.67299555,73.52583334,1.96915801,-3.30487261,46.00801831,1.50588536
2018-09-10,7.37,-3.660130718954,1535229960.0,1193119379.98,208308000.0,161888654.0,86.39084669,70.83469173,1.89708426,-3.18390995,44.3240647,1.45076799
2018-09-11,7.48,1.492537313433,1558143840.0,1210927131.92,208308000.0,161888654.0,87.68026231,71.89192594,1.92539895,-3.231431,44.98561791,1.47242124
2018-09-12,7.52,0.534759358289,1566476160.0,1217402678.08,208308000.0,161888654.0,88.14914072,72.27637474,1.9356952,-3.24871138,45.22618271,1.48029515
2018-09-13,7.6,1.063829787234,1583140800.0,1230353770.4,208308000.0,161888654.0,89.08689754,73.04527234,1.9562877,-3.28327213,45.70731231,1.49604297
2018-09-14,7.51,-1.184210526316,1564393080.0,1215783791.54,208308000.0,161888654.0,88.03192112,72.18026254,1.93312114,-3.24439128,45.16604151,1.47832667
2018-09-17,7.48,-0.399467376831,1558143840.0,1210927131.92,208308000.0,161888654.0,87.68026231,71.89192594,1.92539895,-3.231431,44.98561791,1.47242124
2018-09-18,7.58,1.336898395722,1578974640.0,1227115997.32,208308000.0,161888654.0,88.85245833,72.85304794,1.95113957,-3.27463195,45.58702991,1.49210602
2018-09-19,7.65,0.923482849604,1593556200.0,1238448203.1,208308000.0,161888654.0,89.67299555,73.52583334,1.96915801,-3.30487261,46.00801831,1.50588536
2018-09-20,7.69,0.522875816993,1601888520.0,1244923749.26,208308000.0,161888654.0,90.14187396,73.91028215,1.97945426,-3.32215299,46.24858312,1.51375927
2018-09-21,7.75,0.780234070221,1614387000.0,1254637068.5,208308000.0,161888654.0,90.84519157,74.48695535,1.99489864,-3.34807356,46.60943032,1.52557013
2018-09-25,7.86,1.41935483871,1637300880.0,1272444820.44,208308000.0,161888654.0,92.13460719,75.54418955,2.02321333,-3.3955946,47.27098352,1.54722339
2018-09-26,7.79,-0.89058524173,1622719320.0,1261112614.66,208308000.0,161888654.0,91.31406998,74.87140415,2.00519489,-3.36535394,46.84999512,1.53344405
2018-09-27,7.56,-2.952503209243,1574808480.0,1223878224.24,208308000.0,161888654.0,88.61801913,72.66082354,1.94599145,-3.26599176,45.46674751,1.48816906
2018-09-28,7.66,1.322751322751,1595639280.0,1240067089.64,208308000.0,161888654.0,89.79021515,73.62194554,1.97173208,-3.3091927,46.06815951,1.50785384
2018-10-08,7.28,-4.960835509138,1516482240.0,1178549401.12,208308000.0,161888654.0,85.33587027,69.96968193,1.8636917,-3.1450291,43.7827939,1.43305169
2018-10-09,7.23,-0.686813186813,1506066840.0,1170454968.42,208308000.0,161888654.0,84.74977226,69.48912092,1.85089162,-3.12342862,43.4820879,1.4232093
2018-10-10,7.3,0.968188105118,1520648400.0,1181787174.2,208308000.0,161888654.0,85.57030948,70.16190633,1.86881174,-3.15366929,43.9030763,1.43698864
2018-10-11,6.57,-10.0,1368583560.0,1063608456.78,208308000.0,161888654.0,77.01327853,63.1457157,1.68193056,-2.83830236,39.51276867,1.29328978
2018-10-12,6.37,-3.044140030441,1326921960.0,1031230725.98,208308000.0,161888654.0,74.66888649,61.22347169,1.63073024,-2.75190046,38.30994466,1.25392023
2018-10-15,6.25,-1.883830455259,1301925000.0,1011804087.5,208308000.0,161888654.0,73.26225126,60.07012528,1.60001005,-2.70005932,37.58825026,1.2302985
2018-10-16,6.1,-2.4,1270678800.0,987520789.4,208308000.0,161888654.0,71.50395723,58.62844227,1.56160981,-2.6352579,36.68613225,1.20077133
2018-10-17,6.18,1.311475409836,1287343440.0,1000471881.72,208308000.0,161888654.0,72.44171405,59.39733988,1.58208994,-2.66981866,37.16726185,1.21651915
2018-10-18,6.0,-2.912621359223,1249848000.0,971331924.0,208308000.0,161888654.0,70.33176121,57.66732027,1.53600965,-2.59205695,36.08472025,1.18108656
2018-10-19,6.24,4.0,1299841920.0,1010185200.96,208308000.0,161888654.0,73.14503166,59.97401308,1.59745003,-2.69573923,37.52810906,1.22833002
2018-10-22,6.5,4.166666666667,1354002000.0,1052276251.0,208308000.0,161888654.0,76.19274131,62.47293029,1.66401045,-2.80806169,39.09178027,1.27951044
2018-10-23,6.44,-0.923076923077,1341503520.0,1042562931.76,208308000.0,161888654.0,75.4894237,61.89625709,1.64865035,-2.78214112,38.73093306,1.26769957
2018-10-24,6.44,0.0,1341503520.0,1042562931.76,208308000.0,161888654.0,75.4894237,61.89625709,1.64865035,-2.78214112,38.73093306,1.26769957
2018-10-25,6.4,-0.621118012422,1333171200.0,1036087385.6,208308000.0,161888654.0,75.02054529,61.51180829,1.63841029,-2.76486075,38.49036826,1.25982566
2018-10-26,6.52,1.875,1358168160.0,1055514024.08,208308000.0,161888654.0,76.42718052,62.66515469,1.66913048,-2.81670188,39.21206267,1.28344739
2018-10-29,6.45,-1.073619631902,1343586600.0,1044181818.3,208308000.0,161888654.0,68.76829476,61.99236929,1.65121037,-2.78646122,48.09057386,1.23011668
2018-10-30,6.54,1.395348837209,1362334320.0,1058751797.16,208308000.0,161888654.0,69.72785236,62.85737909,1.67425051,-2.82534207,48.76160512,1.2472811
2018-10-31,6.62,1.223241590214,1378998960.0,1071702889.48,208308000.0,161888654.0,70.58079245,63.6262767,1.69473064,-2.85990283,49.35807735,1.26253836
2018-11-01,6.62,0.0,1378998960.0,1071702889.48,208308000.0,161888654.0,70.58079245,63.6262767,1.69473064,-2.85990283,49.35807735,1.26253836
2018-11-02,6.83,3.172205438066,1422743640.0,1105699506.82,208308000.0,161888654.0,72.81976018,65.64463291,1.74849098,-2.95062483,50.92381697,1.30258867
2018-11-05,6.87,0.585651537335,1431075960.0,1112175052.98,208308000.0,161888654.0,73.24623023,66.02908171,1.75873104,-2.96790521,51.22205308,1.3102173
2018-11-06,6.99,1.74672489083,1456072920.0,1131601691.46,208308000.0,161888654.0,74.52564036,67.18242811,1.78945124,-3.01974635,52.11676144,1.3331032
2018-11-07,6.95,-0.572246065808,1447740600.0,1125126145.3,208308000.0,161888654.0,74.09917032,66.79797931,1.77921117,-3.00246597,51.81852532,1.32547456
2018-11-08,6.93,-0.287769784173,1443574440.0,1121888372.22,208308000.0,161888654.0,73.8859353,66.60575491,1.77409114,-2.99382578,51.66940726,1.32166025
2018-11-09,6.97,0.577200577201,1451906760.0,1128363918.38,208308000.0,161888654.0,74.31240534,66.99020371,1.78433121,-3.01110616,51.96764338,1.32928888
2018-11-12,7.18,3.012912482066,1495651440.0,1162360535.72,208308000.0,161888654.0,76.55137308,69.00855992,1.83809154,-3.10182815,53.53338299,1.36933919
2018-11-13,7.34,2.228412256267,1528980720.0,1188262720.36,208308000.0,161888654.0,78.25725326,70.54635513,1.8790518,-3.17094967,54.72632746,1.39985371
2018-11-14,7.4,0.817438692098,1541479200.0,1197976039.6,208308000.0,161888654.0,78.89695833,71.12302833,1.8944119,-3.19687024,55.17368163,1.41129666
2018-11-15,7.53,1.756756756757,1568559240.0,1219021564.62,208308000.0,161888654.0,80.28298597,72.37248694,1.92769211,-3.25303147,56.14294901,1.43608971
2018-11-16,7.55,0.265604249668,1572725400.0,1222259337.7,208308000.0,161888654.0,80.496221,72.56471134,1.93281214,-3.26167166,56.29206707,1.43990402
2018-11-19,7.59,0.529801324503,1581057720.0,1228734883.86,208308000.0,161888654.0,80.92269104,72.94916014,1.9430522,-3.27895204,56.59030319,1.44753265
2018-11-20,7.32,-3.557312252964,1524814560.0,1185024947.28,208308000.0,161888654.0,78.04401824,70.35413073,1.87393177,-3.16230948,54.5772094,1.3960394
2018-11-21,7.58,3.551912568306,1578974640.0,1227115997.32,208308000.0,161888654.0,80.81607353,72.85304794,1.94049219,-3.27463195,56.51574416,1.4456255
2018-11-22,7.62,0.527704485488,1587306960.0,1233591543.48,208308000.0,161888654.0,81.24254357,73.23749674,1.95073225,-3.29191232,56.81398028,1.45325413
2018-11-23,7.09,-6.955380577428,1476903720.0,1147790556.86,208308000.0,161888654.0,75.59181548,68.14355012,1.8150514,-3.06294729,52.86235173,1.35217477
2018-11-26,7.29,2.820874471086,1518565320.0,1180168287.66,208308000.0,161888654.0,77.7241657,70.06579413,1.86625172,-3.14934919,54.35353231,1.39031792
2018-11-27,7.28,-0.137174211248,1516482240.0,1178549401.12,208308000.0,161888654.0,77.61754819,69.96968193,1.8636917,-3.1450291,54.27897328,1.38841077
2018-11-28,7.35,0.961538461538,1531063800.0,1189881606.9,208308000.0,161888654.0,78.36387077,70.64246733,1.88161182,-3.17526976,54.80088649,1.40176087
2018-11-29,7.21,-1.904761904762,1501900680.0,1167217195.34,208308000.0,161888654.0,76.87122561,69.29689652,1.84577159,-3.11478843,53.75706008,1.37506066
2018-11-30,7.17,-0.554785020804,1493568360.0,1160741649.18,208308000.0,161888654.0,76.44475557,68.91244772,1.83553153,-3.09750805,53.45882396,1.36743203
2018-12-03,7.37,2.78940027894,1535229960.0,1193119379.98,208308000.0,161888654.0,78.57710579,70.83469173,1.88673185,-3.18390995,54.95000455,1.40557519
2018-12-04,7.5,1.763907734057,1562310000.0,1214164905.0,208308000.0,161888654.0,79.96313344,72.08415034,1.92001206,-3.24007119,55.91927193,1.43036823
2018-12-05,7.47,-0.4,1556060760.0,1209308245.38,208308000.0,161888654.0,79.64328091,71.79581374,1.91233201,-3.2271109,55.69559484,1.42464676
2018-12-06,7.25,-2.945113788487,1510233000.0,1173692741.5,208308000.0,161888654.0,77.29769566,69.68134533,1.85601166,-3.13206881,54.0552962,1.38268929
2018-12-07,7.19,-0.827586206897,1497734520.0,1163979422.26,208308000.0,161888654.0,76.65799059,69.10467212,1.84065156,-3.10614824,53.60794202,1.37124635
2018-12-10,6.97,-3.059805285118,1451906760.0,1128363918.38,208308000.0,161888654.0,74.31240534,66.99020371,1.78433121,-3.01110616,51.96764338,1.32928888
2018-12-11,7.02,0.717360114778,1462322160.0,1136458351.08,208308000.0,161888654.0,74.8454929,67.47076472,1.79713129,-3.03270663,52.34043852,1.33882467
2018-12-12,7.01,-0.14245014245,1460239080.0,1134839464.54,208308000.0,161888654.0,74.73887539,67.37465251,1.79457127,-3.02838654,52.26587949,1.33691751
2018-12-13,7.08,0.998573466476,1474820640.0,1146171670.32,208308000.0,161888654.0,75.48519797,68.04743792,1.81249138,-3.0586272,52.7877927,1.35026761
2018-12-14,6.7,-5.367231638418,1395663600.0,1084653981.8,208308000.0,161888654.0,71.43373254,64.3951743,1.71521077,-2.89446359,49.95454959,1.27779562
2018-12-17,6.68,-0.298507462687,1391497440.0,1081416208.72,208308000.0,161888654.0,71.22049752,64.2029499,1.71009074,-2.8858234,49.80543153,1.27398131
2018-12-18,6.55,-1.946107784431,1364417400.0,1060370683.7,208308000.0,161888654.0,69.83446987,62.95349129,1.67681053,-2.82966217,48.83616415,1.24918826
2018-12-19,6.47,-1.221374045802,1347752760.0,1047419591.38,208308000.0,161888654.0,68.98152978,62.18459369,1.6563304,-2.79510141,48.23969192,1.233931
2018-12-20,6.57,1.545595054096,1368583560.0,1063608456.78,208308000.0,161888654.0,70.04770489,63.1457157,1.68193056,-2.83830236,48.98528221,1.25300257
2018-12-21,6.63,0.913242009132,1381082040.0,1073321776.02,208308000.0,161888654.0,70.68740996,63.7223889,1.69729066,-2.86422293,49.43263638,1.26444552
2018-12-24,6.67,0.603318250377,1389414360.0,1079797322.18,208308000.0,161888654.0,71.11388,64.1068377,1.70753072,-2.88150331,49.7308725,1.27207415
2018-12-25,6.52,-2.248875562219,1358168160.0,1055514024.08,208308000.0,161888654.0,69.51461734,62.66515469,1.66913048,-2.81670188,48.61248706,1.24346679
2018-12-26,6.55,0.460122699387,1364417400.0,1060370683.7,208308000.0,161888654.0,69.83446987,62.95349129,1.67681053,-2.82966217,48.83616415,1.24918826
2018-12-27,6.45,-1.526717557252,1343586600.0,1044181818.3,208308000.0,161888654.0,68.76829476,61.99236929,1.65121037,-2.78646122,48.09057386,1.23011668
2018-12-28,6.48,0.46511627907,1349835840.0,1049038477.92,208308000.0,161888654.0,69.08814729,62.28070589,1.65889042,-2.7994215,48.31425094,1.23583816
2019-01-02,6.55,1.08024691358,1364417400.0,1060370683.7,208308000.0,161888654.0,69.83446987,188.42731687,1.70745996,-9.59348651,48.83616415,1.24918826
2019-01-03,6.49,-0.916030534351,1351918920.0,1050657364.46,208308000.0,161888654.0,69.1947648,186.70126511,1.69181911,-9.50560724,48.38880997,1.23774531
2019-01-04,6.66,2.619414483821,1387331280.0,1078178435.64,208308000.0,161888654.0,71.00726249,191.59174509,1.73613486,-9.75459849,49.65631347,1.27016699
2019-01-07,6.78,1.801801801802,1412328240.0,1097605074.12,208308000.0,161888654.0,72.28667263,195.04384861,1.76741657,-9.93035702,50.55102182,1.29305288
2019-01-08,6.76,-0.294985250737,1408162080.0,1094367301.04,208308000.0,161888654.0,72.07343761,194.46849802,1.76220295,-9.90106394,50.40190376,1.28923857
2019-01-09,6.8,0.591715976331,1416494400.0,1100842847.2,208308000.0,161888654.0,72.49990765,195.61919919,1.77263019,-9.95965011,50.70013988,1.2968672
2019-01-10,6.81,0.147058823529,1418577480.0,1102461733.74,208308000.0,161888654.0,72.60652516,195.90687449,1.775237,-9.97429666,50.77469891,1.29877436
2019-01-11,6.86,0.734214390602,1428992880.0,1110556166.44,208308000.0,161888654.0,73.13961272,197.34525095,1.78827104,-10.04752938,51.14749406,1.30831015
2019-01-14,6.86,0.0,1428992880.0,1110556166.44,208308000.0,161888654.0,73.13961272,197.34525095,1.78827104,-10.04752938,51.14749406,1.30831015
2019-01-15,6.97,1.603498542274,1451906760.0,1128363918.38,208308000.0,161888654.0,74.31240534,200.50967917,1.81694594,-10.20864137,51.96764338,1.32928888
2019-01-16,6.97,0.0,1451906760.0,1128363918.38,208308000.0,161888654.0,74.31240534,200.50967917,1.81694594,-10.20864137,51.96764338,1.32928888
2019-01-17,6.86,-1.578192252511,1428992880.0,1110556166.44,208308000.0,161888654.0,73.13961272,197.34525095,1.78827104,-10.04752938,51.14749406,1.30831015
2019-01-18,6.92,0.874635568513,1441491360.0,1120269485.68,208308000.0,161888654.0,73.77931779,199.07130271,1.8039119,-10.13540864,51.59484823,1.31975309
2019-01-21,6.95,0.433526011561,1447740600.0,1125126145.3,208308000.0,161888654.0,74.09917032,199.93432859,1.81173233,-10.17934828,51.81852532,1.32547456
2019-01-22,6.9,-0.719424460432,1437325200.0,1117031712.6,208308000.0,161888654.0,73.56608276,198.49595212,1.79869828,-10.10611556,51.44573017,1.31593878
2019-01-23,6.88,-0.289855072464,1433159040.0,1113793939.52,208308000.0,161888654.0,73.35284774,197.92060154,1.79348466,-10.07682247,51.29661211,1.31212446
2019-01-24,6.91,0.436046511628,1439408280.0,1118650599.14,208308000.0,161888654.0,73.67270027,198.78362742,1.80130509,-10.1207621,51.5202892,1.31784593
2019-01-25,6.81,-1.447178002894,1418577480.0,1102461733.74,208308000.0,161888654.0,72.60652516,195.90687449,1.775237,-9.97429666,50.77469891,1.29877436
2019-01-28,6.66,-2.202643171806,1387331280.0,1078178435.64,208308000.0,161888654.0,71.00726249,191.59174509,1.73613486,-9.75459849,49.65631347,1.27016699
2019-01-29,6.52,-2.102102102102,1358168160.0,1055514024.08,208308000.0,161888654.0,69.51461734,187.56429099,1.69963953,-9.54954687,48.61248706,1.24346679
2019-01-30,6.46,-0.920245398773,1345669680.0,1045800704.84,208308000.0,161888654.0,68.87491227,185.83823923,1.68399868,-9.46166761,48.16513289,1.23202384
2019-01-31,6.19,-4.179566563467,1289426520.0,1002090768.26,208308000.0,161888654.0,65.99623946,178.07100632,1.61361483,-9.06621091,46.1520391,1.18053058
2019-02-01,6.41,3.554119547658,1335254280.0,1037706272.14,208308000.0,161888654.0,68.34182471,184.39986277,1.67096463,-9.38843489,47.79233774,1.22248805
2019-02-11,6.61,3.120124804992,1376915880.0,1070084002.94,208308000.0,161888654.0,70.47417494,190.15336863,1.72310082,-9.68136577,49.28351832,1.2606312
2019-02-12,6.71,1.512859304085,1397746680.0,1086272868.34,208308000.0,161888654.0,71.54035005,193.03012156,1.74916891,-9.82783121,50.02910862,1.27970278
2019-02-13,6.81,1.490312965723,1418577480.0,1102461733.74,208308000.0,161888654.0,72.60652516,195.90687449,1.775237,-9.97429666,50.77469891,1.29877436
2019-02-14,6.78,-0.440528634361,1412328240.0,1097605074.12,208308000.0,161888654.0,72.28667263,195.04384861,1.76741657,-9.93035702,50.55102182,1.29305288
2019-02-15,6.73,-0.737463126844,1401912840.0,1089510641.42,208308000.0,161888654.0,71.75358507,193.60547214,1.75438253,-9.8571243,50.17822668,1.2835171
2019-02-18,6.94,3.120356612184,1445657520.0,1123507258.76,208308000.0,161888654.0,73.99255281,199.64665329,1.80912552,-10.16470173,51.74396629,1.32356741
2019-02-19,6.92,-0.28818443804,1441491360.0,1120269485.68,208308000.0,161888654.0,73.77931779,199.07130271,1.8039119,-10.13540864,51.59484823,1.31975309
2019-02-20,6.98,0.867052023121,1453989840.0,1129982804.92,208308000.0,161888654.0,74.41902285,200.79735447,1.81955275,-10.22328791,52.04220241,1.33119604
2019-02-21,6.89,-1.289398280802,1435242120.0,1115412826.06,208308000.0,161888654.0,73.45946525,198.20827683,1.79609147,-10.09146901,51.37117114,1.31403162
2019-02-22,7.06,2.467343976778,1470654480.0,1142933897.24,208308000.0,161888654.0,75.27196294,203.09875681,1.84040723,-10.34046026,52.63867464,1.3464533
2019-02-25,7.37,4.390934844193,1535229960.0,1193119379.98,208308000.0,161888654.0,78.57710579,212.01669089,1.92121831,-10.79450314,54.95000455,1.40557519
2019-02-26,7.37,0.0,1535229960.0,1193119379.98,208308000.0,161888654.0,78.57710579,212.01669089,1.92121831,-10.79450314,54.95000455,1.40557519
2019-02-27,7.37,0.0,1535229960.0,1193119379.98,208308000.0,161888654.0,206.7942877,212.01669089,1.92121831,-10.79450314,54.95000455,1.34952699
2019-02-28,7.49,1.628222523745,1560226920.0,1212546018.46,208308000.0,161888654.0,210.16135887,215.46879441,1.95250002,-10.97026167,55.8447129,1.37150029
2019-03-01,7.51,0.267022696929,1564393080.0,1215783791.54,208308000.0,161888654.0,210.7225374,216.04414499,1.95771364,-10.99955476,55.99383096,1.37516251
2019-03-04,7.79,3.728362183755,1622719320.0,1261112614.66,208308000.0,161888654.0,218.5790368,224.09905319,2.03070429,-11.409658,58.08148377,1.42643354
2019-03-05,8.04,3.209242618742,1674796320.0,1301584778.16,208308000.0,161888654.0,225.5937684,231.29093552,2.09587452,-11.7758216,59.94545951,1.47221126
2019-03-06,8.14,1.243781094527,1695627120.0,1317773643.56,208308000.0,161888654.0,228.39966104,234.16768845,2.12194261,-11.92228705,60.6910498,1.49052234
2019-03-07,8.23,1.105651105651,1714374840.0,1332343622.42,208308000.0,161888654.0,230.92496442,236.75676608,2.14540389,-12.05410594,61.36208106,1.50700232
2019-03-08,7.8,-5.224787363305,1624802400.0,1262731501.2,208308000.0,161888654.0,218.85962606,224.38672849,2.0333111,-11.42430454,58.1560428,1.42826465
2019-03-11,8.58,10.0,1787282640.0,1389004651.32,208308000.0,161888654.0,240.74558867,246.82540133,2.23664221,-12.56673499,63.97164708,1.57109112
2019-03-12,8.46,-1.398601398601,1762285680.0,1369578012.84,208308000.0,161888654.0,237.3785175,243.37329782,2.2053605,-12.39097646,63.07693873,1.54911782
2019-03-13,8.28,-2.127659574468,1724790240.0,1340438055.12,208308000.0,161888654.0,232.32791074,238.19514255,2.15843794,-12.12733867,61.73487621,1.51615786
2019-03-14,7.9,-4.589371980676,1645633200.0,1278920366.6,208308000.0,161888654.0,221.6655187,227.26348142,2.05937919,-11.57076998,58.9016331,1.44657574
2019-03-15,8.08,2.278481012658,1683128640.0,1308060324.32,208308000.0,161888654.0,226.71612546,232.44163669,2.10630175,-11.83440778,60.24369562,1.47953569
2019-03-18,8.55,5.816831683168,1781033400.0,1384147991.7,208308000.0,161888654.0,239.90382087,245.96237546,2.22882178,-12.52279536,63.74797,1.56559779
2019-03-19,8.46,-1.052631578947,1762285680.0,1369578012.84,208308000.0,161888654.0,237.3785175,243.37329782,2.2053605,-12.39097646,63.07693873,1.54911782
2019-03-20,8.37,-1.063829787234,1743537960.0,1355008033.98,208308000.0,161888654.0,234.85321412,240.78422018,2.18189922,-12.25915756,62.40590747,1.53263784
2019-03-21,8.66,3.464755077658,1803947280.0,1401955743.64,208308000.0,161888654.0,242.99030278,249.12680368,2.25749668,-12.68390735,64.56811932,1.58573999
2019-03-22,8.53,-1.501154734411,1776867240.0,1380910218.62,208308000.0,161888654.0,239.34264234,245.38702487,2.22360816,-12.49350227,63.59885194,1.56193558
2019-03-25,8.59,0.703399765533,1789365720.0,1390623537.86,208308000.0,161888654.0,241.02617793,247.11307663,2.23924902,-12.58138154,64.04620611,1.57292223
2019-03-26,8.27,-3.72526193248,1722707160.0,1338819168.58,208308000.0,161888654.0,232.04732148,237.90746725,2.15583113,-12.11269212,61.66031718,1.51432675
2019-03-27,8.39,1.451027811366,1747704120.0,1358245807.06,208308000.0,161888654.0,235.41439265,241.35957077,2.18711284,-12.28845065,62.55502553,1.53630006
2019-03-28,8.33,-0.715137067938,1735205640.0,1348532487.82,208308000.0,161888654.0,233.73085706,239.63351901,2.17147198,-12.20057139,62.10767135,1.52531341
2019-03-29,8.48,1.800720288115,1766451840.0,1372815785.92,208308000.0,161888654.0,237.93969602,243.94864841,2.21057412,-12.42026955,63.22605679,1.55278003
2019-04-01,8.76,3.301886792453,1824778080.0,1418144609.04,208308000.0,161888654.0,245.79619542,252.00355661,2.22817724,-12.83037279,65.31370961,1.60405107
2019-04-02,9.15,4.452054794521,1906018200.0,1481281184.1,208308000.0,161888654.0,256.73917672,263.22289303,2.32737691,-13.40158802,68.22151175,1.6754643
2019-04-03,9.06,-0.983606557377,1887270480.0,1466711205.24,208308000.0,161888654.0,254.21387335,260.6338154,2.30448468,-13.26976912,67.55048049,1.65898433
2019-04-04,9.16,1.103752759382,1908101280.0,1482900070.64,208308000.0,161888654.0,257.01976599,263.51056832,2.32992049,-13.41623456,68.29607078,1.67729541
2019-04-08,8.85,-3.384279475983,1843525800.0,1432714587.9,208308000.0,161888654.0,248.3214988,254.59263424,2.25106947,-12.96219169,65.98474087,1.62053105
2019-04-09,9.74,10.056497175141,2028919920.0,1576795489.96,208308000.0,161888654.0,273.29394331,280.19573531,2.47744821,-14.26573413,72.62049448,1.78349971
2019-04-10,10.13,4.004106776181,2110160040.0,1639932065.02,208308000.0,161888654.0,284.23692461,291.41507174,2.57664788,-14.83694936,75.52829662,1.85491294
2019-04-11,9.37,-7.502467917078,1951845960.0,1516896687.98,208308000.0,161888654.0,262.91214054,269.55174948,2.3833357,-13.72381199,69.86181039,1.71574869
2019-04-12,9.15,-2.347918890075,1906018200.0,1481281184.1,208308000.0,161888654.0,256.73917672,263.22289303,2.32737691,-13.40158802,68.22151175,1.6754643
2019-04-15,8.93,-2.404371584699,1860190440.0,1445665680.22,208308000.0,161888654.0,250.56621291,256.89403659,2.27141812,-13.07936404,66.58121311,1.63517992
2019-04-16,9.05,1.343784994401,1885187400.0,1465092318.7,208308000.0,161888654.0,253.93328408,260.3461401,2.30194109,-13.25512258,67.47592146,1.65715322
2019-04-17,9.4,3.867403314917,1958095200.0,1521753347.6,208308000.0,161888654.0,263.75390833,270.41477535,2.39096644,-13.76775163,70.08548748,1.72124202
2019-04-18,9.11,-3.085106382979,1897685880.0,1474805637.94,208308000.0,161888654.0,255.61681967,262.07219186,2.31720258,-13.34300184,67.92327563,1.66813987
2019-04-19,10.02,9.989023051592,2087246160.0,1622124313.08,208308000.0,161888654.0,281.15044271,288.25064352,2.54866848,-14.67583737,74.70814729,1.83477075
2019-04-22,10.0,-0.199600798403,2083080000.0,1618886540.0,208308000.0,161888654.0,280.58926418,287.67529293,2.54358132,-14.64654428,74.55902924,1.83110853
2019-04-23,10.1,1.0,2103910800.0,1635075405.4,208308000.0,161888654.0,283.39515682,290.55204586,2.56901713,-14.79300973,75.30461953,1.84941961
2019-04-24,10.85,7.425742574257,2260141800.0,1756491895.9,208308000.0,161888654.0,304.43935163,312.12769283,2.75978573,-15.89150055,80.89654672,1.98675275
2019-04-25,9.77,-9.953917050691,2035169160.0,1581652149.58,208308000.0,161888654.0,274.1357111,281.05876119,2.48507895,-14.30967376,72.84417156,1.78899303
2019-04-26,8.83,-9.621289662231,1839359640.0,1429476814.82,208308000.0,161888654.0,247.76032027,254.01728366,2.24598231,-12.9328986,65.83562281,1.61686883
2019-04-29,7.95,-9.966024915062,1656048600.0,1287014799.3,208308000.0,161888654.0,83.69103272,228.70185788,2.02214715,-11.64400271,38.25572937,1.47941662
2019-04-30,8.15,2.51572327044,1697710200.0,1319392530.1,208308000.0,161888654.0,85.79646751,234.45536374,2.07301878,-11.93693359,39.21813766,1.51663465
2019-05-06,7.57,-7.116564417178,1576891560.0,1225497110.78,208308000.0,161888654.0,79.69070663,217.77019675,1.92549106,-11.08743402,36.42715363,1.40870237
2019-05-07,7.9,4.359313077939,1645633200.0,1278920366.6,208308000.0,161888654.0,83.16467402,227.26348142,2.00942924,-11.57076998,38.0151273,1.47011212
2019-05-08,7.76,-1.772151898734,1616470080.0,1256255955.04,208308000.0,161888654.0,81.69086968,223.23602731,1.9738191,-11.36571836,37.3414415,1.4440595
2019-05-09,7.62,-1.80412371134,1587306960.0,1233591543.48,208308000.0,161888654.0,80.21706533,219.20857321,1.93820897,-11.16066674,36.6677557,1.41800688
2019-05-10,7.98,4.724409448819,1662297840.0,1291871458.92,208308000.0,161888654.0,84.00684794,229.56488376,2.02977789,-11.68794234,38.40009061,1.48499933
2019-05-13,8.14,2.005012531328,1695627120.0,1317773643.56,208308000.0,161888654.0,85.69119577,234.16768845,2.07047519,-11.92228705,39.17001724,1.51477375
2019-05-14,7.97,-2.088452088452,1660214760.0,1290252572.38,208308000.0,161888654.0,83.9015762,229.27720847,2.02723431,-11.67329579,38.3519702,1.48313843
2019-05-15,8.21,3.011292346299,1710208680.0,1329105849.34,208308000.0,161888654.0,86.42809794,236.1814155,2.08828026,-12.02481286,39.50686014,1.52780006
2019-05-16,8.28,0.852618757613,1724790240.0,1340438055.12,208308000.0,161888654.0,87.16500012,238.19514255,2.10608533,-12.12733867,39.84370304,1.54082637
2019-05-17,8.21,-0.845410628019,1710208680.0,1329105849.34,208308000.0,161888654.0,86.42809794,236.1814155,2.08828026,-12.02481286,39.50686014,1.52780006
2019-05-20,7.8,-4.993909866017,1624802400.0,1262731501.2,208308000.0,161888654.0,82.11195663,224.38672849,1.98399343,-11.42430454,37.53392316,1.4515031
2019-05-21,8.04,3.076923076923,1674796320.0,1301584778.16,208308000.0,161888654.0,84.63847837,231.29093552,2.04503938,-11.7758216,38.6888131,1.49616474
2019-05-22,8.04,0.0,1674796320.0,1301584778.16,208308000.0,161888654.0,84.63847837,231.29093552,2.04503938,-11.7758216,38.6888131,1.49616474
2019-05-23,7.78,-3.233830845771,1620636240.0,1259493728.12,208308000.0,161888654.0,81.90141315,223.8113779,1.97890627,-11.39501145,37.43768233,1.4477813
2019-05-24,7.7,-1.028277634961,1603971600.0,1246542635.8,208308000.0,161888654.0,81.05923924,221.50997556,1.95855762,-11.2778391,37.05271901,1.43289409
2019-05-27,7.96,3.376623376623,1658131680.0,1288633685.84,208308000.0,161888654.0,83.79630446,228.98953317,2.02469073,-11.65864925,38.30384978,1.48127753
2019-05-28,8.05,1.130653266332,1676879400.0,1303203664.7,208308000.0,161888654.0,84.74375011,231.57861081,2.04758296,-11.79046815,38.73693351,1.49802564
2019-05-29,8.06,0.124223602484,1678962480.0,1304822551.24,208308000.0,161888654.0,84.84902185,231.8662861,2.05012654,-11.80511469,38.78505393,1.49988654
2019-05-30,7.94,-1.488833746898,1653965520.0,1285395912.76,208308000.0,161888654.0,83.58576098,228.41418259,2.01960357,-11.62935616,38.20760896,1.47755572
2019-05-31,7.93,-0.125944584383,1651882440.0,1283777026.22,208308000.0,161888654.0,83.48048924,228.12650729,2.01705999,-11.61470962,38.15948854,1.47569482
2019-06-03,7.77,-2.017654476671,1618553160.0,1257874841.58,208308000.0,161888654.0,81.79614141,223.52370261,1.97636269,-11.38036491,37.38956191,1.4459204
2019-06-04,7.62,-1.930501930502,1587306960.0,1233591543.48,208308000.0,161888654.0,80.21706533,219.20857321,1.93820897,-11.16066674,36.6677557,1.41800688
2019-06-05,7.63,0.131233595801,1589390040.0,1235210430.02,208308000.0,161888654.0,80.32233706,219.49624851,1.94075255,-11.17531329,36.71587611,1.41986778
2019-06-06,7.3,-4.3250327654,1520648400.0,1181787174.2,208308000.0,161888654.0,76.84836967,210.00296384,1.85681436,-10.69197733,35.12790244,1.35845803
2019-06-10,7.41,1.506849315068,1543562280.0,1199594926.14,208308000.0,161888654.0,78.0063588,213.16739206,1.88479376,-10.85308931,35.657227,1.37892795
2019-06-11,7.75,4.588394062078,1614387000.0,1254637068.5,208308000.0,161888654.0,81.58559794,222.94835202,1.97127552,-11.35107182,37.29332108,1.4421986
2019-06-12,7.75,0.0,1614387000.0,1254637068.5,208308000.0,161888654.0,81.58559794,222.94835202,1.97127552,-11.35107182,37.29332108,1.4421986
2019-06-13,7.81,0.774193548387,1626885480.0,1264350387.74,208308000.0,161888654.0,82.21722837,224.67440378,1.98653701,-11.43895109,37.58204357,1.453364
2019-06-14,7.62,-2.432778489117,1587306960.0,1233591543.48,208308000.0,161888654.0,80.21706533,219.20857321,1.93820897,-11.16066674,36.6677557,1.41800688
2019-06-17,7.72,1.312335958005,1608137760.0,1249780408.88,208308000.0,161888654.0,81.26978272,222.08532614,1.96364478,-11.30713219,37.14895984,1.43661589
2019-06-18,7.7,-0.259067357513,1603971600.0,1246542635.8,208308000.0,161888654.0,81.05923924,221.50997556,1.95855762,-11.2778391,37.05271901,1.43289409
2019-06-19,7.71,0.12987012987,1606054680.0,1248161522.34,208308000.0,161888654.0,81.16451098,221.79765085,1.9611012,-11.29248564,37.10083943,1.43475499
2019-06-20,7.84,1.686121919585,1633134720.0,1269207047.36,208308000.0,161888654.0,82.53304359,225.53742966,1.99416776,-11.48289072,37.72640481,1.45894671
2019-06-21,8.26,5.357142857143,1720624080.0,1337200282.04,208308000.0,161888654.0,86.95445664,237.61979196,2.10099817,-12.09804558,39.74746221,1.53710457
2019-06-24,8.05,-2.542372881356,1676879400.0,1303203664.7,208308000.0,161888654.0,84.74375011,231.57861081,2.04758296,-11.79046815,38.73693351,1.49802564
2019-06-25,7.99,-0.745341614907,1664380920.0,1293490345.46,208308000.0,161888654.0,84.11211968,229.85255905,2.03232148,-11.70258888,38.44821103,1.48686023
2019-06-26,7.98,-0.125156445557,1662297840.0,1291871458.92,208308000.0,161888654.0,84.00684794,229.56488376,2.02977789,-11.68794234,38.40009061,1.48499933
2019-06-27,8.01,0.375939849624,1668547080.0,1296728118.54,208308000.0,161888654.0,84.32266316,230.42790964,2.03740864,-11.73188197,38.54445186,1.49058203
2019-06-28,7.88,-1.622971285893,1641467040.0,1275682593.52,208308000.0,161888654.0,82.95413055,226.68813083,2.00434208,-11.5414769,37.91888647,1.46639031
2019-07-01,8.06,2.284263959391,1678962480.0,1306258843.24,208308000.0,162066854.0,84.84902185,231.8662861,2.0057922,-11.80511469,38.78505393,1.49988654
2019-07-02,8.01,-0.620347394541,1668547080.0,1298155500.54,208308000.0,162066854.0,84.32266316,230.42790964,1.99334933,-11.73188197,38.54445186,1.49058203
2019-07-03,7.93,-0.998751560549,1651882440.0,1285190152.22,208308000.0,162066854.0,83.48048924,228.12650729,1.97344072,-11.61470962,38.15948854,1.47569482
2019-07-04,7.81,-1.513240857503,1626885480.0,1265742129.74,208308000.0,162066854.0,82.21722837,224.67440378,1.94357781,-11.43895109,37.58204357,1.453364
2019-07-05,7.89,1.024327784891,1643550120.0,1278707478.06,208308000.0,162066854.0,83.05940229,226.97580612,1.96348641,-11.55612344,37.96700688,1.46825122
2019-07-08,7.59,-3.802281368821,1581057720.0,1230087421.86,208308000.0,162066854.0,79.90125011,218.34554733,1.88882914,-11.11672711,36.52339446,1.41242417
2019-07-09,7.72,1.71277997365,1608137760.0,1251156112.88,208308000.0,162066854.0,81.26978272,222.08532614,1.92118062,-11.30713219,37.14895984,1.43661589
2019-07-10,7.72,0.0,1608137760.0,1251156112.88,208308000.0,162066854.0,81.26978272,222.08532614,1.92118062,-11.30713219,37.14895984,1.43661589
2019-07-11,7.81,1.428571428571,1626885480.0,1265742129.74,208308000.0,162066854.0,82.21722837,224.67440378,1.94357781,-11.43895109,37.58204357,1.453364
2019-07-12,7.92,1.408450704225,1649799360.0,1283569483.68,208308000.0,162066854.0,83.3752175,227.838832,1.97095214,-11.60006307,38.11136813,1.47383392
2019-07-15,8.05,1.641414141414,1676879400.0,1304638174.7,208308000.0,162066854.0,84.74375011,231.57861081,2.00330363,-11.79046815,38.73693351,1.49802564
2019-07-16,8.04,-0.124223602484,1674796320.0,1303017506.16,208308000.0,162066854.0,84.63847837,231.29093552,2.00081505,-11.7758216,38.6888131,1.49616474
2019-07-17,8.19,1.865671641791,1706042520.0,1327327534.26,208308000.0,162066854.0,86.21755446,235.60606491,2.03814369,-11.99551977,39.41061931,1.52407826
2019-07-18,8.05,-1.709401709402,1676879400.0,1304638174.7,208308000.0,162066854.0,84.74375011,231.57861081,2.00330363,-11.79046815,38.73693351,1.49802564
2019-07-19,8.11,0.745341614907,1689377880.0,1314362185.94,208308000.0,162066854.0,85.37538055,233.30466257,2.01823508,-11.87834741,39.025656,1.50919105
2019-07-22,7.8,-3.822441430333,1624802400.0,1264121461.2,208308000.0,162066854.0,82.11195663,224.38672849,1.94108923,-11.42430454,37.53392316,1.4515031
2019-07-23,8.21,5.25641025641,1710208680.0,1330568871.34,208308000.0,162066854.0,86.42809794,236.1814155,2.04312084,-12.02481286,39.50686014,1.52780006
2019-07-24,8.16,-0.609013398295,1699793280.0,1322465528.64,208308000.0,162066854.0,85.90173925,234.74303903,2.03067796,-11.95158013,39.26625807,1.51849555
2019-07-25,8.03,-1.593137254902,1672713240.0,1301396837.62,208308000.0,162066854.0,84.53320664,231.00326022,1.99832648,-11.76117506,38.64069269,1.49430384
2019-07-26,8.02,-0.124533001245,1670630160.0,1299776169.08,208308000.0,162066854.0,84.4279349,230.71558493,1.9958379,-11.74652852,38.59257227,1.49244293
2019-07-29,8.03,0.124688279302,1672713240.0,1301396837.62,208308000.0,162066854.0,84.53320664,231.00326022,1.99832648,-11.76117506,38.64069269,1.49430384
2019-07-30,8.18,1.86799501868,1703959440.0,1325706865.72,208308000.0,162066854.0,86.11228272,235.31838962,2.03565512,-11.98087322,39.3624989,1.52221736
2019-07-31,8.08,-1.222493887531,1683128640.0,1309500180.32,208308000.0,162066854.0,85.05956533,232.44163669,2.01076936,-11.83440778,38.88129476,1.50360834
2019-08-01,8.21,1.608910891089,1710208680.0,1330568871.34,208308000.0,162066854.0,86.42809794,236.1814155,2.04312084,-12.02481286,39.50686014,1.52780006
2019-08-02,7.96,-3.045066991474,1658131680.0,1290052157.84,208308000.0,162066854.0,83.79630446,228.98953317,1.98090645,-11.65864925,38.30384978,1.48127753
2019-08-05,7.73,-2.889447236181,1610220840.0,1252776781.42,208308000.0,162066854.0,81.37505446,222.37300144,1.9236692,-11.32177873,37.19708026,1.43847679
2019-08-06,7.43,-3.880983182406,1547728440.0,1204156725.22,208308000.0,162066854.0,78.21690228,213.74274265,1.84901192,-10.8823824,35.75346783,1.38264975
2019-08-07,7.41,-0.269179004038,1543562280.0,1200915388.14,208308000.0,162066854.0,78.0063588,213.16739206,1.84403477,-10.85308931,35.657227,1.37892795
2019-08-08,7.42,0.134952766532,1545645360.0,1202536056.68,208308000.0,162066854.0,78.11163054,213.45506735,1.84652334,-10.86773586,35.70534741,1.38078885
2019-08-09,7.42,0.0,1545645360.0,1202536056.68,208308000.0,162066854.0,78.11163054,213.45506735,1.84652334,-10.86773586,35.70534741,1.38078885
2019-08-12,7.5,1.078167115903,1562310000.0,1215501405.0,208308000.0,162066854.0,78.95380445,215.7564697,1.86643195,-10.98490821,36.09031073,1.39567606
2019-08-13,7.39,-1.466666666667,1539396120.0,1197674051.06,208308000.0,162066854.0,77.79581532,212.59204148,1.83905762,-10.82379623,35.56098617,1.37520615
2019-08-14,7.47,1.082543978349,1556060760.0,1210639399.38,208308000.0,162066854.0,78.63798924,214.89344382,1.85896622,-10.94096858,35.94594948,1.39009336
2019-08-15,7.55,1.070950468541,1572725400.0,1223604747.7,208308000.0,162066854.0,79.48016315,217.19484616,1.87887483,-11.05814093,36.3309128,1.40498057
2019-08-16,7.57,0.264900662252,1576891560.0,1226846084.78,208308000.0,162066854.0,79.69070663,217.77019675,1.88385198,-11.08743402,36.42715363,1.40870237
2019-08-19,7.89,4.227212681638,1643550120.0,1278707478.06,208308000.0,162066854.0,83.05940229,226.97580612,1.96348641,-11.55612344,37.96700688,1.46825122
2019-08-20,7.87,-0.253485424588,1639383960.0,1275466140.98,208308000.0,162066854.0,82.84885881,226.40045554,1.95850926,-11.52683035,37.87076606,1.46452941
2019-08-21,7.88,0.12706480305,1641467040.0,1277086809.52,208308000.0,162066854.0,82.95413055,226.68813083,1.96099784,-11.5414769,37.91888647,1.46639031
2019-08-22,7.91,0.380710659898,1647716280.0,1281948815.14,208308000.0,162066854.0,83.26994576,227.55115671,1.96846357,-11.58541653,38.06324771,1.47197302
2019-08-23,7.84,-0.884955752212,1633134720.0,1270604135.36,208308000.0,162066854.0,82.53304359,225.53742966,1.95104353,-11.48289072,37.72640481,1.45894671
2019-08-26,7.94,1.275510204082,1653965520.0,1286810820.76,208308000.0,162066854.0,83.58576098,228.41418259,1.97592929,-11.62935616,38.20760896,1.47755572
2019-08-27,8.4,5.793450881612,1749787200.0,1361361573.6,208308000.0,162066854.0,88.42826099,241.64724606,2.09040379,-12.3030972,40.42114801,1.56315719
2019-08-28,8.11,-3.452380952381,1689377880.0,1314362185.94,208308000.0,162066854.0,85.37538055,233.30466257,2.01823508,-11.87834741,39.025656,1.50919105
2019-08-29,8.04,-0.863131935882,1674796320.0,1303017506.16,208308000.0,162066854.0,84.63847837,231.29093552,2.00081505,-11.7758216,38.6888131,1.49616474
2019-08-30,7.82,-2.73631840796,1628968560.0,1267362798.28,208308000.0,162066854.0,50.96014462,224.96207907,1.94606638,-11.45359763,24.26181936,1.41161101
2019-09-02,8.04,2.813299232737,1674796320.0,1303017506.16,208308000.0,162066854.0,52.39380597,231.29093552,2.00081505,-11.7758216,24.94437694,1.45132385
2019-09-03,8.11,0.870646766169,1689377880.0,1314362185.94,208308000.0,162066854.0,52.84997095,233.30466257,2.01823508,-11.87834741,25.16155435,1.46395976
2019-09-04,8.18,0.863131935882,1703959440.0,1325706865.72,208308000.0,162066854.0,53.30613593,235.31838962,2.03565512,-11.98087322,25.37873176,1.47659566
2019-09-05,8.2,0.244498777506,1708125600.0,1328948202.8,208308000.0,162066854.0,53.43646878,235.8937402,2.04063227,-12.01016631,25.44078245,1.48020592
2019-09-06,8.22,0.243902439024,1712291760.0,1332189539.88,208308000.0,162066854.0,53.56680163,236.46909079,2.04560942,-12.0394594,25.50283314,1.48381618
2019-09-09,8.35,1.581508515815,1739371800.0,1353258230.9,208308000.0,162066854.0,54.41396516,240.2088696,2.07796091,-12.22986448,25.90616262,1.50728286
2019-09-10,8.51,1.916167664671,1772701080.0,1379188927.54,208308000.0,162066854.0,55.45662797,244.81167428,2.11777812,-12.46420918,26.40256813,1.53616493
2019-09-11,8.41,-1.17508813161,1751870280.0,1362982242.14,208308000.0,162066854.0,54.80496371,241.93492135,2.09289236,-12.31774374,26.09231469,1.51811363
2019-09-12,8.5,1.070154577883,1770618000.0,1377568259.0,208308000.0,162066854.0,55.39146154,244.52399899,2.11528955,-12.44956264,26.37154279,1.5343598
2019-09-16,8.47,-0.352941176471,1764368760.0,1372706253.38,208308000.0,162066854.0,55.19596226,243.66097311,2.10782382,-12.40562301,26.27846675,1.52894441
2019-09-17,8.22,-2.951593860685,1712291760.0,1332189539.88,208308000.0,162066854.0,53.56680163,236.46909079,2.04560942,-12.0394594,25.50283314,1.48381618
2019-09-18,8.25,0.36496350365,1718541000.0,1337051545.5,208308000.0,162066854.0,53.76230091,237.33211667,2.05307515,-12.08339903,25.59590917,1.48923157
2019-09-19,8.38,1.575757575758,1745621040.0,1358120236.52,208308000.0,162066854.0,54.60946444,241.07189548,2.08542663,-12.27380411,25.99923865,1.51269825
2019-09-20,8.41,0.35799522673,1751870280.0,1362982242.14,208308000.0,162066854.0,54.80496371,241.93492135,2.09289236,-12.31774374,26.09231469,1.51811363
2019-09-23,8.25,-1.902497027348,1718541000.0,1337051545.5,208308000.0,162066854.0,53.76230091,237.33211667,2.05307515,-12.08339903,25.59590917,1.48923157
2019-09-24,8.4,1.818181818182,1749787200.0,1361361573.6,208308000.0,162066854.0,54.73979729,241.64724606,2.09040379,-12.3030972,26.06128934,1.5163085
2019-09-25,8.13,-3.214285714286,1693544040.0,1317603523.02,208308000.0,162066854.0,52.9803038,233.88001315,2.02321224,-11.9076405,25.22360504,1.46757002
2019-09-26,7.81,-3.936039360394,1626885480.0,1265742129.74,208308000.0,162066854.0,50.89497819,224.67440378,1.94357781,-11.43895109,24.23079402,1.40980588
2019-09-27,8.02,2.688860435339,1670630160.0,1299776169.08,208308000.0,162066854.0,52.26347312,230.71558493,1.9958379,-11.74652852,24.88232625,1.4477136
2019-09-30,7.88,-1.745635910224,1641467040.0,1277086809.52,208308000.0,162066854.0,51.35114317,226.68813083,1.95755657,-11.5414769,24.44797143,1.42244179
2019-10-08,7.93,0.634517766497,1651882440.0,1285190152.22,208308000.0,162066854.0,51.6769753,228.12650729,1.96997761,-11.61470962,24.60309815,1.43146743
2019-10-09,8.08,1.891551071879,1683128640.0,1309500180.32,208308000.0,162066854.0,52.65447168,232.44163669,2.00724074,-11.83440778,25.06847832,1.45854437
2019-10-10,8.2,1.485148514851,1708125600.0,1328948202.8,208308000.0,162066854.0,53.43646878,235.8937402,2.03705125,-12.01016631,25.44078245,1.48020592
2019-10-11,8.28,0.975609756098,1724790240.0,1341913551.12,208308000.0,162066854.0,53.95780018,238.19514255,2.05692492,-12.12733867,25.68898521,1.49464695
2019-10-14,8.38,1.207729468599,1745621040.0,1358120236.52,208308000.0,162066854.0,54.60946444,241.07189548,2.08176701,-12.27380411,25.99923865,1.51269825
2019-10-15,8.45,0.835322195704,1760202600.0,1369464916.3,208308000.0,162066854.0,55.06562941,243.08562253,2.09915647,-12.37632992,26.21641606,1.52533415
2019-10-16,8.32,-1.538461538462,1733122560.0,1348396225.28,208308000.0,162066854.0,54.21846588,239.34584372,2.06686176,-12.18592484,25.81308659,1.50186747
2019-10-17,8.3,-0.240384615385,1728956400.0,1345154888.2,208308000.0,162066854.0,54.08813303,238.77049313,2.06189334,-12.15663175,25.7510359,1.49825721
2019-10-18,8.2,-1.204819277108,1708125600.0,1328948202.8,208308000.0,162066854.0,53.43646878,235.8937402,2.03705125,-12.01016631,25.44078245,1.48020592
2019-10-21,8.41,2.560975609756,1751870280.0,1362982242.14,208308000.0,162066854.0,54.80496371,241.93492135,2.08921964,-12.31774374,26.09231469,1.51811363
2019-10-22,8.54,1.545778834721,1778950320.0,1384050933.16,208308000.0,162066854.0,55.65212724,245.67470016,2.12151435,-12.50814882,26.49564416,1.54158031
2019-10-23,8.52,-0.234192037471,1774784160.0,1380809596.08,208308000.0,162066854.0,55.52179439,245.09934958,2.11654593,-12.47885573,26.43359347,1.53797006
2019-10-24,8.41,-1.291079812207,1751870280.0,1362982242.14,208308000.0,162066854.0,54.80496371,241.93492135,2.08921964,-12.31774374,26.09231469,1.51811363
2019-10-25,8.59,2.140309155767,1789365720.0,1392154275.86,208308000.0,162066854.0,55.97795937,247.11307663,2.13393539,-12.58138154,26.65077089,1.55060596
2019-10-28,8.73,1.62980209546,1818528840.0,1414843635.42,208308000.0,162066854.0,56.89028932,251.14053073,2.16871432,-12.78643316,27.08512571,1.57587777
2019-10-29,8.37,-4.123711340206,1743537960.0,1356499567.98,208308000.0,162066854.0,60.12888247,240.78422018,2.0792828,-12.25915756,38.86926739,1.47219573
2019-10-30,8.31,-0.716845878136,1731039480.0,1346775556.74,208308000.0,162066854.0,59.69785105,239.05816843,2.06437755,-12.1712783,38.59063465,1.46164236
2019-10-31,8.23,-0.962695547533,1714374840.0,1333810208.42,208308000.0,162066854.0,59.1231425,236.75676608,2.04450388,-12.05410594,38.21912433,1.44757119
2019-11-01,8.18,-0.607533414338,1703959440.0,1325706865.72,208308000.0,162066854.0,58.76394965,235.31838962,2.03208283,-11.98087322,37.98693038,1.43877672
2019-11-04,8.1,-0.977995110024,1687294800.0,1312741517.4,208308000.0,162066854.0,58.1892411,233.01698727,2.01220916,-11.86370087,37.61542006,1.42470555
2019-11-05,8.13,0.37037037037,1693544040.0,1317603523.02,208308000.0,162066854.0,58.4047568,233.88001315,2.01966179,-11.9076405,37.75473643,1.42998224
2019-11-06,7.86,-3.321033210332,1637300880.0,1273845472.44,208308000.0,162066854.0,56.46511543,226.11278024,1.95258815,-11.51218381,36.50088909,1.38249205
2019-11-07,7.99,1.653944020356,1664380920.0,1294914163.46,208308000.0,162066854.0,57.39901683,229.85255905,1.98488286,-11.70258888,37.10459337,1.4053577
2019-11-08,7.89,-1.251564455569,1643550120.0,1278707478.06,208308000.0,162066854.0,56.68063114,226.97580612,1.96004078,-11.55612344,36.64020546,1.38776874
2019-11-11,7.62,-3.422053231939,1587306960.0,1234949427.48,208308000.0,162066854.0,54.74098977,219.20857321,1.89296714,-11.16066674,35.38635813,1.34027855
2019-11-12,7.69,0.918635170604,1601888520.0,1246294107.26,208308000.0,162066854.0,55.24385976,221.22230026,1.9103566,-11.26319255,35.71142966,1.35259082
2019-11-13,7.6,-1.170351105332,1583140800.0,1231708090.4,208308000.0,162066854.0,54.59731263,218.63322263,1.88799872,-11.13137366,35.29348055,1.33676076
2019-11-14,7.63,0.394736842105,1589390040.0,1236570096.02,208308000.0,162066854.0,54.81282834,219.49624851,1.89545135,-11.17531329,35.43279692,1.34203745
2019-11-15,7.65,0.262123197903,1593556200.0,1239811433.1,208308000.0,162066854.0,54.95650548,220.07159909,1.90041976,-11.20460638,35.5256745,1.34555524
2019-11-18,7.82,2.222222222222,1628968560.0,1267362798.28,208308000.0,162066854.0,56.17776116,224.96207907,1.94265131,-11.45359763,36.31513393,1.37545647
2019-11-19,7.87,0.639386189258,1639383960.0,1275466140.98,208308000.0,162066854.0,56.536954,226.40045554,1.95507236,-11.52683035,36.54732788,1.38425095
2019-11-20,7.85,-0.254129606099,1635217800.0,1272224803.9,208308000.0,162066854.0,56.39327686,225.82510495,1.95010394,-11.49753726,36.4544503,1.38073316
2019-11-21,7.81,-0.509554140127,1626885480.0,1265742129.74,208308000.0,162066854.0,56.10592259,224.67440378,1.94016711,-11.43895109,36.26869514,1.37369757
2019-11-22,7.69,-1.536491677337,1601888520.0,1246294107.26,208308000.0,162066854.0,55.24385976,221.22230026,1.9103566,-11.26319255,35.71142966,1.35259082
2019-11-25,7.55,-1.820546163849,1572725400.0,1223604747.7,208308000.0,162066854.0,54.23811979,217.19484616,1.87557768,-11.05814093,35.0612866,1.32796628
2019-11-26,7.6,0.662251655629,1583140800.0,1231708090.4,208308000.0,162066854.0,54.59731263,218.63322263,1.88799872,-11.13137366,35.29348055,1.33676076
2019-11-27,7.65,0.657894736842,1593556200.0,1239811433.1,208308000.0,162066854.0,54.95650548,220.07159909,1.90041976,-11.20460638,35.5256745,1.34555524
2019-11-28,7.63,-0.261437908497,1589390040.0,1236570096.02,208308000.0,162066854.0,54.81282834,219.49624851,1.89545135,-11.17531329,35.43279692,1.34203745
2019-11-29,7.6,-0.393184796855,1583140800.0,1231708090.4,208308000.0,162066854.0,54.59731263,218.63322263,1.88799872,-11.13137366,35.29348055,1.33676076
2019-12-02,7.7,1.315789473684,1603971600.0,1247914775.8,208308000.0,162066854.0,55.31569833,221.50997556,1.91284081,-11.2778391,35.75786845,1.35434972
2019-12-03,7.74,0.519480519481,1612303920.0,1254397449.96,208308000.0,162066854.0,55.6030526,222.66067673,1.92277764,-11.33642528,35.94362361,1.3613853
2019-12-04,7.82,1.033591731266,1628968560.0,1267362798.28,208308000.0,162066854.0,56.17776116,224.96207907,1.94265131,-11.45359763,36.31513393,1.37545647
2019-12-05,7.89,0.895140664962,1643550120.0,1278707478.06,208308000.0,162066854.0,56.68063114,226.97580612,1.96004078,-11.55612344,36.64020546,1.38776874
2019-12-06,7.9,0.126742712294,1645633200.0,1280328146.6,208308000.0,162066854.0,56.75246971,227.26348142,1.96252498,-11.57076998,36.68664425,1.38952763
2019-12-09,7.86,-0.506329113924,1637300880.0,1273845472.44,208308000.0,162066854.0,56.46511543,226.11278024,1.95258815,-11.51218381,36.50088909,1.38249205
2019-12-10,7.91,0.636132315522,1647716280.0,1281948815.14,208308000.0,162066854.0,56.82430828,227.55115671,1.96500919,-11.58541653,36.73308304,1.39128653
2019-12-11,7.81,-1.264222503161,1626885480.0,1265742129.74,208308000.0,162066854.0,56.10592259,224.67440378,1.94016711,-11.43895109,36.26869514,1.37369757
2019-12-12,7.74,-0.89628681178,1612303920.0,1254397449.96,208308000.0,162066854.0,55.6030526,222.66067673,1.92277764,-11.33642528,35.94362361,1.3613853
2019-12-13,7.85,1.421188630491,1635217800.0,1272224803.9,208308000.0,162066854.0,56.39327686,225.82510495,1.95010394,-11.49753726,36.4544503,1.38073316
2019-12-16,7.95,1.273885350318,1656048600.0,1288431489.3,208308000.0,162066854.0,57.11166256,228.70185788,1.97494603,-11.64400271,36.91883821,1.39832211
2019-12-17,7.96,0.125786163522,1658131680.0,1290052157.84,208308000.0,162066854.0,57.18350113,228.98953317,1.97743024,-11.65864925,36.965277,1.40008101
2019-12-18,8.01,0.628140703518,1668547080.0,1298155500.54,208308000.0,162066854.0,57.54269397,230.42790964,1.98985128,-11.73188197,37.19747095,1.40887549
2019-12-19,8.14,1.622971285893,1695627120.0,1319224191.56,208308000.0,162066854.0,58.47659537,234.16768845,2.022146,-11.92228705,37.80117522,1.43174113
2019-12-20,8.04,-1.228501228501,1674796320.0,1303017506.16,208308000.0,162066854.0,57.75820968,231.29093552,1.99730391,-11.7758216,37.33678732,1.41415218
2019-12-23,7.81,-2.860696517413,1626885480.0,1265742129.74,208308000.0,162066854.0,56.10592259,224.67440378,1.94016711,-11.43895109,36.26869514,1.37369757
2019-12-24,7.95,1.79257362356,1656048600.0,1288431489.3,208308000.0,162066854.0,57.11166256,228.70185788,1.97494603,-11.64400271,36.91883821,1.39832211
2019-12-25,7.89,-0.754716981132,1643550120.0,1278707478.06,208308000.0,162066854.0,56.68063114,226.97580612,1.96004078,-11.55612344,36.64020546,1.38776874
2019-12-26,8.02,1.647655259823,1670630160.0,1299776169.08,208308000.0,162066854.0,57.61453254,230.71558493,1.99233549,-11.74652852,37.24390974,1.41063438
2019-12-27,7.93,-1.122194513716,1651882440.0,1285190152.22,208308000.0,162066854.0,56.96798542,228.12650729,1.96997761,-11.61470962,36.82596062,1.39480432
2019-12-30,8.02,1.134930643127,1670630160.0,1299776169.08,208308000.0,162066854.0,57.61453254,230.71558493,1.99233549,-11.74652852,37.24390974,1.41063438
2019-12-31,8.11,1.122194513716,1689377880.0,1307683957.78,208308000.0,161243398.0,58.26107966,318.9438089,2.07060551,-11.87834741,37.66185885,1.42646445
2020-01-02,8.23,1.479654747226,1714374840.0,1327033165.54,208308000.0,161243398.0,59.1231425,323.66307611,2.10124332,0.00129306,38.21912433,1.44757119
2020-01-03,8.2,-0.364520048603,1708125600.0,1322195863.6,208308000.0,161243398.0,58.90762679,322.48325931,2.09358386,0.00128834,38.07980796,1.44229451
2020-01-06,8.21,0.121951219512,1710208680.0,1323808297.58,208308000.0,161243398.0,58.97946536,322.87653158,2.09613702,0.00128992,38.12624675,1.4440534
2020-01-07,8.28,0.852618757613,1724790240.0,1335095335.44,208308000.0,161243398.0,59.48233534,325.62943745,2.11400907,0.00130091,38.45131828,1.45636567
2020-01-08,8.08,-2.415458937198,1683128640.0,1302846655.84,208308000.0,161243398.0,58.04556396,317.7639921,2.06294605,0.00126949,37.52254248,1.42118776
2020-01-09,8.35,3.341584158416,1739371800.0,1346382373.3,208308000.0,161243398.0,59.98520533,328.38234332,2.13188113,0.00131191,38.77638981,1.46867794
2020-01-10,8.26,-1.077844311377,1720624080.0,1331870467.48,208308000.0,161243398.0,59.3386582,324.84289291,2.10890277,0.00129777,38.3584407,1.45284788
2020-01-13,8.32,0.726392251816,1733122560.0,1341545071.36,208308000.0,161243398.0,59.76968962,327.20252652,2.12422168,0.0013072,38.63707344,1.46340126
2020-01-14,8.31,-0.120192307692,1731039480.0,1339932637.38,208308000.0,161243398.0,59.69785105,326.80925425,2.12166853,0.00130563,38.59063465,1.46164236
2020-01-15,8.24,-0.842358604091,1716457920.0,1328645599.52,208308000.0,161243398.0,59.19498107,324.05634838,2.10379647,0.00129463,38.26556312,1.44933009
2020-01-16,8.21,-0.364077669903,1710208680.0,1323808297.58,208308000.0,161243398.0,58.97946536,322.87653158,2.09613702,0.00128992,38.12624675,1.4440534
2020-01-17,8.21,0.0,1710208680.0,1323808297.58,208308000.0,161243398.0,58.97946536,322.87653158,2.09613702,0.00128992,38.12624675,1.4440534
2020-01-20,9.01,9.744214372716,1876855080.0,1452803015.98,208308000.0,161243398.0,64.7265509,354.33831297,2.3003891,0.00141561,41.84134997,1.58476506
2020-01-21,9.49,5.327413984462,1976842920.0,1530199847.02,208308000.0,161243398.0,68.17480222,373.21538181,2.42294035,0.00149102,44.0704119,1.66919206
2020-01-22,8.9,-6.217070600632,1853941200.0,1435066242.2,208308000.0,161243398.0,63.93632664,350.01231803,2.27230444,0.00139833,41.33052327,1.56541721
2020-01-23,8.61,-3.258426966292,1793531880.0,1388305656.78,208308000.0,161243398.0,61.85300813,338.60742227,2.19826306,0.00135276,39.98379836,1.51440923
2020-02-03,8.99,4.413472706156,1872688920.0,1449578148.02,208308000.0,161243398.0,64.58287376,353.55176844,2.2952828,0.00141247,41.74847239,1.58124727
2020-02-04,9.14,1.66852057842,1903935120.0,1473764657.72,208308000.0,161243398.0,65.6604523,359.45085245,2.33358006,0.00143603,42.44505424,1.60763071
2020-02-05,9.67,5.798687089716,2014338360.0,1559223658.66,208308000.0,161243398.0,69.46789647,380.29428262,2.46889707,0.0015193,44.90631012,1.70085218
2020-02-06,10.14,4.860392967942,2112243120.0,1635008055.72,208308000.0,161243398.0,72.84430922,398.77807919,2.58889517,0.00159315,47.08893326,1.78352028
2020-02-07,9.5,-6.311637080868,1978926000.0,1531812281.0,208308000.0,161243398.0,68.24664079,373.60865408,2.4254935,0.00149259,44.11685069,1.67095095
2020-02-10,9.0,-5.263157894737,1874772000.0,1451190582.0,208308000.0,161243398.0,64.65471233,353.9450407,2.29783595,0.00141404,41.79491118,1.58300617
2020-02-11,8.84,-1.777777777778,1841442720.0,1425391638.32,208308000.0,161243398.0,63.50529522,347.65268443,2.25698553,0.0013889,41.05189053,1.55486383
2020-02-12,8.89,0.565610859729,1851858120.0,1433453808.22,208308000.0,161243398.0,63.86448807,349.61904576,2.26975129,0.00139675,41.28408448,1.56365831
2020-02-13,8.56,-3.712035995501,1783116480.0,1380243486.88,208308000.0,161243398.0,61.49381528,336.64106094,2.1854973,0.00134491,39.75160441,1.50561475
2020-02-14,8.44,-1.401869158879,1758119520.0,1360894279.12,208308000.0,161243398.0,60.63175245,331.92179373,2.15485949,0.00132605,39.19433892,1.484508
2020-02-17,8.66,2.60663507109,1803947280.0,1396367826.68,208308000.0,161243398.0,62.21220097,340.57378361,2.21102881,0.00136062,40.21599231,1.52320371
2020-02-18,8.81,1.732101616628,1835193480.0,1420554336.38,208308000.0,161243398.0,63.28977951,346.47286762,2.24932608,0.00138419,40.91257416,1.54958715
2020-02-19,8.5,-3.518728717367,1770618000.0,1370568883.0,208308000.0,161243398.0,61.06278387,334.28142733,2.1701784,0.00133548,39.47297167,1.49506138
2020-02-20,8.61,1.294117647059,1793531880.0,1388305656.78,208308000.0,161243398.0,61.85300813,338.60742227,2.19826306,0.00135276,39.98379836,1.51440923
2020-02-21,8.66,0.580720092915,1803947280.0,1396367826.68,208308000.0,161243398.0,62.21220097,340.57378361,2.21102881,0.00136062,40.21599231,1.52320371
2020-02-24,8.79,1.501154734411,1831027320.0,1417329468.42,208308000.0,161243398.0,63.14610237,345.68632309,2.24421978,0.00138104,40.81969658,1.54606936
2020-02-25,8.87,0.910125142207,1847691960.0,1430228940.26,208308000.0,161243398.0,63.72081093,348.83250123,2.26464499,0.00139361,41.1912069,1.56014052
2020-02-26,8.6,-3.04396843292,1791448800.0,1386693222.8,208308000.0,161243398.0,61.78116956,338.21415001,2.19570991,0.00135119,39.93735957,1.51265034
2020-02-27,8.52,-0.93023255814,1774784160.0,1373793750.96,208308000.0,161243398.0,61.206461,335.06797187,2.1752847,0.00133862,39.56584925,1.49857917
2020-02-28,8.35,-1.995305164319,1739371800.0,1346382373.3,208308000.0,161243398.0,330.45842069,328.38234332,2.13188113,0.00131191,38.77638981,1.53749081
2020-03-02,8.51,1.916167664671,1772701080.0,1372181316.98,208308000.0,161243398.0,336.79055809,334.6746996,2.17273155,0.00133705,39.51941046,1.56695171
2020-03-03,8.51,0.0,1772701080.0,1372181316.98,208308000.0,161243398.0,336.79055809,334.6746996,2.17273155,0.00133705,39.51941046,1.56695171
2020-03-04,8.41,-1.17508813161,1751870280.0,1356056977.18,208308000.0,161243398.0,332.83297221,330.74197693,2.14720004,0.00132134,39.05502255,1.54853865
2020-03-05,8.55,1.66468489893,1781033400.0,1378631052.9,208308000.0,161243398.0,338.37359244,336.24778867,2.18294415,0.00134334,39.70516562,1.57431694
2020-03-06,8.6,0.584795321637,1791448800.0,1386693222.8,208308000.0,161243398.0,340.35238538,338.21415001,2.19570991,0.00135119,39.93735957,1.58352347
2020-03-09,8.51,-1.046511627907,1772701080.0,1372181316.98,208308000.0,161243398.0,336.79055809,334.6746996,2.17273155,0.00133705,39.51941046,1.56695171
2020-03-10,8.42,-1.057579318449,1753953360.0,1357669411.16,208308000.0,161243398.0,333.2287308,331.13524919,2.14975319,0.00132291,39.10146134,1.55037995
2020-03-11,8.29,-1.543942992874,1726873320.0,1336707769.42,208308000.0,161243398.0,328.08386916,326.02270972,2.11656222,0.00130249,38.49775707,1.52644297
2020-03-12,8.1,-2.291917973462,1687294800.0,1306071523.8,208308000.0,161243398.0,320.564456,318.55053663,2.06805235,0.00127263,37.61542006,1.49145815
2020-03-13,7.83,-3.333333333333,1631051640.0,1262535806.34,208308000.0,161243398.0,309.87897413,307.93218541,1.99911728,0.00123021,36.36157272,1.44174288
2020-03-16,7.73,-1.277139208174,1610220840.0,1246411466.54,208308000.0,161243398.0,305.92138825,303.99946274,1.97358577,0.0012145,35.89718482,1.42332981
2020-03-17,7.59,-1.811125485123,1581057720.0,1223837390.82,208308000.0,161243398.0,300.38076803,298.49365099,1.93784165,0.0011925,35.24704176,1.39755152
2020-03-18,7.55,-0.527009222661,1572725400.0,1217387654.9,208308000.0,161243398.0,298.79773368,296.92056192,1.92762905,0.00118622,35.0612866,1.3901863
2020-03-19,7.56,0.132450331126,1574808480.0,1219000088.88,208308000.0,161243398.0,299.19349226,297.31383419,1.9301822,0.00118779,35.10772539,1.39202761
2020-03-20,7.76,2.645502645503,1616470080.0,1251248768.48,208308000.0,161243398.0,307.10866402,305.17927954,1.98124522,0.00121921,36.03650119,1.42885373
2020-03-23,7.52,-3.092783505155,1566476160.0,1212550352.96,208308000.0,161243398.0,297.61045791,295.74074512,1.91996959,0.00118151,34.92197023,1.38466238
2020-03-24,7.68,2.127659574468,1599805440.0,1238349296.64,208308000.0,161243398.0,303.94259531,302.0331014,1.96082001,0.00120664,35.66499087,1.41412328
2020-03-25,7.83,1.953125,1631051640.0,1262535806.34,208308000.0,161243398.0,309.87897413,307.93218541,1.99911728,0.00123021,36.36157272,1.44174288
2020-03-26,7.83,0.0,1631051640.0,1262535806.34,208308000.0,161243398.0,309.87897413,307.93218541,1.99911728,0.00123021,36.36157272,1.44174288
2020-03-27,7.75,-1.021711366539,1614387000.0,1249636334.5,208308000.0,161243398.0,306.71290543,304.78600727,1.97869207,0.00121764,35.9900624,1.42701243
2020-03-30,7.58,-2.193548387097,1578974640.0,1222224956.84,208308000.0,161243398.0,299.98500944,298.10037873,1.9352885,0.00119093,35.20060297,1.39571022
2020-03-31,7.5,-1.055408970976,1562310000.0,1209325485.0,208308000.0,161243398.0,296.81894074,294.95420059,2.02309972,0.00117836,34.82909265,1.38097977
2020-04-01,7.49,-0.133333333333,1560226920.0,1207713051.02,208308000.0,161243398.0,296.42318215,294.56092832,2.02040226,0.00117679,34.78265386,1.37913846
2020-04-02,7.59,1.335113484646,1581057720.0,1223837390.82,208308000.0,161243398.0,300.38076803,298.49365099,2.04737692,0.0011925,35.24704176,1.39755152
2020-04-03,7.54,-0.658761528327,1570642320.0,1215775220.92,208308000.0,161243398.0,298.40197509,296.52728966,2.03388959,0.00118465,35.01484781,1.38834499
2020-04-07,7.74,2.652519893899,1612303920.0,1248023900.52,208308000.0,161243398.0,306.31714684,304.39273501,2.08783892,0.00121607,35.94362361,1.42517112
2020-04-08,7.84,1.291989664083,1633134720.0,1264148240.32,208308000.0,161243398.0,310.27473272,308.32545768,2.11481358,0.00123178,36.40801151,1.44358418
2020-04-09,7.88,0.510204081633,1641467040.0,1270597976.24,208308000.0,161243398.0,311.85776707,309.89854675,2.12560344,0.00123807,36.59376667,1.45094941
2020-04-10,7.62,-3.299492385787,1587306960.0,1228674692.76,208308000.0,161243398.0,301.56804379,299.6734678,2.05546932,0.00119722,35.38635813,1.40307544
2020-04-13,7.6,-0.262467191601,1583140800.0,1225449824.8,208308000.0,161243398.0,300.77652661,298.88692326,2.05007439,0.00119408,35.29348055,1.39939283
2020-04-14,7.84,3.157894736842,1633134720.0,1264148240.32,208308000.0,161243398.0,310.27473272,308.32545768,2.11481358,0.00123178,36.40801151,1.44358418
2020-04-15,7.98,1.785714285714,1662297840.0,1286722316.04,208308000.0,161243398.0,315.81535294,313.83126942,2.15257811,0.00125378,37.05815458,1.46936247
2020-04-16,7.82,-2.005012531328,1628968560.0,1260923372.36,208308000.0,161243398.0,309.48321554,307.53891315,2.10941865,0.00122864,36.31513393,1.43990157
2020-04-17,7.67,-1.918158567775,1597722360.0,1236736862.66,208308000.0,161243398.0,303.54683673,301.63982913,2.06895665,0.00120507,35.61855208,1.41228198
2020-04-20,7.64,-0.391134289439,1591473120.0,1231899560.72,208308000.0,161243398.0,302.35956096,300.46001233,2.06086425,0.00120036,35.47923571,1.40675806
2020-04-21,7.62,-0.261780104712,1587306960.0,1228674692.76,208308000.0,161243398.0,301.56804379,299.6734678,2.05546932,0.00119722,35.38635813,1.40307544
2020-04-22,7.62,0.0,1587306960.0,1228674692.76,208308000.0,161243398.0,301.56804379,299.6734678,2.05546932,0.00119722,35.38635813,1.40307544
2020-04-23,7.54,-1.049868766404,1570642320.0,1215775220.92,208308000.0,161243398.0,298.40197509,296.52728966,2.03388959,0.00118465,35.01484781,1.38834499
2020-04-24,7.2,-4.509283819629,1499817600.0,1160952465.6,208308000.0,161243398.0,284.94618311,283.15603256,1.94217574,0.00113123,33.43592894,1.32574058
2020-04-27,7.1,-1.388888888889,1478986800.0,1144828125.8,208308000.0,161243398.0,280.98859723,279.22330989,1.91520107,0.00111552,32.97154104,1.30732751
2020-04-28,6.7,-5.633802816901,1395663600.0,1080330766.6,208308000.0,161243398.0,-23.97347203,263.49241919,1.80730242,0.00105267,33.210199,1.35575368
2020-04-29,6.61,-1.34328358209,1376915880.0,1065818860.78,208308000.0,161243398.0,-23.65144032,259.95296878,1.78302522,0.00103853,32.76409185,1.33754206
2020-04-30,6.72,1.664145234493,1399829760.0,1083555634.56,208308000.0,161243398.0,-24.04503464,264.27896373,1.81269735,0.00105581,33.30933392,1.35980071
2020-05-06,6.88,2.380952380952,1433159040.0,1109354578.24,208308000.0,161243398.0,-24.61753546,270.57132001,1.85585681,0.00108095,34.1024133,1.39217691
2020-05-07,6.73,-2.18023255814,1401912840.0,1085168068.54,208308000.0,161243398.0,-24.08081594,264.67223599,1.81539482,0.00105739,33.35890138,1.36182422
2020-05-08,6.75,0.297176820208,1406079000.0,1088392936.5,208308000.0,161243398.0,-24.15237854,265.45878053,1.82078975,0.00106053,33.4580363,1.36587125
2020-05-11,6.67,-1.185185185185,1389414360.0,1075493464.66,208308000.0,161243398.0,-23.86612813,262.31260239,1.79921002,0.00104796,33.06149661,1.34968314
2020-05-12,6.68,0.149925037481,1391497440.0,1077105898.64,208308000.0,161243398.0,-23.90190943,262.70587466,1.80190749,0.00104953,33.11106407,1.35170666
2020-05-13,6.67,-0.149700598802,1389414360.0,1075493464.66,208308000.0,161243398.0,-23.86612813,262.31260239,1.79921002,0.00104796,33.06149661,1.34968314
2020-05-14,6.53,-2.098950524738,1360251240.0,1052919388.94,208308000.0,161243398.0,-23.36518991,256.80679064,1.76144549,0.00102596,32.36755216,1.32135396
2020-05-15,6.59,0.918836140888,1372749720.0,1062593992.82,208308000.0,161243398.0,-23.57987772,259.16642425,1.77763029,0.00103539,32.66495692,1.33349504
2020-05-18,6.4,-2.88315629742,1333171200.0,1031957747.2,208308000.0,161243398.0,-22.90003299,251.69425117,1.72637843,0.00100554,31.72317516,1.29504829
2020-05-19,6.42,0.3125,1337337360.0,1035182615.16,208308000.0,161243398.0,-22.97159559,252.4807957,1.73177336,0.00100868,31.82231008,1.29909532
2020-05-20,6.35,-1.090342679128,1322755800.0,1023895577.3,208308000.0,161243398.0,-22.72112648,249.72788983,1.7128911,0.00099768,31.47533785,1.28493073
2020-05-21,6.4,0.787401574803,1333171200.0,1031957747.2,208308000.0,161243398.0,-22.90003299,251.69425117,1.72637843,0.00100554,31.72317516,1.29504829
2020-05-22,6.32,-1.25,1316506560.0,1019058275.36,208308000.0,161243398.0,-22.61378257,248.54807303,1.7047987,0.00099297,31.32663547,1.27886019
2020-05-25,6.26,-0.949367088608,1304008080.0,1009383671.48,208308000.0,161243398.0,-22.39909477,246.18843942,1.6886139,0.00098354,31.0292307,1.26671911
2020-05-26,6.46,3.194888178914,1345669680.0,1041632351.08,208308000.0,161243398.0,-23.1147208,254.05388477,1.74256323,0.00101496,32.02057993,1.30718937
2020-05-27,6.53,1.083591331269,1360251240.0,1052919388.94,208308000.0,161243398.0,-23.36518991,256.80679064,1.76144549,0.00102596,32.36755216,1.32135396
2020-05-28,6.4,-1.990811638591,1333171200.0,1031957747.2,208308000.0,161243398.0,-22.90003299,251.69425117,1.72637843,0.00100554,31.72317516,1.29504829
2020-05-29,6.45,0.78125,1343586600.0,1040019917.1,208308000.0,161243398.0,-23.07893949,253.66061251,1.73986576,0.00101339,31.97101247,1.30516586
2020-06-01,6.57,1.860465116279,1368583560.0,1059369124.86,208308000.0,161243398.0,-23.50831511,258.37987971,1.77223536,0.00103225,32.565822,1.32944801
2020-06-02,6.66,1.369863013699,1387331280.0,1073881030.68,208308000.0,161243398.0,-23.83034683,261.91933012,1.79651256,0.00104639,33.01192915,1.34765963
2020-06-03,6.65,-0.15015015015,1385248200.0,1072268596.7,208308000.0,161243398.0,-23.79456553,261.52605785,1.79381509,0.00104482,32.96236169,1.34563612
2020-06-04,6.7,0.751879699248,1395663600.0,1080330766.6,208308000.0,161243398.0,-23.97347203,263.49241919,1.80730242,0.00105267,33.210199,1.35575368
2020-06-05,6.63,-1.044776119403,1381082040.0,1069043728.74,208308000.0,161243398.0,-23.72300292,260.73951332,1.78842016,0.00104167,32.86322677,1.34158909
2020-06-08,6.6,-0.452488687783,1374832800.0,1064206426.8,208308000.0,161243398.0,-23.61565902,259.55969652,1.78032776,0.00103696,32.71452438,1.33551855
2020-06-09,6.68,1.212121212121,1391497440.0,1077105898.64,208308000.0,161243398.0,-23.90190943,262.70587466,1.80190749,0.00104953,33.11106407,1.35170666
2020-06-10,6.61,-1.047904191617,1376915880.0,1065818860.78,208308000.0,161243398.0,-23.65144032,259.95296878,1.78302522,0.00103853,32.76409185,1.33754206
2020-06-11,6.59,-0.302571860817,1372749720.0,1062593992.82,208308000.0,161243398.0,-23.57987772,259.16642425,1.77763029,0.00103539,32.66495692,1.33349504
2020-06-12,6.58,-0.151745068285,1370666640.0,1060981558.84,208308000.0,161243398.0,-23.54409641,258.77315198,1.77493283,0.00103382,32.61538946,1.33147153
2020-06-15,6.77,2.887537993921,1410245160.0,1091617804.46,208308000.0,161243398.0,-24.22394114,266.24532506,1.82618468,0.00106367,33.55717122,1.36991827
2020-06-16,6.83,0.886262924668,1422743640.0,1101292408.34,208308000.0,161243398.0,-24.43862895,268.60495867,1.84236948,0.0010731,33.85457599,1.38205935
2020-06-17,7.02,2.781844802343,1462322160.0,1131928653.96,208308000.0,161243398.0,-25.11847368,276.07713175,1.89362134,0.00110295,34.79635775,1.4205061
2020-06-18,6.93,-1.282051282051,1443574440.0,1117416748.14,208308000.0,161243398.0,-24.79644197,272.53768134,1.86934415,0.00108881,34.3502506,1.40229448
2020-06-19,6.8,-1.875901875902,1416494400.0,1096455106.4,208308000.0,161243398.0,-24.33128505,267.42514187,1.83427708,0.00106838,33.70587361,1.37598881
2020-06-22,6.73,-1.029411764706,1401912840.0,1085168068.54,208308000.0,161243398.0,-24.08081594,264.67223599,1.81539482,0.00105739,33.35890138,1.36182422
2020-06-23,6.8,1.040118870728,1416494400.0,1096455106.4,208308000.0,161243398.0,-24.33128505,267.42514187,1.83427708,0.00106838,33.70587361,1.37598881
2020-06-24,6.68,-1.764705882353,1391497440.0,1077105898.64,208308000.0,161243398.0,-23.90190943,262.70587466,1.80190749,0.00104953,33.11106407,1.35170666
2020-06-29,6.61,-1.047904191617,1376915880.0,1065818860.78,208308000.0,161243398.0,-23.65144032,259.95296878,1.78302522,0.00103853,32.76409185,1.33754206
2020-06-30,6.75,2.118003025719,1406079000.0,1091317306.5,208308000.0,161676638.0,-24.15237854,265.45878053,1.89842298,0.00106053,33.4580363,1.36587125
2020-07-01,6.71,-0.592592592593,1397746680.0,1084850240.98,208308000.0,161676638.0,-24.00925333,263.88569146,1.88717307,0.00105424,33.25976646,1.35777719
2020-07-02,6.78,1.043219076006,1412328240.0,1096167605.64,208308000.0,161676638.0,-24.25972245,266.63859733,1.90686042,0.00106524,33.60673869,1.37194179
2020-07-03,6.84,0.884955752212,1424826720.0,1105868203.92,208308000.0,161676638.0,-24.47441025,268.99823094,1.92373529,0.00107467,33.90414345,1.38408286
2020-07-06,7.07,3.362573099415,1472737560.0,1143053830.66,208308000.0,161676638.0,-25.29738019,278.04349309,1.98842229,0.0011108,35.04419506,1.43062366
2020-07-07,7.08,0.1414427157,1474820640.0,1144670597.04,208308000.0,161676638.0,-25.33316149,278.43676535,1.99123477,0.00111238,35.09376252,1.43264717
2020-07-08,7.18,1.412429378531,1495651440.0,1160838260.84,208308000.0,161676638.0,-25.69097451,282.36948803,2.01935956,0.00112809,35.58943713,1.4528823
2020-07-09,7.35,2.367688022284,1531063800.0,1188323289.3,208308000.0,161676638.0,-26.29925663,289.05511658,2.06717169,0.0011548,36.43208397,1.48728202
2020-07-10,7.2,-2.040816326531,1499817600.0,1164071793.6,208308000.0,161676638.0,-25.76253711,283.15603256,2.02498451,0.00113123,35.68857206,1.45692933
2020-07-13,7.51,4.305555555556,1564393080.0,1214191551.38,208308000.0,161676638.0,-26.87175746,295.34747285,2.11217135,0.00117994,37.22516335,1.51965823
2020-07-14,8.16,8.655126498003,1699793280.0,1319281366.08,208308000.0,161676638.0,-29.19754206,320.91017024,2.29498245,0.00128206,40.44704833,1.65118657
2020-07-15,7.44,-8.823529411765,1549811520.0,1202874186.72,208308000.0,161676638.0,-26.62128835,292.59456698,2.092484,0.00116894,36.87819112,1.50549364
2020-07-16,7.02,-5.645161290323,1462322160.0,1134969998.76,208308000.0,161676638.0,-25.11847368,276.07713175,1.9743599,0.00110295,34.79635775,1.4205061
2020-07-17,6.96,-0.854700854701,1449823680.0,1125269400.48,208308000.0,161676638.0,-24.90378587,273.71749814,1.95748503,0.00109352,34.49895299,1.40836502
2020-07-20,7.16,2.873563218391,1491485280.0,1157604728.08,208308000.0,161676638.0,-25.6194119,281.58294349,2.0137346,0.00112495,35.49030221,1.44883528
2020-07-21,7.24,1.117318435754,1508149920.0,1170538859.12,208308000.0,161676638.0,-25.90566232,284.72912163,2.03623443,0.00113751,35.8868419,1.46502338
2020-07-22,7.18,-0.828729281768,1495651440.0,1160838260.84,208308000.0,161676638.0,-25.69097451,282.36948803,2.01935956,0.00112809,35.58943713,1.4528823
2020-07-23,7.36,2.506963788301,1533146880.0,1189940055.68,208308000.0,161676638.0,-26.33503793,289.44838884,2.06998417,0.00115637,36.48165143,1.48930554
2020-07-24,7.05,-4.211956521739,1468571400.0,1139820297.9,208308000.0,161676638.0,-25.22581759,277.25694855,1.98279734,0.00110766,34.94506014,1.42657663
2020-07-27,7.09,0.567375886525,1476903720.0,1146287363.42,208308000.0,161676638.0,-25.36894279,278.83003762,1.99404725,0.00111395,35.14332998,1.43467069
2020-07-28,7.1,0.141043723554,1478986800.0,1147904129.8,208308000.0,161676638.0,-25.40472409,279.22330989,1.99685973,0.00111552,35.19289744,1.4366942
2020-07-29,7.3,2.816901408451,1520648400.0,1180239457.4,208308000.0,161676638.0,-26.12035013,287.08875524,2.0531093,0.00114694,36.18424667,1.47716446
2020-07-30,7.33,0.41095890411,1526897640.0,1185089756.54,208308000.0,161676638.0,-26.22769403,288.26857204,2.06154674,0.00115165,36.33294905,1.483235
2020-07-31,7.55,3.00136425648,1572725400.0,1220658616.9,208308000.0,161676638.0,-27.01488266,296.92056192,2.12342126,0.00118622,37.4234332,1.52775228
2020-08-03,7.67,1.58940397351,1597722360.0,1240059813.46,208308000.0,161676638.0,-27.44425828,301.63982913,2.157171,0.00120507,38.01824273,1.55203444
2020-08-04,7.53,-1.825293350717,1568559240.0,1217425084.14,208308000.0,161676638.0,-26.94332006,296.13401739,2.1177963,0.00118308,37.32429828,1.52370526
2020-08-05,7.62,1.195219123506,1587306960.0,1231975981.56,208308000.0,161676638.0,-27.26535177,299.6734678,2.14310861,0.00119722,37.77040543,1.54191687
2020-08-06,8.0,4.98687664042,1666464000.0,1293413104.0,208308000.0,161676638.0,-28.62504123,314.61781396,2.24998279,0.00125692,39.65396895,1.61881037
2020-08-07,7.58,-5.25,1578974640.0,1225508916.04,208308000.0,161676638.0,-27.12222657,298.10037873,2.1318587,0.00119093,37.57213558,1.53382282
2020-08-10,7.78,2.638522427441,1620636240.0,1257844243.64,208308000.0,161676638.0,-27.8378526,305.96582408,2.18810827,0.00122236,38.5634848,1.57429308
2020-08-11,8.08,3.856041131105,1683128640.0,1306347235.04,208308000.0,161676638.0,-28.91129165,317.7639921,2.27248262,0.00126949,40.05050864,1.63499847
2020-08-12,7.59,-6.064356435644,1581057720.0,1227125682.42,208308000.0,161676638.0,-27.15800787,298.49365099,2.13467118,0.0011925,37.62170304,1.53584633
2020-08-13,7.52,-0.922266139657,1566476160.0,1215808317.76,208308000.0,161676638.0,-26.90753876,295.74074512,2.11498383,0.00118151,37.27473081,1.52168174
2020-08-14,7.57,0.664893617021,1576891560.0,1223892149.66,208308000.0,161676638.0,-27.08644527,297.70710646,2.12904622,0.00118936,37.52256812,1.53179931
2020-08-17,7.6,0.396301188904,1583140800.0,1228742448.8,208308000.0,161676638.0,-27.19378917,298.88692326,2.13748365,0.00119408,37.6712705,1.53786985
2020-08-18,7.69,1.184210526316,1601888520.0,1243293346.22,208308000.0,161676638.0,-27.51582089,302.42637367,2.16279596,0.00120822,38.11737765,1.55608146
2020-08-19,7.52,-2.21066319896,1566476160.0,1215808317.76,208308000.0,161676638.0,-26.90753876,295.74074512,2.11498383,0.00118151,37.27473081,1.52168174
2020-08-20,8.27,9.973404255319,1722707160.0,1337065796.26,208308000.0,161676638.0,-29.59113637,325.23616518,2.32591971,0.00129934,40.9922904,1.67344522
2020-08-21,9.1,10.036275695284,1895602800.0,1471257405.8,208308000.0,161676638.0,-32.5609844,357.87776338,2.55935543,0.00142975,45.10638968,1.84139679
2020-08-24,8.81,-3.186813186813,1835193480.0,1424371180.78,208308000.0,161676638.0,-31.52332666,346.47286762,2.47779355,0.00138419,43.66893331,1.78271492
2020-08-25,8.97,1.816118047673,1868522760.0,1450239442.86,208308000.0,161676638.0,-32.09582748,352.7652239,2.52279321,0.00140932,44.46201269,1.81509112
2020-08-26,8.36,-6.800445930881,1741454880.0,1351616693.68,208308000.0,161676638.0,-29.91316809,328.77561559,2.35123202,0.00131348,41.43839755,1.69165683
2020-08-27,8.46,1.196172248804,1762285680.0,1367784357.48,208308000.0,161676638.0,-15.72569143,332.70833826,2.3793568,0.00132919,5283.89710652,1.81973652
2020-08-28,8.52,0.709219858156,1774784160.0,1377484955.76,208308000.0,161676638.0,-15.83722116,335.06797187,2.39623168,0.00133862,5321.37155408,1.83264245
2020-08-31,8.28,-2.816901408451,1724790240.0,1338682562.64,208308000.0,161676638.0,-15.39110225,325.62943745,2.32873219,0.00130091,5171.47376383,1.78101872
2020-09-01,8.56,3.381642512077,1783116480.0,1383952021.28,208308000.0,161676638.0,-15.91157431,336.64106094,2.40748159,0.00134491,5346.35451913,1.8412464
2020-09-02,9.17,7.126168224299,1910184360.0,1482574770.46,208308000.0,161676638.0,-17.04545986,360.63066925,2.57904278,0.00144075,5727.34473603,1.97245672
2020-09-03,9.34,1.85387131952,1945596720.0,1510059798.92,208308000.0,161676638.0,-17.36146075,367.3162978,2.62685491,0.00146746,5833.52233746,2.00902353
2020-09-04,9.42,0.856531049251,1962261360.0,1522993929.96,208308000.0,161676638.0,-17.51016705,370.46247594,2.64935474,0.00148003,5883.48826754,2.02623144
2020-09-07,9.48,0.636942675159,1974759840.0,1532694528.24,208308000.0,161676638.0,-17.62169678,372.82210954,2.66622961,0.00148945,5920.96271511,2.03913737
2020-09-08,9.75,2.848101265823,2031003000.0,1576347220.5,208308000.0,161676638.0,-18.12358055,383.44046076,2.74216653,0.00153187,6089.59772914,2.09721407
2020-09-09,9.68,-0.717948717949,2016421440.0,1565029855.84,208308000.0,161676638.0,-17.99346253,380.68755489,2.72247918,0.00152088,6045.87754032,2.08215715
2020-09-10,8.13,-16.012396694215,1693544040.0,1314431066.94,208308000.0,161676638.0,-15.11227793,319.73035344,2.28654501,0.00127735,5077.78764492,1.74875389
2020-09-11,8.45,3.936039360394,1760202600.0,1366167591.1,208308000.0,161676638.0,-15.70710314,332.31506599,2.37654433,0.00132762,5277.65136526,1.81758553
2020-09-14,9.47,12.07100591716,1972676760.0,1531077761.86,208308000.0,161676638.0,-17.60310849,372.42883727,2.66341713,0.00148788,5914.71697385,2.03698638
2020-09-15,9.2,-2.85110876452,1916433600.0,1487425069.6,208308000.0,161676638.0,-17.10122472,361.81048605,2.58748021,0.00144546,5746.08195981,1.97890969
2020-09-16,8.83,-4.021739130435,1839359640.0,1427604713.54,208308000.0,161676638.0,-16.41345808,347.25941216,2.48341851,0.00138733,5514.98953316,1.8993231
2020-09-17,8.79,-0.453001132503,1831027320.0,1421137648.02,208308000.0,161676638.0,-16.33910492,345.68632309,2.47216859,0.00138104,5490.00656812,1.89071915
2020-09-18,8.79,0.0,1831027320.0,1421137648.02,208308000.0,161676638.0,-16.33910492,345.68632309,2.47216859,0.00138104,5490.00656812,1.89071915
2020-09-21,8.68,-1.251422070535,1808113440.0,1403353217.84,208308000.0,161676638.0,-16.13463376,341.36032815,2.44123133,0.00136376,5421.30341425,1.86705827
2020-09-22,8.61,-0.806451612903,1793531880.0,1392035853.18,208308000.0,161676638.0,-16.00451574,338.60742227,2.42154398,0.00135276,5377.58322543,1.85200135
2020-09-23,8.8,2.206736353078,1833110400.0,1422754414.4,208308000.0,161676638.0,-16.35769321,346.07959536,2.47498107,0.00138261,5496.25230938,1.89287013
2020-09-24,8.22,-6.590909090909,1712291760.0,1328981964.36,208308000.0,161676638.0,-15.27957252,323.26980384,2.31185732,0.00129149,5133.99931626,1.76811278
2020-09-25,8.31,1.094890510949,1731039480.0,1343532861.78,208308000.0,161676638.0,-15.44686711,326.80925425,2.33716963,0.00130563,5190.21098761,1.78747168
2020-09-28,8.08,-2.767749699158,1683128640.0,1306347235.04,208308000.0,161676638.0,-15.01933649,317.7639921,2.27248262,0.00126949,5046.55893861,1.73799894
2020-09-29,8.55,5.816831683168,1781033400.0,1382335254.9,208308000.0,161676638.0,-15.89298602,336.24778867,2.40466911,0.00134334,5340.10877786,1.83909541
2020-09-30,8.38,-1.988304093567,1745621040.0,1354850226.44,208308000.0,161676638.0,-15.57698513,329.56216012,2.11401149,0.00131663,5233.93117643,1.80252861
2020-10-09,8.68,3.579952267303,1978787594.28,1672037375.12,227970921.0,192631034.0,-17.6576383,373.58252396,2.3963848,0.00149249,5933.03921293,2.04329643
2020-10-12,8.89,2.41935483871,2026661487.69,1712489892.26,227970921.0,192631034.0,-18.08483922,382.62081083,2.45436185,0.0015286,6076.58048421,2.09273102
2020-10-13,9.25,4.049493813273,2108731019.25,1781837064.5,227970921.0,192631034.0,-18.81718367,398.11501689,2.55375108,0.0015905,6322.65123498,2.17747604
2020-10-14,9.24,-0.108108108108,2106451310.04,1779910754.16,227970921.0,192631034.0,-18.79684077,397.68462228,2.55099027,0.00158878,6315.81593635,2.17512201
2020-10-15,9.04,-2.164502164502,2060857125.84,1741384547.36,227970921.0,192631034.0,-18.38998274,389.07673002,2.49577403,0.00155439,6179.1099637,2.12804145
2020-10-16,9.26,2.433628318584,2111010728.46,1783763374.84,227970921.0,192631034.0,-18.83752657,398.5454115,2.55651189,0.00159222,6329.48653361,2.17983006
2020-10-19,9.18,-0.863930885529,2092773054.78,1768352892.12,227970921.0,192631034.0,-18.67478336,395.1022546,2.53442539,0.00157846,6274.80414455,2.16099784
2020-10-20,9.21,0.326797385621,2099612182.41,1774131823.14,227970921.0,192631034.0,-18.73581206,396.39343844,2.54270783,0.00158362,6295.31004045,2.16805992
2020-10-21,8.98,-2.497285559175,2047178870.58,1729826685.32,227970921.0,192631034.0,-18.26792533,386.49436234,2.47920915,0.00154407,6138.09817191,2.11391728
2020-10-22,9.22,2.672605790646,2101891891.62,1776058133.48,227970921.0,192631034.0,-18.75615496,396.82383305,2.54546864,0.00158534,6302.14533908,2.17041395
2020-10-23,9.05,-1.843817787419,2063136835.05,1743310857.7,227970921.0,192631034.0,-18.41032564,389.50712463,2.49853484,0.00155611,6185.94526233,2.13039547
2020-10-26,9.23,1.988950276243,2104171600.83,1777984443.82,227970921.0,192631034.0,-18.77649786,397.25422766,2.54822945,0.00158706,6308.98063772,2.17276798
2020-10-27,9.53,3.250270855905,2172562877.13,1835773754.02,227970921.0,192631034.0,-19.3867849,410.16606605,2.63105381,0.00163864,6514.03959669,2.24338882
2020-10-28,9.24,-3.043022035677,2106451310.04,1779910754.16,227970921.0,192631034.0,-18.79684077,397.68462228,2.55099027,0.00158878,6315.81593635,2.17512201
2020-10-29,9.06,-1.948051948052,2065416544.26,1745237168.04,227970921.0,192631034.0,-12.74682242,389.93751925,2.50129565,0.00155783,75.48376815,2.39824921
2020-10-30,8.46,-6.622516556291,1928633991.66,1629658547.64,227970921.0,192631034.0,-11.90266199,364.11384247,2.33564693,0.00145466,70.4848431,2.23942476
2020-11-02,8.41,-0.591016548463,1917235445.61,1620026995.94,227970921.0,192631034.0,-11.83231529,361.96186941,2.32184287,0.00144606,70.06826602,2.22618939
2020-11-03,8.58,2.021403091558,1955990502.18,1652774271.72,227970921.0,192631034.0,-12.07149408,369.27857783,2.36877668,0.0014753,71.48462811,2.27118965
2020-11-04,8.57,-0.11655011655,1953710792.97,1650847961.38,227970921.0,192631034.0,-12.05742474,368.84818322,2.36601586,0.00147358,71.4013127,2.26854257
2020-11-05,8.78,2.4504084014,2001584686.38,1691300478.52,227970921.0,192631034.0,-12.35288089,377.88647009,2.42399292,0.00150968,73.15093646,2.32413113
2020-11-06,8.7,-0.911161731207,1983347012.7,1675889995.8,227970921.0,192631034.0,-12.24032616,374.44331318,2.40190642,0.00149593,72.48441312,2.30295454
2020-11-09,8.81,1.264367816092,2008423814.01,1697079409.54,227970921.0,192631034.0,-12.39508891,379.17765392,2.43227535,0.00151484,73.40088271,2.33207235
2020-11-10,8.85,0.454029511918,2017542650.85,1704784650.9,227970921.0,192631034.0,-12.45136627,380.89923238,2.4433186,0.00152172,73.73414438,2.34266065
2020-11-11,8.71,-1.581920903955,1985626721.91,1677816306.14,227970921.0,192631034.0,-12.2543955,374.8737078,2.40466723,0.00149765,72.56772854,2.30560161
2020-11-12,8.65,-0.688863375431,1971948466.65,1666258444.1,227970921.0,192631034.0,-12.16997946,372.29134012,2.38810236,0.00148733,72.06783603,2.28971917
2020-11-13,8.61,-0.462427745665,1962829629.81,1658553202.74,227970921.0,192631034.0,-12.1137021,370.56976167,2.37705911,0.00148045,71.73457437,2.27913087
2020-11-16,8.31,-3.484320557491,1894438353.51,1600763892.54,227970921.0,192631034.0,-11.69162189,357.65792328,2.29423475,0.00142887,69.23511184,2.19971864
2020-11-17,8.13,-2.166064981949,1853403587.73,1566090306.42,227970921.0,192631034.0,-11.43837376,349.91082025,2.24454014,0.00139792,67.73543433,2.15207131
2020-11-18,8.2,0.861008610086,1869361552.2,1579574478.8,227970921.0,192631034.0,-11.53685914,352.92358254,2.26386582,0.00140996,68.31864225,2.17060083
2020-11-19,8.17,-0.365853658537,1862522424.57,1573795547.78,227970921.0,192631034.0,-11.49465112,351.6323987,2.25558338,0.0014048,68.068696,2.16265961
2020-11-20,8.1,-0.856793145655,1846564460.1,1560311375.4,227970921.0,192631034.0,-11.39616574,348.61963641,2.2362577,0.00139276,67.48548808,2.14413009
2020-11-23,8.01,-1.111111111111,1826047077.21,1542974582.34,227970921.0,192631034.0,-11.26954167,344.7460849,2.21141039,0.00137729,66.73564932,2.12030642
2020-11-24,7.92,-1.123595505618,1805529694.32,1525637789.28,227970921.0,192631034.0,-11.14291761,340.87253338,2.18656309,0.00136181,65.98581057,2.09648275
2020-11-25,7.82,-1.262626262626,1782732602.22,1506374685.88,227970921.0,192631034.0,-11.00222421,336.56858725,2.15895497,0.00134462,65.15265639,2.07001201
2020-11-26,7.71,-1.406649616368,1757655800.91,1485185272.14,227970921.0,192631034.0,-10.84746146,331.83424651,2.12858603,0.0013257,64.2361868,2.04089419
2020-11-27,7.65,-0.778210116732,1743977545.65,1473627410.1,227970921.0,192631034.0,-10.76304542,329.25187883,2.11202116,0.00131539,63.7362943,2.02501175
2020-11-30,7.67,0.261437908497,1748536964.07,1477480030.78,227970921.0,192631034.0,-10.7911841,330.11266806,2.11754279,0.00131882,63.90292513,2.0303059
2020-12-01,7.82,1.955671447197,1782732602.22,1506374685.88,227970921.0,192631034.0,-11.00222421,336.56858725,2.15895497,0.00134462,65.15265639,2.07001201
2020-12-02,7.82,0.0,1782732602.22,1506374685.88,227970921.0,192631034.0,-11.00222421,336.56858725,2.15895497,0.00134462,65.15265639,2.07001201
2020-12-03,7.78,-0.511508951407,1773613765.38,1498669444.52,227970921.0,192631034.0,-10.94594684,334.8470088,2.14791172,0.00133774,64.81939472,2.05942371
2020-12-04,7.85,0.899742930591,1789571729.85,1512153616.9,227970921.0,192631034.0,-11.04443223,337.85977109,2.1672374,0.00134978,65.40260264,2.07795323
2020-12-07,7.63,-2.802547770701,1739418127.23,1469774789.42,227970921.0,192631034.0,-10.73490674,328.39108961,2.10649954,0.00131195,63.56966346,2.0197176
2020-12-08,7.6,-0.393184796855,1732578999.6,1463995858.4,227970921.0,192631034.0,-10.69269872,327.09990577,2.0982171,0.00130679,63.31971721,2.01177638
2020-12-09,7.46,-1.842105263158,1700663070.66,1437027513.64,227970921.0,192631034.0,-10.49572795,321.07438119,2.05956573,0.00128272,62.15330137,1.97471734
2020-12-10,7.5,0.536193029491,1709781907.5,1444732755.0,227970921.0,192631034.0,-10.55200531,322.79595964,2.07060898,0.00128959,62.48656304,1.98530563
2020-12-11,7.27,-3.066666666667,1657348595.67,1400427617.18,227970921.0,192631034.0,-10.22841048,312.89688354,2.00711031,0.00125005,60.57030844,1.92442293
2020-12-14,7.39,1.650618982118,1684705106.19,1423543341.26,227970921.0,192631034.0,-10.39724257,318.0616189,2.04024005,0.00127068,61.57009344,1.95618782
2020-12-15,7.26,-1.759133964817,1655068886.46,1398501306.84,227970921.0,192631034.0,-10.21434114,312.46648893,2.00434949,0.00124833,60.48699302,1.92177585
2020-12-16,7.09,-2.341597796143,1616313829.89,1365754031.06,227970921.0,192631034.0,-9.97516236,305.14978051,1.95741569,0.0012191,59.07063092,1.87677559
2020-12-17,7.25,2.256699576869,1652789177.25,1396574996.5,227970921.0,192631034.0,-10.2002718,312.03609432,2.00158868,0.00124661,60.4036776,1.91912878
2020-12-18,7.04,-2.896551724138,1604915283.84,1356122479.36,227970921.0,192631034.0,-9.90481565,302.99780745,1.94361163,0.0012105,58.65405384,1.86354022
2020-12-21,7.05,0.142045454545,1607194993.05,1358048789.7,227970921.0,192631034.0,-9.91888499,303.42820206,1.94637244,0.00121222,58.73736925,1.8661873
2020-12-22,7.02,-0.425531914894,1600355865.42,1352269858.68,227970921.0,192631034.0,-9.87667697,302.13701822,1.93809001,0.00120706,58.487423,1.85824607
2020-12-23,6.93,-1.282051282051,1579838482.53,1334933065.62,227970921.0,192631034.0,-9.75005291,298.26346671,1.9132427,0.00119158,57.73758425,1.83442241
2020-12-24,6.68,-3.607503607504,1522845752.28,1286775307.12,227970921.0,192631034.0,-9.3983194,287.50360139,1.8442224,0.0011486,55.65469881,1.76824555
2020-12-25,6.89,3.14371257485,1570719645.69,1327227824.26,227970921.0,192631034.0,-9.69377555,296.54188826,1.90219945,0.00118471,57.40432258,1.82383411
2020-12-28,6.7,-2.757619738752,1527405170.7,1290627927.8,227970921.0,192631034.0,-9.42645808,288.36439061,1.84974402,0.00115204,55.82132965,1.7735397
2020-12-29,6.67,-0.44776119403,1520566043.07,1284848996.78,227970921.0,192631034.0,-9.38425006,287.07320677,1.84146159,0.00114688,55.57138339,1.76559848
2020-12-30,6.69,0.299850074963,1525125461.49,1288701617.46,227970921.0,192631034.0,-9.41238874,287.933996,1.84698321,0.00115032,55.73801423,1.77089263
2020-12-31,6.89,2.989536621824,1570719645.69,1327227824.26,227970921.0,192631034.0,-9.69377555,-5.98671688,2.28601638,0.00118471,57.40432258,1.82383411
2021-01-04,6.81,-1.161103047896,1552481972.01,1311817341.54,227970921.0,192631034.0,-9.58122082,-5.91720492,2.25947337,-0.26061169,56.73779924,1.80265752
2021-01-05,6.67,-2.055800293686,1520566043.07,1284848996.78,227970921.0,192631034.0,-9.38425006,-5.79555901,2.21302311,-0.25525403,55.57138339,1.76559848
2021-01-06,6.47,-2.998500749625,1474971858.87,1246322789.98,227970921.0,192631034.0,-9.10286325,-5.62177913,2.1466656,-0.24760024,53.90507505,1.71265699
2021-01-07,6.2,-4.173106646059,1413419710.2,1194312410.8,227970921.0,192631034.0,-8.72299106,-5.38717629,2.05708295,-0.23726761,51.65555878,1.64118599
2021-01-08,6.16,-0.645161290323,1404300873.36,1186607169.44,227970921.0,192631034.0,-8.6667137,-5.35242031,2.04381145,-0.23573685,51.32229711,1.63059769
2021-01-11,5.94,-3.571428571429,1354147270.74,1144228341.96,227970921.0,192631034.0,-8.35718821,-5.16126244,1.97081818,-0.22731768,49.48935792,1.57236206
2021-01-12,5.93,-0.16835016835,1351867561.53,1142302031.62,227970921.0,192631034.0,-8.34311887,-5.15257345,1.96750031,-0.22693499,49.40604251,1.56971499
2021-01-13,5.58,-5.902192242833,1272077739.18,1074881169.72,227970921.0,192631034.0,-7.85069195,-4.84845866,1.85137466,-0.21354085,46.4900029,1.47706739
2021-01-14,5.59,0.179211469534,1274357448.39,1076807480.06,227970921.0,192631034.0,-7.86476129,-4.85714765,1.85469253,-0.21392354,46.57331832,1.47971447
2021-01-15,5.74,2.683363148479,1308553086.54,1105702135.16,227970921.0,192631034.0,-8.0758014,-4.98748256,1.90446067,-0.21966389,47.82304958,1.51942058
2021-01-18,5.96,3.83275261324,1358706689.16,1148080962.64,227970921.0,192631034.0,-8.38532689,-5.17864043,1.97745393,-0.22808306,49.65598876,1.57765621
2021-01-19,5.99,0.503355704698,1365545816.79,1153859893.66,227970921.0,192631034.0,-8.42753491,-5.20470741,1.98740756,-0.22923113,49.90593501,1.58559743
2021-01-20,5.96,-0.500834724541,1358706689.16,1148080962.64,227970921.0,192631034.0,-8.38532689,-5.17864043,1.97745393,-0.22808306,49.65598876,1.57765621
2021-01-21,6.0,0.671140939597,1367825526.0,1155786204.0,227970921.0,192631034.0,-8.44160425,-5.21339641,1.99072544,-0.22961382,49.98925043,1.58824451
2021-01-22,5.91,-1.5,1347308143.11,1138449410.94,227970921.0,192631034.0,-8.31498019,-5.13519546,1.96086455,-0.22616961,49.23941167,1.56442084
2021-01-25,5.59,-5.414551607445,1274357448.39,1076807480.06,227970921.0,192631034.0,-7.86476129,-4.85714765,1.85469253,-0.21392354,46.57331832,1.47971447
2021-01-26,5.63,0.715563506261,1283476285.23,1084512721.42,227970921.0,192631034.0,-7.92103865,-4.89190363,1.86796403,-0.2154543,46.90657999,1.49030276
2021-01-27,5.57,-1.065719360568,1269798029.97,1072954859.38,227970921.0,192631034.0,-7.83662261,-4.83976967,1.84805678,-0.21315816,46.40668748,1.47442032
2021-01-28,5.6,0.538599640934,1276637157.6,1078733790.4,227970921.0,192631034.0,-7.87883063,-4.86583665,1.85801041,-0.21430623,46.65663373,1.48236154
2021-01-29,5.47,-2.321428571429,1247000937.87,1053691755.98,227970921.0,192631034.0,-7.69592921,-4.75287973,1.81487802,-0.20933127,45.57353331,1.44794958
2021-02-01,5.28,-3.473491773309,1203686462.88,1017091859.52,227970921.0,192631034.0,-7.42861174,-4.58778884,1.75183838,-0.20206016,43.99054038,1.39765517
2021-02-02,5.28,0.0,1203686462.88,1017091859.52,227970921.0,192631034.0,-7.42861174,-4.58778884,1.75183838,-0.20206016,43.99054038,1.39765517
2021-02-03,5.18,-1.893939393939,1180889370.78,997828756.12,227970921.0,192631034.0,-7.28791834,-4.5008989,1.71865963,-0.19823326,43.1573862,1.37118443
2021-02-04,5.0,-3.474903474903,1139854605.0,963155170.0,227970921.0,192631034.0,-7.03467021,-4.34449701,1.65893786,-0.19134485,41.65770869,1.32353709
2021-02-05,5.03,0.6,1146693732.63,968934101.02,227970921.0,192631034.0,-7.07687823,-4.37056399,1.66889149,-0.19249292,41.90765494,1.33147831
2021-02-08,5.0,-0.596421471173,1139854605.0,963155170.0,227970921.0,192631034.0,-7.03467021,-4.34449701,1.65893786,-0.19134485,41.65770869,1.32353709
2021-02-09,5.15,3.0,1174050243.15,992049825.1,227970921.0,192631034.0,-7.24571031,-4.47483192,1.708706,-0.19708519,42.90743995,1.3632432
2021-02-10,5.15,0.0,1174050243.15,992049825.1,227970921.0,192631034.0,-7.24571031,-4.47483192,1.708706,-0.19708519,42.90743995,1.3632432
2021-02-18,5.43,5.436893203883,1237882101.03,1045986514.62,227970921.0,192631034.0,-7.63965185,-4.71812375,1.80160652,-0.20780051,45.24027164,1.43736128
2021-02-19,5.72,5.340699815838,1303993668.12,1101849514.48,227970921.0,192631034.0,-8.04766272,-4.97010458,1.89782492,-0.21889851,47.65641874,1.51412643
2021-02-22,5.8,1.398601398601,1322231341.8,1117259997.2,227970921.0,192631034.0,-8.16021744,-5.03961653,1.92436792,-0.22196003,48.32294208,1.53530302
2021-02-23,5.73,-1.206896551724,1306273377.33,1103775824.82,227970921.0,192631034.0,-8.06173206,-4.97879357,1.90114279,-0.2192812,47.73973416,1.51677351
2021-02-24,5.73,0.0,1306273377.33,1103775824.82,227970921.0,192631034.0,-8.06173206,-4.97879357,1.90114279,-0.2192812,47.73973416,1.51677351
2021-02-25,5.57,-2.792321116928,1269798029.97,1072954859.38,227970921.0,192631034.0,-7.83662261,-4.83976967,1.84805678,-0.21315816,46.40668748,1.47442032
2021-02-26,5.67,1.795332136445,1292595122.07,1092217962.78,227970921.0,192631034.0,-4.99675359,-4.92665961,1.88123554,-0.21698506,47.23984166,1.51526916
2021-03-01,5.8,2.292768959436,1322231341.8,1117259997.2,227970921.0,192631034.0,-5.11131761,-5.03961653,1.92436792,-0.22196003,48.32294208,1.55001078
2021-03-02,5.78,-0.344827586207,1317671923.38,1113407376.52,227970921.0,192631034.0,-5.09369238,-5.02223854,1.91773217,-0.22119465,48.15631125,1.54466592
2021-03-03,5.84,1.038062283737,1331350178.64,1124965238.56,227970921.0,192631034.0,-5.14656808,-5.0743725,1.93763942,-0.22349078,48.65620375,1.56070051
2021-03-04,5.86,0.342465753425,1335909597.06,1128817859.24,227970921.0,192631034.0,-5.16419331,-5.09175049,1.94427518,-0.22425616,48.82283459,1.56604538
2021-03-05,6.08,3.754266211604,1386063199.68,1171196686.72,227970921.0,192631034.0,-5.35807087,-5.28290836,2.01726844,-0.23267534,50.65577377,1.62483889
2021-03-08,5.96,-1.973684210526,1358706689.16,1148080962.64,227970921.0,192631034.0,-5.25231948,-5.17864043,1.97745393,-0.22808306,49.65598876,1.5927697
2021-03-09,5.76,-3.355704697987,1313112504.96,1109554755.84,227970921.0,192631034.0,-5.07606714,-5.00486055,1.91109642,-0.22042927,47.98968041,1.53932105
2021-03-10,5.63,-2.256944444444,1283476285.23,1084512721.42,227970921.0,192631034.0,-4.96150313,-4.89190363,1.86796403,-0.2154543,46.90657999,1.50457943
2021-03-11,5.75,2.131438721137,1310832795.75,1107628445.5,227970921.0,192631034.0,-5.06725453,-4.99617156,1.90777854,-0.22004658,47.90636499,1.53664862
2021-03-12,5.69,-1.04347826087,1297154540.49,1096070583.46,227970921.0,192631034.0,-5.01437883,-4.94403759,1.88787129,-0.21775044,47.40647249,1.52061403
2021-03-15,5.77,1.405975395431,1315392214.17,1111481066.18,227970921.0,192631034.0,-5.08487976,-5.01354955,1.91441429,-0.22081196,48.07299583,1.54199348
2021-03-16,5.79,0.346620450607,1319951632.59,1115333686.86,227970921.0,192631034.0,-5.10250499,-5.03092753,1.92105005,-0.22157734,48.23962666,1.54733835
2021-03-17,5.82,0.518134715026,1326790760.22,1121112617.88,227970921.0,192631034.0,-5.12894284,-5.05699452,1.93100367,-0.2227254,48.48957292,1.55535565
2021-03-18,5.87,0.85910652921,1338189306.27,1130744169.58,227970921.0,192631034.0,-5.17300593,-5.10043949,1.94759305,-0.22463885,48.90615,1.56871781
2021-03-19,5.94,1.192504258944,1354147270.74,1144228341.96,227970921.0,192631034.0,-5.23469424,-5.16126244,1.97081818,-0.22731768,49.48935792,1.58742483
2021-03-22,6.02,1.346801346801,1372384944.42,1159638824.68,227970921.0,192631034.0,-5.30519517,-5.2307744,1.99736119,-0.2303792,50.15588126,1.60880429
2021-03-23,5.89,-2.159468438538,1342748724.69,1134596790.26,227970921.0,192631034.0,-5.19063116,-5.11781747,1.9542288,-0.22540423,49.07278084,1.57406267
2021-03-24,5.82,-1.188455008489,1326790760.22,1121112617.88,227970921.0,192631034.0,-5.12894284,-5.05699452,1.93100367,-0.2227254,48.48957292,1.55535565
2021-03-25,5.87,0.85910652921,1338189306.27,1130744169.58,227970921.0,192631034.0,-5.17300593,-5.10043949,1.94759305,-0.22463885,48.90615,1.56871781
2021-03-26,6.01,2.385008517888,1370105235.21,1157712514.34,227970921.0,192631034.0,-5.29638256,-5.2220854,1.99404331,-0.22999651,50.07256585,1.60613186
2021-03-29,5.89,-1.996672212978,1342748724.69,1134596790.26,227970921.0,192631034.0,-5.19063116,-5.11781747,1.9542288,-0.22540423,49.07278084,1.57406267
2021-03-30,5.77,-2.037351443124,1315392214.17,1111481066.18,227970921.0,192631034.0,-5.08487976,-5.01354955,1.91441429,-0.22081196,48.07299583,1.54199348
2021-03-31,5.75,-0.346620450607,1310832795.75,1107628445.5,227970921.0,192631034.0,-5.06725453,-4.99617156,1.90495475,-0.22004658,47.90636499,1.53664862
2021-04-01,5.73,-0.347826086957,1306273377.33,1103775824.82,227970921.0,192631034.0,-5.04962929,-4.97879357,1.89832882,-0.2192812,47.73973416,1.53130375
2021-04-02,5.75,0.349040139616,1310832795.75,1107628445.5,227970921.0,192631034.0,-5.06725453,-4.99617156,1.90495475,-0.22004658,47.90636499,1.53664862
2021-04-06,5.84,1.565217391304,1331350178.64,1124965238.56,227970921.0,192631034.0,-5.14656808,-5.0743725,1.93477143,-0.22349078,48.65620375,1.56070051
2021-04-07,5.89,0.856164383562,1342748724.69,1134596790.26,227970921.0,192631034.0,-5.19063116,-5.11781747,1.95133626,-0.22540423,49.07278084,1.57406267
2021-04-08,5.77,-2.037351443124,1315392214.17,1111481066.18,227970921.0,192631034.0,-5.08487976,-5.01354955,1.91158068,-0.22081196,48.07299583,1.54199348
2021-04-09,5.89,2.07972270364,1342748724.69,1134596790.26,227970921.0,192631034.0,-5.19063116,-5.11781747,1.95133626,-0.22540423,49.07278084,1.57406267
2021-04-12,5.82,-1.188455008489,1326790760.22,1121112617.88,227970921.0,192631034.0,-5.12894284,-5.05699452,1.9281455,-0.2227254,48.48957292,1.55535565
2021-04-13,5.8,-0.343642611684,1322231341.8,1117259997.2,227970921.0,192631034.0,-5.11131761,-5.03961653,1.92151957,-0.22196003,48.32294208,1.55001078
2021-04-14,6.01,3.620689655172,1370105235.21,1275886669.55,227970921.0,212293955.0,-5.29638256,-5.2220854,1.99109183,-0.22999651,50.07256585,1.60613186
2021-04-15,6.14,2.16306156406,1399741454.94,1303484883.7,227970921.0,212293955.0,-5.41094657,-5.33504232,2.03416037,-0.23497148,51.15566627,1.64087348
2021-04-16,6.46,5.211726384365,1472692149.66,1371418949.3,227970921.0,212293955.0,-5.6929503,-5.61309013,2.14017525,-0.24721755,53.82175963,1.72639132
2021-04-19,6.26,-3.095975232198,1427097965.46,1328960158.3,227970921.0,212293955.0,-5.51669797,-5.43931025,2.07391595,-0.23956375,52.15545128,1.67294267
2021-04-20,6.17,-1.437699680511,1406580582.57,1309853702.35,227970921.0,212293955.0,-5.43738442,-5.36110931,2.04409927,-0.23611954,51.40561252,1.64889078
2021-04-21,6.18,0.162074554295,1408860291.78,1311976641.9,227970921.0,212293955.0,-5.44619704,-5.3697983,2.04741223,-0.23650223,51.48892794,1.65156321
2021-04-22,6.26,1.294498381877,1427097965.46,1328960158.3,227970921.0,212293955.0,-5.51669797,-5.43931025,2.07391595,-0.23956375,52.15545128,1.67294267
2021-04-23,6.17,-1.437699680511,1406580582.57,1309853702.35,227970921.0,212293955.0,-5.43738442,-5.36110931,2.04409927,-0.23611954,51.40561252,1.64889078
2021-04-26,6.18,0.162074554295,1408860291.78,1311976641.9,227970921.0,212293955.0,-5.44619704,-5.3697983,2.04741223,-0.23650223,51.48892794,1.65156321
2021-04-27,6.48,4.854368932039,1477251568.08,1375664828.4,227970921.0,212293955.0,-6.78575899,-5.63046812,2.14680118,-0.24798292,122.46196505,1.60549802
2021-04-28,7.78,20.061728395062,1773613765.38,1651646969.9,227970921.0,212293955.0,-8.14709953,-6.76003734,2.5774866,-0.29773259,147.02995186,1.92758867
2021-04-29,6.91,-11.182519280206,1575279064.11,1466951229.05,227970921.0,212293955.0,-7.23604855,-6.00409486,2.28925866,-0.26443858,130.58829915,1.7120357
2021-04-30,7.38,6.801736613603,1682425396.98,1566729387.9,227970921.0,212293955.0,-7.72822552,-6.41247758,2.44496801,-0.282425,139.4705713,1.82848386
2021-05-06,7.15,-3.116531165312,1629992085.15,1517901778.25,227970921.0,212293955.0,-7.48737296,-6.21263072,2.36876982,-0.27362313,135.12392748,1.77149859
2021-05-07,6.81,-4.755244755245,1552481972.01,1445721833.55,227970921.0,212293955.0,-7.13133005,-5.91720492,2.25612901,-0.26061169,128.69845401,1.68725949
2021-05-10,6.9,1.321585903084,1572999354.9,1464828289.5,227970921.0,212293955.0,-7.2255767,-5.99540587,2.2859457,-0.26405589,130.39931463,1.70955808
2021-05-11,6.57,-4.782608695652,1497768950.97,1394771284.35,227970921.0,212293955.0,-6.88000564,-5.70866907,2.17661786,-0.25142713,124.16282567,1.6277966
2021-05-12,6.94,5.631659056317,1582118191.74,1473320047.7,227970921.0,212293955.0,-7.2674641,-6.03016185,2.29919756,-0.26558665,131.15525269,1.71946856
2021-05-13,7.29,5.043227665706,1661908014.09,1547622931.95,227970921.0,212293955.0,-7.63397886,-6.33427664,2.41515132,-0.27898079,137.76971068,1.80618527
2021-05-14,7.04,-3.429355281207,1604915283.84,1494549443.2,227970921.0,212293955.0,-7.37218261,-6.11705179,2.3323272,-0.26941355,133.04509783,1.74424476
2021-05-17,6.79,-3.551136363636,1547922553.59,1441475954.45,227970921.0,212293955.0,-7.11038635,-5.89982694,2.24950309,-0.25984631,128.32048498,1.68230425
2021-05-18,7.26,6.921944035346,1655068886.46,1541254113.3,227970921.0,212293955.0,-7.60256331,-6.30820965,2.40521243,-0.27783272,137.20275713,1.79875241
2021-05-19,7.03,-3.168044077135,1602635574.63,1492426503.65,227970921.0,212293955.0,-7.36171076,-6.10836279,2.32901424,-0.26903086,132.85611331,1.74176714
2021-05-20,7.1,0.99573257468,1618593539.1,1507287080.5,227970921.0,212293955.0,-7.43501371,-6.16918575,2.35220499,-0.27170969,134.17900491,1.75911049
2021-05-21,6.85,-3.521126760563,1561600808.85,1454213591.75,227970921.0,212293955.0,-7.17321745,-5.9519609,2.26938087,-0.26214244,129.45439206,1.69716997
2021-05-24,6.69,-2.335766423358,1525125461.49,1420246558.95,227970921.0,212293955.0,-7.00566785,-5.812937,2.21637344,-0.25601941,126.43063984,1.65752805
2021-05-25,6.92,3.437967115097,1577558773.32,1469074168.6,227970921.0,212293955.0,-7.2465204,-6.01278386,2.29257163,-0.26482127,130.77728366,1.71451332
2021-05-26,6.84,-1.156069364162,1559321099.64,1452090652.2,227970921.0,212293955.0,-7.1627456,-5.94327191,2.26606791,-0.26175975,129.26540755,1.69469235
2021-05-27,6.8,-0.584795321637,1550202262.8,1443598894.0,227970921.0,212293955.0,-7.1208582,-5.90851593,2.25281605,-0.260229,128.50946949,1.68478187
2021-05-28,6.82,0.294117647059,1554761681.22,1447844773.1,227970921.0,212293955.0,-7.1418019,-5.92589392,2.25944198,-0.26099437,128.88743852,1.68973711
2021-05-31,7.16,4.985337243402,1632271794.36,1520024717.8,227970921.0,212293955.0,-7.49784481,-6.22131971,2.37208278,-0.27400582,135.31291199,1.77397621
2021-06-01,7.37,2.932960893855,1680145687.77,1564606448.35,227970921.0,212293955.0,-7.71775367,-6.40378859,2.44165504,-0.28204231,139.28158679,1.82600624
2021-06-02,7.18,-2.578018995929,1636831212.78,1524270596.9,227970921.0,212293955.0,-7.51878851,-6.2386977,2.37870871,-0.2747712,135.69088102,1.77893145
2021-06-03,6.95,-3.203342618384,1584397900.95,1475442987.25,227970921.0,212293955.0,-7.27793595,-6.03885084,2.30251052,-0.26596934,131.3442372,1.72194618
2021-06-04,6.86,-1.294964028777,1563880518.06,1456336531.3,227970921.0,212293955.0,-7.1836893,-5.96064989,2.27269384,-0.26252513,129.64337658,1.6996476
2021-06-07,6.87,0.145772594752,1566160227.27,1458459470.85,227970921.0,212293955.0,-7.19416115,-5.96933889,2.2760068,-0.26290782,129.83236109,1.70212522
2021-06-08,6.9,0.436681222707,1572999354.9,1464828289.5,227970921.0,212293955.0,-7.2255767,-5.99540587,2.2859457,-0.26405589,130.39931463,1.70955808
2021-06-09,6.93,0.434782608696,1579838482.53,1471197108.15,227970921.0,212293955.0,-7.25699225,-6.02147285,2.29588459,-0.26520396,130.96626817,1.71699094
2021-06-10,6.82,-1.587301587302,1554761681.22,1447844773.1,227970921.0,212293955.0,-7.1418019,-5.92589392,2.25944198,-0.26099437,128.88743852,1.68973711
2021-06-11,6.73,-1.319648093842,1534244298.33,1428738317.15,227970921.0,212293955.0,-7.04755525,-5.84769297,2.2296253,-0.25755017,127.18657789,1.66743853
2021-06-15,6.72,-0.148588410104,1531964589.12,1426615377.6,227970921.0,212293955.0,-7.0370834,-5.83900398,2.22631233,-0.25716748,126.99759338,1.66496091
2021-06-16,6.66,-0.892857142857,1518286333.86,1413877740.3,227970921.0,212293955.0,-6.97425229,-5.78687001,2.20643454,-0.25487134,125.8636863,1.65009519
2021-06-17,6.62,-0.600600600601,1509167497.02,1405385982.1,227970921.0,212293955.0,-6.93236489,-5.75211404,2.19318268,-0.25334058,125.10774824,1.64018471
2021-06-18,6.77,2.26586102719,1543363135.17,1437230075.35,227970921.0,212293955.0,-7.08944265,-5.88244895,2.24287716,-0.25908093,127.94251595,1.67734901
2021-06-21,6.95,2.658788774003,1584397900.95,1475442987.25,227970921.0,212293955.0,-7.27793595,-6.03885084,2.30251052,-0.26596934,131.3442372,1.72194618
2021-06-22,6.95,0.0,1584397900.95,1475442987.25,227970921.0,212293955.0,-7.27793595,-6.03885084,2.30251052,-0.26596934,131.3442372,1.72194618
2021-06-23,6.99,0.575539568345,1593516737.79,1483934745.45,227970921.0,212293955.0,-7.31982335,-6.07360682,2.31576238,-0.2675001,132.10017526,1.73185666
2021-06-24,6.8,-2.718168812589,1550202262.8,1443598894.0,227970921.0,212293955.0,-7.1208582,-5.90851593,2.25281605,-0.260229,128.50946949,1.68478187
2021-06-25,6.82,0.294117647059,1554761681.22,1447844773.1,227970921.0,212293955.0,-7.1418019,-5.92589392,2.25944198,-0.26099437,128.88743852,1.68973711
2021-06-28,6.98,2.346041055718,1591237028.58,1481811805.9,227970921.0,212293955.0,-7.3093515,-6.06491782,2.31244942,-0.26711741,131.91119074,1.72937904
2021-06-29,7.02,0.573065902579,1600355865.42,1490303564.1,227970921.0,212293955.0,-7.35123891,-6.0996738,2.32570128,-0.26864817,132.6671288,1.73928952
2021-06-30,7.14,1.709401709402,1627712375.94,1515778838.7,227970921.0,212293955.0,-7.47690111,-6.20394173,2.39303443,-0.27324045,134.93494297,1.76902097
2021-07-01,7.32,2.521008403361,1668747141.72,1553991750.6,227970921.0,212293955.0,-7.66539441,-6.36034362,2.45336303,-0.28012886,138.33666422,1.81361813
2021-07-02,7.1,-3.005464480874,1618593539.1,1507287080.5,227970921.0,212293955.0,-7.43501371,-6.16918575,2.37962807,-0.27170969,134.17900491,1.75911049
2021-07-05,7.17,0.985915492958,1634551503.57,1522147657.35,227970921.0,212293955.0,-7.50831666,-6.23000871,2.4030892,-0.27438851,135.50189651,1.77645383
2021-07-06,7.0,-2.370990237099,1595796447.0,1486057685.0,227970921.0,212293955.0,-7.3302952,-6.08229581,2.34611219,-0.26788279,132.28915977,1.73433428
2021-07-07,6.92,-1.142857142857,1577558773.32,1469074168.6,227970921.0,212293955.0,-7.2465204,-6.01278386,2.31929947,-0.26482127,130.77728366,1.71451332
2021-07-08,6.75,-2.456647398844,1538803716.75,1432984196.25,227970921.0,212293955.0,-7.06849895,-5.86507096,2.26232246,-0.25831555,127.56454692,1.67239377
2021-07-09,6.77,0.296296296296,1543363135.17,1437230075.35,227970921.0,212293955.0,-7.08944265,-5.88244895,2.26902564,-0.25908093,127.94251595,1.67734901
2021-07-12,6.84,1.033973412112,1559321099.64,1452090652.2,227970921.0,212293955.0,-7.1627456,-5.94327191,2.29248676,-0.26175975,129.26540755,1.69469235
2021-07-13,6.88,0.584795321637,1568439936.48,1460582410.4,227970921.0,212293955.0,-7.204633,-5.97802788,2.30589312,-0.26329051,130.0213456,1.70460284
2021-07-14,7.23,5.087209302326,1648229758.83,1534885294.65,227970921.0,212293955.0,-7.57114776,-6.28214267,2.42319873,-0.27668465,136.63580359,1.79131955
2021-07-15,6.88,-4.840940525588,1568439936.48,1460582410.4,227970921.0,212293955.0,-7.204633,-5.97802788,2.30589312,-0.26329051,130.0213456,1.70460284
2021-07-16,6.73,-2.18023255814,1534244298.33,1428738317.15,227970921.0,212293955.0,-7.04755525,-5.84769297,2.25561929,-0.25755017,127.18657789,1.66743853
2021-07-19,6.79,0.891530460624,1547922553.59,1441475954.45,227970921.0,212293955.0,-7.11038635,-5.89982694,2.27572882,-0.25984631,128.32048498,1.68230425
2021-07-20,6.82,0.441826215022,1554761681.22,1447844773.1,227970921.0,212293955.0,-7.1418019,-5.92589392,2.28578359,-0.26099437,128.88743852,1.68973711
2021-07-21,7.0,2.639296187683,1595796447.0,1486057685.0,227970921.0,212293955.0,-7.3302952,-6.08229581,2.34611219,-0.26788279,132.28915977,1.73433428
2021-07-22,6.99,-0.142857142857,1593516737.79,1483934745.45,227970921.0,212293955.0,-7.31982335,-6.07360682,2.3427606,-0.2675001,132.10017526,1.73185666
2021-07-23,6.83,-2.288984263233,1557041390.43,1449967712.65,227970921.0,212293955.0,-7.15227375,-5.93458291,2.28913517,-0.26137706,129.07642303,1.69221473
2021-07-26,6.69,-2.049780380673,1525125461.49,1420246558.95,227970921.0,212293955.0,-7.00566785,-5.812937,2.24221293,-0.25601941,126.43063984,1.65752805
2021-07-27,6.6,-1.345291479821,1504608078.6,1401140103.0,227970921.0,212293955.0,-6.91142119,-5.73473605,2.21204863,-0.2525752,124.72977921,1.63522946
2021-07-28,6.76,2.424242424242,1541083425.96,1435107135.8,227970921.0,212293955.0,-7.0789708,-5.87375995,2.26567405,-0.25869824,127.75353144,1.67487139
2021-07-29,6.72,-0.591715976331,1531964589.12,1426615377.6,227970921.0,212293955.0,-7.0370834,-5.83900398,2.2522677,-0.25716748,126.99759338,1.66496091
2021-07-30,6.8,1.190476190476,1550202262.8,1443598894.0,227970921.0,212293955.0,-7.1208582,-5.90851593,2.27908041,-0.260229,128.50946949,1.68478187
2021-08-02,6.86,0.882352941176,1563880518.06,1456336531.3,227970921.0,212293955.0,-7.1836893,-5.96064989,2.29918994,-0.26252513,129.64337658,1.6996476
2021-08-03,7.14,4.081632653061,1627712375.94,1515778838.7,227970921.0,212293955.0,-7.47690111,-6.20394173,2.39303443,-0.27324045,134.93494297,1.76902097
2021-08-04,7.16,0.280112044818,1632271794.36,1520024717.8,227970921.0,212293955.0,-7.49784481,-6.22131971,2.39973761,-0.27400582,135.31291199,1.77397621
2021-08-05,7.06,-1.396648044693,1609474702.26,1498795322.3,227970921.0,212293955.0,-7.39312631,-6.13442977,2.36622172,-0.27017893,133.42306686,1.7492
2021-08-06,7.12,0.849858356941,1623152957.52,1511532959.6,227970921.0,212293955.0,-7.45595741,-6.18656374,2.38633125,-0.27247507,134.55697394,1.76406573
2021-08-09,7.17,0.702247191011,1634551503.57,1522147657.35,227970921.0,212293955.0,-7.50831666,-6.23000871,2.4030892,-0.27438851,135.50189651,1.77645383
2021-08-10,7.21,0.557880055788,1643670340.41,1530639415.55,227970921.0,212293955.0,-7.55020406,-6.26476468,2.41649555,-0.27591927,136.25783456,1.78636431
2021-08-11,7.3,1.24826629681,1664187723.3,1549745871.5,227970921.0,212293955.0,-7.64445071,-6.34296563,2.44665985,-0.27936348,137.95869519,1.80866289
2021-08-12,7.22,-1.095890410959,1645950049.62,1532762355.1,227970921.0,212293955.0,-7.56067591,-6.27345368,2.41984714,-0.27630196,136.44681908,1.78884193
2021-08-13,7.14,-1.108033240997,1627712375.94,1515778838.7,227970921.0,212293955.0,-7.47690111,-6.20394173,2.39303443,-0.27324045,134.93494297,1.76902097
2021-08-16,7.18,0.560224089636,1636831212.78,1524270596.9,227970921.0,212293955.0,-7.51878851,-6.2386977,2.40644078,-0.2747712,135.69088102,1.77893145
2021-08-17,6.93,-3.481894150418,1579838482.53,1471197108.15,227970921.0,212293955.0,-7.25699225,-6.02147285,2.32265106,-0.26520396,130.96626817,1.71699094
2021-08-18,7.0,1.010101010101,1595796447.0,1486057685.0,227970921.0,212293955.0,-7.3302952,-6.08229581,2.34611219,-0.26788279,132.28915977,1.73433428
2021-08-19,6.93,-1.0,1579838482.53,1471197108.15,227970921.0,212293955.0,-7.25699225,-6.02147285,2.32265106,-0.26520396,130.96626817,1.71699094
2021-08-20,6.81,-1.731601731602,1552481972.01,1445721833.55,227970921.0,212293955.0,-7.13133005,-5.91720492,2.282432,-0.26061169,128.69845401,1.68725949
2021-08-23,7.05,3.52422907489,1607194993.05,1496672382.75,227970921.0,212293955.0,-7.38265446,-6.12574078,2.36287013,-0.26979624,133.23408234,1.74672238
2021-08-24,7.08,0.425531914894,1614034120.68,1503041201.4,227970921.0,212293955.0,-7.41407001,-6.15180776,2.3729249,-0.27094431,133.80103588,1.75415524
2021-08-25,7.27,2.683615819209,1657348595.67,1543377052.85,227970921.0,212293955.0,-7.61303516,-6.31689865,2.43660508,-0.27821541,137.39174165,1.80123003
2021-08-26,7.16,-1.513067400275,1632271794.36,1520024717.8,227970921.0,212293955.0,-7.49784481,-6.22131971,2.39973761,-0.27400582,135.31291199,1.77397621
2021-08-27,7.07,-1.256983240223,1611754411.47,1500918261.85,227970921.0,212293955.0,-7.40359816,-6.14311877,2.36957331,-0.27056162,133.61205137,1.75167762
2021-08-30,6.77,-4.243281471004,1543363135.17,1437230075.35,227970921.0,212293955.0,-8.06959944,-5.88244895,2.26902564,-0.25908093,33.61470774,1.69361229
2021-08-31,6.66,-1.624815361891,1518286333.86,1413877740.3,227970921.0,212293955.0,-7.93848335,-5.78687001,2.23215816,-0.25487134,33.06853081,1.66609422
2021-09-01,6.6,-0.900900900901,1504608078.6,1401140103.0,227970921.0,212293955.0,-7.86696548,-5.73473605,2.21204863,-0.2525752,32.77061612,1.65108436
2021-09-02,6.62,0.30303030303,1509167497.02,1405385982.1,227970921.0,212293955.0,-7.89080477,-5.75211404,2.21875181,-0.25334058,32.86992101,1.65608765
2021-09-03,6.67,0.755287009063,1520566043.07,1416000679.85,227970921.0,212293955.0,-7.95040299,-5.79555901,2.23550975,-0.25525403,33.11818326,1.66859586
2021-09-06,7.14,7.046476761619,1627712375.94,1515778838.7,227970921.0,212293955.0,-8.51062629,-6.20394173,2.39303443,-0.27324045,35.45184834,1.78617308
2021-09-07,6.9,-3.361344537815,1572999354.9,1464828289.5,227970921.0,212293955.0,-8.22455482,-5.99540587,2.3125963,-0.26405589,34.26018958,1.72613365
2021-09-08,7.03,1.884057971014,1602635574.63,1492426503.65,227970921.0,212293955.0,-8.3795102,-6.10836279,2.35616695,-0.26903086,34.90567141,1.75865501
2021-09-09,7.01,-0.284495021337,1598076156.21,1488180624.55,227970921.0,212293955.0,-8.35567091,-6.0909848,2.34946377,-0.26826548,34.80636651,1.75365172
2021-09-10,6.88,-1.854493580599,1568439936.48,1460582410.4,227970921.0,212293955.0,-8.20071553,-5.97802788,2.30589312,-0.26329051,34.16088468,1.72113037
2021-09-13,6.97,1.308139534884,1588957319.37,1479688866.35,227970921.0,212293955.0,-8.30799233,-6.05622883,2.33605742,-0.26673472,34.60775672,1.74364515
2021-09-14,6.85,-1.721664275466,1561600808.85,1454213591.75,227970921.0,212293955.0,-8.1649566,-5.9519609,2.29583835,-0.26214244,34.01192733,1.71362544
2021-09-15,6.88,0.43795620438,1568439936.48,1460582410.4,227970921.0,212293955.0,-8.20071553,-5.97802788,2.30589312,-0.26329051,34.16088468,1.72113037
2021-09-16,6.94,0.872093023256,1582118191.74,1473320047.7,227970921.0,212293955.0,-8.2722334,-6.03016185,2.32600265,-0.26558665,34.45879937,1.73614022
2021-09-17,6.77,-2.449567723343,1543363135.17,1437230075.35,227970921.0,212293955.0,-8.06959944,-5.88244895,2.26902564,-0.25908093,33.61470774,1.69361229
2021-09-22,6.68,-1.329394387001,1522845752.28,1418123619.4,227970921.0,212293955.0,-7.96232264,-5.804248,2.23886134,-0.25563672,33.16783571,1.67109751
2021-09-23,6.75,1.047904191617,1538803716.75,1432984196.25,227970921.0,212293955.0,-8.04576015,-5.86507096,2.26232246,-0.25831555,33.51540285,1.68860901
2021-09-24,6.57,-2.666666666667,1497768950.97,1394771284.35,227970921.0,212293955.0,-7.83120655,-5.70866907,2.20199387,-0.25142713,32.62165877,1.64357943
2021-09-27,6.22,-5.327245053272,1417979128.62,1320468400.1,227970921.0,212293955.0,-7.41401898,-5.40455428,2.08468826,-0.23803299,30.88382307,1.55602193
2021-09-28,6.3,1.286173633441,1436216802.3,1337451916.5,227970921.0,212293955.0,-7.50937614,-5.47406623,2.11150097,-0.24109451,31.28104266,1.57603507
2021-09-29,6.16,-2.222222222222,1404300873.36,1307730762.8,227970921.0,212293955.0,-7.34250111,-5.35242031,2.06457872,-0.23573685,30.58590837,1.54101207
2021-09-30,6.33,2.75974025974,1443055929.93,1343820735.15,227970921.0,212293955.0,-7.54513507,-5.50013321,2.13641861,-0.24224258,31.43,1.58354
2021-10-08,6.56,3.633491311216,1495489241.76,1392648344.8,227970921.0,212293955.0,-7.8192869,-5.69998007,2.21404519,-0.25104444,32.57200632,1.64107779
2021-10-11,6.56,0.0,1495489241.76,1392648344.8,227970921.0,212293955.0,-7.8192869,-5.69998007,2.21404519,-0.25104444,32.57200632,1.64107779
2021-10-12,6.49,-1.067073170732,1479531277.29,1377787767.95,227970921.0,212293955.0,-7.73584939,-5.63915712,2.19041971,-0.24836561,32.22443918,1.62356629
2021-10-13,6.51,0.308166409861,1484090695.71,1382033647.05,227970921.0,212293955.0,-7.75968868,-5.6565351,2.19716985,-0.24913099,32.32374408,1.62856958
2021-10-14,6.48,-0.460829493088,1477251568.08,1375664828.4,227970921.0,212293955.0,-7.72392974,-5.63046812,2.18704464,-0.24798292,32.17478673,1.62106465
2021-10-15,6.35,-2.006172839506,1447615348.35,1348066614.25,227970921.0,212293955.0,-7.56897436,-5.5175112,2.14316875,-0.24300796,31.5293049,1.58854329
2021-10-18,6.4,0.787401574803,1459013894.4,1358681312.0,227970921.0,212293955.0,-7.62857259,-5.56095617,2.16004409,-0.24492141,31.77756714,1.6010515
2021-10-19,6.29,-1.71875,1433937093.09,1335328976.95,227970921.0,212293955.0,-7.49745649,-5.46537724,2.12291833,-0.24071182,31.23139021,1.57353343
2021-10-20,6.22,-1.112877583466,1417979128.62,1320468400.1,227970921.0,212293955.0,-7.41401898,-5.40455428,2.09929285,-0.23803299,30.88382307,1.55602193
2021-10-21,6.08,-2.250803858521,1386063199.68,1290747246.4,227970921.0,212293955.0,-7.24714396,-5.28290836,2.05204189,-0.23267534,30.18868879,1.52099893
2021-10-22,5.93,-2.467105263158,1351867561.53,1258903153.15,227970921.0,212293955.0,-7.06834929,-5.15257345,2.00141585,-0.22693499,29.44390206,1.48347428
2021-10-25,5.81,-2.023608768971,1324511051.01,1233427878.55,227970921.0,212293955.0,-6.92531355,-5.04830552,1.96091503,-0.22234272,28.84807267,1.45345457
2021-10-26,5.82,0.172117039587,1326790760.22,1235550818.1,227970921.0,212293955.0,-6.9372332,-5.05699452,1.96429009,-0.2227254,28.89772512,1.45595621
2021-10-27,5.69,-2.233676975945,1297154540.49,1207952603.95,227970921.0,212293955.0,-9.00632064,-4.94403759,1.9204142,-0.21775044,20.41098044,1.3429236
2021-10-28,5.68,-0.175746924429,1294874831.28,1205829664.4,227970921.0,212293955.0,-8.9904923,-4.9353486,1.91703913,-0.21736775,20.37510877,1.34056345
2021-10-29,5.93,4.401408450704,1351867561.53,1258903153.15,227970921.0,212293955.0,-9.38620059,-5.15257345,2.00141585,-0.22693499,21.27190053,1.39956712
2021-11-01,6.0,1.180438448567,1367825526.0,1273763730.0,227970921.0,212293955.0,-9.49699891,-5.21339641,2.02504133,-0.22961382,21.52300222,1.41608815
2021-11-02,5.89,-1.833333333333,1342748724.69,1250411394.95,227970921.0,212293955.0,-9.32288727,-5.11781747,1.98791558,-0.22540423,21.12841385,1.39012654
2021-11-03,5.96,1.188455008489,1358706689.16,1265271971.8,227970921.0,212293955.0,-9.43368559,-5.17864043,2.01154106,-0.22808306,21.37951554,1.40664757
2021-11-04,6.07,1.845637583893,1383783490.47,1288624306.85,227970921.0,212293955.0,-9.60779723,-5.27421937,2.04866682,-0.23229265,21.77410392,1.43260918
2021-11-05,6.06,-0.164744645799,1381503781.26,1286501367.3,227970921.0,212293955.0,-9.5919689,-5.26553037,2.04529175,-0.23190996,21.73823225,1.43024903
2021-11-08,6.09,0.49504950495,1388342908.89,1292870185.95,227970921.0,212293955.0,-9.6394539,-5.29159735,2.05541695,-0.23305803,21.84584726,1.43732948
2021-11-09,6.21,1.970443349754,1415699419.41,1318345460.55,227970921.0,212293955.0,-9.82939388,-5.39586528,2.09591778,-0.2376503,22.2763073,1.46565124
2021-11-10,6.34,2.093397745572,1445335639.14,1345943674.7,227970921.0,212293955.0,-10.03516219,-5.50882221,2.13979368,-0.24262527,22.74263902,1.49633315
2021-11-11,6.29,-0.788643533123,1433937093.09,1335328976.95,227970921.0,212293955.0,-9.95602053,-5.46537724,2.12291833,-0.24071182,22.56328066,1.48453241
2021-11-12,6.48,3.02066772655,1477251568.08,1375664828.4,227970921.0,212293955.0,-10.25675883,-5.63046812,2.18704464,-0.24798292,23.2448424,1.52937521
2021-11-15,6.91,6.635802469136,1575279064.11,1466951229.05,227970921.0,212293955.0,-10.93737708,-6.00409486,2.3321726,-0.26443858,24.78732423,1.63086152
2021-11-16,6.8,-1.591895803184,1550202262.8,1443598894.0,227970921.0,212293955.0,-10.76326544,-5.90851593,2.29504685,-0.260229,24.39273585,1.60489991
2021-11-17,6.8,0.0,1550202262.8,1443598894.0,227970921.0,212293955.0,-10.76326544,-5.90851593,2.29504685,-0.260229,24.39273585,1.60489991
2021-11-18,6.58,-3.235294117647,1500048660.18,1396894223.9,227970921.0,212293955.0,-10.41504214,-5.71735806,2.22079533,-0.25180982,23.6035591,1.55297667
2021-11-19,6.62,0.607902735562,1509167497.02,1405385982.1,227970921.0,212293955.0,-10.47835547,-5.75211404,2.23429561,-0.25334058,23.74704579,1.56241726
2021-11-22,6.56,-0.906344410876,1495489241.76,1392648344.8,227970921.0,212293955.0,-10.38338548,-5.69998007,2.21404519,-0.25104444,23.53181576,1.54825638
2021-11-23,6.58,0.30487804878,1500048660.18,1396894223.9,227970921.0,212293955.0,-10.41504214,-5.71735806,2.22079533,-0.25180982,23.6035591,1.55297667
2021-11-24,6.65,1.063829787234,1516006624.65,1411754800.75,227970921.0,212293955.0,-10.52584046,-5.77818102,2.24442081,-0.25448865,23.8546608,1.5694977
2021-11-25,6.85,3.007518796992,1561600808.85,1454213591.75,227970921.0,212293955.0,-10.84240709,-5.9519609,2.31192219,-0.26214244,24.5720942,1.61670064
2021-11-26,6.64,-3.065693430657,1513726915.44,1409631861.2,227970921.0,212293955.0,-10.51001213,-5.76949203,2.24104574,-0.25410596,23.81878913,1.56713756
2021-11-29,6.6,-0.602409638554,1504608078.6,1401140103.0,227970921.0,212293955.0,-10.4466988,-5.73473605,2.22754547,-0.2525752,23.67530245,1.55769697
2021-11-30,6.76,2.424242424242,1541083425.96,1435107135.8,227970921.0,212293955.0,-10.69995211,-5.87375995,2.28154657,-0.25869824,24.24924917,1.59545932
2021-12-01,6.87,1.627218934911,1566160227.27,1458459470.85,227970921.0,212293955.0,-10.87406376,-5.96933889,2.31867233,-0.26290782,24.64383755,1.62142094
2021-12-02,6.74,-1.892285298399,1536524007.54,1430861256.7,227970921.0,212293955.0,-10.66829545,-5.85638197,2.27479643,-0.25793286,24.17750583,1.59073903
2021-12-03,6.68,-0.890207715134,1522845752.28,1418123619.4,227970921.0,212293955.0,-10.57332546,-5.804248,2.25454602,-0.25563672,23.96227581,1.57657814
2021-12-06,6.51,-2.544910179641,1484090695.71,1382033647.05,227970921.0,212293955.0,-10.30424382,-5.6565351,2.19716985,-0.24913099,23.35245741,1.53645565
2021-12-07,6.47,-0.614439324117,1474971858.87,1373541888.85,227970921.0,212293955.0,-10.2409305,-5.62177913,2.18366957,-0.24760024,23.20897073,1.52701506
2021-12-08,6.44,-0.463678516229,1468132731.24,1367173070.2,227970921.0,212293955.0,-10.1934455,-5.59571215,2.17354437,-0.24645217,23.10135572,1.51993462
2021-12-09,6.47,0.465838509317,1474971858.87,1373541888.85,227970921.0,212293955.0,-10.2409305,-5.62177913,2.18366957,-0.24760024,23.20897073,1.52701506
2021-12-10,6.44,-0.463678516229,1468132731.24,1367173070.2,227970921.0,212293955.0,-10.1934455,-5.59571215,2.17354437,-0.24645217,23.10135572,1.51993462
2021-12-13,6.33,-1.708074534161,1443055929.93,1343820735.15,227970921.0,212293955.0,-10.01933385,-5.50013321,2.13641861,-0.24224258,22.70676735,1.493973
2021-12-14,6.44,1.73775671406,1468132731.24,1367173070.2,227970921.0,212293955.0,-10.1934455,-5.59571215,2.17354437,-0.24645217,23.10135572,1.51993462
2021-12-15,6.46,0.310559006211,1472692149.66,1371418949.3,227970921.0,212293955.0,-10.22510216,-5.61309013,2.1802945,-0.24721755,23.17309906,1.52465491
2021-12-16,6.53,1.083591331269,1488650114.13,1386279526.15,227970921.0,212293955.0,-10.33590048,-5.67391309,2.20391999,-0.24989637,23.42420075,1.54117594
2021-12-17,6.57,0.612557427259,1497768950.97,1394771284.35,227970921.0,212293955.0,-10.39921381,-5.70866907,2.21742026,-0.25142713,23.56768743,1.55061653
2021-12-20,6.68,1.674277016743,1522845752.28,1418123619.4,227970921.0,212293955.0,-10.57332546,-5.804248,2.25454602,-0.25563672,23.96227581,1.57657814
2021-12-21,6.89,3.14371257485,1570719645.69,1462705349.95,227970921.0,212293955.0,-10.90572042,-5.98671688,2.32542247,-0.2636732,24.71558089,1.62614123
2021-12-22,7.01,1.741654571843,1598076156.21,1488180624.55,227970921.0,212293955.0,-11.0956604,-6.0909848,2.36592329,-0.26826548,25.14604093,1.65446299
2021-12-23,6.86,-2.139800285307,1563880518.06,1456336531.3,227970921.0,212293955.0,-10.85823542,-5.96064989,2.31529726,-0.26252513,24.60796587,1.61906079
2021-12-24,7.02,2.332361516035,1600355865.42,1490303564.1,227970921.0,212293955.0,-11.11148873,-6.0996738,2.36929836,-0.26864817,25.1819126,1.65682314
2021-12-27,8.42,19.94301994302,1919515154.82,1787515101.1,227970921.0,212293955.0,-13.32745514,-7.31613296,2.84180801,-0.32222473,30.20394645,1.98724371
2021-12-28,8.09,-3.919239904988,1844284750.89,1717458095.95,227970921.0,212293955.0,-12.8051202,-7.02939616,2.73043073,-0.30959597,29.02018133,1.90935886
2021-12-29,9.5,17.428924598269,2165723749.5,2016792572.5,227970921.0,212293955.0,-15.03691495,-8.25454431,3.20631545,-0.36355521,34.07808685,2.24213958
2021-12-30,9.28,-2.315789473684,2115570146.88,1970087902.4,227970921.0,212293955.0,-14.68869165,-8.06338645,3.13206393,-0.35513604,33.2889101,2.19021634
2021-12-31,8.69,-6.35775862069,1981067303.49,1825554400.45,227970921.0,210075305.0,-13.75482009,-21.66579432,3.36112768,-0.33255735,31.17248155,2.05096767
2022-01-04,8.69,0.0,1981067303.49,1825554400.45,227970921.0,210075305.0,-13.75482009,-21.66579432,3.36112768,0.56294865,31.17248155,2.05096767
2022-01-05,8.07,-7.134637514384,1839725332.47,1695307711.35,227970921.0,210075305.0,-12.77346354,-20.12001843,3.1213234,0.52278431,28.94843799,1.90463857
2022-01-06,8.33,3.221809169765,1898997771.93,1749927290.65,227970921.0,210075305.0,-13.18500016,-20.76824703,3.22188648,0.53962742,29.88110142,1.96600239
2022-01-07,7.85,-5.762304921969,1789571729.85,1649091144.25,227970921.0,210075305.0,-12.42524025,-19.57151731,3.03623156,0.50853244,28.15926124,1.85271533
2022-01-10,8.16,3.949044585987,1860242715.36,1714214488.8,227970921.0,210075305.0,-12.91591852,-20.34440525,3.1561337,0.52861461,29.27128302,1.92587989
2022-01-11,8.47,3.799019607843,1930913700.87,1779337833.35,227970921.0,210075305.0,-13.4065968,-21.1172932,3.27603584,0.54869679,30.3833048,1.99904444
2022-01-12,8.28,-2.24321133412,1887599225.88,1739423525.4,227970921.0,210075305.0,-13.1058585,-20.64358768,3.20254743,0.53638836,29.70174307,1.95420165
2022-01-13,8.07,-2.536231884058,1839725332.47,1695307711.35,227970921.0,210075305.0,-12.77346354,-20.12001843,3.1213234,0.52278431,28.94843799,1.90463857
2022-01-14,9.68,19.950433705081,2206758515.28,2033528952.4,227970921.0,210075305.0,-15.32182491,-24.13404937,3.74404096,0.62708204,34.72377692,2.28462222
2022-01-17,10.25,5.888429752066,2336701940.25,2153271876.25,227970921.0,210075305.0,-16.22403981,-25.55516591,3.96450618,0.66400733,36.76846213,2.41915059
2022-01-18,8.66,-15.512195121951,1974228175.86,1819252141.3,227970921.0,210075305.0,-13.7073351,-21.59099871,3.34952424,0.56100522,31.06486654,2.04388723
2022-01-19,8.59,-0.80831408776,1958270211.39,1804546869.95,227970921.0,210075305.0,-13.59653678,-21.41647563,3.32244957,0.55647053,30.81376485,2.02736621
2022-01-20,8.4,-2.21187427241,1914955736.4,1764632562.0,227970921.0,210075305.0,-13.29579848,-20.94277011,3.24896116,0.5441621,30.13220311,1.98252341
2022-01-21,7.96,-5.238095238095,1814648531.16,1672199427.8,227970921.0,210075305.0,-12.59935189,-19.84576787,3.07877748,0.51565837,28.55384962,1.87867695
2022-01-24,8.05,1.130653266332,1835165914.05,1691106205.25,227970921.0,210075305.0,-12.74180688,-20.07015469,3.11358778,0.52148868,28.87669465,1.89991827
2022-01-25,7.41,-7.950310559006,1689264524.61,1556658010.05,227970921.0,210075305.0,-11.72879366,-18.47451506,2.86604788,0.48002871,26.58090775,1.74886887
2022-01-26,7.31,-1.349527665317,1666467432.51,1535650479.55,227970921.0,210075305.0,-11.57051034,-18.22519637,2.82736977,0.47355059,26.22219104,1.7252674
2022-01-27,8.09,10.670314637483,1844284750.89,1699509217.45,227970921.0,210075305.0,-12.8051202,-20.16988217,3.12905902,0.52407993,29.02018133,1.90935886
2022-01-28,7.72,-4.573547589617,1759935510.12,1621781354.6,227970921.0,210075305.0,-12.21947194,-19.24740301,2.98595002,0.50011088,27.69292953,1.82203342
2022-02-07,7.59,-1.683937823834,1730299290.39,1594471564.95,227970921.0,210075305.0,-12.01370363,-18.92328871,2.93566848,0.49168933,27.22659781,1.79135151
2022-02-08,7.76,2.239789196311,1769054346.96,1630184366.8,227970921.0,210075305.0,-12.28278526,-19.34713048,3.00142126,0.50270213,27.83641621,1.83147401
2022-02-09,7.94,2.319587628866,1810089112.74,1667997921.7,227970921.0,210075305.0,-12.56769523,-19.79590413,3.07104186,0.51436275,28.48210628,1.87395666
2022-02-10,7.73,-2.64483627204,1762215219.33,1623882107.65,227970921.0,210075305.0,-12.23530027,-19.27233488,2.98981783,0.5007587,27.7288012,1.82439357
2022-02-11,7.23,-6.46830530401,1648229758.83,1518844455.15,227970921.0,210075305.0,-11.44388369,-18.02574142,2.79642729,0.4683681,25.93521768,1.70638622
2022-02-14,7.38,2.07468879668,1682425396.98,1550355750.9,227970921.0,210075305.0,-11.68130866,-18.39971945,2.85444445,0.47808528,26.47329273,1.74178843
2022-02-15,7.56,2.439024390244,1723460162.76,1588169305.8,227970921.0,210075305.0,-11.96621863,-18.8484931,2.92406505,0.48974589,27.1189828,1.78427107
2022-02-16,7.58,0.26455026455,1728019581.18,1592370811.9,227970921.0,210075305.0,-11.99787529,-18.89835684,2.93180067,0.49104152,27.19072614,1.78899137
2022-02-17,8.3,9.498680738786,1892158644.3,1743625031.5,227970921.0,210075305.0,-13.13751516,-20.69345142,3.21028305,0.53768398,29.77348641,1.95892195
2022-02-18,8.96,7.951807228916,2042619452.16,1882274732.8,227970921.0,210075305.0,-14.18218504,-22.33895479,3.46555857,0.58043958,32.14101665,2.11469164
2022-02-21,10.75,19.977678571429,2450687400.75,2258309528.75,227970921.0,210075305.0,-17.01545639,-26.80175937,4.15789672,0.69639793,38.56204565,2.53715794
2022-02-22,11.45,6.511627906977,2610267045.45,2405362242.25,227970921.0,210075305.0,-18.12343959,-28.54699021,4.42864349,0.74174477,41.07306258,2.70236823
2022-02-23,11.9,3.930131004367,2712853959.9,2499896129.5,227970921.0,210075305.0,-18.83571451,-29.66892432,4.60269498,0.77089631,42.68728774,2.80857484
2022-02-24,10.83,-8.991596638655,2468925074.43,2275115553.15,227970921.0,210075305.0,-17.14208304,-27.00121432,4.18883921,0.70158043,38.84901901,2.55603912
2022-02-25,10.63,-1.846722068329,2423330890.23,2233100492.15,227970921.0,210075305.0,-16.82551641,-26.50257694,4.11148299,0.68862418,38.1315856,2.50883618
2022-02-28,10.68,0.470366886171,2434729436.28,2243604257.4,227970921.0,210075305.0,-16.90465807,-26.62723628,4.13082205,0.69186324,38.31094396,2.52063691
2022-03-01,10.45,-2.153558052434,2382296124.45,2195286937.25,227970921.0,210075305.0,-16.54060644,-26.05380329,4.0418624,0.67696357,37.48589554,2.46635353
2022-03-02,10.92,4.497607655502,2489442457.32,2294022330.6,227970921.0,210075305.0,-17.28453802,-27.22560114,4.22364951,0.70741073,39.17186405,2.57728044
2022-03-03,10.47,-4.120879120879,2386855542.87,2199488443.35,227970921.0,210075305.0,-16.5722631,-26.10366703,4.04959802,0.67825919,37.55763888,2.47107383
2022-03-04,12.18,16.332378223496,2776685817.78,2558717214.9,227970921.0,210075305.0,-19.27890779,-30.36701666,4.71099368,0.78903505,43.69169451,2.87465895
2022-03-07,12.48,2.463054187192,2845077094.08,2621739806.4,227970921.0,210075305.0,-19.75375774,-31.11497274,4.82702801,0.80846941,44.76784462,2.94546336
2022-03-08,10.8,-13.461538461538,2462085946.8,2268813294.0,227970921.0,210075305.0,-17.09459804,-26.92641871,4.17723578,0.69963699,38.741404,2.54895868
2022-03-09,10.47,-3.055555555556,2386855542.87,2199488443.35,227970921.0,210075305.0,-16.5722631,-26.10366703,4.04959802,0.67825919,37.55763888,2.47107383
2022-03-10,12.18,16.332378223496,2776685817.78,2558717214.9,227970921.0,210075305.0,-19.27890779,-30.36701666,4.71099368,0.78903505,43.69169451,2.87465895
2022-03-11,11.92,-2.134646962233,2717413378.32,2504097635.6,227970921.0,210075305.0,-18.86737117,-29.71878806,4.6104306,0.77219194,42.75903108,2.81329513
2022-03-14,11.41,-4.278523489933,2601148208.61,2396959230.05,227970921.0,210075305.0,-18.06012627,-28.44726273,4.41317224,0.73915352,40.92957589,2.69292764
2022-03-15,11.08,-2.892199824715,2525917804.68,2327634379.4,227970921.0,210075305.0,-17.53779133,-27.62451105,4.28553448,0.71777573,39.74581077,2.61504279
2022-03-16,10.55,-4.783393501805,2405093216.55,2216294467.75,227970921.0,210075305.0,-16.69888976,-26.30312198,4.08054051,0.68344169,37.84461224,2.489955
2022-03-17,10.74,1.800947867299,2448407691.54,2256208775.7,227970921.0,210075305.0,-16.99962806,-26.7768275,4.15402891,0.69575012,38.52617398,2.53479779
2022-03-18,11.46,6.703910614525,2612546754.66,2407462995.3,227970921.0,210075305.0,-18.13926792,-28.57192208,4.4325113,0.74239258,41.10893425,2.70472837
2022-03-21,11.85,3.403141361257,2701455413.85,2489392364.25,227970921.0,210075305.0,-18.75657285,-29.54426498,4.58335592,0.76765725,42.50792939,2.7967741
2022-03-22,10.9,-8.016877637131,2484883038.9,2289820824.5,227970921.0,210075305.0,-17.25288136,-27.17573741,4.21591389,0.70611511,39.10012071,2.57256014
2022-03-23,10.69,-1.926605504587,2437009145.49,2245705010.45,227970921.0,210075305.0,-16.9204864,-26.65216815,4.13468986,0.69251106,38.34681563,2.52299706
2022-03-24,10.83,1.309635173059,2468925074.43,2275115553.15,227970921.0,210075305.0,-17.14208304,-27.00121432,4.18883921,0.70158043,38.84901901,2.55603912
2022-03-25,10.3,-4.893813481071,2348100486.3,2163775641.5,227970921.0,210075305.0,-16.30318147,-25.67982526,3.98384523,0.66724639,36.94782048,2.43095133
2022-03-28,10.27,-0.291262135922,2341261358.67,2157473382.35,227970921.0,210075305.0,-16.25569647,-25.60502965,3.9722418,0.66530295,36.84020547,2.42387089
2022-03-29,10.35,0.778967867575,2359499032.35,2174279406.75,227970921.0,210075305.0,-16.38232313,-25.8044846,4.00318429,0.67048545,37.12717883,2.44275206
2022-03-30,10.07,-2.705314009662,2295667174.47,2115458321.35,227970921.0,210075305.0,-15.93912984,-25.10639226,3.89488558,0.65234671,36.12277206,2.37666795
2022-03-31,9.75,-3.17775571003,2222716479.75,2048234223.75,227970921.0,210075305.0,-15.43262323,-24.30857245,3.78099847,0.63161673,34.97487861,2.30114325
2022-04-01,9.34,-4.205128205128,2129248402.14,1962103348.7,227970921.0,210075305.0,-14.78366164,-23.28636581,3.62200264,0.60505643,33.50414013,2.20437722
2022-04-06,9.84,5.353319057816,2243233862.64,2067141001.2,227970921.0,210075305.0,-15.57507822,-24.53295927,3.8159,0.63744703,35.29772365,2.32238457
2022-04-07,9.32,-5.284552845528,2124688983.72,1957901842.6,227970921.0,210075305.0,-14.75200498,-23.23650208,3.61424674,0.60376081,33.43239679,2.19965693
2022-04-08,8.9,-4.50643776824,2028941196.9,1869670214.5,227970921.0,210075305.0,-14.08721506,-22.18936357,3.45137296,0.5765527,31.92578663,2.10053076
2022-04-11,8.62,-3.14606741573,1965109339.02,1810849129.1,227970921.0,210075305.0,-13.64402177,-21.49127123,3.34279044,0.55841397,30.92137986,2.03444665
2022-04-12,8.71,1.044083526682,1985626721.91,1829755906.55,227970921.0,210075305.0,-13.78647676,-21.71565806,3.37769197,0.56424428,31.24422489,2.05568797
2022-04-13,8.42,-3.329506314581,1919515154.82,1768834068.1,227970921.0,210075305.0,-13.32745514,-20.99263385,3.2652315,0.54545773,30.20394645,1.98724371
2022-04-14,8.91,5.819477434679,2031220906.11,1871770967.55,227970921.0,210075305.0,-14.10304339,-22.21429544,3.45525091,0.57720052,31.9616583,2.10289091
2022-04-15,8.6,-3.47923681257,1960549920.6,1806647623.0,227970921.0,210075305.0,-13.61236511,-21.44140749,3.33503455,0.55711834,30.84963652,2.02972635
2022-04-18,8.89,3.372093023256,2026661487.69,1867569461.45,227970921.0,210075305.0,-14.07138672,-22.1644317,3.44749502,0.57590489,31.88991496,2.09817061
2022-04-19,8.72,-1.912260967379,1987906431.12,1831856659.6,227970921.0,210075305.0,-13.80230509,-21.74058992,3.38156991,0.56489209,31.28009656,2.05804812
2022-04-20,8.73,0.114678899083,1990186140.33,1836987595.65,227970921.0,210422405.0,-13.81813342,-21.76552179,3.38544786,0.5655399,31.31596823,2.06040826
2022-04-21,7.96,-8.820160366552,1814648531.16,1674962343.8,227970921.0,210422405.0,-12.59935189,-19.84576787,3.08684593,0.51565837,28.55384962,1.87867695
2022-04-22,7.81,-1.884422110553,1780452893.01,1643398983.05,227970921.0,210422405.0,-12.36192692,-19.47178983,3.02867672,0.50594119,28.01577456,1.84327475
2022-04-25,7.2,-7.810499359795,1641390631.2,1515041316.0,227970921.0,210422405.0,-11.3963987,-17.95094581,2.79212195,0.46642466,25.82760267,1.69930578
2022-04-26,7.02,-2.5,1600355865.42,1477165283.1,227970921.0,210422405.0,-11.11148873,-17.50217216,2.7223189,0.45476404,25.1819126,1.65682314
2022-04-27,7.14,1.709401709402,1627712375.94,1502415971.7,227970921.0,210422405.0,-11.30142871,-17.80135459,2.76885426,0.46253779,25.61237265,1.6851449
2022-04-28,6.95,-2.66106442577,1584397900.95,1462435714.75,227970921.0,210422405.0,-11.00069041,-17.32764908,2.69517327,0.45022936,24.93081091,1.64030211
2022-04-29,7.55,8.63309352518,1721180453.55,1588689157.75,227970921.0,210422405.0,-18.31107884,-18.82356123,2.9278501,0.48909808,15.15275081,1.91449047
2022-05-05,7.72,2.251655629139,1759935510.12,1624460966.6,227970921.0,210422405.0,-18.72338128,-19.24740301,2.9937752,0.50011088,15.49393858,1.9575982
2022-05-06,7.99,3.497409326425,1821487658.79,1681275015.95,227970921.0,210422405.0,-19.37821456,-19.92056347,3.09847977,0.51760181,16.03582503,2.02606343
2022-05-09,8.24,3.128911138924,1878480389.04,1733880617.2,227970921.0,210422405.0,-19.98454167,-20.5438602,3.19542845,0.53379711,16.53757175,2.08945715
2022-05-10,8.1,-1.699029126214,1957110360.3,1704421480.5,241618563.0,210422405.0,-20.82106036,-21.403791,3.32918361,0.55614094,17.22980617,2.17691825
2022-05-11,8.01,-1.111111111111,1935364689.63,1685483464.05,241618563.0,210422405.0,-20.58971524,-21.1659711,3.29219268,0.5499616,17.03836388,2.15273027
2022-05-12,8.2,2.372034956305,1981272216.6,1725463721.0,241618563.0,210422405.0,-21.07811048,-21.66803533,3.37028464,0.56300688,17.44251983,2.20379378
2022-05-13,8.22,0.243902439024,1986104587.86,1729672169.1,241618563.0,210422405.0,-21.12952051,-21.7208842,3.37850485,0.56438007,17.48506256,2.20916889
2022-05-16,8.16,-0.729927007299,1971607474.08,1717046824.8,241618563.0,210422405.0,-20.97529043,-21.5623376,3.35384423,0.56026051,17.35743437,2.19304357
2022-05-17,7.94,-2.696078431373,1918451390.22,1670753895.7,241618563.0,210422405.0,-20.40978015,-20.98100007,3.26342196,0.54515544,16.88946432,2.13391739
2022-05-18,7.83,-1.385390428212,1891873348.29,1647607431.15,241618563.0,210422405.0,-20.12702501,-20.6903313,3.21821083,0.53760291,16.6554793,2.10435431
2022-05-19,7.87,0.510855683269,1901538090.81,1656024327.35,241618563.0,210422405.0,-20.22984506,-20.79602903,3.23465124,0.54034929,16.74056476,2.11510452
2022-05-20,7.79,-1.016518424396,1882208605.77,1639190534.95,241618563.0,210422405.0,-20.02420496,-20.58463357,3.20177041,0.53485654,16.57039384,2.09360409
2022-05-23,8.03,3.080872913992,1940197060.89,1689691912.15,241618563.0,210422405.0,-20.64112527,-21.21881997,3.30041289,0.55133479,17.08090661,2.15810537
2022-05-24,7.36,-8.343711083437,1778312623.68,1548708900.8,241618563.0,210422405.0,-18.91888941,-19.44838293,3.02503597,0.505333,15.65572511,1.9780393
2022-05-25,7.61,3.396739130435,1838717264.43,1601314502.05,241618563.0,210422405.0,-19.56151473,-20.10899377,3.12778855,0.52249785,16.18750926,2.04522813
2022-05-26,7.52,-1.182654402102,1816971593.76,1582376485.6,241618563.0,210422405.0,-19.33016961,-19.87117387,3.09079763,0.51631851,15.99606696,2.02104015
2022-05-27,7.49,-0.398936170213,1809723036.87,1576063813.45,241618563.0,210422405.0,-19.25305458,-19.79190057,3.07846732,0.51425872,15.93225287,2.01297749
2022-05-30,7.31,-2.403204272363,1766231695.53,1538187780.55,241618563.0,210422405.0,-18.79036435,-19.31626077,3.00448546,0.50190004,15.54936829,1.96460153
2022-05-31,7.34,0.410396716826,1773480252.42,1544500452.7,241618563.0,210422405.0,-18.86747938,-19.39553407,3.01681577,0.50395982,15.61318238,1.97266419
2022-06-01,7.31,-0.408719346049,1766231695.53,1538187780.55,241618563.0,210422405.0,-18.79036435,-19.31626077,3.00448546,0.50190004,15.54936829,1.96460153
2022-06-02,7.21,-1.367989056088,1742069839.23,1517145540.05,241618563.0,210422405.0,-18.53331422,-19.05201643,2.96338443,0.4950341,15.33665463,1.93772599
2022-06-06,7.39,2.49653259362,1785561180.57,1555021572.95,241618563.0,210422405.0,-18.99600445,-19.52765623,3.03736628,0.50739279,15.71953921,1.98610196
2022-06-07,7.58,2.571041948579,1831468707.54,1595001829.9,241618563.0,210422405.0,-19.48439969,-20.02972047,3.11545824,0.52043807,16.12369516,2.03716547
2022-06-08,7.4,-2.374670184697,1787977366.2,1557125797.0,241618563.0,210422405.0,-19.02170946,-19.55408067,3.04147639,0.50807938,15.74081058,1.98878951
2022-06-09,7.3,-1.351351351351,1763815509.9,1536083556.5,241618563.0,210422405.0,-18.76465933,-19.28983633,3.00037535,0.50121344,15.52809692,1.96191398
2022-06-10,7.34,0.547945205479,1773480252.42,1544500452.7,241618563.0,210422405.0,-18.86747938,-19.39553407,3.01681577,0.50395982,15.61318238,1.97266419
2022-06-13,7.28,-0.817438692098,1758983138.64,1531875108.4,241618563.0,210422405.0,-18.71324931,-19.23698747,2.99215515,0.49984025,15.48555419,1.95653887
2022-06-14,7.23,-0.686813186813,1746902210.49,1521353988.15,241618563.0,210422405.0,-18.58472424,-19.1048653,2.97160463,0.49640729,15.37919736,1.9431011
2022-06-15,7.23,0.0,1746902210.49,1521353988.15,241618563.0,210422405.0,-18.58472424,-19.1048653,2.97160463,0.49640729,15.37919736,1.9431011
2022-06-16,7.4,2.351313969571,1787977366.2,1557125797.0,241618563.0,210422405.0,-19.02170946,-19.55408067,3.04147639,0.50807938,15.74081058,1.98878951
2022-06-17,7.37,-0.405405405405,1780728809.31,1550813124.85,241618563.0,210422405.0,-18.94459442,-19.47480737,3.02914608,0.5060196,15.67699648,1.98072685
2022-06-20,7.49,1.628222523745,1809723036.87,1576063813.45,241618563.0,210422405.0,-19.25305458,-19.79190057,3.07846732,0.51425872,15.93225287,2.01297749
2022-06-21,7.43,-0.801068090788,1795225923.09,1563438469.15,241618563.0,210422405.0,-19.0988245,-19.63335397,3.0538067,0.51013916,15.80462467,1.99685217
2022-06-22,7.35,-1.076716016151,1775896438.05,1546604676.75,241618563.0,210422405.0,-18.8931844,-19.4219585,3.02092587,0.50464641,15.63445375,1.97535174
2022-06-23,7.4,0.680272108844,1787977366.2,1557125797.0,241618563.0,210422405.0,-19.02170946,-19.55408067,3.04147639,0.50807938,15.74081058,1.98878951
2022-06-24,7.42,0.27027027027,1792809737.46,1561334245.1,241618563.0,210422405.0,-19.07311949,-19.60692953,3.04969659,0.50945257,15.78335331,1.99416462
2022-06-27,7.53,1.482479784367,1819387779.39,1584480709.65,241618563.0,210422405.0,-19.35587463,-19.8975983,3.09490773,0.5170051,16.01733833,2.0237277
2022-06-28,7.55,0.265604249668,1824220150.65,1588689157.75,241618563.0,210422405.0,-19.40728465,-19.95044717,3.10312794,0.51837829,16.05988106,2.02910281
2022-06-29,7.43,-1.58940397351,1795225923.09,1563438469.15,241618563.0,210422405.0,-19.0988245,-19.63335397,3.0538067,0.51013916,15.80462467,1.99685217
2022-06-30,7.53,1.345895020188,1819387779.39,1584480709.65,241618563.0,210422405.0,-19.35587463,-19.8975983,2.71279004,0.5170051,16.01733833,2.0237277
2022-07-01,7.5,-0.398406374502,1812139222.5,1578168037.5,241618563.0,210422405.0,-19.27875959,-19.818325,2.70198211,0.51494532,15.95352423,2.01566504
2022-07-04,7.65,2.0,1848382006.95,1609731398.25,241618563.0,210422405.0,-19.66433478,-20.2146915,2.75602175,0.52524422,16.27259472,2.05597834
2022-07-05,7.49,-2.091503267974,1809723036.87,1576063813.45,241618563.0,210422405.0,-19.25305458,-19.79190057,2.69837947,0.51425872,15.93225287,2.01297749
2022-07-06,7.29,-2.670226969292,1761399324.27,1533979332.45,241618563.0,210422405.0,-18.73895432,-19.2634119,2.62632661,0.50052685,15.50682555,1.95922642
2022-07-07,7.19,-1.371742112483,1737237467.97,1512937091.95,241618563.0,210422405.0,-18.48190419,-18.99916757,2.59030018,0.49366091,15.2941119,1.93235089
2022-07-08,7.45,3.616133518776,1800058294.35,1567646917.25,241618563.0,210422405.0,-19.15023452,-19.68620283,2.68396889,0.51151235,15.84716741,2.00222728
2022-07-11,7.74,3.892617449664,1870127677.62,1628669414.7,241618563.0,210422405.0,-19.8956799,-20.4525114,2.78844554,0.53142357,16.46403701,2.08016632
2022-07-12,7.34,-5.167958656331,1773480252.42,1544500452.7,241618563.0,210422405.0,-18.86747938,-19.39553407,2.64433982,0.50395982,15.61318238,1.97266419
2022-07-13,7.33,-0.136239782016,1771064066.79,1542396228.65,241618563.0,210422405.0,-18.84177437,-19.36910963,2.64073718,0.50327322,15.59191102,1.96997664
2022-07-14,7.32,-0.136425648022,1768647881.16,1540292004.6,241618563.0,210422405.0,-18.81606936,-19.3426852,2.63713454,0.50258663,15.57063965,1.96728908
2022-07-15,6.9,-5.737704918033,1667168084.7,1451914594.5,241618563.0,210422405.0,-17.73645882,-18.232859,2.48582354,0.47374969,14.67724229,1.85441184
2022-07-18,7.17,3.913043478261,1732405096.71,1508728643.85,241618563.0,210422405.0,-18.43049417,-18.9463187,2.5830949,0.49228772,15.25156917,1.92697578
2022-07-19,7.18,0.139470013947,1734821282.34,1510832867.9,241618563.0,210422405.0,-18.45619918,-18.97274313,2.58669754,0.49297432,15.27284053,1.92966333
2022-07-20,7.25,0.974930362117,1751734581.75,1525562436.25,241618563.0,210422405.0,-18.63613427,-19.15771417,2.61191604,0.49778047,15.42174009,1.94847621
2022-07-21,7.23,-0.275862068966,1746902210.49,1521353988.15,241618563.0,210422405.0,-18.58472424,-19.1048653,2.60471075,0.49640729,15.37919736,1.9431011
2022-07-22,7.2,-0.414937759336,1739653653.6,1515041316.0,241618563.0,210422405.0,-18.5076092,-19.025592,2.59390282,0.4943475,15.31538326,1.93503844
2022-07-25,7.22,0.277777777778,1744486024.86,1519249764.1,241618563.0,210422405.0,-18.55901923,-19.07844087,2.60110811,0.49572069,15.357926,1.94041355
2022-07-26,7.21,-0.138504155125,1742069839.23,1517145540.05,241618563.0,210422405.0,-18.53331422,-19.05201643,2.59750547,0.4950341,15.33665463,1.93772599
2022-07-27,7.22,0.138696255201,1744486024.86,1519249764.1,241618563.0,210422405.0,-18.55901923,-19.07844087,2.60110811,0.49572069,15.357926,1.94041355
2022-07-28,7.21,-0.138504155125,1742069839.23,1517145540.05,241618563.0,210422405.0,-18.53331422,-19.05201643,2.59750547,0.4950341,15.33665463,1.93772599
2022-07-29,7.09,-1.664355062413,1713075611.67,1491894851.45,241618563.0,210422405.0,-18.22485406,-18.73492323,2.55427375,0.48679497,15.08139824,1.90547535
2022-08-01,7.06,-0.423131170663,1705827054.78,1485582179.3,241618563.0,210422405.0,-18.14773903,-18.65564993,2.54346582,0.48473519,15.01758415,1.89741269
2022-08-02,6.62,-6.232294617564,1599514887.06,1392996321.1,241618563.0,210422405.0,-17.01671846,-17.49297487,2.38494954,0.45452507,14.08164406,1.77916034
2022-08-03,6.64,0.302114803625,1604347258.32,1397204769.2,241618563.0,210422405.0,-17.06812849,-17.54582373,2.39215483,0.45589825,14.12418679,1.78453545
2022-08-04,6.86,3.313253012048,1657503342.18,1443497698.3,241618563.0,210422405.0,-17.63363877,-18.12716127,2.47141297,0.47100332,14.59215683,1.84366163
2022-08-05,6.88,0.291545189504,1662335713.44,1447706146.4,241618563.0,210422405.0,-17.6850488,-18.18001013,2.47861825,0.4723765,14.63469956,1.84903673
2022-08-08,7.02,2.03488372093,1696162312.26,1477165283.1,241618563.0,210422405.0,-18.04491897,-18.5499522,2.52905525,0.48198882,14.93249868,1.88666248
2022-08-09,7.01,-0.14245014245,1693746126.63,1475061059.05,241618563.0,210422405.0,-18.01921396,-18.52352777,2.52545261,0.48130222,14.91122732,1.88397493
2022-08-10,7.0,-0.142653352354,1691329941.0,1472956835.0,241618563.0,210422405.0,-17.99350895,-18.49710333,2.52184997,0.48061563,14.88995595,1.88128737
2022-08-11,7.14,2.0,1725156539.82,1502415971.7,241618563.0,210422405.0,-18.35337913,-18.8670454,2.57228697,0.49022794,15.18775507,1.91891312
2022-08-12,7.19,0.700280112045,1737237467.97,1512937091.95,241618563.0,210422405.0,-18.48190419,-18.99916757,2.59030018,0.49366091,15.2941119,1.93235089
2022-08-15,7.2,0.139082058414,1739653653.6,1515041316.0,241618563.0,210422405.0,-18.5076092,-19.025592,2.59390282,0.4943475,15.31538326,1.93503844
2022-08-16,7.15,-0.694444444444,1727572725.45,1504520195.75,241618563.0,210422405.0,-18.37908414,-18.89346983,2.57588961,0.49091454,15.20902644,1.92160067
2022-08-17,7.15,0.0,1727572725.45,1504520195.75,241618563.0,210422405.0,-18.37908414,-18.89346983,2.57588961,0.49091454,15.20902644,1.92160067
2022-08-18,7.06,-1.258741258741,1705827054.78,1485582179.3,241618563.0,210422405.0,-18.14773903,-18.65564993,2.54346582,0.48473519,15.01758415,1.89741269
2022-08-19,7.01,-0.70821529745,1693746126.63,1475061059.05,241618563.0,210422405.0,-18.01921396,-18.52352777,2.52545261,0.48130222,14.91122732,1.88397493
2022-08-22,7.11,1.426533523538,1717907982.93,1496103299.55,241618563.0,210422405.0,-18.27626409,-18.7877721,2.56147904,0.48816816,15.12394097,1.91085046
2022-08-23,7.1,-0.14064697609,1715491797.3,1493999075.5,241618563.0,210422405.0,-18.25055908,-18.76134767,2.5578764,0.48748157,15.10266961,1.90816291
2022-08-24,7.03,-0.985915492958,1698578497.89,1479269507.15,241618563.0,210422405.0,-18.07062399,-18.57637663,2.5326579,0.48267541,14.95377005,1.88935003
2022-08-25,7.01,-0.284495021337,1693746126.63,1475061059.05,241618563.0,210422405.0,-18.01921396,-18.52352777,2.52545261,0.48130222,14.91122732,1.88397493
2022-08-26,6.89,-1.711840228245,1664751899.07,1449810370.45,241618563.0,210422405.0,-15.11424484,-18.20643457,2.4822209,0.4730631,19.51590725,1.89714161
2022-08-29,6.96,1.015965166909,1681665198.48,1464539938.8,241618563.0,210422405.0,-15.2678003,-18.3914056,2.5074394,0.47786925,19.71418207,1.91641591
2022-08-30,7.07,1.580459770115,1708243240.41,1487686403.35,241618563.0,210422405.0,-15.50910174,-18.68207437,2.54706847,0.48542179,20.02575679,1.94670409
2022-08-31,6.96,-1.555869872702,1681665198.48,1464539938.8,241618563.0,210422405.0,-15.2678003,-18.3914056,2.5074394,0.47786925,19.71418207,1.91641591
2022-09-01,7.01,0.718390804598,1693746126.63,1475061059.05,241618563.0,210422405.0,-15.37748278,-18.52352777,2.52545261,0.48130222,19.85580694,1.93018326
2022-09-02,7.07,0.855920114123,1708243240.41,1487686403.35,241618563.0,210422405.0,-15.50910174,-18.68207437,2.54706847,0.48542179,20.02575679,1.94670409
2022-09-05,7.13,0.848656294201,1722740354.19,1500311747.65,241618563.0,210422405.0,-15.64072071,-18.84062097,2.56868432,0.48954135,20.19570664,1.96322492
2022-09-06,7.21,1.122019635344,1742069839.23,1517145540.05,241618563.0,210422405.0,-15.81621267,-19.05201643,2.59750547,0.4950341,20.42230643,1.98525268
2022-09-07,7.11,-1.386962552011,1717907982.93,1496103299.55,241618563.0,210422405.0,-15.59684772,-18.7877721,2.56147904,0.48816816,20.13905669,1.95771797
2022-09-08,7.02,-1.26582278481,1696162312.26,1477165283.1,241618563.0,210422405.0,-15.39941927,-18.5499522,2.52905525,0.48198882,19.88413192,1.93293673
2022-09-09,7.02,0.0,1696162312.26,1477165283.1,241618563.0,210422405.0,-15.39941927,-18.5499522,2.52905525,0.48198882,19.88413192,1.93293673
2022-09-13,7.05,0.42735042735,1703410869.15,1483477955.25,241618563.0,210422405.0,-15.46522875,-18.6292255,2.53986318,0.4840486,19.96910684,1.94119715
2022-09-14,7.02,-0.425531914894,1696162312.26,1477165283.1,241618563.0,210422405.0,-15.39941927,-18.5499522,2.52905525,0.48198882,19.88413192,1.93293673
2022-09-15,6.85,-2.421652421652,1655087156.55,1441393474.25,241618563.0,210422405.0,-15.02649886,-18.10073683,2.46781033,0.47031672,19.40260736,1.88612772
2022-09-16,6.57,-4.087591240876,1587433958.91,1382475200.85,241618563.0,210422405.0,-14.41227701,-17.3608527,2.36693633,0.4510921,18.60950808,1.80903053
2022-09-19,6.38,-2.891933028919,1541526431.94,1342494943.9,241618563.0,210422405.0,-13.99548361,-16.85878847,2.29848611,0.43804682,18.07133357,1.75671458
2022-09-20,6.45,1.097178683386,1558439731.35,1357224512.25,241618563.0,210422405.0,-14.14903907,-17.0437595,2.32370461,0.44285297,18.26960839,1.77598888
2022-09-21,6.45,0.0,1558439731.35,1357224512.25,241618563.0,210422405.0,-14.14903907,-17.0437595,2.32370461,0.44285297,18.26960839,1.77598888
2022-09-22,6.34,-1.705426356589,1531861689.42,1334078047.7,241618563.0,210422405.0,-13.90773763,-16.75309073,2.28407554,0.43530044,17.95803367,1.7457007
2022-09-23,6.19,-2.365930599369,1495618904.97,1302514686.95,241618563.0,210422405.0,-13.57869021,-16.35672423,2.2300359,0.42500154,17.53315906,1.70439863
2022-09-26,5.99,-3.231017770598,1447295192.37,1260430205.95,241618563.0,210422405.0,-13.13996032,-15.82823557,2.15798304,0.41126966,16.96665957,1.64932921
2022-09-27,6.27,4.674457429048,1514948390.01,1319348479.35,241618563.0,210422405.0,-13.75418217,-16.5681197,2.25885704,0.43049429,17.75975885,1.7264264
2022-09-28,6.26,-0.159489633174,1512532204.38,1317244255.3,241618563.0,210422405.0,-13.73224567,-16.54169527,2.2552544,0.42980769,17.73143388,1.72367293
2022-09-29,6.14,-1.916932907348,1483537976.82,1291993566.7,241618563.0,210422405.0,-13.46900774,-16.22460207,2.21202269,0.42156857,17.39153419,1.69063127
2022-09-30,6.31,2.768729641694,1524613132.53,1327765375.55,241618563.0,210422405.0,-13.84192815,-16.67381743,2.28193053,0.43324066,17.87305875,1.73744028
2022-10-10,6.11,-3.169572107765,1476289419.93,1285680894.55,241618563.0,210422405.0,-13.40319825,-16.14532877,2.2096031,0.41950879,17.30655926,1.68237086
2022-10-11,6.07,-0.654664484452,1466624677.41,1277263998.35,241618563.0,210422405.0,-13.31545227,-16.03963103,2.19513761,0.41676241,17.19325937,1.67135698
2022-10-12,6.14,1.153212520593,1483537976.82,1291993566.7,241618563.0,210422405.0,-13.46900774,-16.22460207,2.22045221,0.42156857,17.39153419,1.69063127
2022-10-13,6.29,2.442996742671,1519780761.27,1323556927.45,241618563.0,210422405.0,-13.79805516,-16.62096857,2.27469779,0.43186747,17.8164088,1.73193334
2022-10-14,6.62,5.246422893482,1599514887.06,1392996321.1,241618563.0,210422405.0,-14.52195948,-17.49297487,2.39403805,0.45452507,18.75113295,1.82279789
2022-10-17,6.77,2.26586102719,1635757671.51,1424559681.85,241618563.0,210422405.0,-14.8510069,-17.88934137,2.44828363,0.46482397,19.17600756,1.86409996
2022-10-18,6.89,1.772525849335,1664751899.07,1449810370.45,241618563.0,210422405.0,-15.11424484,-18.20643457,2.49168009,0.4730631,19.51590725,1.89714161
2022-10-19,6.89,0.0,1664751899.07,1449810370.45,241618563.0,210422405.0,-15.11424484,-18.20643457,2.49168009,0.4730631,19.51590725,1.89714161
2022-10-20,7.0,1.596516690856,1691329941.0,1472956835.0,241618563.0,210422405.0,-15.35554628,-18.49710333,2.53146018,0.48061563,19.82748197,1.92742979
2022-10-21,6.89,-1.571428571429,1664751899.07,1449810370.45,241618563.0,210422405.0,-15.11424484,-18.20643457,2.49168009,0.4730631,19.51590725,1.89714161
2022-10-24,6.65,-3.483309143687,1606763443.95,1399308993.25,241618563.0,210422405.0,-14.58776897,-17.57224817,2.40488717,0.45658485,18.83610787,1.8310583
2022-10-25,6.41,-3.609022556391,1548774988.83,1348807616.05,241618563.0,210422405.0,-14.06129309,-16.93806177,2.31809425,0.4401066,18.15630849,1.76497499
2022-10-26,6.7,4.524180967239,1618844372.1,1409830113.5,241618563.0,210422405.0,-14.69745144,-17.70437033,2.42296903,0.46001782,18.97773274,1.84482566
2022-10-27,6.81,1.641791044776,1645422414.03,1432976578.05,241618563.0,210422405.0,-14.93875288,-17.9950391,2.46274912,0.46757035,19.28930746,1.87511384
2022-10-28,6.58,-3.377386196769,1589850144.54,1384579424.9,241618563.0,210422405.0,-14.26875906,-17.38727713,2.37957257,0.45177869,19.41709742,1.87753621
2022-10-31,6.69,1.671732522796,1616428186.47,1407725889.45,241618563.0,210422405.0,-14.50729455,-17.6779459,2.41935266,0.45933122,19.74169935,1.9089236
2022-11-01,6.89,2.989536621824,1664751899.07,1449810370.45,241618563.0,210422405.0,-14.94099543,-18.20643457,2.49168009,0.4730631,20.33188468,1.96599157
2022-11-02,7.03,2.031930333817,1698578497.89,1479269507.15,241618563.0,210422405.0,-15.24458605,-18.57637663,2.54230929,0.48267541,20.74501442,2.00593915
2022-11-03,6.89,-1.99146514936,1664751899.07,1449810370.45,241618563.0,210422405.0,-14.94099543,-18.20643457,2.49168009,0.4730631,20.33188468,1.96599157
2022-11-04,6.85,-0.580551523948,1655087156.55,1441393474.25,241618563.0,210422405.0,-14.85425525,-18.10073683,2.4772146,0.47031672,20.21384762,1.95457797
2022-11-07,6.89,0.583941605839,1664751899.07,1449810370.45,241618563.0,210422405.0,-14.94099543,-18.20643457,2.49168009,0.4730631,20.33188468,1.96599157
2022-11-08,6.97,1.161103047896,1684081384.11,1466644162.85,241618563.0,210422405.0,-15.11447578,-18.41783003,2.52061106,0.47855585,20.56795882,1.98881876
2022-11-09,7.42,6.456241032999,1792809737.46,1561334245.1,241618563.0,210422405.0,-16.09030277,-19.60692953,2.68334779,0.50945257,21.89587581,2.11722169
2022-11-10,7.7,3.77358490566,1860462935.1,1725339361.9,241618563.0,224070047.0,-16.69748401,-20.34681367,2.7846062,0.52867719,22.72213528,2.19711685
2022-11-11,7.52,-2.337662337662,1816971593.76,1685006753.44,241618563.0,224070047.0,-16.30715321,-19.87117387,2.71951151,0.51631851,22.19096848,2.14575567
2022-11-14,7.9,5.053191489362,1908786647.7,1770153371.3,241618563.0,224070047.0,-17.13118489,-20.87530233,2.85693363,0.54240907,23.31232061,2.25418482
2022-11-15,7.78,-1.518987341772,1879792420.14,1743264965.66,241618563.0,224070047.0,-16.87096436,-20.55820913,2.81353717,0.53416994,22.95820941,2.21994403
2022-11-16,7.52,-3.341902313625,1816971593.76,1685006753.44,241618563.0,224070047.0,-16.30715321,-19.87117387,2.71951151,0.51631851,22.19096848,2.14575567
2022-11-17,7.68,2.127659574468,1855630563.84,1720857960.96,241618563.0,224070047.0,-16.65411392,-20.2939648,2.77737345,0.52730401,22.66311675,2.19141005
2022-11-18,7.77,1.171875,1877376234.51,1741024265.19,241618563.0,224070047.0,-16.84927931,-20.5317847,2.8099208,0.53348335,22.92870014,2.21709064
2022-11-21,7.96,2.445302445302,1923283761.48,1783597574.12,241618563.0,224070047.0,-17.26129515,-21.03384893,2.87863186,0.54652863,23.48937621,2.27130521
2022-11-22,7.57,-4.899497487437,1829052521.91,1696210255.79,241618563.0,224070047.0,-16.41557843,-20.00329603,2.73759336,0.51975147,22.33851481,2.16002267
2022-11-23,7.29,-3.698811096433,1761399324.27,1633470642.63,241618563.0,224070047.0,-15.8083972,-19.2634119,2.63633496,0.50052685,21.51225535,2.08012751
2022-11-24,7.33,0.548696844993,1771064066.79,1642433444.51,241618563.0,224070047.0,-15.89513737,-19.36910963,2.65080044,0.50327322,21.63029241,2.0915411
2022-11-25,7.26,-0.954979536153,1754150767.38,1626748541.22,241618563.0,224070047.0,-15.74334206,-19.1841386,2.62548584,0.49846707,21.42372755,2.07156731
2022-11-28,7.16,-1.37741046832,1729988911.08,1604341536.52,241618563.0,224070047.0,-15.52649162,-18.91989427,2.58932213,0.49160113,21.12863488,2.04303333
2022-11-29,7.36,2.793296089385,1778312623.68,1649155545.92,241618563.0,224070047.0,-15.9601925,-19.44838293,2.66164956,0.505333,21.71882021,2.1001013
2022-11-30,7.27,-1.222826086957,1756566953.01,1628989241.69,241618563.0,224070047.0,-15.76502711,-19.21056303,2.62910221,0.49915366,21.45323681,2.07442071
2022-12-01,7.16,-1.513067400275,1729988911.08,1604341536.52,241618563.0,224070047.0,-15.52649162,-18.91989427,2.58932213,0.49160113,21.12863488,2.04303333
2022-12-02,7.23,0.977653631285,1746902210.49,1620026439.81,241618563.0,224070047.0,-15.67828693,-19.1048653,2.61463673,0.49640729,21.33519975,2.06300712
2022-12-05,7.34,1.521438450899,1773480252.42,1644674144.98,241618563.0,224070047.0,-15.91682242,-19.39553407,2.65441682,0.50395982,21.65980168,2.0943945
2022-12-06,7.05,-3.950953678474,1703410869.15,1579693831.35,241618563.0,224070047.0,-15.28795614,-18.6292255,2.54954204,0.4840486,20.80403295,2.01164594
2022-12-07,7.34,4.113475177305,1773480252.42,1644674144.98,241618563.0,224070047.0,-15.91682242,-19.39553407,2.65441682,0.50395982,21.65980168,2.0943945
2022-12-08,7.43,1.226158038147,1795225923.09,1664840449.21,241618563.0,224070047.0,-16.11198781,-19.63335397,2.68696416,0.51013916,21.92538508,2.12007509
2022-12-09,7.59,2.153432032301,1833884893.17,1700691656.73,241618563.0,224070047.0,-16.45894852,-20.0561449,2.74482611,0.52112466,22.39753335,2.16572946
2022-12-12,7.92,4.347826086957,1913619018.96,1774634772.24,241618563.0,224070047.0,-17.17455498,-20.9281512,2.86416637,0.54378226,23.37133914,2.25989161
2022-12-13,8.19,3.409090909091,1978856030.97,1835133684.93,241618563.0,224070047.0,-17.76005117,-21.6416109,2.96180841,0.56232029,24.16808934,2.33693337
2022-12-14,7.67,-6.349206349206,1853214378.21,1718617260.49,241618563.0,224070047.0,-16.63242887,-20.26754037,2.77375708,0.52661741,22.63360748,2.18855665
2022-12-15,7.64,-0.391134289439,1845965821.32,1711895159.08,241618563.0,224070047.0,-16.56737374,-20.18826707,2.76290797,0.52455763,22.54507968,2.17999646
2022-12-16,8.47,10.86387434555,2046509228.61,1897873298.09,241618563.0,224070047.0,-18.36723241,-22.38149503,3.06306682,0.58154491,24.99434881,2.41682853
2022-12-19,7.87,-7.083825265643,1901538090.81,1763431269.89,241618563.0,224070047.0,-17.06612976,-20.79602903,2.84608451,0.54034929,23.22379281,2.24562462
2022-12-20,7.63,-3.049555273189,1843549635.69,1709654458.61,241618563.0,224070047.0,-16.5456887,-20.16184263,2.75929159,0.52387104,22.51557041,2.17714306
2022-12-21,7.65,0.262123197903,1848382006.95,1714135859.55,241618563.0,224070047.0,-16.58905878,-20.2146915,2.76652434,0.52524422,22.57458895,2.18284985
2022-12-22,8.4,9.803921568627,2029595929.2,1882188394.8,241618563.0,224070047.0,-18.2154371,-22.196524,3.03775221,0.57673876,24.78778394,2.39685474
2022-12-23,7.93,-5.595238095238,1916035204.59,1776875472.71,241618563.0,224070047.0,-17.19624002,-20.95457563,2.86778274,0.54446885,23.40084841,2.26274501
2022-12-26,7.81,-1.513240857503,1887040977.03,1749987067.07,241618563.0,224070047.0,-16.93601949,-20.63748243,2.82438628,0.53622972,23.04673721,2.22850423
2022-12-27,6.83,-12.548015364917,1650254785.29,1530398421.01,241618563.0,224070047.0,-14.81088516,-18.04788797,2.46998186,0.46894354,20.15482908,1.94887118
2022-12-28,6.7,-1.90336749634,1618844372.1,1501269314.9,241618563.0,224070047.0,-14.52897959,-17.70437033,2.42296903,0.46001782,19.77120862,1.911777
2022-12-29,7.0,4.477611940299,1691329941.0,1568490329.0,241618563.0,224070047.0,-15.17953091,-18.49710333,2.53146018,0.48061563,20.65648662,1.99737895
2022-12-30,6.77,-3.285714285714,1635757671.51,1516954218.19,241618563.0,224070047.0,-14.6807749,-17.88934137,2.44828363,0.46482397,19.97777349,1.93175079
2023-01-03,8.12,19.940915805022,1961942731.56,1819448781.64,241618563.0,224070047.0,-17.60825586,-16.54605623,3.41254137,0.6422213,23.96152448,2.31695958
2023-01-04,8.02,-1.231527093596,1937780875.26,1797041776.94,241618563.0,224070047.0,-17.39140542,-16.34228706,3.370515,0.63431217,23.66643181,2.2884256
2023-01-05,7.62,-4.98753117207,1841133450.06,1707413758.14,241618563.0,224070047.0,-16.52400365,-15.5272104,3.20240952,0.60267565,22.48606115,2.17428966
2023-01-06,7.33,-3.805774278215,1771064066.79,1642433444.51,241618563.0,224070047.0,-15.89513737,-14.93627982,3.08053304,0.57973917,21.63029241,2.0915411
2023-01-09,7.17,-2.182810368349,1732405096.71,1606582236.99,241618563.0,224070047.0,-15.54817667,-14.61024916,3.01329084,0.56708457,21.15814415,2.04588673
2023-01-10,7.05,-1.673640167364,1703410869.15,1579693831.35,241618563.0,224070047.0,-15.28795614,-14.36572616,2.9628592,0.55759361,20.80403295,2.01164594
2023-01-11,7.08,0.425531914894,1710659426.04,1586415932.76,241618563.0,224070047.0,-15.35301127,-14.42685691,2.97546711,0.55996635,20.89256075,2.02020614
2023-01-12,7.06,-0.282485875706,1705827054.78,1581934531.82,241618563.0,224070047.0,-15.30964118,-14.38610308,2.96706184,0.55838453,20.83354222,2.01449934
2023-01-13,7.22,2.266288951841,1744486024.86,1617785739.34,241618563.0,224070047.0,-15.65660189,-14.71213374,3.03430403,0.57103913,21.30569048,2.06015372
2023-01-16,7.25,0.415512465374,1751734581.75,1624507840.75,241618563.0,224070047.0,-15.72165702,-14.77326449,3.04691194,0.57341187,21.39421828,2.06871391
2023-01-17,7.06,-2.620689655172,1705827054.78,1581934531.82,241618563.0,224070047.0,-15.30964118,-14.38610308,2.96706184,0.55838453,20.83354222,2.01449934
2023-01-18,7.02,-0.56657223796,1696162312.26,1572971729.94,241618563.0,224070047.0,-15.222901,-14.30459541,2.95025129,0.55522087,20.71550515,2.00308575
2023-01-19,6.98,-0.569800569801,1686497569.74,1564008928.06,241618563.0,224070047.0,-15.13616083,-14.22308774,2.93344074,0.55205722,20.59746808,1.99167215
2023-01-20,7.09,1.575931232092,1713075611.67,1588656633.23,241618563.0,224070047.0,-15.37469631,-14.44723383,2.97966975,0.56075726,20.92207002,2.02305954
2023-01-30,6.93,-2.256699576869,1674416641.59,1552805425.71,241618563.0,224070047.0,-15.02773561,-14.12120316,2.91242755,0.54810266,20.44992175,1.97740516
2023-01-31,6.89,-0.577200577201,1664751899.07,1543842623.83,241618563.0,224070047.0,-14.94099543,-14.03969549,2.895617,0.54493901,20.33188468,1.96599157
2023-02-01,7.08,2.757619738752,1710659426.04,1586415932.76,241618563.0,224070047.0,-15.35301127,-14.42685691,2.97546711,0.55996635,20.89256075,2.02020614
2023-02-02,7.13,0.706214689266,1722740354.19,1597619435.11,241618563.0,224070047.0,-15.46143649,-14.52874149,2.9964803,0.56392092,21.04010708,2.03447313
2023-02-03,7.04,-1.262272089762,1700994683.52,1577453130.88,241618563.0,224070047.0,-15.26627109,-14.34534924,2.95865656,0.5568027,20.77452368,2.00879255
2023-02-06,7.01,-0.426136363636,1693746126.63,1570731029.47,241618563.0,224070047.0,-15.20121596,-14.28421849,2.94604865,0.55442996,20.68599588,2.00023235
2023-02-07,6.99,-0.285306704708,1688913755.37,1566249628.53,241618563.0,224070047.0,-15.15784587,-14.24346466,2.93764338,0.55284814,20.62697735,1.99452555
2023-02-08,6.98,-0.143061516452,1686497569.74,1564008928.06,241618563.0,224070047.0,-15.13616083,-14.22308774,2.93344074,0.55205722,20.59746808,1.99167215
2023-02-09,7.0,0.286532951289,1691329941.0,1568490329.0,241618563.0,224070047.0,-15.17953091,-14.26384158,2.94184601,0.55363905,20.65648662,1.99737895
2023-02-10,6.98,-0.285714285714,1686497569.74,1564008928.06,241618563.0,224070047.0,-15.13616083,-14.22308774,2.93344074,0.55205722,20.59746808,1.99167215
2023-02-13,7.04,0.859598853868,1700994683.52,1577453130.88,241618563.0,224070047.0,-15.26627109,-14.34534924,2.95865656,0.5568027,20.77452368,2.00879255
2023-02-14,7.16,1.704545454545,1729988911.08,1604341536.52,241618563.0,224070047.0,-15.52649162,-14.58987224,3.00908821,0.56629366,21.12863488,2.04303333
2023-02-15,7.22,0.837988826816,1744486024.86,1617785739.34,241618563.0,224070047.0,-15.65660189,-14.71213374,3.03430403,0.57103913,21.30569048,2.06015372
2023-02-16,7.15,-0.969529085873,1727572725.45,1602100836.05,241618563.0,224070047.0,-15.50480658,-14.56949532,3.00488557,0.56550274,21.09912562,2.04017993
2023-02-17,7.38,3.216783216783,1783144994.94,1653636946.86,241618563.0,224070047.0,-16.00356259,-15.0381644,3.10154622,0.58369374,21.77783875,2.10580809
2023-02-20,7.22,-2.168021680217,1744486024.86,1617785739.34,241618563.0,224070047.0,-15.65660189,-14.71213374,3.03430403,0.57103913,21.30569048,2.06015372
2023-02-21,7.21,-0.138504155125,1742069839.23,1615545038.87,241618563.0,224070047.0,-15.63491684,-14.69175682,3.03010139,0.57024822,21.27618122,2.05730032
2023-02-22,7.21,0.0,1742069839.23,1615545038.87,241618563.0,224070047.0,-15.63491684,-14.69175682,3.03010139,0.57024822,21.27618122,2.05730032
2023-02-23,7.12,-1.24826629681,1720324168.56,1595378734.64,241618563.0,224070047.0,-15.43975144,-14.50836457,2.99227766,0.56313,21.01059782,2.03161973
2023-02-24,7.09,-0.421348314607,1713075611.67,1588656633.23,241618563.0,224070047.0,-15.37469631,-14.44723383,2.97966975,0.56075726,20.92207002,2.02305954
2023-02-27,6.96,-1.833568406206,1681665198.48,1559527527.12,241618563.0,224070047.0,-15.09279074,-14.18233391,2.92503546,0.5504754,20.53844955,1.98596536
2023-02-28,7.2,3.448275862069,1739653653.6,1613304338.4,241618563.0,224070047.0,-15.6132318,-14.67137991,3.02589876,0.56945731,21.24667195,2.05444692
2023-03-01,7.19,-0.138888888889,1737237467.97,1611063637.93,241618563.0,224070047.0,-15.59154675,-14.65100299,3.02169612,0.56866639,21.21716268,2.05159352
2023-03-02,7.05,-1.947148817803,1703410869.15,1579693831.35,241618563.0,224070047.0,-15.28795614,-14.36572616,2.9628592,0.55759361,20.80403295,2.01164594
2023-03-03,7.01,-0.567375886525,1693746126.63,1570731029.47,241618563.0,224070047.0,-15.20121596,-14.28421849,2.94604865,0.55442996,20.68599588,2.00023235
2023-03-06,6.97,-0.570613409415,1684081384.11,1561768227.59,241618563.0,224070047.0,-15.11447578,-14.20271083,2.9292381,0.55126631,20.56795882,1.98881876
2023-03-07,6.79,-2.582496413199,1640590042.77,1521435619.13,241618563.0,224070047.0,-14.72414499,-13.83592633,2.85359063,0.53702988,20.03679202,1.93745758
2023-03-08,6.82,0.441826215022,1647838599.66,1528157720.54,241618563.0,224070047.0,-14.78920012,-13.89705708,2.86619854,0.53940262,20.12531982,1.94601778
2023-03-09,6.9,1.173020527859,1667168084.7,1546083324.3,241618563.0,224070047.0,-14.96268047,-14.06007241,2.89981964,0.54572992,20.36139395,1.96884497
2023-03-10,6.78,-1.739130434783,1638173857.14,1519194918.66,241618563.0,224070047.0,-14.70245994,-13.81554941,2.849388,0.53623896,20.00728275,1.93460418
2023-03-13,6.7,-1.17994100295,1618844372.1,1501269314.9,241618563.0,224070047.0,-14.52897959,-13.65253408,2.8157669,0.52991166,19.77120862,1.911777
2023-03-14,6.59,-1.641791044776,1592266330.17,1476621609.73,241618563.0,224070047.0,-14.2904441,-13.428388,2.76953789,0.52121162,19.44660669,1.88038961
2023-03-15,6.7,1.669195751138,1618844372.1,1501269314.9,241618563.0,224070047.0,-14.52897959,-13.65253408,2.8157669,0.52991166,19.77120862,1.911777
2023-03-16,6.63,-1.044776119403,1601931072.69,1485584411.61,241618563.0,224070047.0,-14.37718428,-13.50989566,2.78634844,0.52437527,19.56464375,1.89180321
2023-03-17,6.65,0.301659125189,1606763443.95,1490065812.55,241618563.0,224070047.0,-14.42055437,-13.5506495,2.79475371,0.5259571,19.62366229,1.89751
2023-03-20,6.5,-2.255639097744,1570520659.5,1456455305.5,241618563.0,224070047.0,-14.09527871,-13.24499575,2.73171415,0.5140934,19.18102329,1.85470903
2023-03-21,6.69,2.923076923077,1616428186.47,1499028614.43,241618563.0,224070047.0,-14.50729455,-13.63215716,2.81156426,0.52912075,19.74169935,1.9089236
2023-03-22,6.75,0.896860986547,1630925300.25,1512472817.25,241618563.0,224070047.0,-14.63740481,-13.75441866,2.83678008,0.53386623,19.91875495,1.92604399
2023-03-23,6.71,-0.592592592593,1621260557.73,1503510015.37,241618563.0,224070047.0,-14.55066463,-13.672911,2.81996953,0.53070257,19.80071789,1.9146304
2023-03-24,6.7,-0.149031296572,1618844372.1,1501269314.9,241618563.0,224070047.0,-14.52897959,-13.65253408,2.8157669,0.52991166,19.77120862,1.911777
2023-03-27,6.76,0.89552238806,1633341485.88,1514713517.72,241618563.0,224070047.0,-14.65908985,-13.77479558,2.84098272,0.53465714,19.94826422,1.92889739
2023-03-28,6.71,-0.739644970414,1621260557.73,1503510015.37,241618563.0,224070047.0,-14.55066463,-13.672911,2.81996953,0.53070257,19.80071789,1.9146304
2023-03-29,6.57,-2.086438152012,1587433958.91,1472140208.79,241618563.0,224070047.0,-14.24707402,-13.38763417,2.76113261,0.51962979,19.38758815,1.87468282
2023-03-30,6.45,-1.826484018265,1558439731.35,1445251803.15,241618563.0,224070047.0,-13.98685349,-13.14311117,2.71070097,0.51013884,19.03347695,1.84044203
2023-03-31,6.64,2.945736434109,1604347258.32,1487825112.08,241618563.0,224070047.0,-14.39886932,-13.53027258,2.80105922,0.52516618,19.59415302,1.89465661
2023-04-03,6.58,-0.903614457831,1589850144.54,1474380909.26,241618563.0,224070047.0,-14.26875906,-13.40801108,2.77574845,0.52042071,19.41709742,1.87753621
2023-04-04,6.47,-1.671732522796,1563272102.61,1449733204.09,241618563.0,224070047.0,-14.03022357,-13.183865,2.72934536,0.51172066,19.09249549,1.84614883
2023-04-06,6.44,-0.463678516229,1556023545.72,1443011102.68,241618563.0,224070047.0,-13.96516844,-13.12273425,2.71668997,0.50934792,19.00396769,1.83758864
2023-04-07,6.58,2.173913043478,1589850144.54,1474380909.26,241618563.0,224070047.0,-14.26875906,-13.40801108,2.77574845,0.52042071,19.41709742,1.87753621
2023-04-10,6.41,-2.58358662614,1548774988.83,1436289001.27,241618563.0,224070047.0,-13.90011331,-13.0616035,2.70403458,0.50697519,18.91543989,1.82902844
2023-04-11,6.34,-1.092043681747,1531861689.42,1420604097.98,241618563.0,224070047.0,-13.748318,-12.91896509,2.67450534,0.5014388,18.70887502,1.80905465
2023-04-12,6.32,-0.315457413249,1527029318.16,1416122697.04,241618563.0,224070047.0,-13.70494791,-12.87821125,2.66606842,0.49985697,18.64985649,1.80334785
2023-04-13,6.37,0.791139240506,1539110246.31,1427326199.39,241618563.0,224070047.0,-13.81337313,-12.98009583,2.68716073,0.50381153,18.79740282,1.81761485
2023-04-14,6.43,0.94191522763,1553607360.09,1440770402.21,241618563.0,224070047.0,-13.9434834,-13.10235733,2.71247151,0.50855701,18.97445842,1.83473524
2023-04-17,6.33,-1.555209953344,1529445503.79,1418363397.51,241618563.0,224070047.0,-13.72663296,-12.89858817,2.67028688,0.50064788,18.67936575,1.80620125
2023-04-18,6.19,-2.211690363349,1495618904.97,1386993590.93,241618563.0,224070047.0,-13.42304234,-12.61331134,2.6112284,0.4895751,18.26623602,1.76625367
2023-04-19,6.13,-0.969305331179,1481121791.19,1373549388.11,241618563.0,224070047.0,-13.29293207,-12.49104984,2.58591763,0.48482962,18.08918042,1.74913328
2023-04-20,6.01,-1.957585644372,1452127563.63,1346660982.47,241618563.0,224070047.0,-13.03271154,-12.24652684,2.53529607,0.47533867,17.73506922,1.7148925
2023-04-21,6.0,-0.166389351082,1449711378.0,1344420282.0,241618563.0,224070047.0,-13.0110265,-12.22614992,2.53107761,0.47454776,17.70555996,1.7120391
2023-04-24,6.11,1.833333333333,1476289419.93,1369067987.17,241618563.0,224070047.0,-13.24956198,-12.450296,2.5774807,0.4832478,18.03016189,1.74342649
2023-04-25,5.81,-4.909983633388,1403803851.03,1301846973.07,241618563.0,224070047.0,-11.77778121,-11.83898851,2.45092682,0.45952041,38.89802091,1.71102359
2023-04-26,6.0,3.270223752151,1449711378.0,1344420282.0,241618563.0,224070047.0,-12.16294101,-12.22614992,2.53107761,0.47454776,40.17007323,1.76697789
2023-04-27,6.15,2.5,1485954162.45,1378030789.05,241618563.0,224070047.0,-12.46701454,-12.53180367,2.59435455,0.48641145,41.17432506,1.81115234
2023-04-28,6.29,2.276422764228,1519780761.27,1409400595.63,241618563.0,224070047.0,-12.75081649,-12.8170805,2.65341303,0.49748423,42.11162677,1.85238182
2023-05-04,6.37,1.27186009539,1539110246.31,1427326199.39,241618563.0,224070047.0,-12.91298904,-12.98009583,2.68716073,0.50381153,42.64722775,1.87594153
2023-05-05,6.29,-1.255886970173,1519780761.27,1409400595.63,241618563.0,224070047.0,-12.75081649,-12.8170805,2.65341303,0.49748423,42.11162677,1.85238182
2023-05-08,6.22,-1.112877583466,1502867461.86,1393715692.34,241618563.0,224070047.0,-12.60891551,-12.67444209,2.62388379,0.49194784,41.64297592,1.83176708
2023-05-09,6.02,-3.215434083601,1454543749.26,1348901682.94,241618563.0,224070047.0,-12.20348415,-12.26690376,2.53951454,0.47612958,40.30397347,1.77286782
2023-05-10,6.06,0.664451827243,1464208491.78,1357864484.82,241618563.0,224070047.0,-12.28457042,-12.34841142,2.55638839,0.47929323,40.57177396,1.78464767
2023-05-11,6.16,1.650165016502,1488370348.08,1380271489.52,241618563.0,224070047.0,-12.4872861,-12.55218059,2.59857301,0.48720236,41.24127518,1.8140973
2023-05-12,6.19,0.487012987013,1495618904.97,1386993590.93,241618563.0,224070047.0,-12.54810081,-12.61331134,2.6112284,0.4895751,41.44212555,1.82293219
2023-05-15,6.59,6.462035541195,1592266330.17,1476621609.73,241618563.0,224070047.0,-13.35896354,-13.428388,2.77996691,0.52121162,44.12013043,1.94073072
2023-05-16,6.66,1.062215477997,1609179629.58,1492306513.02,241618563.0,224070047.0,-13.50086452,-13.57102641,2.80949615,0.52674801,44.58878129,1.96134546
2023-05-17,6.48,-2.702702702703,1565688288.24,1451973904.56,241618563.0,224070047.0,-13.13597629,-13.20424192,2.73356382,0.51251158,43.38367909,1.90833612
2023-05-18,6.48,0.0,1565688288.24,1451973904.56,241618563.0,224070047.0,-13.13597629,-13.20424192,2.73356382,0.51251158,43.38367909,1.90833612
2023-05-19,6.53,0.771604938272,1577769216.39,1463177406.91,241618563.0,224070047.0,-13.23733413,-13.3061265,2.75465613,0.51646614,43.7184297,1.92306094
2023-05-22,6.44,-1.378254211332,1556023545.72,1443011102.68,241618563.0,224070047.0,-13.05489002,-13.12273425,2.71668997,0.50934792,43.1158786,1.89655627
2023-05-23,6.62,2.795031055901,1599514887.06,1483343711.14,241618563.0,224070047.0,-13.41977825,-13.48951875,2.7926223,0.52358436,44.3209808,1.94956561
2023-05-24,6.48,-2.114803625378,1565688288.24,1451973904.56,241618563.0,224070047.0,-13.13597629,-13.20424192,2.73356382,0.51251158,43.38367909,1.90833612
2023-05-25,6.41,-1.08024691358,1548774988.83,1436289001.27,241618563.0,224070047.0,-12.99407531,-13.0616035,2.70403458,0.50697519,42.91502823,1.88772138
2023-05-26,6.45,0.624024960998,1558439731.35,1445251803.15,241618563.0,224070047.0,-13.07516159,-13.14311117,2.72090843,0.51013884,43.18282872,1.89950123
2023-05-29,6.5,0.77519379845,1570520659.5,1456455305.5,241618563.0,224070047.0,-13.17651943,-13.24499575,2.74200075,0.5140934,43.51757933,1.91422605
2023-05-30,6.56,0.923076923077,1585017773.28,1469899508.32,241618563.0,224070047.0,-13.29814884,-13.36725725,2.76731152,0.51883888,43.91928006,1.93189583
2023-05-31,6.48,-1.219512195122,1565688288.24,1451973904.56,241618563.0,224070047.0,-13.13597629,-13.20424192,2.73356382,0.51251158,43.38367909,1.90833612
2023-06-01,6.5,0.308641975309,1570520659.5,1456455305.5,241618563.0,224070047.0,-13.17651943,-13.24499575,2.74200075,0.5140934,43.51757933,1.91422605
2023-06-02,6.46,-0.615384615385,1560855916.98,1447492503.62,241618563.0,224070047.0,-13.09543315,-13.16348808,2.7251269,0.51092975,43.24977884,1.9024462
2023-06-05,6.46,0.0,1560855916.98,1447492503.62,241618563.0,224070047.0,-13.09543315,-13.16348808,2.7251269,0.51092975,43.24977884,1.9024462
2023-06-06,6.35,-1.702786377709,1534277875.05,1422844798.45,241618563.0,224070047.0,-12.8724459,-12.939342,2.67872381,0.50222971,42.5133275,1.8700516
2023-06-07,6.42,1.102362204724,1551191174.46,1438529701.74,241618563.0,224070047.0,-13.01434688,-13.08198042,2.70825304,0.5077661,42.98197836,1.89066634
2023-06-08,6.33,-1.401869158879,1529445503.79,1418363397.51,241618563.0,224070047.0,-12.83190277,-12.89858817,2.67028688,0.50064788,42.37942726,1.86416167
2023-06-09,6.29,-0.631911532385,1519780761.27,1409400595.63,241618563.0,224070047.0,-12.75081649,-12.8170805,2.65341303,0.49748423,42.11162677,1.85238182
2023-06-12,6.27,-0.317965023847,1514948390.01,1404919194.69,241618563.0,224070047.0,-12.71027336,-12.77632667,2.6449761,0.4959024,41.97772653,1.8464919
2023-06-13,6.17,-1.594896331738,1490786533.71,1382512189.99,241618563.0,224070047.0,-12.50755767,-12.5725575,2.60279148,0.48799328,41.3082253,1.81704226
2023-06-14,6.19,0.32414910859,1495618904.97,1386993590.93,241618563.0,224070047.0,-12.54810081,-12.61331134,2.6112284,0.4895751,41.44212555,1.82293219
2023-06-15,6.17,-0.32310177706,1490786533.71,1382512189.99,241618563.0,224070047.0,-12.50755767,-12.5725575,2.60279148,0.48799328,41.3082253,1.81704226
2023-06-16,6.18,0.162074554295,1493202719.34,1384752890.46,241618563.0,224070047.0,-12.52782924,-12.59293442,2.60700994,0.48878419,41.37517543,1.81998723
2023-06-19,6.14,-0.647249190939,1483537976.82,1375790088.58,241618563.0,224070047.0,-12.44674297,-12.51142675,2.59013609,0.48562054,41.10737494,1.80820738
2023-06-20,6.08,-0.977198697068,1469040863.04,1362345885.76,241618563.0,224070047.0,-12.32511356,-12.38916526,2.56482531,0.48087506,40.70567421,1.7905376
2023-06-21,6.12,0.657894736842,1478705605.56,1371308687.64,241618563.0,224070047.0,-12.40619983,-12.47067292,2.58169916,0.48403871,40.97347469,1.80231745
2023-06-26,6.03,-1.470588235294,1456959934.89,1351142383.41,241618563.0,224070047.0,-12.22375572,-12.28728067,2.543733,0.47692049,40.3709236,1.77581278
2023-06-27,6.19,2.653399668325,1495618904.97,1386993590.93,241618563.0,224070047.0,-12.54810081,-12.61331134,2.6112284,0.4895751,41.44212555,1.82293219
2023-06-28,6.24,0.807754442649,1507699833.12,1398197093.28,241618563.0,224070047.0,-12.64945865,-12.71519592,2.63232072,0.49352967,41.77687616,1.83765701
2023-06-29,6.6,5.769230769231,1594682515.8,1478862310.2,241618563.0,224070047.0,-13.37923511,-13.44876491,2.78418537,0.52200253,44.18708055,1.94367568
2023-06-30,7.38,11.818181818182,1783144994.94,1650410536.32,241618563.0,223632864.0,-14.96041744,-15.0381644,3.23750448,0.58369374,49.40919007,2.17338281
2023-07-03,8.47,14.769647696477,2046509228.61,1894170358.08,241618563.0,223632864.0,-17.17001839,-17.25924831,3.71567248,0.66990325,56.70675338,2.49438379
2023-07-04,8.19,-3.305785123967,1978856030.97,1831553156.16,241618563.0,223632864.0,-16.60241448,-16.68869464,3.59284033,0.64775769,54.83214996,2.41192482
2023-07-05,7.79,-4.884004884005,1882208605.77,1742100010.56,241618563.0,223632864.0,-15.79155175,-15.87361798,3.41736584,0.61612117,52.15414508,2.2941263
2023-07-06,7.62,-2.182284980745,1841133450.06,1704082423.68,241618563.0,223632864.0,-15.44693508,-15.5272104,3.34278918,0.60267565,51.015993,2.24406192
2023-07-07,7.52,-1.312335958005,1816971593.76,1681719137.28,241618563.0,223632864.0,-15.2442194,-15.32344124,3.29892055,0.59476652,50.34649178,2.21461229
2023-07-10,7.52,0.0,1816971593.76,1681719137.28,241618563.0,223632864.0,-15.2442194,-15.32344124,3.29892055,0.59476652,50.34649178,2.21461229
2023-07-11,7.62,1.329787234043,1841133450.06,1704082423.68,241618563.0,223632864.0,-15.44693508,-15.5272104,3.34278918,0.60267565,51.015993,2.24406192
2023-07-12,7.32,-3.937007874016,1768647881.16,1636992564.48,241618563.0,223632864.0,-14.83878803,-14.91590291,3.2111833,0.57894826,49.00748934,2.15571303
2023-07-13,7.38,0.819672131148,1783144994.94,1650410536.32,241618563.0,223632864.0,-14.96041744,-15.0381644,3.23750448,0.58369374,49.40919007,2.17338281
2023-07-14,7.41,0.406504065041,1790393551.83,1657119522.24,241618563.0,223632864.0,-15.02123215,-15.09929515,3.25066506,0.58606648,49.61004044,2.1822177
2023-07-17,7.4,-0.134952766532,1787977366.2,1654883193.6,241618563.0,223632864.0,-15.00096058,-15.07891824,3.2462782,0.58527557,49.54309032,2.17927273
2023-07-18,7.3,-1.351351351351,1763815509.9,1632519907.2,241618563.0,223632864.0,-14.7982449,-14.87514907,3.20240958,0.57736644,48.8735891,2.1498231
2023-07-19,7.32,0.27397260274,1768647881.16,1636992564.48,241618563.0,223632864.0,-14.83878803,-14.91590291,3.2111833,0.57894826,49.00748934,2.15571303
2023-07-20,7.47,2.049180327869,1804890665.61,1670537494.08,241618563.0,223632864.0,-15.14286156,-15.22155665,3.27698624,0.59081196,50.01174117,2.19988747
2023-07-21,7.68,2.81124497992,1855630563.84,1717500395.52,241618563.0,223632864.0,-15.56856449,-15.6494719,3.36911035,0.60742113,51.41769373,2.2617317
2023-07-24,7.73,0.651041666667,1867711491.99,1728682038.72,241618563.0,223632864.0,-15.66992234,-15.75135648,3.39104466,0.61137569,51.75244434,2.27645652
2023-07-25,7.62,-1.423027166882,1841133450.06,1704082423.68,241618563.0,223632864.0,-15.44693508,-15.5272104,3.34278918,0.60267565,51.015993,2.24406192
2023-07-26,7.73,1.443569553806,1867711491.99,1728682038.72,241618563.0,223632864.0,-15.66992234,-15.75135648,3.39104466,0.61137569,51.75244434,2.27645652
2023-07-27,7.79,0.776196636481,1882208605.77,1742100010.56,241618563.0,223632864.0,-15.79155175,-15.87361798,3.41736584,0.61612117,52.15414508,2.2941263
2023-07-28,7.81,0.256739409499,1887040977.03,1746572667.84,241618563.0,223632864.0,-15.83209488,-15.91437182,3.42613956,0.617703,52.28804532,2.30001622
2023-07-31,7.69,-1.536491677337,1858046749.47,1719736724.16,241618563.0,223632864.0,-15.58883606,-15.66984882,3.37349721,0.60821204,51.48464386,2.26467666
2023-08-01,7.73,0.520156046814,1867711491.99,1728682038.72,241618563.0,223632864.0,-15.66992234,-15.75135648,3.39104466,0.61137569,51.75244434,2.27645652
2023-08-02,7.64,-1.164294954722,1845965821.32,1708555080.96,241618563.0,223632864.0,-15.48747822,-15.56796423,3.3515629,0.60425748,51.14989325,2.24995185
2023-08-03,7.79,1.96335078534,1882208605.77,1742100010.56,241618563.0,223632864.0,-15.79155175,-15.87361798,3.41736584,0.61612117,52.15414508,2.2941263
2023-08-04,7.68,-1.412066752246,1855630563.84,1717500395.52,241618563.0,223632864.0,-15.56856449,-15.6494719,3.36911035,0.60742113,51.41769373,2.2617317
2023-08-07,7.42,-3.385416666667,1792809737.46,1659355850.88,241618563.0,223632864.0,-14.95612989,-15.11967207,3.25505193,0.58685739,40.60222461,2.27047064
2023-08-08,7.47,0.673854447439,1804890665.61,1670537494.08,241618563.0,223632864.0,-15.05691244,-15.22155665,3.27698624,0.59081196,40.87582451,2.2857703
2023-08-09,7.81,4.551539491299,1887040977.03,1746572667.84,241618563.0,223632864.0,-15.74223375,-15.91437182,3.42613956,0.617703,42.7363038,2.38980804
2023-08-10,7.74,-0.89628681178,1870127677.62,1730918367.36,241618563.0,223632864.0,-15.60113819,-15.7717334,3.39543152,0.6121666,42.35326395,2.36838851
2023-08-11,7.88,1.808785529716,1903954276.44,1762226968.32,241618563.0,223632864.0,-15.88332932,-16.05701023,3.4568476,0.62323939,43.11934366,2.41122758
2023-08-14,7.81,-0.888324873096,1887040977.03,1746572667.84,241618563.0,223632864.0,-15.74223375,-15.91437182,3.42613956,0.617703,42.7363038,2.38980804
2023-08-15,7.84,0.384122919334,1894289533.92,1753281653.76,241618563.0,223632864.0,-15.80270328,-15.97550257,3.43930015,0.62007573,42.90046374,2.39898784
2023-08-16,7.77,-0.892857142857,1877376234.51,1737627353.28,241618563.0,223632864.0,-15.66160772,-15.83286415,3.40859211,0.61453934,42.51742389,2.37756831
2023-08-17,7.66,-1.415701415701,1850798192.58,1713027738.24,241618563.0,223632864.0,-15.43988611,-15.60871807,3.36033663,0.6058393,41.91550411,2.34390904
2023-08-18,7.5,-2.088772845953,1812139222.5,1677246480.0,241618563.0,223632864.0,-15.11738196,-15.2826874,3.29014683,0.59318469,41.03998445,2.2949501
2023-08-21,7.57,0.933333333333,1829052521.91,1692900780.48,241618563.0,223632864.0,-15.25847753,-15.42532582,3.32085486,0.59872109,41.4230243,2.31636964
2023-08-22,7.59,0.264200792602,1833884893.17,1697373437.76,241618563.0,223632864.0,-15.29879055,-15.46607965,3.32962859,0.60030291,41.53246426,2.32248951
2023-08-23,7.61,0.263504611331,1838717264.43,1701846095.04,241618563.0,223632864.0,-15.33910357,-15.50683349,3.33840231,0.60188474,41.64190422,2.32860937
2023-08-24,7.61,0.0,1838717264.43,1701846095.04,241618563.0,223632864.0,-15.33910357,-15.50683349,3.33840231,0.60188474,41.64190422,2.32860937
2023-08-25,7.49,-1.576872536137,1809723036.87,1675010151.36,241618563.0,223632864.0,-15.09722546,-15.26231049,3.28575996,0.59239378,40.98526447,2.29189017
2023-08-28,7.64,2.002670226969,1845965821.32,1708555080.96,241618563.0,223632864.0,-15.39957309,-15.56796423,3.3515629,0.60425748,41.80606416,2.33778917
2023-08-29,7.96,4.188481675393,1923283761.48,1780117597.44,241618563.0,223632864.0,-16.04458139,-16.22002556,3.4919425,0.62956669,43.55710349,2.43570704
2023-08-30,7.93,-0.376884422111,1916035204.59,1773408611.52,241618563.0,223632864.0,-15.98411186,-16.15889481,3.47878191,0.62719395,43.39294355,2.42652724
2023-08-31,7.84,-1.134930643127,1894289533.92,1753281653.76,241618563.0,223632864.0,-15.80270328,-15.97550257,3.43930015,0.62007573,42.90046374,2.39898784
2023-09-01,7.82,-0.255102040816,1889457162.66,1748808996.48,241618563.0,223632864.0,-15.76239026,-15.93474873,3.43052642,0.61849391,42.79102378,2.39286798
2023-09-04,7.78,-0.511508951407,1879792420.14,1739863681.92,241618563.0,223632864.0,-15.68176422,-15.85324107,3.41297897,0.61533026,42.57214386,2.38062824
2023-09-05,8.06,3.598971722365,1947445617.78,1802480883.84,241618563.0,223632864.0,-16.24614648,-16.42379473,3.53581112,0.63747582,44.10430328,2.46630638
2023-09-06,7.93,-1.612903225806,1916035204.59,1773408611.52,241618563.0,223632864.0,-15.98411186,-16.15889481,3.47878191,0.62719395,43.39294355,2.42652724
2023-09-07,7.77,-2.017654476671,1877376234.51,1737627353.28,241618563.0,223632864.0,-15.66160772,-15.83286415,3.40859211,0.61453934,42.51742389,2.37756831
2023-09-08,7.74,-0.3861003861,1870127677.62,1730918367.36,241618563.0,223632864.0,-15.60113819,-15.7717334,3.39543152,0.6121666,42.35326395,2.36838851
2023-09-11,8.09,4.521963824289,1954694174.67,1809189869.76,241618563.0,223632864.0,-16.30661601,-16.48492548,3.54897171,0.63984856,44.26846322,2.47548618
2023-09-12,8.85,9.394313967862,2138324282.55,1979150846.4,241618563.0,223632864.0,-17.83851072,-18.03357114,3.88237326,0.69995794,48.42718165,2.70804112
2023-09-13,8.25,-6.779661016949,1993353144.75,1844971128.0,241618563.0,223632864.0,-16.62912016,-16.81095614,3.61916151,0.65250316,45.14398289,2.52444511
2023-09-14,8.29,0.484848484848,2003017887.27,1853916442.56,241618563.0,223632864.0,-16.7097462,-16.89246381,3.63670896,0.65566682,45.36286281,2.53668485
2023-09-15,8.31,0.241254523522,2007850258.53,1858389099.84,241618563.0,223632864.0,-16.75005922,-16.93321764,3.64548268,0.65724864,45.47230277,2.54280472
2023-09-18,8.38,0.842358604091,2024763557.94,1874043400.32,241618563.0,223632864.0,-16.89115478,-17.07585606,3.67619072,0.66278503,45.85534262,2.56422425
2023-09-19,8.34,-0.477326968974,2015098815.42,1865098085.76,241618563.0,223632864.0,-16.81052874,-16.99434839,3.65864327,0.65962138,45.6364627,2.55198452
2023-09-20,8.32,-0.239808153477,2010266444.16,1860625428.48,241618563.0,223632864.0,-16.77021573,-16.95359456,3.64986955,0.65803955,45.52702274,2.54586465
2023-09-21,8.2,-1.442307692308,1981272216.6,1833789484.8,241618563.0,223632864.0,-16.52833761,-16.70907156,3.5972272,0.6485486,44.87038299,2.50914545
2023-09-22,8.22,0.243902439024,1986104587.86,1838262142.08,241618563.0,223632864.0,-16.56865063,-16.74982539,3.60600092,0.65013043,44.97982295,2.51526531
2023-09-25,8.46,2.919708029197,2044093042.98,1891934029.44,241618563.0,223632864.0,-17.05240686,-17.23887139,3.71128562,0.66911234,46.29310245,2.58870372
2023-09-26,8.45,-0.118203309693,2041676857.35,1889697700.8,241618563.0,223632864.0,-17.03225035,-17.21849447,3.70689876,0.66832142,46.23838248,2.58564378
2023-09-27,8.55,1.183431952663,2065838713.65,1912060987.2,241618563.0,223632864.0,-17.23381544,-17.42226364,3.75076738,0.67623055,46.78558227,2.61624312
2023-09-28,8.6,0.584795321637,2077919641.8,1923242630.4,241618563.0,223632864.0,-17.33459799,-17.52414822,3.77270169,0.68018512,47.05918216,2.63154279
2023-10-09,8.73,1.511627906977,2109330054.99,1952314902.72,241618563.0,223632864.0,-17.59663261,-17.78904814,3.75855175,0.69046698,47.77054189,2.67132192
2023-10-10,8.55,-2.061855670103,2065838713.65,1912060987.2,241618563.0,223632864.0,-17.23381544,-17.42226364,3.68105584,0.67623055,46.78558227,2.61624312
2023-10-11,8.63,0.93567251462,2085168198.69,1929951616.32,241618563.0,223632864.0,-17.39506751,-17.58527897,3.71549847,0.68255786,47.2233421,2.64072259
2023-10-12,9.07,5.098493626883,2191480366.41,2028350076.48,241618563.0,223632864.0,-18.28195392,-18.4818633,3.90493292,0.71735802,49.63102119,2.77535966
2023-10-13,9.46,4.299889746417,2285711605.98,2115566893.44,241618563.0,223632864.0,-19.06805778,-19.27656304,4.07284073,0.74820363,51.76510038,2.89469706
2023-10-16,9.64,1.902748414376,2329202947.32,2155820808.96,241618563.0,223632864.0,-19.43087495,-19.64334754,4.15033664,0.76244006,52.75006001,2.94977587
2023-10-17,9.36,-2.904564315353,2261549749.68,2093203607.04,241618563.0,223632864.0,-18.86649269,-19.07279388,4.02978744,0.7402945,51.21790059,2.86409773
2023-10-18,9.05,-3.311965811966,2186647995.15,2023877419.2,241618563.0,223632864.0,-18.2416409,-18.44110947,3.89632226,0.7157762,49.52158123,2.76923979
2023-10-19,8.98,-0.773480662983,2169734695.74,2008223118.72,241618563.0,223632864.0,-18.10054534,-18.29847105,3.86618496,0.71023981,49.13854138,2.74782026
2023-10-20,8.76,-2.449888641425,2116578611.88,1959023888.64,241618563.0,223632864.0,-17.65710213,-17.85017889,3.77146774,0.69283972,47.93470183,2.68050172
2023-10-23,8.53,-2.625570776256,2061006342.39,1907588329.92,241618563.0,223632864.0,-17.19350242,-17.38150981,3.67244518,0.67464873,46.67614231,2.61012325
2023-10-24,8.96,5.041031652989,2164902324.48,2003750461.44,241618563.0,223632864.0,-18.06023232,-18.25771722,3.8575743,0.70865798,49.02910142,2.74170039
2023-10-25,9.36,4.464285714286,2261549749.68,2093203607.04,241618563.0,223632864.0,-21.15682395,-19.07279388,4.02978744,0.7402945,95.12540318,2.94825199
2023-10-26,9.15,-2.24358974359,2210809851.45,2046240705.6,241618563.0,223632864.0,-20.68215162,-18.64487863,3.93937555,0.72368533,92.99117939,2.88210531
2023-10-27,9.66,5.573770491803,2334035318.58,2160293466.24,241618563.0,223632864.0,-21.83492728,-19.68410138,4.1589473,0.76402189,98.17429431,3.04274725
2023-10-30,10.4,7.660455486542,2512833055.2,2325781785.6,241618563.0,223632864.0,-23.50758217,-21.1919932,4.4775416,0.82254944,105.69489242,3.27583555
2023-10-31,10.59,1.826923076923,2558740582.17,2368272029.76,241618563.0,223632864.0,-23.93704761,-21.57915461,4.55934284,0.83757679,107.6258568,3.33568254
2023-11-01,10.63,0.377714825307,2568405324.69,2377217344.32,241618563.0,223632864.0,-24.02746139,-21.66066228,4.57656416,0.84074044,108.03237562,3.34828191
2023-11-02,10.24,-3.668861712135,2474174085.12,2290000527.36,241618563.0,223632864.0,-23.14592706,-20.86596253,4.40865635,0.80989484,104.06881715,3.22543808
2023-11-03,10.13,-1.07421875,2447596043.19,2265400912.32,241618563.0,223632864.0,-22.89728917,-20.64181645,4.36129773,0.80119479,102.95089041,3.19078982
2023-11-06,10.2,0.691016781836,2464509342.6,2281055212.8,241618563.0,223632864.0,-23.05551328,-20.78445487,4.39143503,0.80673118,103.66229834,3.21283871
2023-11-07,10.22,0.196078431373,2469341713.86,2285527870.08,241618563.0,223632864.0,-23.10072017,-20.8252087,4.40004569,0.80831301,103.86555775,3.21913839
2023-11-08,10.4,1.761252446184,2512833055.2,2325781785.6,241618563.0,223632864.0,-23.50758217,-21.1919932,4.4775416,0.82254944,105.69489242,3.27583555
2023-11-09,10.13,-2.596153846154,2447596043.19,2265400912.32,241618563.0,223632864.0,-22.89728917,-20.64181645,4.36129773,0.80119479,102.95089041,3.19078982
2023-11-10,10.1,-0.296150049358,2440347486.3,2258691926.4,241618563.0,223632864.0,-22.82947883,-20.5806857,4.34838175,0.79882206,102.64600129,3.18134029
2023-11-13,10.22,1.188118811881,2469341713.86,2285527870.08,241618563.0,223632864.0,-23.10072017,-20.8252087,4.40004569,0.80831301,103.86555775,3.21913839
2023-11-14,10.12,-0.978473581213,2445179857.56,2263164583.68,241618563.0,223632864.0,-22.87468572,-20.62143954,4.35699241,0.80040388,102.8492607,3.18763997
2023-11-15,10.17,0.494071146245,2457260785.71,2274346226.88,241618563.0,223632864.0,-22.98770294,-20.72332412,4.37851905,0.80435845,103.35740922,3.20338918
2023-11-16,10.15,-0.196656833825,2452428414.45,2269873569.6,241618563.0,223632864.0,-22.94249606,-20.68257029,4.36990839,0.80277662,103.15414982,3.1970895
2023-11-17,10.42,2.660098522167,2517665426.46,2330254442.88,241618563.0,223632864.0,-23.55278905,-21.23274703,4.48615226,0.82413127,105.89815183,3.28213523
2023-11-20,10.33,-0.863723608445,2495919755.79,2310127485.12,241618563.0,223632864.0,-23.34935806,-21.04935478,4.4474043,0.81701305,104.98348449,3.25378665
2023-11-21,10.69,3.484995159729,2582902438.47,2390635316.16,241618563.0,223632864.0,-24.16308205,-21.78292378,4.60239613,0.84548592,108.64215384,3.36718096
2023-11-22,10.54,-1.403180542563,2546659654.02,2357090386.56,241618563.0,223632864.0,-23.82403039,-21.47727003,4.5378162,0.83362222,107.11770828,3.31993333
2023-11-23,10.94,3.795066413662,2643307079.22,2446543532.16,241618563.0,223632864.0,-24.72816816,-22.29234669,4.71002934,0.86525874,111.18289645,3.44592701
2023-11-24,10.74,-1.828153564899,2594983366.62,2401816959.36,241618563.0,223632864.0,-24.27609928,-21.88480836,4.62392277,0.84944048,109.15030237,3.38293017
2023-11-27,10.49,-2.327746741155,2534578725.87,2345908743.36,241618563.0,223632864.0,-23.71101317,-21.37538545,4.51628956,0.82966766,106.60955976,3.30418412
2023-11-28,10.5,0.095328884652,2536994911.5,2348145072.0,241618563.0,223632864.0,-23.73361661,-21.39576236,4.52059489,0.83045857,106.71118946,3.30733397
2023-11-29,10.48,-0.190476190476,2532162540.24,2343672414.72,241618563.0,223632864.0,-23.68840972,-21.35500853,4.51198423,0.82887675,106.50793006,3.30103428
2023-11-30,10.56,0.763358778626,2551492025.28,2361563043.84,241618563.0,223632864.0,-23.86923728,-21.51802386,4.54642686,0.83520405,107.32096769,3.32623302
2023-12-01,10.75,1.799242424242,2597399552.25,2404053288.0,241618563.0,223632864.0,-24.29870272,-21.90518528,4.6282281,0.8502314,109.25193207,3.38608001
2023-12-04,10.77,0.186046511628,2602231923.51,2408525945.28,241618563.0,223632864.0,-24.34390961,-21.94593911,4.63683876,0.85181322,109.45519148,3.3923797
2023-12-05,10.46,-2.878365831012,2527330168.98,2339199757.44,241618563.0,223632864.0,-23.64320283,-21.3142547,4.50337357,0.82729492,106.30467065,3.2947346
2023-12-06,10.45,-0.095602294455,2524913983.35,2336963428.8,241618563.0,223632864.0,-23.62059939,-21.29387778,4.49906825,0.82650401,106.20304094,3.29158476
2023-12-07,10.16,-2.775119617225,2454844600.08,2272109898.24,241618563.0,223632864.0,-22.9650995,-20.7029472,4.37421372,0.80356753,103.25577952,3.20023934
2023-12-08,9.63,-5.216535433071,2326786761.69,2153584480.32,241618563.0,223632864.0,-21.76711695,-19.62297063,4.14603131,0.76164915,97.86940519,3.03329772
2023-12-11,9.95,3.322949117342,2404104701.85,2225146996.8,241618563.0,223632864.0,-22.49042717,-20.27503196,4.28380182,0.78695836,101.12155573,3.13409266
2023-12-12,9.85,-1.005025125628,2379942845.55,2202783710.4,241618563.0,223632864.0,-22.26439272,-20.07126279,4.24074854,0.77904923,100.10525869,3.10259424
2023-12-13,10.25,4.060913705584,2476590270.75,2292236856.0,241618563.0,223632864.0,-23.1685305,-20.88633945,4.41296168,0.81068575,104.17044686,3.22858792
2023-12-14,10.22,-0.292682926829,2469341713.86,2285527870.08,241618563.0,223632864.0,-23.10072017,-20.8252087,4.40004569,0.80831301,103.86555775,3.21913839
2023-12-15,9.86,-3.522504892368,2382359031.18,2205020039.04,241618563.0,223632864.0,-22.28699617,-20.09163971,4.24505387,0.77984015,100.20688839,3.10574409
2023-12-18,10.04,1.825557809331,2425850372.52,2245273954.56,241618563.0,223632864.0,-22.69385817,-20.4584242,4.32254978,0.79407658,102.03622307,3.16244124
2023-12-19,9.8,-2.390438247012,2367861917.4,2191602067.2,241618563.0,223632864.0,-22.1513755,-19.96937821,4.2192219,0.77509467,99.59711017,3.08684503
2023-12-20,9.84,0.408163265306,2377526659.92,2200547381.76,241618563.0,223632864.0,-22.24178928,-20.05088587,4.23644321,0.77825832,100.00362898,3.0994444
2023-12-21,9.81,-0.30487804878,2370278103.03,2193838395.84,241618563.0,223632864.0,-22.17397895,-19.98975512,4.22352722,0.77588558,99.69873987,3.08999488
2023-12-22,9.64,-1.732925586137,2329202947.32,2155820808.96,241618563.0,223632864.0,-21.78972039,-19.64334754,4.15033664,0.76244006,97.9710349,3.03644756
2023-12-25,9.61,-0.311203319502,2321954390.43,2149111823.04,241618563.0,223632864.0,-21.72191006,-19.58221679,4.13742065,0.76006732,97.66614579,3.02699804
2023-12-26,9.47,-1.456815816857,2288127791.61,2117803222.08,241618563.0,223632864.0,-21.40546184,-19.29693996,4.07714606,0.74899454,96.24332993,2.98290025
2023-12-27,9.44,-0.316789862724,2280879234.72,2111094236.16,241618563.0,223632864.0,-21.3376515,-19.23580921,4.06423007,0.7466218,95.93844081,2.97345073
2023-12-28,9.33,-1.165254237288,2254301192.79,2086494621.12,241618563.0,223632864.0,-21.08901362,-19.01166313,4.01687146,0.73792176,94.82051407,2.93880247
2023-12-29,9.63,3.215434083601,2326786761.69,2153584480.32,241618563.0,223632864.0,-21.76711695,-19.62297063,4.14603131,0.76164915,97.86940519,3.03329772
2024-01-02,9.91,2.907580477674,2394439959.33,2229964006.45,241618563.0,225021595.0,-22.40001339,95.03410065,3.98985202,0.84141155,100.71503691,3.12149329
2024-01-03,9.84,-0.706357214934,2377526659.92,2214212494.8,241618563.0,225021595.0,-22.24178928,94.36282042,3.96166941,0.83546818,100.00362898,3.0994444
2024-01-04,9.83,-0.10162601626,2375110474.29,2211962278.85,241618563.0,225021595.0,-22.21918584,94.26692324,3.95764333,0.83461913,99.90199928,3.09629456
2024-01-05,9.58,-2.543234994914,2314705833.54,2155706880.1,241618563.0,225021595.0,-21.65409973,91.86949386,3.85699116,0.8133928,97.36125667,3.01754851
2024-01-08,9.3,-2.922755741127,2247052635.9,2092700833.5,241618563.0,225021595.0,-21.02120328,89.18437296,3.74426073,0.78961932,94.51562495,2.92935294
2024-01-09,9.46,1.720430107527,2285711605.98,2128704288.7,241618563.0,225021595.0,-21.38285839,90.71872776,3.80867812,0.80320417,96.14170022,2.97975041
2024-01-10,9.36,-1.057082452431,2261549749.68,2106202129.2,241618563.0,225021595.0,-21.15682395,89.75975601,3.76841725,0.79471364,95.12540318,2.94825199
2024-01-11,9.39,0.320512820513,2268798306.57,2112952777.05,241618563.0,225021595.0,-21.22463428,90.04744753,3.78049551,0.79726079,95.43029229,2.95770152
2024-01-12,9.17,-2.34291799787,2215642222.71,2063448026.15,241618563.0,225021595.0,-20.72735851,87.93770968,3.6919216,0.77858163,93.1944388,2.888405
2024-01-15,9.26,0.981461286805,2237387893.38,2083699969.7,241618563.0,225021595.0,-20.93078951,88.80078426,3.72815638,0.7862231,94.10910614,2.91675357
2024-01-16,9.46,2.159827213823,2285711605.98,2128704288.7,241618563.0,225021595.0,-21.38285839,90.71872776,3.80867812,0.80320417,96.14170022,2.97975041
2024-01-17,9.1,-3.805496828753,2198728923.3,2047696514.5,241618563.0,225021595.0,-20.5691344,87.26642945,3.66373899,0.77263826,92.48303087,2.8663561
2024-01-18,9.15,0.549450549451,2210809851.45,2058947594.25,241618563.0,225021595.0,-20.68215162,87.74591533,3.68386943,0.77688352,92.99117939,2.88210531
2024-01-19,8.9,-2.732240437158,2150405210.7,2002692195.5,241618563.0,225021595.0,-20.11706551,85.34848595,3.58321726,0.7556572,90.45043678,2.80335927
2024-01-22,8.45,-5.056179775281,2041676857.35,1901432477.75,241618563.0,225021595.0,-19.09991051,81.03311306,3.40204335,0.71744981,85.87710009,2.66161638
2024-01-23,8.46,0.118343195266,2044093042.98,1903682693.7,241618563.0,225021595.0,-19.12251395,81.12901024,3.40606944,0.71829886,85.9787298,2.66476622
2024-01-24,8.32,-1.654846335697,2010266444.16,1872179670.4,241618563.0,225021595.0,-18.80606573,79.78644979,3.34970422,0.70641212,84.55591394,2.62066844
2024-01-25,8.72,4.807692307692,2106913869.36,1962188308.4,241618563.0,225021595.0,-19.71020351,83.62233679,3.51074769,0.74037424,88.62110211,2.74666211
2024-01-26,8.69,-0.344036697248,2099665312.47,1955437660.55,241618563.0,225021595.0,-19.64239318,83.33464527,3.49866943,0.73782708,88.31621299,2.73721259
2024-01-29,8.33,-4.142692750288,2012682629.79,1874429886.35,241618563.0,225021595.0,-18.82866918,79.88234696,3.35373031,0.70726117,84.65754364,2.62381828
2024-01-30,8.17,-1.920768307323,1974023659.71,1838426431.15,241618563.0,225021595.0,-18.46701407,78.34799216,3.28931292,0.69367632,83.03146837,2.57342081
2024-01-31,7.56,-7.466340269278,1826636336.28,1701163258.2,241618563.0,225021595.0,-17.08820396,72.49826447,3.04372162,0.64188409,76.83205641,2.38128045
2024-02-01,7.63,0.925925925926,1843549635.69,1716914769.85,241618563.0,225021595.0,-17.24642807,73.16954469,3.07190423,0.64782746,77.54346434,2.40332935
2024-02-02,7.07,-7.339449541284,1708243240.41,1590902676.65,241618563.0,225021595.0,-15.98063518,67.79930288,2.84644337,0.60028049,71.85220091,2.2269382
2024-02-05,6.11,-13.578500707214,1476289419.93,1374881945.45,241618563.0,225021595.0,-13.81070452,58.59317406,2.45993904,0.5187714,62.0957493,1.92455338
2024-02-06,6.08,-0.490998363339,1469040863.04,1368131297.6,241618563.0,225021595.0,-13.74289419,58.30548254,2.44786078,0.51622424,61.79086018,1.91510386
2024-02-07,5.21,-14.309210526316,1258832713.23,1172362509.95,241618563.0,225021595.0,-11.77639453,49.96242829,2.09759122,0.44235663,52.94907592,1.64106762
2024-02-08,6.01,15.355086372361,1452127563.63,1352379785.95,241618563.0,225021595.0,-13.58467008,57.63420231,2.41967817,0.51028087,61.07945226,1.89305496
2024-02-19,6.58,9.484193011647,1589850144.54,1480642095.1,241618563.0,225021595.0,-14.87306641,63.1003413,2.64916512,0.55867689,66.8723454,2.07259595
2024-02-20,7.17,8.966565349544,1732405096.71,1613404836.15,241618563.0,225021595.0,-16.20666963,68.75827463,2.88670424,0.60877102,72.86849795,2.25843662
2024-02-21,7.09,-1.115760111576,1713075611.67,1595403108.55,241618563.0,225021595.0,-16.02584207,67.99109723,2.85449554,0.6019786,72.05546031,2.23323789
2024-02-22,7.24,2.115655853315,1749318396.12,1629156347.8,241618563.0,225021595.0,-16.36489374,69.42955486,2.91488685,0.61471439,73.57990588,2.28048552
2024-02-23,7.39,2.07182320442,1785561180.57,1662909587.05,241618563.0,225021595.0,-16.7039454,70.86801249,2.97527815,0.62745019,75.10435144,2.32773314
2024-02-26,7.71,4.330175913396,1862879120.73,1734916497.45,241618563.0,225021595.0,-17.42725562,73.9367221,3.10411293,0.65461989,78.35650198,2.42852808
2024-02-27,7.84,1.686121919585,1894289533.92,1764169304.8,241618563.0,225021595.0,-17.7211004,75.18338537,3.15645205,0.66565757,79.67768813,2.46947603
2024-02-28,7.23,-7.780612244898,1746902210.49,1626906131.85,241618563.0,225021595.0,-16.34229029,69.33365769,2.91086076,0.61386534,73.47827617,2.27733567
2024-02-29,7.36,1.79806362379,1778312623.68,1656158939.2,241618563.0,225021595.0,-16.63613507,70.58032096,2.96319989,0.62490303,74.79946233,2.31828362
2024-03-01,7.48,1.630434782609,1807306851.24,1683161530.6,241618563.0,225021595.0,-16.9073764,71.73108707,3.01151293,0.63509167,76.01901878,2.35608172
2024-03-04,7.91,5.748663101604,1911202833.33,1779920816.45,241618563.0,225021595.0,-17.87932451,75.8546656,3.18463466,0.67160095,80.38909606,2.49152492
2024-03-05,7.68,-2.907711757269,1855630563.84,1728165849.6,241618563.0,225021595.0,-17.35944529,73.64903057,3.09203467,0.65207273,78.05161287,2.41907856
2024-03-06,7.85,2.213541666667,1896705719.55,1766419520.75,241618563.0,225021595.0,-17.74370385,75.27928255,3.16047814,0.66650663,79.77931784,2.47262587
2024-03-07,7.69,-2.03821656051,1858046749.47,1730416065.55,241618563.0,225021595.0,-17.38204874,73.74492775,3.09606075,0.65292178,78.15324257,2.4222284
2024-03-08,7.77,1.040312093628,1877376234.51,1748417793.15,241618563.0,225021595.0,-17.56287629,74.51210515,3.12826945,0.6597142,78.9662802,2.44742713
2024-03-11,8.02,3.217503217503,1937780875.26,1804673191.9,241618563.0,225021595.0,-18.1279624,76.90953453,3.22892162,0.68094053,81.50702281,2.52617318
2024-03-12,9.1,13.466334164589,2198728923.3,2047696514.5,241618563.0,225021595.0,-20.5691344,87.26642945,3.66373899,0.77263826,92.48303087,2.8663561
2024-03-13,9.43,3.626373626374,2278463049.09,2121953640.85,241618563.0,225021595.0,-21.31504806,90.43103623,3.79659986,0.80065701,95.83681111,2.97030088
2024-03-14,9.59,1.6967126193,2317122019.17,2157957096.05,241618563.0,225021595.0,-21.67670317,91.96539104,3.86101724,0.81424185,97.46288638,3.02069835
2024-03-15,10.08,5.109489051095,2435515115.04,2268217677.6,241618563.0,225021595.0,-22.78427195,96.66435262,4.0582955,0.85584545,102.44274189,3.17504061
2024-03-18,11.0,9.126984126984,2657804193.0,2475237545.0,241618563.0,225021595.0,-24.86378883,105.48689274,4.42869548,0.93395833,111.79267468,3.46482606
2024-03-19,9.81,-10.818181818182,2370278103.03,2207461846.95,241618563.0,225021595.0,94.07512889,94.07512889,3.94959115,0.83292102,62.68194451,2.96542346
2024-03-20,9.7,-1.12130479103,2343700061.1,2182709471.5,241618563.0,225021595.0,93.02025997,93.02025997,3.9053042,0.82358144,61.97908887,2.93217202
2024-03-21,9.18,-5.360824742268,2218058408.34,2065698242.1,241618563.0,225021595.0,88.03360685,88.03360685,3.69594769,0.77943068,58.65649854,2.77498342
2024-03-22,8.85,-3.59477124183,2138324282.55,1991441115.75,241618563.0,225021595.0,84.86900007,84.86900007,3.56308682,0.75141193,56.5479316,2.67522911
2024-03-25,8.69,-1.80790960452,2099665312.47,1955437660.55,241618563.0,225021595.0,83.33464527,83.33464527,3.49866943,0.73782708,55.52559611,2.62686339
2024-03-26,8.86,1.956271576525,2140740468.18,1993691331.7,241618563.0,225021595.0,84.96489725,84.96489725,3.56711291,0.75226098,56.61182756,2.67825197
2024-03-27,9.03,1.918735891648,2181815623.89,2031945002.85,241618563.0,225021595.0,86.59514923,86.59514923,3.63555638,0.76669489,57.69805902,2.72964055
2024-03-28,9.03,0.0,2181815623.89,2031945002.85,241618563.0,225021595.0,86.59514923,86.59514923,3.63555638,0.76669489,57.69805902,2.72964055
2024-03-29,9.05,0.221483942414,2186647995.15,2036445434.75,241618563.0,225021595.0,86.78694358,86.78694358,3.64360856,0.76839299,57.82585095,2.73568627
2024-04-01,10.86,20.0,2623977594.18,2443734521.7,241618563.0,225021595.0,104.14433229,104.14433229,4.24305626,0.92207159,69.39102114,3.28282352
2024-04-02,11.06,1.841620626151,2672301306.78,2488738840.7,241618563.0,225021595.0,106.0622758,106.0622758,4.32119726,0.93905265,70.6689405,3.34328068
2024-04-03,10.96,-0.904159132007,2648139450.48,2466236681.2,241618563.0,225021595.0,105.10330404,105.10330404,4.28212676,0.93056212,70.02998082,3.3130521
2024-04-08,9.95,-9.215328467153,2404104701.85,2238964870.25,241618563.0,225021595.0,95.41768935,95.41768935,3.88751472,0.84480776,63.57648806,3.00774347
2024-04-09,10.31,3.618090452261,2491087384.53,2319972644.45,241618563.0,225021595.0,98.86998765,98.86998765,4.02816851,0.87537367,65.87674291,3.11656634
2024-04-10,9.99,-3.103782735209,2413769444.37,2247965734.05,241618563.0,225021595.0,95.80127805,95.80127805,3.90314291,0.84820398,63.83207194,3.0198349
2024-04-11,10.03,0.4004004004,2423434186.89,2256966597.85,241618563.0,225021595.0,96.18486675,96.18486675,3.91877111,0.85160019,64.08765581,3.03192633
2024-04-12,10.44,4.087736789631,2522497797.72,2349225451.8,241618563.0,225021595.0,100.11665093,100.11665093,4.07896016,0.88641136,66.70739049,3.1558635
2024-04-15,9.32,-10.727969348659,2251885007.16,2097201265.4,241618563.0,225021595.0,49.34367432,89.37616731,3.64137057,0.79131742,28.19621859,2.79524229
2024-04-16,7.96,-14.592274678112,1923283761.48,1791171896.2,241618563.0,225021595.0,42.14330983,76.33415148,3.11001177,0.67584621,24.08174892,2.38735286
2024-04-17,8.61,8.165829145729,2080335827.43,1937435932.95,241618563.0,225021595.0,45.58466051,82.56746787,3.36397002,0.73103466,26.0482234,2.58230002
2024-04-18,8.33,-3.252032520325,2012682629.79,1874429886.35,241618563.0,225021595.0,44.10223252,79.88234696,3.25457262,0.70726117,25.2011267,2.49832278
2024-04-19,8.1,-2.761104441777,1957110360.3,1822674919.5,241618563.0,225021595.0,42.88452382,77.67671193,3.16471047,0.68773295,24.50529727,2.42934148
2024-04-22,7.87,-2.83950617284,1901538090.81,1770919952.65,241618563.0,225021595.0,41.66681512,75.4710769,3.07484832,0.66820473,23.80946784,2.36036018
2024-04-23,8.18,3.939008894536,1976439845.34,1840676647.1,241618563.0,225021595.0,43.30807467,78.44388933,3.19596687,0.69452538,24.7473249,2.45333497
2024-04-24,8.04,-1.711491442543,1942613246.52,1809173623.8,241618563.0,225021595.0,42.56686068,77.10132888,3.14126817,0.68263864,24.32377655,2.41134636
2024-04-25,8.51,5.845771144279,2056173971.13,1914933773.45,241618563.0,225021595.0,45.05522194,81.60849611,3.32489952,0.72254413,25.74568886,2.55230815
2024-04-26,8.73,2.585193889542,2109330054.99,1964438524.35,241618563.0,225021595.0,46.21998679,83.71823397,3.41085462,0.74122329,26.41126484,2.61829026
2024-04-29,8.85,1.374570446735,2138324282.55,1991441115.75,241618563.0,225021595.0,46.85531306,84.86900007,3.45773922,0.75141193,26.77430628,2.6542805
2024-04-30,9.0,1.694915254237,2174567067.0,2025194355.0,241618563.0,225021595.0,47.64947091,86.3074577,3.51634497,0.76414773,27.22810808,2.69926831
2024-05-06,9.3,3.333333333333,2247052635.9,2092700833.5,241618563.0,225021595.0,49.23778661,89.18437296,3.63355647,0.78961932,28.13571168,2.78924392
2024-05-07,9.62,3.440860215054,2324370576.06,2164707743.9,241618563.0,225021595.0,50.93199002,92.25308256,3.75858207,0.81678901,29.10382219,2.8852179
2024-05-08,10.12,5.197505197505,2445179857.56,2277218541.4,241618563.0,225021595.0,53.57918285,97.04794133,3.95393456,0.85924167,30.61649486,3.03517725
2024-05-09,9.49,-6.225296442688,2292960162.87,2135454936.55,241618563.0,225021595.0,50.24371989,91.00641929,3.70779042,0.80575132,28.7105273,2.84622847
2024-05-10,9.56,0.737618545838,2309873462.28,2151206448.2,241618563.0,225021595.0,50.61432688,91.67769951,3.73513977,0.8116947,28.92230147,2.86722278
2024-05-13,9.13,-4.497907949791,2205977480.19,2054447162.35,241618563.0,225021595.0,48.33774105,87.55412098,3.56713662,0.77518542,27.62140298,2.73825774
2024-05-14,9.47,3.723986856517,2288127791.61,2130954504.65,241618563.0,225021595.0,50.13783217,90.81462494,3.69997632,0.80405322,28.65002039,2.8402301
2024-05-15,9.29,-1.900739176346,2244636450.27,2090450617.55,241618563.0,225021595.0,49.18484275,89.08847578,3.62964942,0.78877026,28.10545823,2.78624473
2024-05-16,9.55,2.798708288482,2307457276.65,2148956232.25,241618563.0,225021595.0,50.56138302,91.58180234,3.73123272,0.81084564,28.89204802,2.86422359
2024-05-17,9.26,-3.03664921466,2237387893.38,2083699969.7,241618563.0,225021595.0,49.02601118,88.80078426,3.61792827,0.7862231,28.01469787,2.77724717
2024-05-20,9.19,-0.755939524838,2220474593.97,2067948458.05,241618563.0,225021595.0,48.65540419,88.12950403,3.59057892,0.78027973,27.8029237,2.75625286
2024-05-21,9.3,1.196953210011,2247052635.9,2092700833.5,241618563.0,225021595.0,49.23778661,89.18437296,3.63355647,0.78961932,28.13571168,2.78924392
2024-05-22,9.78,5.161290322581,2363029546.14,2200711199.1,241618563.0,225021595.0,51.77909173,93.78743737,3.82109487,0.83037386,29.58787745,2.9332049
2024-05-23,9.16,-6.339468302658,2213226037.08,2061197810.2,241618563.0,225021595.0,48.49657262,87.8418125,3.57885777,0.77773257,27.71216334,2.7472553
2024-05-24,9.88,7.860262008734,2387191402.44,2223213358.6,241618563.0,225021595.0,52.30853029,94.74640912,3.86016537,0.83886439,29.89041198,2.96319677
2024-05-27,11.86,20.04048582996,2865596157.18,2668756116.7,241618563.0,225021595.0,62.79141389,113.73404981,4.63376126,1.00697689,35.88059576,3.55703579
2024-05-28,10.65,-10.202360876897,2573237695.95,2396479986.75,241618563.0,225021595.0,56.38520725,102.13049161,4.16100821,0.90424148,32.2199279,3.19413417
2024-05-29,9.8,-7.981220657277,2367861917.4,2205211631.0,241618563.0,225021595.0,51.88497944,93.97923172,3.82890897,0.83207197,29.64838435,2.93920327
2024-05-30,9.12,-6.938775510204,2203561294.56,2052196946.4,241618563.0,225021595.0,48.28479719,87.4582238,3.56322957,0.77433636,27.59114952,2.73525855
2024-05-31,9.2,0.877192982456,2222890779.6,2070198674.0,241618563.0,225021595.0,48.70834804,88.2254012,3.59448597,0.78112879,27.83317715,2.75925205
2024-06-03,8.69,-5.54347826087,2099665312.47,1955437660.55,241618563.0,225021595.0,46.00821136,83.33464527,3.39522642,0.73782708,26.29025102,2.60629351
2024-06-04,8.73,0.460299194476,2109330054.99,1964438524.35,241618563.0,225021595.0,46.21998679,83.71823397,3.41085462,0.74122329,26.41126484,2.61829026
2024-06-05,8.46,-3.092783505155,2044093042.98,1903682693.7,241618563.0,225021595.0,44.79050266,81.12901024,3.30536427,0.71829886,25.5944216,2.53731221
2024-06-06,8.03,-5.082742316785,1940197060.89,1806923407.85,241618563.0,225021595.0,42.51391683,77.0054317,3.13736112,0.68178958,24.2935231,2.40834717
2024-06-07,8.27,2.988792029888,1998185516.01,1860928590.65,241618563.0,225021595.0,43.78456938,79.30696391,3.23113032,0.70216685,25.01960598,2.48032766
2024-06-11,8.36,1.088270858525,2019931186.68,1881180534.2,241618563.0,225021595.0,44.26106409,80.17003849,3.26629377,0.70980833,25.29188706,2.50732034
2024-06-12,8.55,2.272727272727,2065838713.65,1923934637.25,241618563.0,225021595.0,45.26699737,81.99208482,3.34052772,0.72594034,25.86670268,2.56430489
2024-06-13,8.37,-2.105263157895,2022347372.31,1883430750.15,241618563.0,225021595.0,44.31400795,80.26593566,3.27020082,0.71065739,25.32214052,2.51031953
2024-06-14,8.43,0.716845878136,2036844486.09,1896932045.85,241618563.0,225021595.0,44.63167109,80.84131871,3.29364312,0.7157517,25.50366124,2.52831465
2024-06-17,8.25,-2.135231316726,1993353144.75,1856428158.75,241618563.0,225021595.0,43.67868167,79.11516956,3.22331622,0.70046875,24.95909907,2.47432928
2024-06-18,8.32,0.848484848485,2010266444.16,1872179670.4,241618563.0,225021595.0,44.04928867,79.78644979,3.25066557,0.70641212,25.17087325,2.49532359
2024-06-19,8.54,2.644230769231,2063422528.02,1921684421.3,241618563.0,225021595.0,45.21405351,81.89618764,3.33662067,0.72509129,25.83644922,2.56130571
2024-06-20,8.53,-0.117096018735,2061006342.39,1919434205.35,241618563.0,225021595.0,45.16110965,81.80029046,3.33271362,0.72424223,25.80619577,2.55830652
2024-06-21,8.22,-3.634232121923,1986104587.86,1849677510.9,241618563.0,225021595.0,43.5198501,78.82747803,3.21159507,0.69792159,24.86833871,2.46533172
2024-06-24,7.77,-5.474452554745,1877376234.51,1748417793.15,241618563.0,225021595.0,41.13737656,74.51210515,3.03577782,0.6597142,23.50693331,2.33036831
2024-06-25,7.76,-0.1287001287,1874960048.88,1746167577.2,241618563.0,225021595.0,41.0844327,74.41620797,3.03187077,0.65886515,23.47667986,2.32736912
2024-06-26,7.95,2.448453608247,1920867575.85,1788921680.25,241618563.0,225021595.0,42.09036597,76.2382543,3.10610472,0.67499716,24.05149547,2.38435367
2024-06-27,7.76,-2.389937106918,1874960048.88,1746167577.2,241618563.0,225021595.0,41.0844327,74.41620797,3.03187077,0.65886515,23.47667986,2.32736912
2024-06-28,7.86,1.288659793814,1899121905.18,1768669736.7,241618563.0,225021595.0,41.61387126,75.37517972,3.07094127,0.66735568,23.77921439,2.35736099
2024-07-01,8.28,5.343511450382,2000601701.64,1863178806.6,241618563.0,225021595.0,43.83751324,79.40286108,3.15734086,0.70301591,25.04985943,2.48332684
2024-07-02,8.21,-0.845410628019,1983688402.23,1847427294.95,241618563.0,225021595.0,43.46690624,78.73158086,3.13064837,0.69707254,24.83808526,2.46233253
2024-07-03,8.13,-0.974421437272,1964358917.19,1829425567.35,241618563.0,225021595.0,43.04335539,77.96440346,3.10014266,0.69028011,24.59605763,2.43833904
2024-07-04,7.81,-3.936039360394,1887040977.03,1757418656.95,241618563.0,225021595.0,41.34915198,74.89569385,2.97811983,0.66311042,23.62794712,2.34236505
2024-07-05,7.97,2.048655569782,1925699947.11,1793422112.15,241618563.0,225021595.0,42.19625369,76.43004865,3.03913124,0.67669526,24.11200238,2.39035205
2024-07-08,7.75,-2.76035131744,1872543863.25,1743917361.25,241618563.0,225021595.0,41.03148884,74.3203108,2.95524054,0.6580161,23.4464264,2.32436993
2024-07-09,7.81,0.774193548387,1887040977.03,1757418656.95,241618563.0,225021595.0,41.34915198,74.89569385,2.97811983,0.66311042,23.62794712,2.34236505
2024-07-10,7.74,-0.89628681178,1870127677.62,1741667145.3,241618563.0,225021595.0,40.97854499,74.22441362,2.95142733,0.65716704,23.41617295,2.32137075
2024-07-11,7.91,2.196382428941,1911202833.33,1779920816.45,241618563.0,225021595.0,41.87859055,75.8546656,3.01625196,0.67160095,23.93048166,2.37235692
2024-07-12,7.98,0.884955752212,1928116132.74,1795672328.1,241618563.0,225021595.0,42.24919754,76.52594583,3.04294446,0.67754432,24.14225583,2.39335123
2024-07-15,7.77,-2.631578947368,1877376234.51,1748417793.15,241618563.0,225021595.0,41.13737656,74.51210515,2.96286697,0.6597142,23.50693331,2.33036831
2024-07-16,7.69,-1.029601029601,1858046749.47,1730416065.55,241618563.0,225021595.0,40.7138257,73.74492775,2.93236126,0.65292178,23.26490568,2.30637481
2024-07-17,7.59,-1.300390117035,1833884893.17,1707913906.05,241618563.0,225021595.0,40.18438714,72.78595599,2.89422913,0.64443125,22.96237115,2.27638294
2024-07-18,7.7,1.449275362319,1860462935.1,1732666281.5,241618563.0,225021595.0,40.76676956,73.84082492,2.93617448,0.65377083,23.29515914,2.309374
2024-07-19,7.65,-0.649350649351,1848382006.95,1721415201.75,241618563.0,225021595.0,40.50205028,73.36133905,2.91710841,0.64952557,23.14389187,2.29437806
2024-07-22,7.81,2.091503267974,1887040977.03,1757418656.95,241618563.0,225021595.0,41.34915198,74.89569385,2.97811983,0.66311042,23.62794712,2.34236505
2024-07-23,8.18,4.737516005122,1976439845.34,1840676647.1,241618563.0,225021595.0,43.30807467,78.44388933,3.11920873,0.69452538,24.7473249,2.45333497
2024-07-24,7.81,-4.523227383863,1887040977.03,1757418656.95,241618563.0,225021595.0,41.34915198,74.89569385,2.97811983,0.66311042,23.62794712,2.34236505
2024-07-25,7.67,-1.79257362356,1853214378.21,1725915633.65,241618563.0,225021595.0,40.60793799,73.5531334,2.92473483,0.65122367,23.20439878,2.30037644
2024-07-26,7.76,1.173402868318,1929668048.88,1746167577.2,248668563.0,225021595.0,42.28320338,76.58754059,3.04539368,0.67808966,24.16168763,2.39527761
2024-07-29,7.62,-1.80412371134,1894854450.06,1714664553.9,248668563.0,225021595.0,41.52036209,75.20580661,2.99045101,0.66585609,23.72578089,2.35206384
2024-07-30,7.67,0.656167979003,1907287878.21,1725915633.65,248668563.0,225021595.0,41.79280541,75.69928303,3.0100734,0.67022522,23.88146187,2.36749733
2024-07-31,7.97,3.911342894394,1981888447.11,1793422112.15,248668563.0,225021595.0,43.42746533,78.66014156,3.12780769,0.69644003,24.81554773,2.46009827
2024-08-01,8.06,1.129234629862,2004268617.78,1813674055.7,248668563.0,225021595.0,43.91786331,79.54839912,3.16312798,0.70430447,25.09577349,2.48787855
2024-08-02,8.51,5.583126550868,2116169471.13,1914933773.45,248668563.0,225021595.0,46.3698532,83.98968691,3.33972941,0.74362668,26.49690228,2.62677996
2024-08-05,8.68,1.997649823737,2158443126.84,1953187444.6,248668563.0,225021595.0,47.29616049,85.66750674,3.40644551,0.75848174,27.0262176,2.67925382
2024-08-06,9.1,4.838709677419,2262883923.3,2047696514.5,248668563.0,225021595.0,49.58468438,89.81270868,3.57127352,0.79518247,28.33393781,2.80889514
2024-08-07,8.62,-5.274725274725,2143523013.06,1939686148.9,248668563.0,225021595.0,46.9692285,85.07533503,3.38289865,0.75323878,26.83940043,2.66073364
2024-08-08,8.8,2.088167053364,2188283354.4,1980190036.0,248668563.0,225021595.0,47.95002446,86.85185015,3.45353923,0.76896766,27.39985195,2.7162942
2024-08-09,8.36,-5.0,2078869186.68,1881180534.2,248668563.0,225021595.0,45.55252323,82.50925764,3.28086227,0.73051928,26.02985935,2.58047949
2024-08-12,8.95,7.057416267943,2225583638.85,2013943275.25,248668563.0,225021595.0,48.76735442,88.33227941,3.51240638,0.78207506,27.86689488,2.76259467
2024-08-13,8.69,-2.905027932961,2160929812.47,1955437660.55,248668563.0,225021595.0,47.35064915,85.76620202,3.41036999,0.75935556,27.0573538,2.68234052
2024-08-14,8.5,-2.186421173763,2113682785.5,1912683557.5,248668563.0,225021595.0,46.31536453,83.89099162,3.33580494,0.74275285,26.46576609,2.62369326
2024-08-15,8.73,2.705882352941,2170876554.99,1964438524.35,248668563.0,225021595.0,47.56860381,86.16098316,3.42606789,0.76285087,27.18189858,2.69468731
2024-08-16,9.12,4.46735395189,2267857294.56,2052196946.4,248668563.0,225021595.0,49.69366171,90.01009925,3.57912247,0.79693012,28.3962102,2.81506853
2024-08-19,8.72,-4.385964912281,2168389869.36,1962188308.4,248668563.0,225021595.0,47.51411514,86.06228788,3.42214342,0.76197705,27.15076238,2.69160062
2024-08-20,8.66,-0.688073394495,2153469755.58,1948687012.7,248668563.0,225021595.0,47.18718316,85.47011617,3.39859656,0.75673408,26.96394521,2.67308043
2024-08-21,8.45,-2.424942263279,2101249357.35,1901432477.75,248668563.0,225021595.0,46.04292121,83.3975152,3.31618256,0.73838372,26.31008511,2.60825977
2024-08-22,8.03,-4.970414201183,1996808560.89,1806923407.85,248668563.0,225021595.0,43.75439732,79.25231326,3.15135455,0.70168299,25.0023649,2.47861846
2024-08-23,7.82,-2.615193026152,1944588162.66,1759668872.9,248668563.0,225021595.0,42.61013537,77.17971229,3.06894054,0.68333263,24.3485048,2.4137978
2024-08-26,7.96,1.790281329923,1979401761.48,1791171896.2,248668563.0,225021595.0,43.37297667,78.56144627,3.12388321,0.6955662,24.78441153,2.45701157
2024-08-27,7.93,-0.376884422111,1971941704.59,1784421248.35,248668563.0,225021595.0,43.20951068,78.26536042,3.11210978,0.69294472,24.69100295,2.44775148
2024-08-28,8.0,0.882723833544,1989348504.0,1800172760.0,248668563.0,225021595.0,43.59093132,78.95622741,3.13958112,0.69906151,24.90895632,2.46935836
2024-08-29,8.14,1.75,2024162102.82,1831675783.3,248668563.0,225021595.0,24.44041581,80.33796139,3.19452379,0.71129509,20.72486049,2.42462083
2024-08-30,8.27,1.597051597052,2056489016.01,1860928590.65,248668563.0,225021595.0,24.83074186,81.62100008,3.24554198,0.72265484,21.05584721,2.46334328
2024-09-02,8.14,-1.571946795647,2024162102.82,1831675783.3,248668563.0,225021595.0,24.44041581,80.33796139,3.19452379,0.71129509,20.72486049,2.42462083
2024-09-03,8.09,-0.614250614251,2011728674.67,1820424703.55,248668563.0,225021595.0,24.2902904,79.84448497,3.17490141,0.70692595,20.59755791,2.40972758
2024-09-04,7.97,-1.483312731768,1981888447.11,1793422112.15,248668563.0,225021595.0,23.92998943,78.66014156,3.12780769,0.69644003,20.29203171,2.37398379
2024-09-05,8.01,0.501882057716,1991835189.63,1802422975.95,248668563.0,225021595.0,24.05008976,79.05492269,3.14350559,0.69993534,20.39387378,2.38589838
2024-09-06,7.78,-2.871410736579,1934641420.14,1750668009.1,248668563.0,225021595.0,23.3595129,76.78493116,3.05324264,0.67983732,19.8082819,2.31738944
2024-09-09,7.89,1.413881748072,1961994962.07,1775420384.55,248668563.0,225021595.0,23.68978879,77.87057928,3.09641188,0.68944941,20.08834758,2.35015459
2024-09-10,7.89,0.0,1961994962.07,1775420384.55,248668563.0,225021595.0,23.68978879,77.87057928,3.09641188,0.68944941,20.08834758,2.35015459
2024-09-11,7.85,-0.506970849176,1952048219.55,1766419520.75,248668563.0,225021595.0,23.56968846,77.47579815,3.08071397,0.68595411,19.98650551,2.33823999
2024-09-12,7.83,-0.254777070064,1947074848.29,1761919088.85,248668563.0,225021595.0,23.5096383,77.27840758,3.07286502,0.68420645,19.93558448,2.33228269
2024-09-13,7.77,-0.766283524904,1932154734.51,1748417793.15,248668563.0,225021595.0,23.32948782,76.68623587,3.04931816,0.67896349,19.78282138,2.31441079
2024-09-18,7.55,-2.831402831403,1877447650.65,1698913042.25,248668563.0,225021595.0,22.66893604,74.51493962,2.96297968,0.6597393,19.22269002,2.2488805
2024-09-19,7.74,2.516556291391,1924694677.62,1741667145.3,248668563.0,225021595.0,23.23941257,76.39015002,3.03754473,0.67634201,19.70643983,2.30547484
2024-09-20,7.52,-2.842377260982,1869987593.76,1692162394.4,248668563.0,225021595.0,22.5788608,74.21885377,2.95120625,0.65711782,19.14630847,2.23994455
2024-09-23,7.51,-0.132978723404,1867500908.13,1689912178.45,248668563.0,225021595.0,22.54883572,74.12015848,2.94728177,0.65624399,19.12084795,2.2369659
2024-09-24,7.77,3.462050599201,1932154734.51,1748417793.15,248668563.0,225021595.0,23.32948782,76.68623587,3.04931816,0.67896349,19.78282138,2.31441079
2024-09-25,7.91,1.801801801802,1966968333.33,1779920816.45,248668563.0,225021595.0,23.74983895,78.06796985,3.10426083,0.69119707,20.13926861,2.35611189
2024-09-26,8.05,1.769911504425,2001781932.15,1811423839.75,248668563.0,225021595.0,24.17019008,79.44970383,3.1592035,0.70343064,20.49571585,2.39781298
2024-09-27,8.38,4.099378881988,2083842557.94,1885680966.1,248668563.0,225021595.0,25.16101775,82.70664821,3.28871122,0.73226693,21.33591289,2.49610842
2024-09-30,9.4,12.171837708831,2337484492.2,2115202993.0,248668563.0,225021595.0,28.223576,92.77356721,3.60248021,0.82139727,23.93288558,2.79993069
2024-10-08,10.45,11.170212765957,2598586483.35,2351475667.75,248668563.0,225021595.0,31.37620948,103.13657205,4.00488492,0.9131491,26.60623982,3.1126889
2024-10-09,8.86,-15.215311004785,2203203468.18,1993691331.7,248668563.0,225021595.0,26.60222163,87.44402186,3.39552922,0.77421062,22.55801769,2.63908361
2024-10-10,9.5,7.223476297968,2362351348.5,2137705152.5,248668563.0,225021595.0,28.5238268,93.76052005,3.64080447,0.83013554,24.18749075,2.82971719
2024-10-11,8.89,-6.421052631579,2210663525.07,2000441979.55,248668563.0,225021595.0,26.69229687,87.74010771,3.4070265,0.7768321,22.63439924,2.64801956
2024-10-14,9.09,2.249718785152,2260397237.67,2045446298.55,248668563.0,225021595.0,27.29279849,89.71401339,3.48367501,0.79430864,23.14360957,2.70759255
2024-10-15,9.3,2.310231023102,2312617635.9,2092700833.5,248668563.0,225021595.0,27.92332519,91.78661436,3.56415595,0.812659,23.67828042,2.77014419
2024-10-16,9.46,1.720430107527,2352404605.98,2128704288.7,248668563.0,225021595.0,28.40372648,93.36573891,3.62547477,0.82664023,24.08564868,2.81780259
2024-10-17,9.37,-0.951374207188,2330024435.31,2108452345.15,248668563.0,225021595.0,28.13350075,92.47748135,3.59098293,0.81877579,23.85650403,2.79099474
2024-10-18,9.46,0.960512273212,2352404605.98,2128704288.7,248668563.0,225021595.0,28.40372648,93.36573891,3.62547477,0.82664023,24.08564868,2.81780259
2024-10-21,9.65,2.008456659619,2399651632.95,2171458391.75,248668563.0,225021595.0,28.97420302,95.24094931,3.69829086,0.84324295,24.5693985,2.87439693
2024-10-22,9.94,3.00518134715,2471765516.22,2236714654.3,248668563.0,225021595.0,29.84493036,98.10311256,3.8094312,0.86858393,25.30775348,2.96077777
2024-10-23,9.74,-2.012072434608,2422031803.62,2191710335.3,248668563.0,225021595.0,29.24442874,96.12920687,3.73278269,0.85110739,24.79854315,2.90120478
2024-10-24,10.0,2.669404517454,2486685630.0,2250215950.0,248668563.0,225021595.0,29.94546705,98.69528426,3.83242576,0.87382689,27.61495829,2.9738586
2024-10-25,9.98,-0.2,2481712258.74,2245715518.1,248668563.0,225021595.0,29.88557611,98.49789369,3.82476091,0.87207923,27.55972838,2.96791088
2024-10-28,9.98,0.0,2481712258.74,2245715518.1,248668563.0,225021595.0,29.88557611,98.49789369,3.82476091,0.87207923,27.55972838,2.96791088
2024-10-29,9.59,-3.907815631263,2384731519.17,2157957096.05,248668563.0,225021595.0,28.7177029,94.64877761,3.6752963,0.83799998,26.482745,2.85193039
2024-10-30,9.59,0.0,2384731519.17,2157957096.05,248668563.0,225021595.0,28.7177029,94.64877761,3.6752963,0.83799998,26.482745,2.85193039
2024-10-31,9.47,-1.251303441084,2354891291.61,2130954504.65,248668563.0,225021595.0,28.35835729,93.4644342,3.62930719,0.82751406,26.15136551,2.81624409
2024-11-01,9.25,-2.323125659979,2300184207.75,2081449753.75,248668563.0,225021595.0,27.69955702,91.29313794,3.54499383,0.80828987,25.54383642,2.7508192
2024-11-04,9.33,0.864864864865,2320077692.79,2099451481.35,248668563.0,225021595.0,27.93912075,92.08270022,3.57565323,0.81528049,25.76475609,2.77461007
2024-11-05,9.56,2.465166130761,2377271462.28,2151206448.2,248668563.0,225021595.0,28.6278665,94.35269175,3.66379902,0.8353785,26.39990013,2.84300882
2024-11-06,9.48,-0.836820083682,2357377977.24,2133204720.6,248668563.0,225021595.0,28.38830276,93.56312948,3.63313962,0.82838789,26.17898046,2.81921795
2024-11-07,10.09,6.434599156118,2509065800.67,2270467893.55,248668563.0,225021595.0,30.21497625,99.58354182,3.86691759,0.88169133,27.86349292,3.00062332
2024-11-08,9.92,-1.684836471754,2466792144.96,2232214222.4,248668563.0,225021595.0,29.70590331,97.90572199,3.80176635,0.86683627,27.39403863,2.95006773
2024-11-11,10.07,1.512096774194,2504092429.41,2265967461.65,248668563.0,225021595.0,30.15508532,99.38615125,3.85925274,0.87994367,27.808263,2.99467561
2024-11-12,10.03,-0.397219463754,2494145686.89,2256966597.85,248668563.0,225021595.0,30.03530345,98.99137011,3.84392303,0.87644837,27.69780317,2.98278017
2024-11-13,9.88,-1.495513459621,2456845402.44,2223213358.6,248668563.0,225021595.0,29.58612144,97.51094085,3.78643665,0.86334096,27.2835788,2.93817229
2024-11-14,9.7,-1.821862348178,2412085061.1,2182709471.5,248668563.0,225021595.0,29.04710303,95.73442573,3.71745298,0.84761208,26.78650955,2.88464284
2024-11-15,9.38,-3.298969072165,2329228120.94,2110702561.1,248318563.0,225021595.0,28.04931315,92.44587604,3.58975567,0.81849597,25.86637275,2.78555318
2024-11-18,9.09,-3.091684434968,2257215737.67,2045446298.55,248318563.0,225021595.0,27.1821169,89.58774128,3.47877175,0.79319065,25.06666613,2.69943267
2024-11-19,9.24,1.650165016502,2294463522.12,2079199537.8,248318563.0,225021595.0,27.63066668,91.06608685,3.53617723,0.80627961,25.48030749,2.74397776
2024-11-20,9.41,1.839826839827,2336677677.83,2117453208.95,248318563.0,225021595.0,28.13902311,92.74154516,3.60123677,0.82111376,25.94910102,2.7944622
2024-11-21,9.42,0.106269925611,2339160863.46,2119703424.9,248318563.0,225021595.0,28.16892642,92.84010153,3.6050638,0.82198635,25.97667711,2.79743187
2024-11-22,8.91,-5.414012738854,2212518396.33,2004942411.45,248318563.0,225021595.0,26.64385716,87.8137266,3.40988519,0.77748391,24.5702965,2.64597856
2024-11-25,9.5,6.62177328844,2359026348.5,2137705152.5,248318563.0,225021595.0,28.40815298,93.6285525,3.63568005,0.82896713,26.19728583,2.82118926
2024-11-26,9.43,-0.736842105263,2341644049.09,2121953640.85,248318563.0,225021595.0,28.19882974,92.9386579,3.60889083,0.82285895,26.0042532,2.80040155
2024-11-27,9.33,-1.060445387063,2316812192.79,2099451481.35,248318563.0,225021595.0,27.89979655,91.95309419,3.57062051,0.81413298,25.7284923,2.77070482
2024-11-28,9.37,0.42872454448,2326744935.31,2108452345.15,248318563.0,225021595.0,28.01940983,92.34731967,3.58592864,0.81762337,25.83879666,2.78258351
2024-11-29,9.43,0.640341515475,2341644049.09,2121953640.85,248318563.0,225021595.0,28.19882974,92.9386579,3.60889083,0.82285895,26.0042532,2.80040155
2024-12-02,9.73,3.181336161188,2416139617.99,2189460119.35,248318563.0,225021595.0,29.09592931,95.89534903,3.72370178,0.84903686,26.83153591,2.88949173
2024-12-03,9.7,-0.308324768756,2408690061.1,2182709471.5,248318563.0,225021595.0,29.00621935,95.59967992,3.71222068,0.84641907,26.74880764,2.88058271
2024-12-04,9.47,-2.371134020619,2351576791.61,2130954504.65,248318563.0,225021595.0,28.31844302,93.33288338,3.62419896,0.82634934,26.11455756,2.81228024
2024-12-05,9.52,0.527983104541,2363992719.76,2142205584.4,248318563.0,225021595.0,28.46795961,93.82566524,3.64333412,0.83071232,26.25243802,2.8271286
2024-12-06,9.74,2.310924369748,2418622803.62,2191710335.3,248318563.0,225021595.0,29.12583263,95.9939054,3.72752881,0.84990946,26.859112,2.89246141
2024-12-09,9.69,-0.513347022587,2406206875.47,2180459255.55,248318563.0,225021595.0,28.97631604,95.50112354,3.70839365,0.84554647,26.72123155,2.87761304
2024-12-10,9.73,0.412796697626,2416139617.99,2189460119.35,248318563.0,225021595.0,29.09592931,95.89534903,3.72370178,0.84903686,26.83153591,2.88949173
2024-12-11,9.79,0.616649537513,2431038731.77,2202961415.05,248318563.0,225021595.0,29.27534922,96.48668726,3.74666397,0.85427244,26.99699245,2.90730977
2024-12-12,9.92,1.327885597549,2463320144.96,2232214222.4,248318563.0,225021595.0,29.66409237,97.76792008,3.79641538,0.8656162,27.35548163,2.94591552
2024-12-13,9.7,-2.217741935484,2408690061.1,2182709471.5,248318563.0,225021595.0,29.00621935,95.59967992,3.71222068,0.84641907,26.74880764,2.88058271
2024-12-16,9.7,0.0,2408690061.1,2182709471.5,248318563.0,225021595.0,29.00621935,95.59967992,3.71222068,0.84641907,26.74880764,2.88058271
2024-12-17,9.19,-5.257731958763,2282047593.97,2067948458.05,248318563.0,225021595.0,27.48115009,90.57330499,3.51704207,0.80191662,25.34242703,2.7291294
2024-12-18,9.12,-0.76169749728,2264665294.56,2052196946.4,248318563.0,225021595.0,27.27182686,89.8834104,3.49025285,0.79580844,25.1493944,2.70834169
2024-12-19,9.33,2.302631578947,2316812192.79,2099451481.35,248318563.0,225021595.0,27.89979655,91.95309419,3.57062051,0.81413298,25.7284923,2.77070482
2024-12-20,9.31,-0.21436227224,2311845821.53,2094951049.45,248318563.0,225021595.0,27.83998992,91.75598145,3.56296645,0.81238779,25.67334012,2.76476547
2024-12-23,8.93,-4.081632653061,2217484767.59,2009442843.35,248318563.0,225021595.0,26.7036638,88.01083935,3.41753925,0.7792291,24.62544868,2.6519179
2024-12-24,8.91,-0.223964165733,2212518396.33,2004942411.45,248318563.0,225021595.0,26.64385716,87.8137266,3.40988519,0.77748391,24.5702965,2.64597856
2024-12-25,8.67,-2.693602693603,2152921941.21,1950937228.65,248318563.0,225021595.0,25.92617751,85.4483737,3.31803643,0.75654158,23.90847034,2.57470641
2024-12-26,8.7,0.346020761246,2160371498.1,1957687876.5,248318563.0,225021595.0,26.01588746,85.74404281,3.32951752,0.75915937,23.99119861,2.58361542
2024-12-27,9.0,3.448275862069,2234867067.0,2025194355.0,248318563.0,225021595.0,26.91298703,88.70073394,3.44432847,0.78533728,24.81848132,2.67270561
2024-12-30,8.9,-1.111111111111,2210035210.7,2002692195.5,248318563.0,225021595.0,26.61395384,87.71517023,3.40605815,0.77661131,24.54272041,2.64300888
2024-12-31,8.75,-1.685393258427,2172787426.25,1968938956.25,248318563.0,225021595.0,26.16540406,51.49991203,6.33467786,0.76352236,24.12907906,2.59846379
2025-01-02,8.59,-1.828571428571,2133056456.17,1932935501.05,248318563.0,225021595.0,25.68695095,50.55819935,6.21884375,-2.08853366,23.68786161,2.55094902
2025-01-03,8.26,-3.84167636787,2051111330.38,1858678374.7,248318563.0,225021595.0,24.70014143,48.61591696,5.9799359,-2.00829895,22.77785063,2.45294982
2025-01-06,8.48,2.663438256659,2105741414.24,1908183125.6,248318563.0,225021595.0,25.35801445,49.91077189,6.1392078,-2.06178876,23.38452462,2.51828262
2025-01-07,8.39,-1.061320754717,2083392743.57,1887931182.05,248318563.0,225021595.0,25.08888458,49.38105851,6.07405111,-2.03990656,23.13633981,2.49155556
2025-01-08,8.44,0.595947556615,2095808671.72,1899182261.8,248318563.0,225021595.0,25.23840117,49.67534372,6.11024927,-2.05206334,23.27422026,2.50640393
2025-01-09,8.33,-1.303317535545,2068493629.79,1874429886.35,248318563.0,225021595.0,24.90946466,49.02791625,6.03061332,-2.02531844,22.97088326,2.47373753
2025-01-10,8.02,-3.721488595438,1991514875.26,1804673191.9,248318563.0,225021595.0,23.98246178,47.20334794,5.80618473,-1.94994644,22.11602446,2.38167767
2025-01-13,8.08,0.74812967581,2006413989.04,1818174487.6,248318563.0,225021595.0,24.16188169,47.55649019,5.84962253,-1.96453457,22.281481,2.3994957
2025-01-14,8.34,3.217821782178,2070976815.42,1876680102.3,248318563.0,225021595.0,24.93936798,49.08677329,6.03785295,-2.02774979,22.99845935,2.4767072
2025-01-15,8.26,-0.959232613909,2051111330.38,1858678374.7,248318563.0,225021595.0,24.70014143,48.61591696,5.9799359,-2.00829895,22.77785063,2.45294982
2025-01-16,8.28,0.242130750605,2056077701.64,1863178806.6,248318563.0,225021595.0,24.75994807,48.73363104,5.99441516,-2.01316166,22.83300281,2.45888916
2025-01-17,8.29,0.12077294686,2058560887.27,1865429022.55,248318563.0,225021595.0,24.78985139,48.79248808,6.00165479,-2.01559302,22.8605789,2.46185884
2025-01-20,8.49,2.412545235223,2108224599.87,1910433341.55,248318563.0,225021595.0,25.38791776,49.96962893,6.14644743,-2.06422011,23.41210071,2.52125229
2025-01-21,8.4,-1.060070671378,2085875929.2,1890181398.0,248318563.0,225021595.0,25.11878789,49.43991555,6.08129074,-2.04233792,23.1639159,2.49452524
2025-01-22,8.28,-1.428571428571,2056077701.64,1863178806.6,248318563.0,225021595.0,24.75994807,48.73363104,5.99441516,-2.01316166,22.83300281,2.45888916
2025-01-23,8.25,-0.36231884058,2048628144.75,1856428158.75,248318563.0,225021595.0,24.67023811,48.55705991,5.97269627,-2.0058676,22.75027454,2.44998014
2025-01-24,8.33,0.969696969697,2068493629.79,1874429886.35,248318563.0,225021595.0,24.90946466,49.02791625,6.03061332,-2.02531844,22.97088326,2.47373753
2025-01-27,8.48,1.800720288115,2105741414.24,1908183125.6,248318563.0,225021595.0,25.35801445,49.91077189,6.1392078,-2.06178876,23.38452462,2.51828262
2025-02-05,8.61,1.533018867925,2138022827.43,1937435932.95,248318563.0,225021595.0,25.74675759,50.67591344,6.23332301,-2.09339637,23.74301379,2.55688837
2025-02-06,8.66,0.580720092915,2150438755.58,1948687012.7,248318563.0,225021595.0,25.89627419,50.97019865,6.26952117,-2.10555314,23.88089425,2.57173673
2025-02-07,9.14,5.54272517321,2269631665.82,2056697378.3,248318563.0,225021595.0,27.33163349,53.79533668,6.6170235,-2.22225816,25.20454658,2.71428103
2025-02-10,9.31,1.859956236324,2311845821.53,2094951049.45,248318563.0,225021595.0,27.83998992,54.7959064,6.74009724,-2.26359119,25.67334012,2.76476547
2025-02-11,9.16,-1.611170784103,2274598037.08,2061197810.2,248318563.0,225021595.0,27.39144013,53.91305076,6.63150276,-2.22712087,25.25969876,2.72022038
2025-02-12,9.1,-0.655021834061,2259698923.3,2047696514.5,248318563.0,225021595.0,27.21202022,53.55990851,6.58806497,-2.21253275,25.09424222,2.70240234
2025-02-13,8.99,-1.208791208791,2232383881.37,2022944139.05,248318563.0,225021595.0,26.88308371,52.91248104,6.50842902,-2.18578784,24.79090523,2.66973594
2025-02-14,9.26,3.003337041157,2299429893.38,2083699969.7,248318563.0,225021595.0,27.69047332,54.50162119,6.70389908,-2.25143442,25.53545967,2.74991711
2025-02-17,9.53,2.915766738661,2366475905.39,2144455800.35,248318563.0,225021595.0,28.49786293,56.09076133,6.89936914,-2.317081,26.28001411,2.83009828
2025-02-18,8.98,-5.771248688353,2229900695.74,2020693923.1,248318563.0,225021595.0,26.85318039,52.853624,6.50118939,-2.18335649,24.76332914,2.66676627
2025-02-19,9.14,1.781737193764,2269631665.82,2056697378.3,248318563.0,225021595.0,27.33163349,53.79533668,6.6170235,-2.22225816,25.20454658,2.71428103
2025-02-20,9.68,5.908096280088,2403723689.84,2178209039.6,248318563.0,225021595.0,28.94641272,56.97361696,7.00796362,-2.35355132,26.69365546,2.87464337
2025-02-21,9.61,-0.723140495868,2386341390.43,2162457527.95,248318563.0,225021595.0,28.73708948,56.56161767,6.9572862,-2.33653183,26.50062283,2.85385566
2025-02-24,9.49,-1.248699271592,2356543162.87,2135454936.55,248318563.0,225021595.0,28.37824966,55.85533316,6.87041061,-2.30735558,26.16970974,2.81821958
2025-02-25,9.39,-1.053740779768,2331711306.57,2112952777.05,248318563.0,225021595.0,28.07921647,55.26676274,6.7980143,-2.28304203,25.89394884,2.78852285
2025-02-26,9.55,1.703940362087,2371442276.65,2148956232.25,248318563.0,225021595.0,28.55766957,56.20847541,6.91384841,-2.32194371,26.33516629,2.83603762
2025-02-27,9.4,-1.570680628272,2334194492.2,2115202993.0,248318563.0,225021595.0,28.10911979,55.32561978,6.80525393,-2.28547339,25.92152493,2.79149253
2025-02-28,9.05,-3.723404255319,2247282995.15,2036445434.75,248318563.0,225021595.0,27.06250362,53.2656233,6.55186681,-2.20037597,24.95636177,2.68755398
2025-03-03,9.13,0.883977900552,2267148480.19,2054447162.35,248318563.0,225021595.0,27.30173018,53.73647964,6.60978387,-2.21982681,25.17697049,2.71131136
2025-03-04,9.26,1.423877327492,2299429893.38,2083699969.7,248318563.0,225021595.0,27.69047332,54.50162119,6.70389908,-2.25143442,25.53545967,2.74991711
2025-03-05,9.19,-0.755939524838,2282047593.97,2067948458.05,248318563.0,225021595.0,27.48115009,54.08962189,6.65322166,-2.23441494,25.34242703,2.7291294
2025-03-06,9.3,1.196953210011,2309362635.9,2092700833.5,248318563.0,225021595.0,27.8100866,54.73704936,6.73285761,-2.26115984,25.64576403,2.7617958
2025-03-07,9.17,-1.397849462366,2277081222.71,2063448026.15,248318563.0,225021595.0,27.42134345,53.97190781,6.6387424,-2.22955223,25.28727485,2.72319005
2025-03-10,9.27,1.090512540894,2301913079.01,2085950185.65,248318563.0,225021595.0,27.72037664,54.56047823,6.71113871,-2.25386577,25.56303576,2.75288678
2025-03-11,9.16,-1.186623516721,2274598037.08,2061197810.2,248318563.0,225021595.0,27.39144013,53.91305076,6.63150276,-2.22712087,25.25969876,2.72022038
2025-03-12,9.39,2.510917030568,2331711306.57,2112952777.05,248318563.0,225021595.0,28.07921647,55.26676274,6.7980143,-2.28304203,25.89394884,2.78852285
2025-03-13,9.26,-1.384451544196,2299429893.38,2083699969.7,248318563.0,225021595.0,27.69047332,54.50162119,6.70389908,-2.25143442,25.53545967,2.74991711
2025-03-14,9.65,4.211663066955,2396274132.95,2171458391.75,248318563.0,225021595.0,28.85670276,56.79704584,6.98624472,-2.34625725,26.61092719,2.86573435
2025-03-17,9.57,-0.829015544041,2376408647.91,2153456664.15,248318563.0,225021595.0,28.61747621,56.3261895,6.92832767,-2.32680641,26.39031847,2.84197697
2025-03-18,9.52,-0.522466039707,2363992719.76,2142205584.4,248318563.0,225021595.0,28.46795961,56.03190429,6.89212951,-2.31464964,26.25243802,2.8271286
2025-03-19,9.46,-0.63025210084,2349093605.98,2128704288.7,248318563.0,225021595.0,28.2885397,55.67876203,6.84869172,-2.30006151,26.08698147,2.80931057
2025-03-20,9.52,0.634249471459,2363992719.76,2142205584.4,248318563.0,225021595.0,28.46795961,56.03190429,6.89212951,-2.31464964,26.25243802,2.8271286
2025-03-21,9.28,-2.521008403361,2304396264.64,2088200401.6,248318563.0,225021595.0,27.75027996,54.61933527,6.71837835,-2.25629713,25.59061185,2.75585645
2025-03-24,9.05,-2.478448275862,2247282995.15,2036445434.75,248318563.0,225021595.0,27.06250362,53.2656233,6.55186681,-2.20037597,24.95636177,2.68755398
2025-03-25,8.99,-0.662983425414,2232383881.37,2022944139.05,248318563.0,225021595.0,26.88308371,52.91248104,6.50842902,-2.18578784,24.79090523,2.66973594
2025-03-26,9.13,1.557285873192,2267148480.19,2054447162.35,248318563.0,225021595.0,27.30173018,53.73647964,6.60978387,-2.21982681,25.17697049,2.71131136
2025-03-27,9.24,1.204819277108,2294463522.12,2079199537.8,248318563.0,225021595.0,27.63066668,54.3839071,6.68941982,-2.24657171,25.48030749,2.74397776
2025-03-28,9.47,2.489177489177,2351576791.61,2130954504.65,248318563.0,225021595.0,28.31844302,55.73761908,6.85593135,-2.30249287,26.11455756,2.81228024
2025-03-31,9.67,2.111932418163,2401240504.21,2175958823.65,248318563.0,225021595.0,28.9165094,56.91475992,9.23554607,-2.35111996,26.66607937,2.8716737
2025-04-01,10.01,3.516028955533,2485668815.63,2252466165.95,248318563.0,225021595.0,29.93322224,58.91589936,9.56027055,-2.43378602,27.60366644,2.97264257
2025-04-02,9.85,-1.598401598402,2445937845.55,2216462710.75,248318563.0,225021595.0,29.45476914,57.97418668,9.40745903,-2.39488435,27.162449,2.92512781
2025-04-03,9.98,1.319796954315,2478219258.74,2245715518.1,248318563.0,225021595.0,29.84351228,58.73932823,9.53161839,-2.42649196,27.52093817,2.96373356
2025-04-07,8.37,-16.132264529058,2078426372.31,1883430750.15,248318563.0,225021595.0,25.02907794,49.26334442,7.99395249,-2.03504385,23.08118762,2.48561622
2025-04-08,8.56,2.270011947431,2125606899.28,1926184853.2,248318563.0,225021595.0,25.597241,50.38162822,8.17541617,-2.08123959,23.60513334,2.54204
2025-04-09,8.6,0.467289719626,2135539641.8,1935185717.0,248318563.0,225021595.0,25.71685427,50.61705639,8.21361905,-2.09096501,23.7154377,2.5539187
2025-04-10,8.74,1.627906976744,2170304240.62,1966688740.3,248318563.0,225021595.0,26.13550074,51.44105499,8.34732913,-2.12500398,24.10150297,2.59549412
2025-04-11,8.7,-0.45766590389,2160371498.1,1957687876.5,248318563.0,225021595.0,26.01588746,51.20562682,8.30912625,-2.11527856,23.99119861,2.58361542
2025-04-14,9.2,5.747126436782,2284530779.6,2070198674.0,248318563.0,225021595.0,27.51105341,54.14847893,8.78666224,-2.23684629,25.37000312,2.73209907
2025-04-15,9.05,-1.630434782609,2247282995.15,2036445434.75,248318563.0,225021595.0,53.2656233,53.2656233,8.64340144,-2.20037597,31.67837407,2.65446095
2025-04-16,8.58,-5.193370165746,2130573270.54,1930685285.1,248318563.0,225021595.0,50.49934231,50.49934231,8.19451761,-2.0861023,30.03319884,2.51660497
2025-04-17,8.67,1.048951048951,2152921941.21,1950937228.65,248318563.0,225021595.0,51.02905569,51.02905569,8.28047409,-2.10798449,30.34823239,2.54300292
2025-04-18,8.58,-1.038062283737,2130573270.54,1930685285.1,248318563.0,225021595.0,50.49934231,50.49934231,8.19451761,-2.0861023,30.03319884,2.51660497
2025-04-21,9.45,10.13986013986,2346610420.35,2126454072.75,248318563.0,225021595.0,68.42198278,55.61990499,9.02543024,-2.29763016,57.78059336,2.79741704
2025-04-22,9.26,-2.010582010582,2299429893.38,2083699969.7,248318563.0,225021595.0,67.0463027,54.50162119,8.84396656,-2.25143442,56.61886714,2.74117268
2025-04-23,9.13,-1.403887688985,2267148480.19,2054447162.35,248318563.0,225021595.0,66.10504791,53.73647964,8.7198072,-2.21982681,55.82400184,2.70268969
2025-04-24,9.1,-0.328587075575,2259698923.3,2047696514.5,248318563.0,225021595.0,65.88783527,53.55990851,8.69115504,-2.21253275,55.64057138,2.693809
2025-04-25,8.85,-2.747252747253,2197619282.55,1991441115.75,248318563.0,225021595.0,64.0777299,52.08848245,8.45238705,-2.15174888,54.11198425,2.61980326
2025-04-28,8.62,-2.598870056497,2140506013.06,1939686148.9,248318563.0,225021595.0,62.41243297,50.73477048,8.23272049,-2.09582772,52.7056841,2.55171798
2025-04-29,8.67,0.580046403712,2152921941.21,1950937228.65,248318563.0,225021595.0,62.77445404,51.02905569,8.28047409,-2.10798449,53.01140152,2.56651913
2025-04-30,8.76,1.038062283737,2175270611.88,1971189172.2,248318563.0,225021595.0,63.42609197,51.55876907,8.36643057,-2.12986669,53.56169289,2.59316119
2025-05-06,9.03,3.082191780822,2242316623.89,2031945002.85,248318563.0,225021595.0,65.38100576,53.14790921,8.6243,-2.19551326,55.21256699,2.67308739
2025-05-07,9.07,0.442967884828,2252249366.41,2040945866.65,248318563.0,225021595.0,65.67062262,53.38333738,8.66250288,-2.20523868,55.45714093,2.68492831
2025-05-08,9.25,1.984564498346,2296946707.75,2081449753.75,248318563.0,225021595.0,66.97389848,54.44276414,8.83441584,-2.24900307,56.55772366,2.73821245
2025-05-09,9.07,-1.945945945946,2252249366.41,2040945866.65,248318563.0,225021595.0,65.67062262,53.38333738,8.66250288,-2.20523868,55.45714093,2.68492831
2025-05-12,9.19,1.323042998897,2282047593.97,2067948458.05,248318563.0,225021595.0,66.5394732,54.08962189,8.77711152,-2.23441494,56.19086275,2.72045107
2025-05-13,9.09,-1.088139281828,2257215737.67,2045446298.55,248318563.0,225021595.0,65.81543105,53.50105147,8.68160432,-2.21010139,55.5794279,2.69084877
2025-05-14,9.05,-0.4400440044,2247282995.15,2036445434.75,248318563.0,225021595.0,65.52581419,53.2656233,8.64340144,-2.20037597,55.33485396,2.67900785
2025-05-15,9.2,1.657458563536,2284530779.6,2070198674.0,248318563.0,225021595.0,66.61187741,54.14847893,8.78666224,-2.23684629,56.25200623,2.7234113
2025-05-16,9.28,0.869565217391,2304396264.64,2088200401.6,248318563.0,225021595.0,67.19111113,54.61933527,8.863068,-2.25629713,56.74115411,2.74709314
2025-05-19,9.17,-1.185344827586,2277081222.71,2063448026.15,248318563.0,225021595.0,66.39466477,53.97190781,8.75801008,-2.22955223,56.06857578,2.71453061
2025-05-20,9.43,2.835332606325,2341644049.09,2121953640.85,248318563.0,225021595.0,68.27717435,55.50219091,9.0063288,-2.29276745,57.65830639,2.79149658
2025-05-21,9.44,0.106044538706,2344127234.72,2124203856.8,248318563.0,225021595.0,68.34957856,55.56104795,9.01587952,-2.2951988,57.71944987,2.79445681
2025-05-22,9.79,3.707627118644,2431038731.77,2202961415.05,248318563.0,225021595.0,70.88372607,57.62104443,9.35015471,-2.38029622,59.85947185,2.89806485
2025-05-23,9.7,-0.919305413687,2408690061.1,2182709471.5,248318563.0,225021595.0,70.23208814,57.09133105,9.26419823,-2.35841403,59.30918048,2.87142278
2025-05-26,9.56,-1.443298969072,2373925462.28,2151206448.2,248318563.0,225021595.0,69.21842914,56.26733246,9.13048815,-2.32437506,58.45317169,2.82997957
2025-05-27,9.73,1.778242677824,2416139617.99,2189460119.35,248318563.0,225021595.0,70.44930078,57.26790218,9.29285039,-2.36570809,59.49261094,2.88030347
2025-05-28,9.4,-3.391572456321,2334194492.2,2115202993.0,248318563.0,225021595.0,68.0599617,55.32561978,8.97767664,-2.28547339,57.47487593,2.78261589
2025-05-29,9.85,4.787234042553,2445937845.55,2216462710.75,248318563.0,225021595.0,71.31815136,57.97418668,9.40745903,-2.39488435,60.22633276,2.91582623
2025-05-30,9.92,0.710659898477,2463320144.96,2232214222.4,248318563.0,225021595.0,71.82498086,58.38618598,9.47431407,-2.41190383,60.65433715,2.93654783
2025-06-03,10.36,4.435483870968,2572580312.68,2331223724.2,248318563.0,225021595.0,75.0107663,60.97589584,9.89454574,-2.51888343,63.34465049,3.06679794
2025-06-04,10.38,0.19305019305,2577546683.94,2335724156.1,248318563.0,225021595.0,75.15557473,61.09360993,9.91364718,-2.52374614,63.46693746,3.0727184
2025-06-05,10.06,-3.082851637765,2498084743.78,2263717245.7,248318563.0,225021595.0,72.83863986,59.21018457,9.60802415,-2.44594279,61.51034594,2.97799105
2025-06-06,9.96,-0.994035785288,2473252887.48,2241215086.2,248318563.0,225021595.0,72.11459772,58.62161415,9.51251695,-2.42162925,60.89891109,2.94838875
2025-06-09,10.4,4.417670682731,2582513055.2,2340224588.0,248318563.0,225021595.0,75.30038316,61.21132401,9.93274862,-2.52860885,63.58922443,3.07863886
2025-06-10,10.38,-0.192307692308,2577546683.94,2335724156.1,248318563.0,225021595.0,75.15557473,61.09360993,9.91364718,-2.52374614,63.46693746,3.0727184
2025-06-11,10.18,-1.926782273603,2527882971.34,2290719837.1,248318563.0,225021595.0,73.70749044,59.91646908,9.72263278,-2.47511905,62.24406776,3.01351381
2025-06-12,11.15,9.528487229862,2768751977.45,2508990784.25,248318563.0,225021595.0,80.73069925,65.62560219,10.64905261,-2.71096045,68.17498581,3.30065608
2025-06-13,10.67,-4.304932735426,2649559067.21,2400980418.65,248318563.0,225021595.0,77.25529695,62.80046415,10.19061805,-2.59425543,65.24009853,3.15856506
2025-06-16,11.15,4.498594189316,2768751977.45,2508990784.25,248318563.0,225021595.0,80.73069925,65.62560219,10.64905261,-2.71096045,68.17498581,3.30065608
2025-06-17,10.82,-2.959641255605,2686806851.66,2434733657.9,248318563.0,225021595.0,78.34136017,63.68331979,10.33387885,-2.63072575,66.15725081,3.20296851
2025-06-18,9.98,-7.763401109057,2478219258.74,2245715518.1,248318563.0,225021595.0,72.25940615,58.73932823,9.53161839,-2.42649196,61.02119806,2.95430921
2025-06-19,9.43,-5.511022044088,2341644049.09,2121953640.85,248318563.0,225021595.0,68.27717435,55.50219091,9.0063288,-2.29276745,57.65830639,2.79149658
2025-06-20,9.82,4.135737009544,2438488288.66,2209712062.9,248318563.0,225021595.0,71.10093871,57.79761556,9.37880687,-2.38759028,60.0429023,2.90694554
2025-06-23,9.92,1.0183299389,2463320144.96,2232214222.4,248318563.0,225021595.0,71.82498086,58.38618598,9.47431407,-2.41190383,60.65433715,2.93654783
2025-06-24,9.98,0.604838709677,2478219258.74,2245715518.1,248318563.0,225021595.0,72.25940615,58.73932823,9.53161839,-2.42649196,61.02119806,2.95430921
2025-06-25,9.76,-2.204408817635,2423589174.88,2196210767.2,248318563.0,225021595.0,70.66651343,57.4444733,9.32150255,-2.37300215,59.67604139,2.88918416
2025-06-26,9.69,-0.717213114754,2406206875.47,2180459255.55,248318563.0,225021595.0,70.15968393,57.03247401,9.25464751,-2.35598267,59.248037,2.86846255
2025-06-27,9.76,0.722394220846,2423589174.88,2196210767.2,248318563.0,225021595.0,70.66651343,57.4444733,9.32150255,-2.37300215,59.67604139,2.88918416
2025-06-30,9.88,1.229508196721,2453387402.44,2225139958.6,248318563.0,225216595.0,71.535364,58.15075781,9.67440332,-2.40217841,60.40976321,2.92470692
2025-07-01,10.4,5.263157894737,2582513055.2,2342252588.0,248318563.0,225216595.0,75.30038316,61.21132401,10.18358245,-2.52860885,63.58922443,3.07863886
2025-07-02,10.19,-2.019230769231,2530366156.97,2294957103.05,248318563.0,225216595.0,73.77989465,59.97532612,9.97795242,-2.4775504,62.30521125,3.01647404
2025-07-03,10.58,3.827281648675,2627210396.54,2382791575.1,248318563.0,225216595.0,76.60365902,62.27075077,10.35983676,-2.57237324,64.68980717,3.13192299
2025-07-04,10.4,-1.701323251418,2582513055.2,2342252588.0,248318563.0,225216595.0,75.30038316,61.21132401,10.18358245,-2.52860885,63.58922443,3.07863886
2025-07-07,10.26,-1.346153846154,2547748456.38,2310722264.7,248318563.0,225216595.0,74.28672416,60.38732542,10.04649576,-2.49456989,62.73321564,3.03719564
2025-07-08,10.42,1.559454191033,2587479426.46,2346756919.9,248318563.0,225216595.0,75.44519159,61.3290381,10.20316626,-2.53347156,63.7115114,3.08455932
2025-07-09,10.26,-1.535508637236,2547748456.38,2310722264.7,248318563.0,225216595.0,74.28672416,60.38732542,10.04649576,-2.49456989,62.73321564,3.03719564
2025-07-10,11.6,13.060428849903,2880495330.8,2612512502.0,248318563.0,225216595.0,83.98888891,68.27416909,11.35861119,-2.82037141,70.92644264,3.43386642
2025-07-11,11.2,-3.448275862069,2781167905.6,2522425864.0,248318563.0,225216595.0,81.09272033,65.9198874,10.96693494,-2.72311723,68.48070324,3.31545723
2025-07-14,11.32,1.071428571429,2810966133.16,2549451855.4,248318563.0,225216595.0,81.9615709,66.6261719,11.08443782,-2.75229348,69.21442506,3.35097999
2025-07-15,11.07,-2.208480565371,2748886492.41,2493147706.65,248318563.0,225216595.0,80.15146554,65.15474585,10.83964016,-2.69150961,67.68583793,3.27697425
2025-07-16,11.12,0.451671183379,2761302420.56,2504408536.4,248318563.0,225216595.0,80.51348661,65.44903106,10.88859969,-2.70366639,67.99155536,3.2917754
2025-07-17,11.52,3.597122302158,2860629845.76,2594495174.4,248318563.0,225216595.0,83.40965519,67.80331275,11.28027594,-2.80092057,70.43729476,3.41018458
2025-07-18,11.35,-1.475694444444,2818415690.05,2556208353.25,248318563.0,225216595.0,82.17878355,66.80274303,11.11381354,-2.75958755,69.39785551,3.35986068
2025-07-21,11.48,1.145374449339,2850697103.24,2585486510.6,248318563.0,225216595.0,83.12003833,67.56788458,11.24110832,-2.79119516,70.19272082,3.39834366
2025-07-22,11.06,-3.658536585366,2746403306.78,2490895540.7,248318563.0,225216595.0,80.07906132,65.0958888,10.82984826,-2.68907826,67.62469445,3.27401402
2025-07-23,11.83,6.962025316456,2937608600.29,2664312318.85,248318563.0,225216595.0,85.65418584,69.62788106,11.58382503,-2.87629257,72.33274279,3.5019517
2025-07-24,11.69,-1.183431952663,2902844001.47,2632781995.55,248318563.0,225216595.0,84.64052684,68.80388247,11.44673835,-2.8422536,71.476734,3.46050849
2025-07-25,11.39,-2.56629597947,2828348432.57,2565217017.05,248318563.0,225216595.0,82.4684004,67.0381712,11.15298116,-2.76931296,69.64242945,3.3717016
2025-07-28,11.9,4.477611940299,2954990899.7,2703222980.5,248318563.0,227161595.0,86.16101535,70.03988036,11.65236838,-2.89331205,72.76074719,3.52267331
2025-07-29,12.29,3.27731092437,3051835139.27,2791816002.55,248318563.0,227161595.0,88.98477972,72.33530501,12.03425272,-2.98813488,75.14534311,3.63812227
2025-07-30,12.7,3.3360455655,3153645750.1,2884952256.5,248318563.0,227161595.0,91.95335251,74.74844374,12.43572087,-3.08782043,77.65222599,3.75949168
2025-07-31,13.6,7.086614173228,3377132456.8,3089397692.0,248318563.0,227161595.0,98.46973182,80.04557755,13.31699243,-3.30664234,83.15513965,4.02591235
2025-08-01,13.14,-3.382352941176,3262905917.82,2984903358.3,248318563.0,227161595.0,95.13913795,77.33815361,12.86656475,-3.19480003,80.34253933,3.88974179
2025-08-04,12.76,-2.891933028919,3168544863.88,2898581952.2,248318563.0,227161595.0,92.3877778,75.101586,12.49447231,-3.10240855,78.0190869,3.77725306
2025-08-05,12.35,-3.213166144201,3066734253.05,2805445698.25,248318563.0,227161595.0,89.419205,72.68844726,12.09300416,-3.00272301,75.51220402,3.65588365
2025-08-06,12.15,-1.619433198381,3017070540.45,2760013379.25,248318563.0,227161595.0,87.97112071,71.51130642,11.89716603,-2.95409592,74.28933432,3.59667905
2025-08-07,12.08,-0.576131687243,2999688241.04,2744112067.6,248318563.0,227161595.0,87.46429121,71.09930712,11.82862269,-2.93707644,73.86132992,3.57595744
2025-08-08,12.13,0.413907284768,3012104169.19,2755470147.35,248318563.0,227161595.0,87.82631228,71.39359233,11.87758222,-2.94923321,74.16704735,3.59075859
2025-08-11,12.33,1.648804616653,3061767881.79,2802659491.35,248318563.0,227304095.0,89.27439657,72.57073318,12.07342034,-2.9978603,75.38991705,3.64996319
2025-08-12,12.02,-2.514193025142,2984789127.26,2732195221.9,248318563.0,227304095.0,87.02986592,70.74616487,11.76987125,-2.92248831,73.49446901,3.55819607
2025-08-13,12.2,1.497504159734,3029486468.6,2773109959.0,248318563.0,227304095.0,88.33314178,71.80559163,11.94612556,-2.96625269,74.59505174,3.6114802
2025-08-14,11.79,-3.360655737705,2927675857.77,2679915280.05,248318563.0,227304095.0,85.36456899,69.39245289,11.54465741,-2.86656715,72.08816885,3.49011078
2025-08-15,11.79,0.0,2927675857.77,2679915280.05,248318563.0,227304095.0,85.36456899,69.39245289,11.54465741,-2.86656715,72.08816885,3.49011078
2025-08-18,11.97,1.526717557252,2972373199.11,2720830017.15,248318563.0,227304095.0,86.66784485,70.45187966,11.72091172,-2.91033153,73.18875159,3.54339492
2025-08-19,12.57,5.012531328321,3121364336.91,2857212474.15,248318563.0,227304095.0,91.01209772,73.98330219,12.30842609,-3.05621281,76.85736069,3.7210087
2025-08-20,12.24,-2.625298329356,3039419211.12,2782202122.8,248318563.0,227304095.0,88.62275864,72.0410198,11.98529319,-2.97597811,74.83962568,3.62332112
2025-08-21,12.07,-1.388888888889,2997205055.41,2743560426.65,248318563.0,227304095.0,87.39188699,71.04045008,11.81883078,-2.93464508,73.80018644,3.57299721
2025-08-22,11.98,-0.745650372825,2974856384.74,2723103058.1,248318563.0,227304095.0,86.74024906,70.5107367,11.73070363,-2.91276289,73.24989507,3.54635515
2025-08-25,12.05,0.584307178631,2992238684.15,2739014344.75,248318563.0,227304095.0,87.24707857,70.92273599,11.79924697,-2.92978237,73.67789947,3.56707676
2025-08-26,11.51,-4.48132780083,2858146660.13,2616270133.45,248318563.0,227304095.0,315.17291772,67.74445571,11.27048404,-2.79848922,86.74100817,3.4919771
2025-08-27,11.21,-2.606429192007,2783651091.23,2548078904.95,248318563.0,227304095.0,306.95815878,65.97874444,10.97672685,-2.72554858,84.48016521,3.40096119
2025-08-28,11.31,0.892060660125,2808482947.53,2570809314.45,248318563.0,227304095.0,309.69641176,66.56731486,11.07464591,-2.74986213,85.23377953,3.43129982
2025-08-29,11.37,0.53050397878,2823382061.31,2584447560.15,248318563.0,227304095.0,311.33936355,66.92045712,11.13339735,-2.76445025,85.68594812,3.44950301
2025-09-01,11.46,0.791556728232,2845730731.98,2604904928.7,248318563.0,227304095.0,313.80379123,67.4501705,11.2215245,-2.78633245,86.36420101,3.47680778
2025-09-02,11.09,-3.228621291449,2753852863.67,2520802413.55,248318563.0,227304095.0,303.67225521,65.27245993,10.85922398,-2.69637232,83.57582803,3.36455482
2025-09-03,10.79,-2.705139765555,2679357294.77,2452611185.05,248318563.0,227304095.0,295.45749628,63.50674866,10.56546679,-2.62343168,81.31498507,3.27353891
2025-09-04,10.86,0.64874884152,2696739594.18,2468522471.7,248318563.0,227304095.0,297.37427336,63.91874796,10.63401013,-2.64045117,81.84251509,3.29477596
2025-09-05,10.89,0.276243093923,2704189151.07,2475341594.55,248318563.0,227304095.0,298.19574925,64.09531908,10.66338585,-2.64774523,82.06859939,3.30387755
2025-09-08,10.87,-0.183654729109,2699222779.81,2470795512.65,248318563.0,227304095.0,297.64809866,63.977605,10.64380204,-2.64288252,81.91787653,3.29780982
2025-09-09,10.8,-0.64397424103,2681840480.4,2454884226.0,248318563.0,227304095.0,295.73132157,63.5656057,10.5752587,-2.62586304,81.3903465,3.27657278
2025-09-10,10.75,-0.462962962963,2669424552.25,2443519021.25,248318563.0,227304095.0,294.36219509,63.27132049,10.52629916,-2.61370627,81.01353934,3.26140346
2025-09-11,10.83,0.744186046512,2689290037.29,2461703348.85,248318563.0,227304095.0,296.55279747,63.74217683,10.60463441,-2.6331571,81.6164308,3.28567437
2025-09-12,11.15,2.954755309326,2768751977.45,2534440659.25,248318563.0,227304095.0,305.315207,65.62560219,10.91797541,-2.71096045,84.02799662,3.382758
2025-09-15,10.97,-1.614349775785,2724054636.11,2493525922.15,248318563.0,227304095.0,300.38635164,64.56617542,10.7417211,-2.66719607,82.67149085,3.32814846
2025-09-16,10.94,-0.273473108478,2716605079.22,2486706799.3,248318563.0,227304095.0,299.56487574,64.3896043,10.71234538,-2.659902,82.44540655,3.31904687
2025-09-17,10.89,-0.457038391225,2704189151.07,2475341594.55,248318563.0,227304095.0,298.19574925,64.09531908,10.66338585,-2.64774523,82.06859939,3.30387755
2025-09-18,10.96,0.642791551882,2721571450.48,2491252881.2,248318563.0,227304095.0,300.11252634,64.50731838,10.73192919,-2.66476471,82.59612941,3.32511459
2025-09-19,10.61,-3.193430656934,2634659953.43,2411696447.95,248318563.0,227304095.0,290.52864092,62.4473219,10.38921248,-2.5796673,79.9584793,3.21892937
2025-09-22,10.46,-1.413760603205,2597412168.98,2377600833.7,248318563.0,227304095.0,286.42126145,61.56446627,10.24233388,-2.54319698,78.82805782,3.17342141
2025-09-23,10.39,-0.669216061185,2580029869.57,2361689547.05,248318563.0,227304095.0,284.50448437,61.15246697,10.17379054,-2.5261775,78.30052779,3.15218436
2025-09-24,10.53,1.347449470645,2614794468.39,2393512120.35,248318563.0,227304095.0,288.33803854,61.97646556,10.31087723,-2.56021646,79.35558784,3.19465846
2025-09-25,10.41,-1.139601139601,2584996240.83,2366235628.95,248318563.0,227304095.0,285.05213496,61.27018105,10.19337435,-2.53104021,78.45125066,3.15825209
2025-09-26,10.39,-0.192122958694,2580029869.57,2357014047.05,248318563.0,226854095.0,284.50448437,61.15246697,10.17379054,-2.5261775,78.30052779,3.15218436
2025-09-29,10.41,0.192492781521,2666714740.83,2361551128.95,256168563.0,226854095.0,294.06337936,63.20709191,10.51561361,-2.61105302,80.93130012,3.25809271
2025-09-30,10.58,1.633045148895,2710263396.54,2400116325.1,256168563.0,226854095.0,298.86556711,64.23929226,9.21208453,-2.65369269,82.25294479,3.31129884
2025-10-09,10.57,-0.094517958412,2707701710.91,2397847784.15,256168563.0,226854095.0,298.58308548,64.17857459,9.20337746,-2.65118447,82.17520098,3.30816906
2025-10-10,10.77,1.892147587512,2758935423.51,2443218603.15,256168563.0,226854095.0,304.23271813,65.39292794,9.37751894,-2.7013488,83.73007706,3.3707645
2025-10-13,10.67,-0.928505106778,2733318567.21,2420533193.65,256168563.0,226854095.0,301.4079018,64.78575127,9.2904482,-2.67626664,82.95263902,3.33946678
2025-10-14,10.64,-0.281162136832,2725633510.32,2413727570.8,256168563.0,226854095.0,300.5604569,64.60359827,9.26432698,-2.66874199,82.71940761,3.33007747
2025-10-15,10.9,2.443609022556,2792237336.7,2472709635.5,256168563.0,226854095.0,307.90497935,66.18225762,9.49071091,-2.73395561,84.74074652,3.41145154
2025-10-16,10.89,-0.091743119266,2789675651.07,2443475385.45,256168563.0,224377905.0,307.62249772,66.12153996,9.48200383,-2.73144739,84.66300271,3.40832177
2025-10-17,10.77,-1.101928374656,2758289223.51,2416550036.85,256108563.0,224377905.0,304.1614605,65.37761156,9.37532253,-2.70071608,83.71046574,3.369975
2025-10-20,10.93,1.485608170845,2799266593.59,2452450501.65,256108563.0,224377905.0,308.68010801,66.3488667,9.51460309,-2.74083814,84.95407526,3.42003963
2025-10-21,10.97,0.365965233303,2809510936.11,2461425617.85,256108563.0,224377905.0,309.80976989,66.59168049,9.54942323,-2.75086866,85.26497764,3.43255578
2025-10-22,11.0,0.273473108478,2817194193.0,2468156955.0,256108563.0,224377905.0,310.6570163,66.77379082,9.57553833,-2.75839154,85.49815442,3.4419429
2025-10-23,10.77,-2.090909090909,2758289223.51,2416550036.85,256108563.0,224377905.0,304.1614605,65.37761156,9.37532253,-2.70071608,83.71046574,3.369975
2025-10-24,10.8,0.278551532033,2765972480.4,2423281374.0,256108563.0,224377905.0,305.00870691,65.5597219,9.40143764,-2.70823897,83.94364253,3.37936212
2025-10-27,10.95,1.388888888889,2804388764.85,2456938059.75,256108563.0,224377905.0,309.24493895,66.47027359,9.53201316,-2.7458534,85.10952645,3.4262977
2025-10-28,11.28,3.013698630137,2888904590.64,2530982768.4,256108563.0,224377905.0,318.56464944,68.47348732,9.81927931,-2.82860515,87.67447108,3.52955599
2025-10-29,11.15,-1.152482269504,2855610477.45,2501813640.75,256108563.0,224377905.0,314.89324834,67.68434252,9.70611386,-2.79600597,86.66403835,3.48887848
2025-10-30,10.94,-1.883408071749,2801827679.22,2454694280.7,256108563.0,224377905.0,137.58533519,66.40957015,9.52330813,-2.74334577,33.64327503,3.29912476
2025-10-31,11.16,2.010968921389,2858171563.08,2504057419.8,256108563.0,224377905.0,140.35213352,67.74504596,9.71481889,-2.7985136,34.31983084,3.36546913
2025-11-03,11.06,-0.89605734767,2832560706.78,2481619629.3,256108563.0,224377905.0,139.09449791,67.1380115,9.62776854,-2.77343732,34.01230547,3.3353126
2025-11-04,10.95,-0.994575045208,2804388764.85,2456938059.75,256108563.0,224377905.0,137.71109875,66.47027359,9.53201316,-2.7458534,33.67402757,3.30214041
2025-11-05,10.9,-0.456621004566,2791583336.7,2445719164.5,256108563.0,224377905.0,137.08228094,66.16675636,9.48848799,-2.73331526,33.52026488,3.28706215
2025-11-06,10.77,-1.192660550459,2758289223.51,2416550036.85,256108563.0,224377905.0,135.44735466,65.37761156,9.37532253,-2.70071608,33.12048191,3.24785865
2025-11-07,10.72,-0.464252553389,2745483795.36,2405331141.6,256108563.0,224377905.0,134.81853685,65.07409433,9.33179736,-2.68817794,32.96671923,3.23278039
2025-11-10,10.88,1.492537313433,2786461165.44,2441231606.4,256108563.0,224377905.0,136.83075382,66.04534947,9.47107792,-2.7283,33.45875981,3.28103084
2025-11-11,10.9,0.183823529412,2791583336.7,2445719164.5,256108563.0,224377905.0,137.08228094,66.16675636,9.48848799,-2.73331526,33.52026488,3.28706215
2025-11-12,11.09,1.743119266055,2840243963.67,2488350966.45,256108563.0,224377905.0,139.47178859,67.32012184,9.65388365,-2.7809602,34.10456308,3.34435956
2025-11-13,11.33,2.164111812444,2901710018.79,2542201663.65,256108563.0,224377905.0,142.49011404,68.77700455,9.86280448,-2.84114329,34.84262396,3.41673524
2025-11-14,11.51,1.588702559576,2947809560.13,2582589686.55,256108563.0,224377905.0,144.75385813,69.86966658,10.01949511,-2.88628061,35.39616962,3.471017
2025-11-17,11.37,-1.216333622937,2911954361.31,2551176779.85,256108563.0,224377905.0,142.99316829,69.01981833,9.89762462,-2.85117381,34.9656341,3.42879785
2025-11-18,11.27,-0.879507475814,2886343505.01,2528738989.35,256108563.0,224377905.0,141.73553268,68.41278387,9.81057428,-2.82609752,34.65810874,3.39864132
2025-11-19,10.91,-3.194321206744,2794144422.33,2447962943.55,256108563.0,224377905.0,137.2080445,66.22745981,9.49719302,-2.73582289,33.55101742,3.2900778
2025-11-20,10.67,-2.199816681943,2732678367.21,2394112246.35,256108563.0,224377905.0,134.18971905,64.7705771,9.28827218,-2.6756398,32.81295654,3.21770212
2025-11-21,10.07,-5.623242736645,2579013229.41,2259485503.35,256108563.0,224377905.0,126.64390542,61.12837033,8.76597009,-2.52518208,30.96780435,3.03676292
2025-11-24,10.39,3.17775571003,2660967969.57,2331286432.95,256108563.0,224377905.0,130.66833936,63.07088061,9.04453121,-2.60542619,31.95188552,3.13326383
2025-11-25,10.55,1.539942252166,2701945339.65,2367186897.75,256108563.0,224377905.0,132.68055633,64.04213575,9.18381177,-2.64554825,32.4439261,3.18151428
2025-11-26,10.54,-0.094786729858,2699384254.02,2364943118.7,256108563.0,224377905.0,132.55479277,63.9814323,9.17510673,-2.64304063,32.41317357,3.17849863
2025-11-27,10.54,0.0,2699384254.02,2364943118.7,256108563.0,224377905.0,132.55479277,63.9814323,9.17510673,-2.64304063,32.41317357,3.17849863
2025-11-28,10.58,0.379506641366,2709628596.54,2373918234.9,256108563.0,224377905.0,133.05784701,64.22424608,9.20992687,-2.65307114,32.53618371,3.19056124
2025-12-01,10.59,0.094517958412,2712189682.17,2376162013.95,256108563.0,224377905.0,133.18361057,64.28494953,9.21863191,-2.65557877,32.56693625,3.19357689
2025-12-02,10.46,-1.227573182247,2678895568.98,2346992886.3,256108563.0,224377905.0,131.54868428,63.49580473,9.10546645,-2.6229796,32.16715327,3.1543734
2025-12-03,10.4,-0.57361376673,2663529055.2,2333530212.0,256108563.0,224377905.0,130.79410292,63.13158405,9.05323624,-2.60793382,31.98263806,3.13627948
2025-12-04,10.35,-0.480769230769,2650723627.05,2322311316.75,256108563.0,224377905.0,130.16528512,62.82806682,9.00971107,-2.59539568,31.82887537,3.12120121
2025-12-05,10.34,-0.096618357488,2648162541.42,2320067537.7,256108563.0,224377905.0,130.03952156,62.76736338,9.00100603,-2.59288805,31.79812284,3.11818556
2025-12-08,10.51,1.644100580271,2691700997.13,2358211781.55,256108563.0,224377905.0,132.17750208,63.79932196,9.14899163,-2.63551774,32.32091596,3.16945167
2025-12-09,10.23,-2.664129400571,2619990599.49,2295385968.15,256108563.0,224377905.0,128.65612239,62.09962547,8.90525065,-2.56530414,31.45984493,3.08501337
2025-12-10,10.31,0.782013685239,2640479284.53,2313336200.55,256108563.0,224377905.0,129.66223087,62.58525304,8.97489093,-2.58536517,31.70586523,3.1091386
2025-12-11,10.04,-2.618816682832,2571329972.52,2252754166.2,256108563.0,224377905.0,126.26661474,60.94625999,8.73985499,-2.51765919,30.87554674,3.02771596
2025-12-12,10.02,-0.199203187251,2566207801.26,2248266608.1,256108563.0,224377905.0,126.01508762,60.8248531,8.72244492,-2.51264393,30.81404166,3.02168465
2025-12-15,10.02,0.0,2566207801.26,2248266608.1,256108563.0,224377905.0,126.01508762,60.8248531,8.72244492,-2.51264393,30.81404166,3.02168465
2025-12-16,9.83,-1.89620758483,2517547174.29,2205634806.15,256108563.0,224377905.0,123.62557997,59.67148762,8.55704926,-2.46499899,30.22974347,2.96438724
2025-12-17,9.84,0.101729399797,2520108259.92,2207878585.2,256108563.0,224377905.0,123.75134353,59.73219107,8.56575429,-2.46750662,30.26049601,2.96740289
2025-12-18,10.02,1.829268292683,2566207801.26,2248266608.1,256108563.0,224377905.0,126.01508762,60.8248531,8.72244492,-2.51264393,30.81404166,3.02168465
2025-12-19,10.24,2.195608782435,2622551685.12,2297629747.2,256108563.0,224377905.0,128.78188595,62.16032891,8.91395569,-2.56781176,31.49059747,3.08802903
2025-12-22,10.16,-0.78125,2602063000.08,2279679514.8,256108563.0,224377905.0,127.77577747,61.67470134,8.84431541,-2.54775074,31.24457718,3.0639038
2025-12-23,10.08,-0.787401574803,2581574315.04,2261729282.4,256108563.0,224377905.0,126.76966898,61.18907377,8.77467513,-2.52768971,30.99855688,3.03977857
2025-12-24,10.08,0.0,2581574315.04,2261729282.4,256108563.0,224377905.0,126.76966898,61.18907377,8.77467513,-2.52768971,30.99855688,3.03977857
2025-12-25,10.19,1.09126984127,2609746256.97,2286410851.95,256108563.0,224377905.0,128.15306815,61.85681168,8.87043051,-2.55527362,31.33683479,3.07295076
2025-12-26,10.13,-0.588812561335,2594379743.19,2272948177.65,256108563.0,224377905.0,127.39848678,61.49259101,8.8182003,-2.54022785,31.15231957,3.05485684
2025-12-29,10.17,0.394866732478,2604624085.71,2281923293.85,256108563.0,224377905.0,127.90154103,61.73540479,8.85302044,-2.55025836,31.27532971,3.06691945
2025-12-30,10.39,2.163225172075,2660967969.57,2331286432.95,256108563.0,224377905.0,130.66833936,63.07088061,9.04453121,-2.60542619,31.95188552,3.13326383
2025-12-31,10.12,-2.598652550529,2591818657.56,2284758700.4,256108563.0,225766670.0,127.27272322,104.29474124,8.50832779,-2.53772022,31.12156703,3.05184119
2026-01-05,10.33,2.075098814229,2645601455.79,2332169701.1,256108563.0,225766670.0,129.91375799,106.45896018,8.684884,-2.590380422186,31.7673703,3.11516991
2026-01-06,10.33,0.0,2645601455.79,2332169701.1,256108563.0,225766670.0,129.91375799,106.45896018,8.684884,-2.590380422186,31.7673703,3.11516991
2026-01-07,10.17,-1.548886737657,2604624085.71,2296047033.9,256108563.0,225766670.0,127.90154103,104.81003146,8.55036498,-2.55025836353,31.27532971,3.06691945
2026-01-08,10.53,3.53982300885,2696823168.39,2377323035.1,256108563.0,225766670.0,132.4290292,108.52012107,8.85303277,-2.640532995706,32.38242103,3.17548297
2026-01-09,10.84,2.943969610636,2776216822.92,2447310702.8,256108563.0,225766670.0,136.32769958,111.71492046,9.11366337,-2.718269484752,33.33574967,3.26896823
2026-01-12,10.93,0.830258302583,2799266593.59,2467629703.1,256108563.0,225766670.0,137.45957162,112.64244286,9.18933031,-2.740838142747,33.61252249,3.29610911
2026-01-13,11.97,9.515096065874,3065619499.11,2704402089.9,256108563.0,225931670.0,150.53898192,123.36047951,10.06370392,-3.001631525211,36.8107863,3.60973706
2026-01-14,11.68,-2.422723475355,2991348015.84,2638881905.6,256108563.0,225931670.0,146.89183866,120.37179621,9.8198882,-2.928910293497,35.91896274,3.52228311
2026-01-15,11.28,-3.424657534247,2888904590.64,2548509237.6,256108563.0,225931670.0,141.86129624,116.24947443,9.48359066,-2.828605146457,34.68886128,3.40165697
2026-01-16,10.93,-3.102836879433,2799266593.59,2469433153.1,256108563.0,225931670.0,137.45957162,112.64244286,9.18933031,-2.740838142747,33.61252249,3.29610911
2026-01-19,10.85,-0.731930466606,2778777908.55,2451358619.5,256108563.0,225931670.0,136.45346314,111.8179785,9.1220708,-2.720777113418,33.3665022,3.27198388
2026-01-20,10.89,0.36866359447,2789022251.07,2460395886.3,256108563.0,225931670.0,136.95651738,112.23021068,9.15570056,-2.730807628082,33.48951235,3.28404649
2026-01-21,10.76,-1.19375573921,2755728137.88,2431024769.2,256108563.0,225931670.0,135.3215911,110.8904561,9.04640386,-2.698208455424,33.08972937,3.244843
2026-01-22,10.79,0.278810408922,2763411394.77,2437802719.3,256108563.0,225931670.0,135.69888178,111.19963024,9.07162617,-2.705731341422,33.18198698,3.25388996
2026-01-23,10.99,1.853568118628,2814633107.37,2482989053.3,256108563.0,225931670.0,138.21415299,113.26079113,9.23977494,-2.755883914942,33.79703771,3.31420303
2026-01-26,11.2,1.910828025478,2868415905.6,2530434704.0,256108563.0,225931670.0,140.85518776,115.42501007,9.41633115,-2.808544117128,34.44284098,3.37753175
2026-01-27,10.78,-3.75,2760850309.14,2435543402.6,256108563.0,225931670.0,135.57311822,111.09657219,9.06321873,-2.703223712756,33.15123445,3.25087431
2026-01-28,10.46,-2.968460111317,2678895568.98,2363245268.2,256108563.0,225931670.0,131.54868428,107.79871476,8.7941807,-2.622979595044,32.16715327,3.1543734
2026-01-29,10.43,-0.286806883365,2671212312.09,2356467318.1,256108563.0,225931670.0,131.1713936,107.48954063,8.76895839,-2.615456709046,32.07489567,3.14532644
2026-01-30,10.52,0.862895493768,2694262082.76,2376801168.4,256108563.0,225931670.0,132.30326564,108.41706303,8.84462533,-2.63802536704,32.35166849,3.17246732
2026-02-02,10.36,-1.520912547529,2653284712.68,2340652101.2,256108563.0,225931670.0,130.29104868,106.76813431,8.71010632,-2.597903308384,31.85962791,3.12421687
2026-02-03,10.57,2.027027027027,2707067510.91,2388097751.9,256108563.0,225931670.0,132.93208345,108.93235325,8.88666253,-2.65056351057,32.50543118,3.18754559
2026-02-04,10.68,1.040681173132,2735239452.84,2412950235.6,256108563.0,225931670.0,134.31548261,110.06599174,8.97914435,-2.678147425896,32.84370908,3.22071777
2026-02-05,11.28,5.61797752809,2888904590.64,2548509237.6,256108563.0,225931670.0,141.86129624,116.24947443,9.48359066,-2.828605146457,34.68886128,3.40165697
2026-02-06,11.78,4.432624113475,3016958872.14,2661475072.6,256108563.0,225931670.0,148.14947427,121.40237666,9.90396259,-2.953986580357,36.2264881,3.55243964
2026-02-09,11.65,-1.103565365025,2983664758.95,2632103955.5,256108563.0,225931670.0,146.51454798,120.06262208,9.79466589,-2.921387407499,35.82670513,3.51323615
2026-02-10,12.0,3.004291845494,3073302756.0,2711180040.0,256108563.0,225931670.0,150.9162726,123.66965365,10.08892624,-3.009154411209,36.90304391,3.61878402
2026-02-11,11.44,-4.666666666667,2929881960.72,2584658304.8,256108563.0,225931670.0,143.87351321,117.89840314,9.61810968,-2.868727205313,35.18090186,3.44990743
2026-02-12,11.37,-0.611888111888,2911954361.31,2568843087.9,256108563.0,225931670.0,142.99316829,117.17699683,9.55925761,-2.85117380465,34.9656341,3.42879785
2026-02-13,11.71,2.990325417766,2999031272.73,2645659855.7,256108563.0,225931670.0,147.26912934,120.68097035,9.84511052,-2.936433179495,36.01122035,3.53133007
2026-02-24,12.11,3.415883859949,3101474697.93,2736032523.7,256108563.0,225931670.0,152.29967176,124.80329214,10.18140806,-3.036738326535,37.24132181,3.6519562
2026-02-25,12.46,2.890173410405,3191112694.98,2815108608.2,256108563.0,225931670.0,156.70139638,128.4103237,10.47566841,-3.124505330246,38.31766059,3.75750407
2026-02-26,12.18,-2.247191011236,3119402297.34,2751847740.6,256108563.0,225931670.0,153.18001669,125.52469845,10.24026013,-3.054291727397,37.45658957,3.67306578
2026-02-27,12.28,0.821018062397,3145013153.64,2774440907.6,256108563.0,225931670.0,154.43765229,126.5552789,10.32433451,-3.079368014058,37.76411493,3.70322231
2026-03-02,11.93,-2.85016286645,3055375156.59,2695364823.1,256108563.0,225931670.0,150.03592767,122.94824733,10.03007417,-2.991601010347,36.68777615,3.59767444
2026-03-03,12.03,0.838222967309,3080986012.89,2717957990.1,256108563.0,225931670.0,151.29356328,123.97882778,10.11414855,-3.016677297207,36.99530152,3.62783098
2026-03-04,11.95,-0.665004156276,3060497327.85,2699883456.5,256108563.0,225931670.0,150.2874548,123.15436342,10.04688904,-2.996616267879,36.74928123,3.60370575
2026-03-05,12.53,4.853556485356,3209040294.39,2830923825.1,256108563.0,225931670.0,157.5817413,129.13173001,10.53452048,-3.142058730908,38.53292835,3.77861364
2026-03-06,12.4,-1.037509976057,3175746181.2,2801552708.0,256108563.0,225931670.0,155.94681502,127.79197543,10.42522378,-3.109459558249,38.13314537,3.73941015
2026-03-09,12.17,-1.854838709677,3116841211.71,2749588423.9,256108563.0,225931670.0,153.05425313,125.42164041,10.23185269,-3.051784098731,37.42583703,3.67005012
2026-03-10,12.55,3.122432210353,3214162465.65,2835442458.5,256108563.0,225931670.0,157.83326843,129.3378461,10.55133535,-3.147073988439,38.59443342,3.78464495
2026-03-11,12.19,-2.868525896414,3121963382.97,2754107057.3,256108563.0,225931670.0,153.30578025,125.62775649,10.24866757,-3.056799356063,37.48734211,3.67608143
2026-03-12,11.96,-1.88679245283,3063058413.48,2702142773.2,256108563.0,225931670.0,150.41321836,123.25742147,10.05529648,-2.999123896545,36.78003376,3.6067214
2026-03-13,11.98,0.167224080268,3068180584.74,2706661406.6,256108563.0,225931670.0,150.66474548,123.46353756,10.07211136,-3.004139153877,36.84153884,3.61275271
2026-03-16,12.05,0.584307178631,3086108184.15,2722476623.5,256108563.0,225931670.0,151.5450904,124.18494387,10.13096343,-3.021692554539,37.05680659,3.63386228
2026-03-17,11.79,-2.157676348548,3019519957.77,2663734389.3,256108563.0,225931670.0,148.27523783,121.50543471,9.91237003,-2.956494209023,36.25724064,3.5554553
2026-03-18,12.12,2.798982188295,3104035783.56,2738291840.4,256108563.0,225931670.0,152.42543532,124.90635018,10.1898155,-3.039245955202,37.27207435,3.65497186
2026-03-19,11.69,-3.547854785479,2993909101.47,2641141222.3,256108563.0,225931670.0,147.01760222,120.47485426,9.82829564,-2.931417922163,35.94971528,3.52529876
2026-03-20,11.43,-2.224123182207,2927320875.09,2582398988.1,256108563.0,225931670.0,143.74774965,117.7953451,9.60970224,-2.866219576647,35.15014932,3.44689177
2026-03-23,10.57,-7.524059492563,2707067510.91,2388097751.9,256108563.0,225931670.0,132.93208345,108.93235325,8.88666253,-2.65056351057,32.50543118,3.18754559
2026-03-24,11.09,4.919583727531,2839689463.67,2505582220.3,256058563.0,225931670.0,139.44455956,114.26905851,9.32202904,-2.780417275685,34.09790486,3.34370664
2026-03-25,10.88,-1.893597835888,2785917165.44,2458136569.6,256058563.0,225931670.0,136.80404039,112.10526209,9.1455073,-2.727767354167,33.45222767,3.28039029
2026-03-26,11.0,1.102941176471,2816644193.0,2485248370.0,256058563.0,225931670.0,138.31290849,113.34171718,9.24637686,-2.757853023663,33.82118606,3.31657106
2026-03-27,11.19,1.727272727273,2865295319.97,2528175387.3,256058563.0,225931670.0,140.70194963,115.29943775,9.40608701,-2.805488666666,34.40537018,3.37385729
2026-03-30,11.67,4.289544235925,2988203430.21,2636622588.9,256058563.0,225931670.0,146.737422,120.24525814,9.80956527,-2.925831344053,35.88120376,3.51858039
2026-03-31,11.28,-3.341902313625,2888340590.64,2548509237.6,256058563.0,225931670.0,141.8336007,116.22677908,6.5606524,-2.828052918689,34.68208898,3.40099287
2026-04-01,11.83,4.875886524823,3029172800.29,2672771656.1,256058563.0,225931670.0,148.74924613,121.89386493,6.88054236,-2.965945569982,36.37314828,3.56682142
2026-04-02,11.68,-1.267962806424,2990764015.84,2638881905.6,256058563.0,225931670.0,146.86316101,120.34829606,6.79329965,-2.928338483211,35.91195029,3.52159545
2026-04-03,11.12,-4.794520547945,2847371220.56,2512360170.4,256058563.0,225931670.0,139.82177658,114.57817228,6.4675935,-2.78793869296,34.19014445,3.35275184
2026-04-07,11.38,2.338129496403,2913946446.94,2571102404.6,256058563.0,225931670.0,143.09099078,117.25715832,6.61881421,-2.853124309869,34.98955431,3.43114352
2026-04-08,11.79,3.602811950791,3018930457.77,2663734389.3,256058563.0,225931670.0,148.2462901,121.48171324,6.85727764,-2.955917013549,36.25016215,3.55476116
2026-04-09,11.3,-4.156064461408,2893461761.9,2553027871.0,256058563.0,225931670.0,142.08507872,116.43285493,6.57228476,-2.833067197005,34.74358204,3.407023
2026-04-10,11.99,6.106194690265,3070142170.37,2708920723.3,256058563.0,225931670.0,150.76107025,123.54247173,6.97360126,-3.006059795711,36.86509281,3.61506246
2026-04-13,11.73,-2.168473728107,3003566943.99,2650178489.1,256058563.0,225931670.0,147.49185605,120.86348569,6.82238055,-2.940874178801,36.06568295,3.53667078
2026-04-14,11.75,0.170502983802,3008688115.25,2654697122.5,256058563.0,225931670.0,147.74333407,121.06956154,6.83401291,-2.945888457117,36.12717602,3.54270091
2026-04-15,11.84,0.765957446809,3031733385.92,2675030972.8,256058563.0,225931670.0,148.87498513,121.99690286,6.88635854,-2.96845270894,36.40389481,3.56983649
2026-04-16,12.14,2.533783783784,3108550954.82,2742810473.8,256058563.0,225931670.0,152.64715537,125.0880406,7.06084398,-3.043666882481,37.3262908,3.66028843
2026-04-17,11.98,-1.317957166392,3067581584.74,2706661406.6,256058563.0,225931670.0,150.63533124,123.43943381,6.96778508,-3.003552656553,36.83434627,3.61204739
2026-04-20,12.44,3.839732888147,3185368523.72,2810589974.8,256058563.0,225931670.0,156.4193256,128.17917834,7.23532942,-3.118881055823,38.24868678,3.75074036
2026-04-21,12.27,-1.366559485531,3141838568.01,2772181590.9,256058563.0,225931670.0,154.28176247,126.42753362,7.13645434,-3.076259690936,37.72599572,3.69948427
2026-04-22,12.16,-0.896495517522,3113672126.08,2747329107.2,256058563.0,225931670.0,152.89863338,125.29411645,7.07247634,-3.048681160598,37.38778386,3.66631856
2026-04-23,11.88,-2.302631578947,3041975728.44,2684068239.6,256058563.0,225931670.0,149.37794117,122.40905456,6.90962327,-2.978481265572,36.52688095,3.58189675
2026-04-24,11.94,0.505050505051,3057339242.22,2697624139.8,256058563.0,225931670.0,150.13237521,123.02728211,6.94452036,-2.993524100121,36.71136014,3.59998713
2026-04-27,12.05,0.921273031826,3085505684.15,2722476623.5,256058563.0,225931670.0,151.5155043,124.16069928,7.00849835,-3.021102630459,37.049572,3.63315284
2026-04-28,12.33,2.323651452282,3157202081.79,2785737491.1,256058563.0,225931670.0,177.34301788,127.04576117,7.17135142,-3.536083388205,28.01079671,3.65903601
2026-04-29,12.81,3.892944038929,3280110192.03,2894184692.7,256058563.0,225931670.0,184.24688232,131.99158156,7.45052812,-3.673741135618,29.10124135,3.80148024
2026-04-30,13.5,5.386416861827,3456790600.5,3050077545.0,256058563.0,225931670.0,194.17118746,139.10119836,7.85184462,-3.871624147673,30.66875552,4.00624381
2026-05-06,14.68,8.740740740741,3758939704.84,3316676915.6,256058563.0,225931670.0,211.14318754,151.25967348,8.53815401,-4.210032776696,33.34943193,4.3564192
2026-05-07,14.25,-2.93,3648834523.0,3219526298.0,,,204.96,272.93,8.29,,,
2026-05-08,13.97,-1.96,3577138125.0,3156265430.0,,,200.93,267.57,8.13,,,
2026-05-11,14.65,4.868,,,,,,,,,,
2026-06-04,9.69,-6.377,2481207475.3937006,2189277882.369363,,,139.37091624910522,185.5943664996421,5.639205440229063,,22.01335118540191,2.875592782561308
2026-06-05,9.69,0.0,2481207475.3937006,2189277882.369363,,,139.37091624910522,185.5943664996421,5.639205440229063,,22.01335118540191,2.875592782561308
2026-06-08,9.1,-6.089,2330132923.2283463,2055978197.06514,,,130.8849677881174,174.29398711524698,5.295848246241947,,20.6730129811308,2.700505089918256
2026-06-09,10.1,10.989,2586191486.2204723,2281909867.0722985,,,145.26793128131712,193.4471725125269,5.87780959198282,,22.94477264938693,2.9972638910081746
2026-06-10,9.62,-4.752,2463283375.9842515,2173462665.4688625,,,138.36410880458124,184.2536435218325,5.598468146027201,,21.854328008623988,2.8548196664850134
2026-06-11,9.31,-3.222,2383905221.4566927,2103423847.7666435,,,133.90539012168935,178.31615604867577,5.418060128847531,,21.15008251146459,2.762824438147139
2026-06-12,9.43,1.289,2414632249.0157475,2130535648.1675024,,,135.63134574087331,180.6145382963493,5.487895490336435,,21.422693671655324,2.7984354942779293
2026-06-15,9.29,-1.485,2378784050.19685,2098905214.3665004,,,133.61773085182534,177.93309234073013,5.406420901932713,,21.104647318099463,2.7568892621253407
2026-06-16,9.28,-0.108,2376223464.5669284,2096645897.666429,,,133.47390121689332,177.74156048675735,5.400601288475305,,21.081929721416905,2.7539216741144417
2026-06-17,9.0,-3.017,2304527066.9291334,2033385030.0644248,,,129.4466714387974,172.378668575519,5.237652111667861,,20.44583701430519,2.6708292098092645
2026-06-18,8.88,-1.333,2273800039.3700786,2006273229.6635656,,,127.72071581961347,170.0802863278454,5.167816750178957,,20.173225854114456,2.6352181536784745
2026-06-19,8.88,-1.333,2273800039.3700786,2006273229.6635656,,,127.72071581961347,170.0802863278454,5.167816750178957,,20.173225854114456,2.6352181536784745
2026-06-22,8.87,-0.113,2271239453.740157,2004013912.9634936,,,127.57688618468144,169.88875447387258,5.161997136721547,,20.15050825743189,2.632250565667575
2026-06-23,9.04,1.917,2314769409.4488187,2042422296.8647103,,,130.0219899785254,173.14479599141018,5.260930565497496,,20.536707401035432,2.682699561852861
2026-06-24,8.61,-4.757,2204664227.362205,1945271678.761632,,,123.83731567644952,164.90892627057983,5.01068718682892,,19.559850743685296,2.555093277384196
2026-06-25,8.37,-2.787,2143210172.2440944,1891048077.959914,,,120.38540443808158,160.31216177523265,4.87101646385111,,19.014628423303822,2.483871165122616
2026-06-26,7.94,-5.14,2033104990.0,1793897460.0,,,114.2,152.07,4.62,,18.03777176595369,2.356264880653952
2026-06-29,8.34,5.038,2135528415.188917,1884270128.010076,,,119.95314861460956,159.7309571788413,4.852745591939546,,18.94647563325614,2.474968401089919
2026-06-30,8.01,-3.957,2051029089.4080603,1809712676.901764,,,115.20680100755666,153.41066750629722,4.66073047858942,,18.19679494273161,2.377037996730246
2026-07-01,8.41,4.99,2153452515.0,1900085345.0,,,120.96,161.08,4.89,,19.105498810034064,2.495741517166213
2026-07-02,8.49,0.951,2173937200.0416174,1918159878.6028533,,,122.11063020214031,162.6122711058264,4.936516052318669,,19.28723958349456,2.5194822212534067
2026-07-03,8.67,2.12,2220027741.385256,1958827579.2092743,,,124.699548156956,166.0598810939358,5.041177170035672,,19.696156323780663,2.5728988054495923
2026-07-06,8.54,-1.499,2186740128.192628,1929456462.104637,,,122.829774078478,163.56994054696787,4.965588585017835,,19.400827566907367,2.5343201613079027
2026-07-07,8.09,-5.269,2071513774.833532,1827787210.588585,,,116.35747919143876,154.9509155766944,4.703935790725327,,18.378535716192108,2.40077870081744
2026-07-08,7.88,-2.596,2017741476.599287,1780341559.881094,,,113.33707491082043,150.92870392390012,4.581831153388824,,17.90146618585832,2.3384593525885573
2026-07-09,7.95,0.888,2035665576.010702,1796156776.783591,,,114.34387633769322,152.26944114149822,4.6225326991676585,,18.06048936263625,2.359232468664852
2026-07-10,8.24,3.648,2109922559.2865644,1861676961.093936,,,118.51491082045185,157.8239239001189,4.791153388822831,,18.71929966643053,2.445292520980928
2026-07-13,8.03,-2.549,2056150261.052319,1814231310.3864448,,,115.49450653983352,153.8017122473246,4.669048751486327,,18.24223013609674,2.382973172752045
2026-07-14,8.51,5.978,2179058371.302021,1922678512.003568,,,122.3982877526754,162.99533888228297,4.948145065398336,,19.332674776859683,2.525417397275206
2026-07-15,8.88,4.348,2273800039.6195006,2006273229.9167664,,,127.71995243757436,170.08209274673007,5.163281807372178,,20.173225854114456,2.635218153678476
2026-07-16,9.29,4.617,2378784050.457788,2098905214.6313915,,,133.61693222354344,177.93498216409031,5.401676575505352,,21.104647318099467,2.756889262125342
2026-07-17,8.13,-12.49,2091105617.0,1836183890.0,,,117.46,156.41,4.68,,18.46940610292236,2.412649052861037
2026-07-20,7.99,-1.722,2055096418.183272,1804564487.220172,,,115.43731857318572,153.71659286592865,4.599409594095941,,18.1513597493665,2.3711028207084484
2026-07-21,7.52,-5.882,1934208393.584256,1698413635.03075,,,108.64688806888068,144.67444034440342,4.328856088560885,,17.083632705286114,2.231626184196186
2026-07-22,7.43,-1.2,1911059623.0,1678086876.0,,,107.35,142.95,4.28,,16.879174335143063,2.2049178920980936
2026-07-23,7.61,2.423,1957357164.33782,1718740393.857335,,,109.9506729475101,146.41312247644686,4.383687752355317,,17.28809107542917,2.258334476294279
2026-07-24,7.27,-4.468,1869906252.9219384,1641950415.6823685,,,105.03829071332436,139.87166890982505,4.187833109017497,,16.515692788222083,2.1574364839237066
2026-07-27,7.69,5.777,1977933849.376852,1736808624.0161505,,,111.10652759084792,147.95228802153434,4.429771197846568,,17.469831848889662,2.2820751803814723
2026-07-28,7.72,0.39,1985650106.0,1755048410.0,,,111.54,148.53,4.44,,17.537984638937345,2.2909779444141694
2026-07-29,7.68,-0.518,1975361763.4818647,1745954894.9222798,,,110.96207253886011,147.76041450777203,4.41699481865285,,17.4471142522071,2.2791075923705724
2026-07-30,7.54,-1.823,1939352564.668393,1714127592.150259,,,108.93932642487049,145.0668652849741,4.336476683937824,,17.129067898651243,2.237561360217984
2026-07-31,7.83,3.846,2013943047.9248693,1780055576.4637303,,,113.12930051813474,150.64636010362696,4.503264248704663,,17.787878202445523,2.3236214125340604
2026-08-03,8.08,3.193,2078245188.663212,1836890045.6994808,,,116.74134715025907,155.45626943005183,4.647046632124352,,18.35581811950956,2.39781111280654
2026-08-04,8.25,2.104,2121970644.3652847,1875537484.779792,,,119.19753886010363,158.72700777202076,4.744818652849741,,18.7420172631131,2.448260108991826
2026-08-05,8.26,0.121,2124542729.9948184,1877810863.549222,,,119.3420207253886,158.91940414507775,4.750569948186529,,18.764734859795663,2.451227697002725
2026-08-07,8.6,3.739,2211993641.3989635,1955105741.709844,,,124.2544041450777,165.46088082901557,4.946113989637306,,19.53713314700275,2.5521256893732973
2026-08-10,8.83,2.674,2271151610.878238,2007393453.406736,,,127.5774870466321,169.88599740932645,5.07839378238342,,20.05963787070166,2.6203802136239784
2026-08-11,8.87,0.453,2281439953.396373,2016486968.484456,,,128.15541450777198,170.6555829015544,5.101398963730571,,20.150508257431905,2.632250565667575
2026-08-12,8.93,0.676,2296872467.173575,2030127241.1010363,,,129.02230569948185,171.80996113989636,5.135906735751296,,20.28681383752728,2.65005609373297
2026-08-13,9.1,1.904,2340597922.875647,2068774680.1813471,,,131.47849740932642,175.08069948186525,5.233678756476684,,20.673012981130825,2.700505089918256
2026-08-14,8.98,-1.319,2309732895.321244,2041494134.948187,,,129.74471502590674,172.77194300518133,5.164663212435234,,20.40040182094009,2.664894033787466
2026-08-17,9.05,0.78,2327737494.72798,2057407786.334197,,,130.75608808290156,174.11871761658028,5.204922279792747,,20.559424997718025,2.68566714986376
2026-08-18,9.18,1.436,2361174607.9119177,2086961710.336788,,,132.6343523316062,176.6198704663212,5.2796891191709845,,20.85475375459132,2.724245794005449
2026-08-19,8.73,-4.902,2245430754.582902,1984659665.7124355,,,126.1326683937824,167.96203367875646,5.020880829015545,,19.832461903876062,2.590704333514986
2026-08-20,9.06,3.78,2330309580.3575134,2059681165.103628,,,130.90056994818653,174.31111398963728,5.210673575129535,,20.582142594400587,2.688634737874659
2026-08-21,8.88,-1.987,2284012039.0259075,2018760347.253887,,,128.299896373057,170.84797927461136,5.107150259067359,,20.17322585411448,2.635218153678474
2026-08-24,9.54,7.432,2453769690.57513,2168803346.0362697,,,137.83569948186528,183.5461398963729,5.486735751295338,,21.67258723516353,2.8310789623978194
2026-08-25,9.25,-3.04,2379179207.3186536,2102875361.7227983,,,133.64572538860102,177.96664507772007,5.319948186528499,,21.01377693136925,2.745018910081744
2026-08-26,9.18,-0.757,2361174607.9119177,2086961710.336788,,,132.6343523316062,176.61987046632112,5.279689119170986,,20.85475375459132,2.724245794005449
2026-08-27,9.2,0.0,2366318779.170985,2091508467.875648,,,132.92331606217616,177.0046632124351,5.291191709844561,,20.900188947956444,2.7301809700272472
2026-08-28,9.01,-2.065,2317449152.209845,2048314271.256477,,,130.17816062176163,173.3491321243522,5.181917098445598,,20.46855461098778,2.6737967978201627
2026-08-31,8.92,-0.999,2294300381.544042,2027853862.3316069,,,128.87782383419687,171.61756476683922,5.1301554404145095,,20.26409624084473,2.64708850572207
2026-09-01,9.06,1.57,2330309580.357514,2059681165.103628,,,130.90056994818653,174.31111398963716,5.210673575129536,,20.58214259440059,2.6886347378746587
2026-09-02,8.78,-3.091,2258291182.730571,1996026559.5595863,,,126.85507772020723,168.92401554404128,5.049637305699483,,19.94604988728887,2.605542273569481
2026-09-03,8.68,-1.139,2232570326.435234,1973292771.8652856,,,125.4102590673575,167.00005181347134,4.992124352331608,,19.718873920463256,2.575866393460489
2026-09-04,8.7,0.23,2237714497.694301,1977839529.4041457,,,125.69922279792743,167.38484455958533,5.003626943005183,,19.76430911382838,2.581801569482287
2026-09-07,8.7,0.0,2237714497.694301,1977839529.4041457,,,125.69922279792743,167.38484455958533,5.003626943005183,,19.76430911382838,2.581801569482287
2026-09-08,9.11,4.713,2343170008.5051823,2071048058.9507773,,,131.62297927461137,175.27309585492213,5.239430051813474,,20.6957305778134,2.7034726779291534
2026-09-09,9.1,-0.11,2340597922.875649,2068774680.1813483,,,131.4784974093264,175.08069948186514,5.233678756476687,,20.67301298113084,2.7005050899182543
2026-09-10,8.76,-3.736,2253147011.471504,1991479802.020727,,,126.56611398963727,168.53922279792732,5.038134715025909,,19.90061469392376,2.599607097547682
2026-09-11,8.45,-3.539,2173412356.95596,1921005060.1683955,,,122.08717616580309,162.57493523316046,4.859844559585494,,19.19636919676436,2.5076118692098075
2026-09-14,8.63,2.13,2219709898.287566,1961925878.0181367,,,124.68784974093263,166.03806994818638,4.963367875647672,,19.605285937050464,2.561028453405993
2026-09-15,8.32,-3.592,2139975243.772022,1891451136.165805,,,120.20891191709843,160.0737823834195,4.785077720207257,,18.90104043989106,2.4690332250681184
2026-09-16,8.45,1.562,2173412356.95596,1921005060.1683955,,,122.08717616580309,162.57493523316043,4.859844559585494,,19.196369196764355,2.5076118692098075
2026-09-17,8.63,2.13,2219709898.287566,1961925878.0181367,,,124.68784974093263,166.03806994818635,4.963367875647672,,19.605285937050464,2.561028453405993
2026-09-18,8.67,0.463,2229998240.805701,1971019393.095857,,,125.26577720207251,166.8076554404143,4.986373056994822,,19.696156323780706,2.5728988054495896
2026-09-21,9.04,4.268,2325165409.098447,2055134407.564769,,,130.61160621761655,173.9263212435231,5.199170984455962,,20.536707401035475,2.682699561852859
2026-09-22,9.11,0.774,2343170008.5051827,2071048058.950779,,,131.62297927461137,175.27309585492205,5.239430051813475,,20.695730577813404,2.703472677929153
2026-09-23,8.99,-1.317,2312304980.950779,2043767513.7176187,,,129.8891968911917,172.96433937823812,5.1704145077720245,,20.42311941762267,2.667861621798363
2026-09-24,8.85,-1.557,2276295782.137308,2011940210.945598,,,127.86645077720203,170.27079015544018,5.089896373056998,,20.105073064066808,2.6263153896457743
2026-09-25,8.85,-1.557,2276295782.137308,2011940210.945598,,,127.86645077720203,170.27079015544018,5.089896373056998,,20.105073064066808,2.6263153896457743
2026-09-28,9.08,2.599,2335453751.616583,2064227922.642489,,,131.18953367875645,174.69590673575107,5.222176165803112,,20.62757778776572,2.6945699138964554
2026-09-29,9.09,0.11,2338025837.246116,2066501301.4119189,,,131.33401554404142,174.88830310880806,5.2279274611399,,20.65029538444828,2.697537501907355
2026-09-30,9.19,1.1,2363746693.541453,2089235089.10622,,,132.77883419689115,176.812266839378,5.285440414507775,,20.877471351273897,2.7272133820163464
2026-10-01,9.19,1.1,2363746693.541453,2089235089.10622,,,132.77883419689115,176.812266839378,5.285440414507775,,20.877471351273897,2.7272133820163464
2026-10-02,9.19,1.1,2363746693.541453,2089235089.10622,,,132.77883419689115,176.812266839378,5.285440414507775,,20.877471351273897,2.7272133820163464
2026-10-05,9.19,1.1,2363746693.541453,2089235089.10622,,,132.77883419689115,176.812266839378,5.285440414507775,,20.877471351273897,2.7272133820163464
2026-10-06,9.19,1.1,2363746693.541453,2089235089.10622,,,132.77883419689115,176.812266839378,5.285440414507775,,20.877471351273897,2.7272133820163464
2026-10-07,9.19,1.1,2363746693.541453,2089235089.10622,,,132.77883419689115,176.812266839378,5.285440414507775,,20.877471351273897,2.7272133820163464
2026-10-08,9.18,-0.109,2361174607.911919,2086961710.3367896,,,132.63435233160618,176.61987046632103,5.279689119170988,,20.854753754591336,2.7242457940054474
2026-10-09,9.28,1.089,2386895464.207256,2109695498.0310905,,,134.0791709844559,178.54383419689097,5.337202072538863,,21.081929721416948,2.753921674114439
