数据日期,当日收盘价,当日涨跌幅,总市值,流通市值,总股本,流通股本,PE(TTM),PE(静),市净率,PEG值,市现率,市销率
2018-01-02,30.93,0.716379029632,2514547140.0,618600000.0,81298000.0,20000000.0,33.94759384,38.41482538,3.94685756,-1.63945589,47.74407102,8.4426219
2018-01-03,30.76,-0.549628192693,2500726480.0,615200000.0,81298000.0,20000000.0,33.76100829,38.20368667,3.92516452,-1.63044498,47.48165614,8.39621887
2018-01-04,30.36,-1.300390117035,2468207280.0,607200000.0,81298000.0,20000000.0,33.32198348,37.70688971,3.87412207,-1.60924283,46.86420938,8.28703527
2018-01-05,30.56,0.658761528327,2484466880.0,611200000.0,81298000.0,20000000.0,33.54149589,37.95528819,3.89964329,-1.6198439,47.17293276,8.34162707
2018-01-08,30.55,-0.032722513089,2483653900.0,611000000.0,81298000.0,20000000.0,33.53052027,37.94286827,3.89836723,-1.61931385,47.15749659,8.33889748
2018-01-09,31.4,2.78232405892,2552757200.0,628000000.0,81298000.0,20000000.0,34.463448,38.99856182,4.00683244,-1.66436841,48.46957096,8.57091263
2018-01-10,30.7,-2.229299363057,2495848600.0,614000000.0,81298000.0,20000000.0,33.69515457,38.12916713,3.91750815,-1.62726466,47.38903913,8.37984133
2018-01-11,32.07,4.462540716612,2607226860.0,641400000.0,81298000.0,20000000.0,35.19881456,39.83069674,4.09232855,-1.699882,49.50379429,8.75379516
2018-01-12,32.05,-0.062363579669,2605600900.0,641000000.0,81298000.0,20000000.0,35.17686332,39.80585689,4.08977642,-1.6988219,49.47292195,8.74833598
2018-01-15,31.3,-2.340093603744,2544627400.0,626000000.0,81298000.0,20000000.0,34.3536918,38.87436258,3.99407183,-1.65906787,48.31520927,8.54361673
2018-01-16,31.89,1.884984025559,2592593220.0,637800000.0,81298000.0,20000000.0,35.0012534,39.6071381,4.06935944,-1.69034104,49.22594325,8.70466254
2018-01-17,32.27,1.191596111634,2623486460.0,645400000.0,81298000.0,20000000.0,35.41832697,40.07909522,4.11784977,-1.71048308,49.81251767,8.80838696
2018-01-18,31.94,-1.022621629997,2596658120.0,638800000.0,81298000.0,20000000.0,35.0561315,39.66923772,4.07573975,-1.69299131,49.30312409,8.71831049
2018-01-19,31.67,-0.845335003131,2574707660.0,633400000.0,81298000.0,20000000.0,34.75978975,39.33389977,4.0412861,-1.67867986,48.88634753,8.64461156
2018-01-22,30.92,-2.368171771392,2513734160.0,618400000.0,81298000.0,20000000.0,33.93661822,38.40240546,3.9455815,-1.63892584,47.72863485,8.43989231
2018-01-23,30.99,0.22639068564,2519425020.0,619800000.0,81298000.0,20000000.0,34.01344756,38.48934493,3.95451393,-1.64263621,47.83668803,8.45899944
2018-01-24,31.61,2.000645369474,2569829780.0,632200000.0,81298000.0,20000000.0,34.69393603,39.25938022,4.03362973,-1.67549954,48.79373051,8.62823402
2018-01-25,30.75,-2.720658019614,2499913500.0,615000000.0,81298000.0,20000000.0,33.75003267,38.19126675,3.92388846,-1.62991492,47.46621997,8.39348928
2018-01-26,30.49,-0.845528455285,2478776020.0,609800000.0,81298000.0,20000000.0,33.46466654,37.86834872,3.89071086,-1.61613353,47.06487958,8.32251994
2018-01-29,29.9,-1.935060675631,2430810200.0,598000000.0,81298000.0,20000000.0,32.81710494,37.1355732,3.81542325,-1.58486037,46.1541456,8.16147413
2018-01-30,29.91,0.033444816054,2431623180.0,598200000.0,81298000.0,20000000.0,32.82808056,37.14799312,3.81669931,-1.58539042,46.16958177,8.16420372
2018-01-31,28.5,-4.714142427282,2316993000.0,570000000.0,81298000.0,20000000.0,31.28051809,35.39678382,3.63677467,-1.51065286,43.99308193,7.77933153
2018-02-01,26.6,-6.666666666667,2162526800.0,532000000.0,81298000.0,20000000.0,29.19515022,33.03699823,3.39432302,-1.40994267,41.0602098,7.26070943
2018-02-02,26.58,-0.075187969925,2160900840.0,531600000.0,81298000.0,20000000.0,29.17319898,33.01215838,3.3917709,-1.40888256,41.02933746,7.25525025
2018-02-05,26.6,0.075244544771,2162526800.0,532000000.0,81298000.0,20000000.0,29.19515022,33.03699823,3.39432302,-1.40994267,41.0602098,7.26070943
2018-02-06,24.87,-6.503759398496,2021881260.0,497400000.0,81298000.0,20000000.0,27.29636789,30.88835135,3.17356442,-1.31824339,38.38975254,6.78849035
2018-02-07,25.39,2.090872537193,2064156220.0,507800000.0,81298000.0,20000000.0,27.86710015,31.53418741,3.23991961,-1.34580618,39.19243334,6.93042903
2018-02-08,25.77,1.496652225286,2095049460.0,515400000.0,81298000.0,20000000.0,28.28417372,32.00614452,3.28840994,-1.36594821,39.77900776,7.03415346
2018-02-09,25.07,-2.716336825766,2038140860.0,501400000.0,81298000.0,20000000.0,27.5158803,31.13674983,3.19908565,-1.32884446,38.69847593,6.84308215
2018-02-12,25.91,3.350618268847,2106431180.0,518200000.0,81298000.0,20000000.0,28.43783241,32.18002346,3.30627479,-1.37336897,39.99511413,7.07236772
2018-02-13,25.98,0.270165959089,2112122040.0,519600000.0,81298000.0,20000000.0,28.51466175,32.26696293,3.31520722,-1.37707934,40.10316731,7.09147485
2018-02-14,25.97,-0.038491147036,2111309060.0,519400000.0,81298000.0,20000000.0,28.50368613,32.25454301,3.31393116,-1.37654929,40.08773114,7.08874526
2018-02-22,26.26,1.116673084328,2134885480.0,525200000.0,81298000.0,20000000.0,28.82197912,32.61472081,3.35093694,-1.39192084,40.53538005,7.16790337
2018-02-23,26.14,-0.4569687738,2125129720.0,522800000.0,81298000.0,20000000.0,28.69027168,32.46568172,3.3356242,-1.3855602,40.35014602,7.13514829
2018-02-26,27.05,3.481254781943,2199110900.0,541000000.0,81298000.0,20000000.0,29.68905313,33.59589481,3.45174578,-1.43379508,41.75483741,7.38354098
2018-02-27,27.12,0.258780036969,2204801760.0,542400000.0,81298000.0,20000000.0,33.29770714,33.68283428,3.46067821,-1.43750545,41.86289059,7.29739827
2018-02-28,26.76,-1.327433628319,2175534480.0,535200000.0,81298000.0,20000000.0,32.85570218,33.23571701,3.41474,-1.41842352,41.3071885,7.20053015
2018-03-01,27.16,1.494768310912,2208053680.0,543200000.0,81298000.0,20000000.0,33.3468188,33.73251398,3.46578245,-1.43962567,41.92463527,7.3081614
2018-03-02,26.88,-1.030927835052,2185290240.0,537600000.0,81298000.0,20000000.0,33.00303717,33.3847561,3.43005274,-1.42478417,41.49242253,7.23281953
2018-03-05,27.17,1.078869047619,2208866660.0,543400000.0,81298000.0,20000000.0,33.35909672,33.7449339,3.46705852,-1.44015572,41.94007144,7.31085218
2018-03-06,27.34,0.625690099374,2222687320.0,546800000.0,81298000.0,20000000.0,33.56782128,33.95607261,3.48875156,-1.44916663,42.20248631,7.35659546
2018-03-07,27.22,-0.438917337235,2212931560.0,544400000.0,81298000.0,20000000.0,33.4204863,33.80703352,3.47343882,-1.44280599,42.01725228,7.32430608
2018-03-08,28.04,3.012490815577,2279595920.0,560800000.0,81298000.0,20000000.0,34.42727538,34.8254673,3.57807585,-1.48627039,43.28301815,7.54495013
2018-03-09,28.47,1.533523537803,2314554060.0,569400000.0,81298000.0,20000000.0,34.95522575,35.35952404,3.63294648,-1.5090627,43.94677342,7.66065372
2018-03-12,28.85,1.33473832104,2345447300.0,577000000.0,81298000.0,20000000.0,35.42178654,35.83148116,3.68143681,-1.52920473,44.53334784,7.7629034
2018-03-13,28.37,-1.663778162912,2306424260.0,567400000.0,81298000.0,20000000.0,34.83244659,35.2353248,3.62018587,-1.50376216,43.79241173,7.63374591
2018-03-14,28.35,-0.070497003877,2304798300.0,567000000.0,81298000.0,20000000.0,34.80789076,35.21048495,3.61763375,-1.50270205,43.76153939,7.62836434
2018-03-15,27.39,-3.386243386243,2226752220.0,547800000.0,81298000.0,20000000.0,33.62921086,34.01817224,3.49513186,-1.4518169,42.27966716,7.37004936
2018-03-16,27.43,0.146038700256,2230004140.0,548600000.0,81298000.0,20000000.0,33.67832252,34.06785193,3.50023611,-1.45393712,42.34141183,7.38081249
2018-03-19,27.73,1.093693036821,2254393540.0,554600000.0,81298000.0,20000000.0,34.04665999,34.44044966,3.53851795,-1.46983873,42.8044969,7.46153592
2018-03-20,29.33,5.769924269744,2384470340.0,586600000.0,81298000.0,20000000.0,36.01112649,36.42763752,3.74268775,-1.55464731,45.27428396,7.89206089
2018-03-21,28.43,-3.068530514831,2311302140.0,568600000.0,81298000.0,20000000.0,34.90611409,35.30984435,3.62784224,-1.50694248,43.88502874,7.64989059
2018-03-22,28.57,0.492437565951,2322683860.0,571400000.0,81298000.0,20000000.0,35.0780049,35.48372328,3.6457071,-1.51436323,44.10113511,7.68756153
2018-03-23,26.69,-6.580329016451,2169843620.0,533800000.0,81298000.0,20000000.0,32.76975677,33.14877755,3.40580757,-1.41471315,41.19913532,7.18169469
2018-03-26,27.49,2.997377294867,2234882020.0,549800000.0,81298000.0,20000000.0,33.75199002,34.14237148,3.50789248,-1.45711744,42.43402885,7.39695717
2018-03-27,28.6,4.037831938887,2325122800.0,572000000.0,81298000.0,20000000.0,35.11483865,35.52098306,3.64953528,-1.51595339,44.14744362,7.69563387
2018-03-28,29.13,1.853146853147,2368210740.0,582600000.0,81298000.0,20000000.0,35.76556818,36.17923904,3.71716653,-1.54404624,44.96556058,7.83824527
2018-03-29,30.01,3.020940611054,2439752980.0,600200000.0,81298000.0,20000000.0,36.84602475,37.27219236,3.82945992,-1.59069096,46.32394346,8.075034
2018-03-30,30.13,0.399866711096,2449508740.0,602600000.0,81298000.0,20000000.0,36.99335974,37.42123145,3.84477266,-1.5970516,46.50917749,8.10732338
2018-04-02,29.93,-0.663790242283,2433249140.0,709260069.28,81298000.0,23697296.0,36.74780143,37.17283297,3.76646893,-1.58645053,46.20045411,8.05350775
2018-04-03,31.04,3.708653524891,2523489920.0,735564067.84,81298000.0,23697296.0,38.11065006,38.55144455,3.90615421,-1.64528648,47.91386888,8.35218445
2018-04-04,31.4,1.159793814433,2552757200.0,744095094.4,81298000.0,23697296.0,38.55265502,38.99856182,3.95145755,-1.66436841,48.46957096,8.44905257
2018-04-09,32.0,1.910828025478,2601536000.0,758313472.0,81298000.0,23697296.0,39.28932996,39.74375727,4.02696311,-1.69617163,49.39574111,8.61049944
2018-04-10,31.03,-3.03125,2522676940.0,735327094.88,81298000.0,23697296.0,38.09837215,38.53902462,3.90489579,-1.64475643,47.89843271,8.34949367
2018-04-11,30.18,-2.739284563326,2453573640.0,715184393.28,81298000.0,23697296.0,37.05474932,37.48333107,3.79792958,-1.59970187,46.58635833,8.12077728
2018-04-12,30.34,0.53015241882,2466581320.0,718975960.64,81298000.0,23697296.0,37.25119597,37.68204986,3.81806439,-1.60818272,46.83333704,8.16382978
2018-04-13,29.7,-2.10942649967,2414550600.0,703809691.2,81298000.0,23697296.0,36.46540937,36.88717471,3.73752513,-1.57425929,45.84542222,7.99161979
2018-04-16,29.12,-1.952861952862,2367397760.0,690065259.52,81298000.0,23697296.0,35.75329026,36.16681911,3.66453643,-1.54351618,44.95012441,7.83555449
2018-04-17,27.57,-5.322802197802,2241385860.0,653334450.72,81298000.0,23697296.0,33.85021334,34.24173087,3.4694804,-1.46135787,42.5575182,7.41848342
2018-04-18,28.04,1.704751541531,2279595920.0,956391376.36,81298000.0,34108109.0,34.42727538,34.8254673,3.52862642,-1.48627039,43.28301815,7.54495013
2018-04-19,27.88,-0.570613409415,2266588240.0,950934078.92,81298000.0,34108109.0,34.23082873,34.62674852,3.50849161,-1.47778953,43.03603944,7.50189763
2018-04-20,25.99,-6.779053084648,2112935020.0,886469752.91,81298000.0,34108109.0,32.27938286,32.27938286,3.2706491,-1.37760939,62.04677697,7.12106803
2018-04-23,25.73,-1.000384763371,2091797540.0,877601644.57,81298000.0,34108109.0,31.95646483,31.95646483,3.23793002,-1.363828,61.42607047,7.04982995
2018-04-24,26.55,3.186941313642,2158461900.0,905570293.95,81298000.0,34108109.0,32.97489861,32.97489861,3.34112095,-1.4072924,63.38368329,7.2745039
2018-04-25,27.45,3.389830508475,2231630100.0,936267592.05,81298000.0,34108109.0,34.09269178,34.09269178,3.45437929,-1.45499722,65.53228272,7.52109725
2018-04-26,26.39,-3.861566484517,2145454220.0,900112996.51,81298000.0,34108109.0,37.06312717,32.77617982,3.32098614,-1.39881154,36.78688581,7.07420631
2018-04-27,26.56,0.644183402804,2159274880.0,905911375.04,81298000.0,34108109.0,37.30188169,32.98731853,3.34237938,-1.40782245,37.02386082,7.11977717
2018-05-02,26.19,-1.393072289157,2129194620.0,893291374.71,81298000.0,34108109.0,36.78223951,32.52778134,3.29581762,-1.38821047,36.50809168,7.02059353
2018-05-03,26.37,0.687285223368,2143828260.0,899430834.33,81298000.0,34108109.0,37.03503841,32.75133997,3.31846928,-1.39775143,36.7590064,7.06884503
2018-05-04,25.93,-1.668562760713,2108057140.0,884423266.37,81298000.0,34108109.0,36.41708555,32.20486331,3.26309854,-1.37442907,36.1456593,6.95089691
2018-05-07,26.7,2.969533359044,2170656600.0,910686510.3,81298000.0,34108109.0,37.49850305,33.16119747,3.35999734,-1.4152432,37.21901672,7.15730612
2018-05-08,27.49,2.958801498127,2234882020.0,937631916.41,81298000.0,34108109.0,38.60800932,34.14237148,3.45941299,-1.45711744,38.32025354,7.3690766
2018-05-09,27.48,-0.036376864314,2234069040.0,937290835.32,81298000.0,34108109.0,38.59396494,34.12995155,3.45815457,-1.45658739,38.30631383,7.36639596
2018-05-10,27.74,0.946142649199,2255206520.0,946158943.66,81298000.0,34108109.0,38.9591189,34.45286958,3.49087364,-1.47036878,38.66874621,7.43609257
2018-05-11,28.15,1.478010093727,2288538700.0,960143268.35,81298000.0,34108109.0,39.53493861,34.96208647,3.54246911,-1.49210098,39.24027418,7.54599877
2018-05-14,27.74,-1.45648312611,2255206520.0,946158943.66,81298000.0,34108109.0,38.9591189,34.45286958,3.49087364,-1.47036878,38.66874621,7.43609257
2018-05-15,28.15,1.478010093727,2288538700.0,1197516229.15,81298000.0,42540541.0,39.53493861,34.96208647,3.54246911,-1.49210098,39.24027418,7.54599877
2018-05-16,28.29,0.497335701599,2299920420.0,1203471904.89,81298000.0,42540541.0,39.73155997,35.13596541,3.56008707,-1.49952173,39.43543007,7.58352772
2018-05-17,27.94,-1.237186284906,2271466120.0,1188582715.54,81298000.0,42540541.0,39.24000656,34.70126806,3.51604216,-1.48096985,38.94754034,7.48970535
2018-05-18,27.86,-0.286327845383,2264962280.0,1185179472.26,81298000.0,42540541.0,39.1276515,34.60190867,3.50597475,-1.47672942,38.83602269,7.46826024
2018-05-21,28.16,1.076812634602,2289351680.0,1197941634.56,81298000.0,42540541.0,39.54898299,34.97450639,3.54372753,-1.49263103,39.25421388,7.54867941
2018-05-22,28.54,1.349431818182,2320244920.0,1214107040.14,81298000.0,42540541.0,40.08266955,35.44646351,3.59154772,-1.51277307,39.78392274,7.65054369
2018-05-23,28.42,-0.42046250876,2310489160.0,1209002175.22,81298000.0,42540541.0,39.91413696,35.29742442,3.57644661,-1.50641243,39.61664626,7.61837602
2018-05-24,28.66,0.844475721323,2330000680.0,1219211905.06,81298000.0,42540541.0,40.25120215,35.5955026,3.60664883,-1.51913371,39.95119922,7.68271136
2018-05-25,28.49,-0.593161200279,2316180020.0,1211980013.09,81298000.0,42540541.0,40.01244764,35.38436389,3.58525559,-1.5101228,39.7142242,7.6371405
2018-05-28,28.55,0.2106002106,2321057900.0,1214532445.55,81298000.0,42540541.0,40.09671394,35.45888344,3.59280615,-1.51330312,39.79786244,7.65322433
2018-05-29,28.3,-0.875656742557,2300733400.0,1203897310.3,81298000.0,42540541.0,39.74560436,35.14838533,3.5613455,-1.50005178,39.44936978,7.58620836
2018-05-30,25.7,-9.187279151943,2089358600.0,1093291903.7,81298000.0,42540541.0,36.09406473,31.91920505,3.23415474,-1.36223784,35.82504605,6.88924222
2018-05-31,26.31,2.373540856031,2138950380.0,1119241633.71,81298000.0,42540541.0,36.95077211,32.67682043,3.31091873,-1.39457111,36.67536816,7.0527612
2018-06-01,26.17,-0.114503816794,2127568660.0,1113285957.97,81298000.0,42540541.0,36.75415074,32.50294149,3.29330076,-1.38715036,36.48021226,7.01523225
2018-06-04,26.18,0.038211692778,2128381640.0,1113711363.38,81298000.0,42540541.0,36.76819513,32.51536141,3.29455919,-1.38768041,36.49415197,7.01791289
2018-06-05,26.72,2.062643239114,2172282560.0,1136683255.52,81298000.0,42540541.0,37.52659182,33.18603732,3.36251419,-1.41630331,37.24689613,7.1626674
2018-06-06,26.82,0.374251497006,2180412360.0,1140937309.62,81298000.0,42540541.0,37.66703565,33.31023656,3.37509845,-1.42160385,37.3862932,7.18947379
2018-06-07,26.28,-2.013422818792,2136511440.0,1117965417.48,81298000.0,42540541.0,36.90863896,32.63956066,3.30714345,-1.39298095,36.63354904,7.04471928
2018-06-08,25.62,-2.511415525114,2082854760.0,1089888660.42,81298000.0,42540541.0,35.98170967,31.81984566,3.22408734,-1.35799741,35.7135284,6.86779711
2018-06-11,25.63,0.039032006245,2083667740.0,1090314065.83,81298000.0,42540541.0,35.99575405,31.83226559,3.22534576,-1.35852746,35.72746811,6.87047774
2018-06-12,25.45,-0.702301989856,2069034100.0,1082656768.45,81298000.0,42540541.0,35.74295516,31.60870695,3.20269409,-1.3489865,35.47655339,6.82222624
2018-06-13,24.85,-2.357563850688,2020255300.0,1057132443.85,81298000.0,42540541.0,34.90029217,30.8635115,3.12718854,-1.31718328,34.64017099,6.6613879
2018-06-14,24.77,-0.321931589537,2013751460.0,1053729200.57,81298000.0,42540541.0,34.7879371,30.76415211,3.11712113,-1.31294285,34.52865334,6.63994279
2018-06-15,23.85,-3.71417036738,1938957300.0,1014591902.85,81298000.0,42540541.0,33.49585385,29.62151909,3.00134594,-1.26417792,33.24620032,6.393324
2018-06-19,21.5,-9.853249475891,1747907000.0,914621631.5,81298000.0,42540541.0,30.19542381,26.70283691,2.70561584,-1.13961531,29.97036927,5.76337384
2018-06-20,22.05,2.558139534884,1792620900.0,938018929.05,81298000.0,42540541.0,30.96786488,27.38593274,2.77482926,-1.16876826,30.73705313,5.91080898
2018-06-21,21.41,-2.902494331066,1740590180.0,910792982.81,81298000.0,42540541.0,30.06902436,26.5910576,2.69429,-1.13484483,29.84491191,5.73924809
2018-06-22,21.88,2.195235871088,1778800240.0,930787037.08,81298000.0,42540541.0,30.72911037,27.17479403,2.75343602,-1.15975735,30.50007812,5.86523812
2018-06-25,22.14,1.188299817185,1799937720.0,925697333.34,81298000.0,41811081.0,31.09426433,27.49771206,2.7861551,-1.17353875,30.86251049,5.93493474
2018-06-26,22.9,3.432700993677,1861575350.0,957473754.9,81291500.0,41811081.0,32.15906604,28.43935231,2.88156506,-1.21372577,31.91937595,6.1381725
2018-06-27,22.74,-0.698689956332,1848568710.0,950783981.94,81291500.0,41811081.0,31.93437387,28.24064941,2.86143186,-1.20524559,31.69635847,6.0952857
2018-06-28,22.77,0.131926121372,1851007455.0,952038314.37,81291500.0,41811081.0,31.97650365,28.2779062,2.86520683,-1.20683563,31.73817425,6.10332698
2018-06-29,23.16,1.71277997365,1882711140.0,968344635.96,81291500.0,41811081.0,32.5241908,28.76224452,2.91428152,-1.22750607,32.28177934,6.20786354
2018-07-02,22.26,-3.886010362694,1809548790.0,930714663.06,81291500.0,41811081.0,31.26029738,27.64454071,2.76871933,-1.17980505,31.02730605,5.96662532
2018-07-03,22.9,2.875112309075,1861575350.0,957473754.9,81291500.0,41811081.0,32.15906604,28.43935231,2.84832312,-1.21372577,31.91937595,6.1381725
2018-07-04,22.06,-3.668122270742,1793290490.0,922352446.86,81291500.0,41811081.0,30.97943217,27.39616209,2.74384315,-1.16920483,30.74853421,5.91301682
2018-07-05,21.58,-2.175883952856,1754270570.0,902283127.98,81291500.0,41811081.0,30.30535568,26.8000534,2.68414031,-1.14376429,30.07948179,5.78435644
2018-07-06,21.87,1.343836886006,1777845105.0,914408341.47,81291500.0,41811081.0,30.71261023,27.1602024,2.72021077,-1.15913461,30.48370096,5.86208875
2018-07-09,22.78,4.160951074531,1851820370.0,952456425.18,81291500.0,41811081.0,31.99054691,28.29032513,2.83339741,-1.20736564,31.75211284,6.1060074
2018-07-10,23.56,3.42405618964,1915227740.0,985069068.36,81291500.0,41811081.0,33.08592121,29.25900176,2.93041453,-1.24870652,32.83932303,6.31508052
2018-07-11,22.91,-2.758913412564,1862388265.0,957891865.71,81291500.0,41811081.0,32.1731093,28.45177124,2.84956693,-1.21425578,31.93331454,6.14085292
2018-07-12,23.18,1.17852466172,1884336970.0,969180857.58,81291500.0,41811081.0,32.55227732,28.78708238,2.88314978,-1.22856609,32.30965653,6.21322439
2018-07-13,23.03,-0.647109577222,1872143245.0,962909195.43,81291500.0,41811081.0,32.34162842,28.60079841,2.86449264,-1.22061592,32.10057765,6.17301802
2018-07-16,22.89,-0.607902735562,1860762435.0,957055644.09,81291500.0,41811081.0,32.14502278,28.42693338,2.84707932,-1.21319576,31.90543736,6.13549207
2018-07-17,22.88,-0.043687199651,1859949520.0,956637533.28,81291500.0,41811081.0,32.13097952,28.41451444,2.84583551,-1.21266575,31.89149876,6.13281165
2018-07-18,22.63,-1.092657342657,1839626645.0,946184763.03,81291500.0,41811081.0,31.77989801,28.10404117,2.81474028,-1.19941547,31.54303396,6.06580103
2018-07-19,22.91,1.237295625276,1862388265.0,957891865.71,81291500.0,41811081.0,32.1731093,28.45177124,2.84956693,-1.21425578,31.93331454,6.14085292
2018-07-20,24.13,5.325185508512,1961563895.0,1008901384.53,81291500.0,41811081.0,33.88638705,29.96688084,3.00131166,-1.27891716,33.63382278,6.46786473
2018-07-23,23.01,-4.641525072524,1870517415.0,962072973.81,81291500.0,41811081.0,32.3135419,28.57596055,2.86200503,-1.2195559,32.07270046,6.16765717
2018-07-24,23.1,0.391134289439,1877833650.0,965835971.1,81291500.0,41811081.0,32.43993124,28.68773093,2.87319931,-1.224326,32.19814779,6.19178099
2018-07-25,23.17,0.30303030303,1883524055.0,968762746.77,81291500.0,41811081.0,32.53823406,28.77466345,2.88190597,-1.22803608,32.29571794,6.21054396
2018-07-26,23.03,-0.604229607251,1872143245.0,962909195.43,81291500.0,41811081.0,32.34162842,28.60079841,2.86449264,-1.22061592,32.10057765,6.17301802
2018-07-27,22.88,-0.651324359531,1862317600.0,956637533.28,81395000.0,41811081.0,32.17188855,28.45069169,2.84945881,-1.21420971,31.93210289,6.14061992
2018-07-30,22.78,-0.437062937063,1854178100.0,952456425.18,81395000.0,41811081.0,32.03127714,28.32634426,2.83700488,-1.20890285,31.7925395,6.11378154
2018-07-31,22.85,0.307287093942,1859875750.0,955383200.85,81395000.0,41811081.0,32.12970513,28.41338746,2.84572263,-1.21261765,31.89023387,6.1325684
2018-08-01,21.69,-5.07658643326,1765457550.0,906882346.89,81395000.0,41811081.0,30.49861287,26.97095729,2.70125706,-1.15105807,30.27129859,5.82124327
2018-08-02,20.88,-3.734439834025,1699527600.0,873015371.28,81395000.0,41811081.0,29.35966053,25.96374311,2.60038024,-1.1080725,29.14083515,5.60385244
2018-08-03,20.79,-0.431034482759,1692202050.0,869252373.99,81395000.0,41811081.0,29.23311026,25.85183043,2.58917171,-1.10329632,29.0152281,5.57969791
2018-08-06,19.9,-4.280904280904,1619760500.0,832040511.9,81395000.0,41811081.0,27.9816688,24.74513831,2.47833175,-1.05606526,27.77311396,5.34083638
2018-08-07,20.35,2.261306532663,1656388250.0,850855498.35,81395000.0,41811081.0,28.6144201,25.30470174,2.53437442,-1.07994614,28.4011492,5.46160906
2018-08-08,20.1,-1.228501228501,1636039500.0,840402728.1,81395000.0,41811081.0,28.2628916,24.99383317,2.5032396,-1.06667899,28.05224074,5.39451313
2018-08-09,20.66,2.786069651741,1681620700.0,863816933.46,81395000.0,41811081.0,29.05031544,25.69017877,2.5729816,-1.09639741,28.8337957,5.54480802
2018-08-10,20.79,0.629235237173,1692202050.0,869252373.99,81395000.0,41811081.0,29.23311026,25.85183043,2.58917171,-1.10329632,29.0152281,5.57969791
2018-08-13,20.72,-0.3367003367,1686504400.0,866325598.32,81395000.0,41811081.0,29.13468228,25.76478723,2.58045396,-1.09958152,28.91753373,5.56091104
2018-08-14,20.63,-0.434362934363,1679178850.0,862562601.03,81395000.0,41811081.0,29.00813202,25.65287454,2.56924542,-1.09480535,28.79192669,5.53675651
2018-08-15,20.04,-2.859912748425,1631155800.0,837894063.24,81395000.0,41811081.0,28.17852476,24.91922471,2.49576725,-1.06349487,27.9685027,5.3784101
2018-08-16,19.86,-0.898203592814,1616504700.0,830368068.66,81395000.0,41811081.0,27.92542424,24.69539934,2.47335018,-1.05394252,27.71728861,5.33010103
2018-08-17,19.34,-2.618328298087,1574179300.0,808626306.54,81395000.0,41811081.0,27.19424495,24.04879271,2.40858975,-1.02634685,26.991559,5.19054149
2018-08-20,19.11,-1.189245087901,1555458450.0,799009757.91,81395000.0,41811081.0,26.87083873,23.76279362,2.37994571,-1.01414107,26.67056321,5.12881323
2018-08-21,19.27,0.837257980115,1568481650.0,805699530.87,81395000.0,41811081.0,27.09581697,23.96174951,2.399872,-1.02263204,26.89386463,5.17175462
2018-08-22,18.88,-2.023871302543,1536737600.0,789393209.28,81395000.0,41811081.0,26.54743251,23.47679454,2.35130168,-1.00193529,26.34956742,5.06708497
2018-08-23,18.89,0.052966101695,1537551550.0,789811320.09,81395000.0,41811081.0,26.56149365,23.48922928,2.35254707,-1.00246597,26.36352376,5.0697688
2018-08-24,18.87,-0.105876124934,1535923650.0,788975098.47,81395000.0,41811081.0,26.53337137,23.4643598,2.35005628,-1.0014046,26.33561108,5.06440113
2018-08-27,19.21,1.801801801802,1563597950.0,803190866.01,81395000.0,41811081.0,27.01145013,23.88714105,2.39239964,-1.01944793,26.81012659,5.1556516
2018-08-28,19.26,0.260281103592,1567667700.0,805281420.06,81395000.0,41811081.0,27.08175583,23.94931477,2.3986266,-1.02210136,26.87990829,5.16907079
2018-08-29,19.48,1.142263759086,1585574600.0,814479857.88,81395000.0,41811081.0,27.39110091,24.22287911,2.42602525,-1.03377645,27.18694774,5.22811521
2018-08-30,19.12,-1.848049281314,1556272400.0,799427868.72,81395000.0,41811081.0,30.4814285,23.77522837,2.38119111,-1.01467175,16.30310571,5.77357576
2018-08-31,18.78,-1.778242677824,1528598100.0,785212101.18,81395000.0,41811081.0,29.93939473,23.35244711,2.33884775,-0.99662843,16.01319693,5.67090757
2018-09-03,18.66,-0.638977635783,1518830700.0,780194771.46,81395000.0,41811081.0,29.74808869,23.2032302,2.32390303,-0.99026019,15.91087618,5.63467174
2018-09-04,19.06,2.143622722401,1551388700.0,796919203.86,81395000.0,41811081.0,30.38577548,23.70061991,2.37371875,-1.01148764,16.25194534,5.75545784
2018-09-05,18.98,-0.419727177335,1544877100.0,793574317.38,81395000.0,41811081.0,30.25823812,23.60114197,2.36375561,-1.00724215,16.18373151,5.73130062
2018-09-06,18.73,-1.31717597471,1524528350.0,783121547.13,81395000.0,41811081.0,29.85968388,23.2902734,2.33262078,-0.993975,15.97056329,5.6558093
2018-09-07,18.91,0.961025093433,1539179450.0,790647541.71,81395000.0,41811081.0,30.14664293,23.51409877,2.35503786,-1.00352734,16.12404441,5.71016305
2018-09-10,18.3,-3.225806451613,1489528500.0,765142782.3,81395000.0,41811081.0,29.17417058,22.75557945,2.27906889,-0.97115549,15.60391394,5.52596424
2018-09-11,18.51,1.147540983607,1506621450.0,773923109.31,81395000.0,41811081.0,29.50895614,23.01670905,2.30522214,-0.9822999,15.78297525,5.58937695
2018-09-12,18.83,1.728795245813,1532667850.0,787302655.23,81395000.0,41811081.0,30.01910557,23.41462082,2.34507471,-0.99928186,16.05583058,5.68600583
2018-09-13,18.85,0.106213489113,1534295750.0,788138876.85,81395000.0,41811081.0,30.05098991,23.43949031,2.3475655,-1.00034323,16.07288403,5.69204514
2018-09-14,18.87,0.106100795756,1535923650.0,788975098.47,81395000.0,41811081.0,30.08287425,23.4643598,2.35005628,-1.0014046,16.08993749,5.69808444
2018-09-17,18.64,-1.218865924748,1517202800.0,779358549.84,81395000.0,41811081.0,29.71620435,23.17836071,2.32141225,-0.98919882,15.89382273,5.62863243
2018-09-18,18.68,0.214592274678,1520458600.0,781030993.08,81395000.0,41811081.0,29.77997303,23.22809968,2.32639382,-0.99132157,15.92792964,5.64071104
2018-09-19,18.79,0.58886509636,1529412050.0,785630211.99,81395000.0,41811081.0,29.9553369,23.36488185,2.34009314,-0.99715911,16.02172366,5.67392722
2018-09-20,18.58,-1.11761575306,1512319100.0,776849884.98,81395000.0,41811081.0,29.62055133,23.10375225,2.31393989,-0.9860147,15.84266235,5.61051452
2018-09-21,18.72,0.753498385361,1523714400.0,782703436.32,81395000.0,41811081.0,29.84374171,23.27783865,2.33137539,-0.99344431,15.96203656,5.65278965
2018-09-25,18.69,-0.160256410256,1521272550.0,781449103.89,81395000.0,41811081.0,29.7959152,23.24053442,2.32763921,-0.99185225,15.93645637,5.64373069
2018-09-26,19.08,2.086677367576,1553016600.0,797755425.48,81395000.0,41811081.0,30.41765982,23.7254894,2.37620953,-1.01254901,16.2689988,5.76149715
2018-09-27,19.0,-0.41928721174,1546505000.0,794410539.0,81395000.0,41811081.0,30.29012246,23.62601145,2.36624639,-1.00830352,16.20078497,5.73733992
2018-09-28,19.1,0.526315789474,1554644500.0,798591647.1,81395000.0,41811081.0,30.44954416,23.75035888,2.37870032,-1.01361038,16.28605226,5.76753645
2018-10-08,18.39,-3.717277486911,1496854050.0,768905779.59,81395000.0,41811081.0,29.31765011,22.86749214,2.2593491,-0.97593167,15.6806545,5.55314112
2018-10-09,18.11,-1.522566612289,1474063450.0,757198676.91,81395000.0,41811081.0,28.87126935,22.51931934,2.224949,-0.96107246,15.44190609,5.46859084
2018-10-10,18.21,0.552181115406,1482202950.0,761379785.01,81395000.0,41811081.0,29.03069105,22.64366677,2.23723475,-0.96637932,15.52717338,5.49878737
2018-10-11,16.58,-8.95112575508,1349529100.0,693227722.98,81395000.0,41811081.0,26.43211739,20.61680368,2.03697705,-0.87987749,14.13731657,5.006584
2018-10-12,16.53,-0.301568154403,1345459350.0,691137168.93,81395000.0,41811081.0,26.35240654,20.55462996,2.03083418,-0.87722406,14.09468292,4.99148573
2018-10-15,16.46,-0.423472474289,1339761700.0,688210393.26,81395000.0,41811081.0,26.24081135,20.46758676,2.02223416,-0.87350926,14.03499582,4.97034817
2018-10-16,16.15,-1.883353584447,1314529250.0,675248958.15,81395000.0,41811081.0,25.74660409,20.08210974,1.98414834,-0.85705799,13.77066722,4.87673894
2018-10-17,16.47,1.981424148607,1340575650.0,688628504.07,81395000.0,41811081.0,26.25675352,20.48002151,2.02346273,-0.87403995,14.04352255,4.97336782
2018-10-18,16.23,-1.457194899818,1321040850.0,678593844.63,81395000.0,41811081.0,25.87414145,20.18158768,1.99397693,-0.86130348,13.83888105,4.90089616
2018-10-19,16.7,2.895871842267,1359296500.0,698245052.7,81395000.0,41811081.0,26.62342343,20.76602059,2.05171995,-0.88624572,14.23963731,5.04281983
2018-10-22,17.5,4.790419161677,1424412500.0,731693917.5,81395000.0,41811081.0,27.898797,21.76080002,2.15000594,-0.92870061,14.92177563,5.28439204
2018-10-23,17.51,0.057142857143,1425226450.0,732112028.31,81395000.0,41811081.0,27.91473917,21.77323477,2.15123451,-0.9292313,14.93030236,5.28741169
2018-10-24,17.27,-1.370645345517,1405691650.0,722077368.87,81395000.0,41811081.0,27.5321271,21.47480094,2.12174872,-0.91649483,14.72566086,5.21494003
2018-10-25,16.94,-1.910828025478,1378831300.0,708279712.14,81395000.0,41811081.0,27.0060355,21.06445442,2.08120575,-0.89898219,14.44427881,5.11529149
2018-10-26,17.05,0.649350649351,1387784750.0,712878931.05,81395000.0,41811081.0,35.84823011,21.20123659,2.09472007,-0.90481974,20.08110125,5.3021928
2018-10-29,16.78,-1.58357771261,1365808100.0,701589939.18,81395000.0,41811081.0,35.28054553,20.86549854,2.06154855,-0.89049121,19.76310141,5.21822845
2018-10-30,16.86,0.476758045292,1372319700.0,704934825.66,81395000.0,41811081.0,35.44874837,20.96497648,2.07137715,-0.8947367,19.85732358,5.24310678
2018-10-31,17.15,1.720047449585,1395924250.0,717060039.15,81395000.0,41811081.0,36.05848366,21.32558402,2.10700582,-0.9101266,20.19887897,5.3332907
2018-11-01,17.23,0.466472303207,1402435850.0,720404925.63,81395000.0,41811081.0,36.2266865,21.42506197,2.11683442,-0.91437209,20.29310115,5.35816903
2018-11-02,17.83,3.482298316889,1451272850.0,745491574.23,81395000.0,41811081.0,37.48820779,22.17114654,2.19054891,-0.94621325,20.99976747,5.54475646
2018-11-05,17.82,-0.056085249579,1450458900.0,745073463.42,81395000.0,41811081.0,37.46718244,22.15871179,2.18932033,-0.94568256,20.98798969,5.54164666
2018-11-06,17.77,-0.280583613917,1446389150.0,742982909.37,81395000.0,41811081.0,37.36205566,22.09653808,2.18317746,-0.94302913,20.92910083,5.52609771
2018-11-07,17.84,0.393922341024,1452086800.0,745909685.04,81395000.0,41811081.0,37.50923315,22.18358128,2.19177748,-0.94674394,21.01154524,5.54786625
2018-11-08,17.82,-0.112107623318,1450458900.0,745073463.42,81395000.0,41811081.0,37.46718244,22.15871179,2.18932033,-0.94568256,20.98798969,5.54164666
2018-11-09,17.86,0.224466891134,1453714700.0,746745906.66,81395000.0,41811081.0,37.55128386,22.20845077,2.19423463,-0.94780531,21.03510078,5.55408583
2018-11-12,18.26,2.239641657335,1486272700.0,763470339.06,81395000.0,41811081.0,38.39229805,22.70584048,2.24337762,-0.96903275,21.50621166,5.67847745
2018-11-13,18.57,1.697699890471,1511505150.0,776431774.17,81395000.0,41811081.0,39.04408406,23.09131751,2.28146344,-0.98548402,21.87132259,5.77488095
2018-11-14,18.7,0.700053850296,1522086500.0,781867214.7,81395000.0,41811081.0,39.31741367,23.25296917,2.29743491,-0.99238294,22.02443363,5.81530823
2018-11-15,20.57,10.0,1674295150.0,860053936.17,81395000.0,41811081.0,43.24915504,25.57826608,2.52717841,-1.09162123,24.22687699,6.39683905
2018-11-16,22.63,10.014584346135,1841968850.0,946184763.03,81395000.0,41811081.0,47.58037815,28.13982311,2.78026482,-1.20094256,26.65309802,7.03745589
2018-11-19,21.69,-4.15377817057,1765457550.0,906882346.89,81395000.0,41811081.0,45.60399479,26.97095729,2.66477879,-1.15105807,25.54598746,6.74513559
2018-11-20,20.25,-6.639004149378,1648248750.0,846674390.25,81395000.0,41811081.0,42.57634368,25.18035431,2.48786401,-1.07463928,23.84998829,6.29732576
2018-11-21,19.71,-2.666666666667,1604295450.0,824096406.51,81395000.0,41811081.0,41.44097452,24.5088782,2.42152097,-1.04598223,23.2139886,6.12939707
2018-11-22,19.89,0.913242009132,1618946550.0,831622401.09,81395000.0,41811081.0,41.8194309,24.73270357,2.44363532,-1.05553458,23.4259885,6.1853733
2018-11-23,18.95,-4.725992961287,1542435250.0,792319984.95,81395000.0,41811081.0,39.84304754,23.56383774,2.32814929,-1.00565009,22.31887793,5.89305299
2018-11-26,18.49,-2.427440633245,1504993550.0,773086887.69,81395000.0,41811081.0,38.87588122,22.99183957,2.27163484,-0.98123853,21.77710042,5.75000263
2018-11-27,19.01,2.812330989724,1547318950.0,891928650.19,81395000.0,46918919.0,39.96919967,23.6384462,2.33552073,-1.00883421,22.38954456,5.91171173
2018-11-28,18.76,-1.315097317201,1526970200.0,880198920.44,81395000.0,46918919.0,39.4435658,23.32757762,2.30480636,-0.99556705,22.09510026,5.83396697
2018-11-29,18.14,-3.304904051173,1476505300.0,851109190.66,81395000.0,46918919.0,38.1399938,22.55662357,2.22863472,-0.96266452,21.3648784,5.64115996
2018-11-30,18.28,0.77177508269,1487900600.0,864650745.32,81395000.0,47300369.0,38.43434876,22.73070997,2.24583477,-0.97009412,21.52976721,5.68469703
2018-12-03,18.78,2.7352297593,1528598100.0,888300929.82,81395000.0,47300369.0,39.48561651,23.35244711,2.30726351,-0.99662843,22.11865581,5.84018655
2018-12-04,18.9,0.638977635783,1538365500.0,893976974.1,81395000.0,47300369.0,39.73792077,23.50166402,2.32200641,-1.00299666,22.25998907,5.87750404
2018-12-05,18.71,-1.005291005291,1522900450.0,884989903.99,81395000.0,47300369.0,39.33843903,23.26540391,2.29866349,-0.99291362,22.0362114,5.81841802
2018-12-06,18.44,-1.443078567611,1500923800.0,872218804.36,81395000.0,47300369.0,38.77075444,22.92966585,2.26549197,-0.9785851,21.71821156,5.73445368
2018-12-07,18.43,-0.054229934924,1500109850.0,871745800.67,81395000.0,47300369.0,38.74972909,22.91723111,2.26426339,-0.97805441,21.70643379,5.73134388
2018-12-10,18.34,-0.488334237656,1492784300.0,867488767.46,81395000.0,47300369.0,38.56050089,22.80531842,2.25320622,-0.97327824,21.60043384,5.70335577
2018-12-11,18.45,0.599781897492,1501737750.0,872691808.05,81395000.0,47300369.0,38.7917798,22.9421006,2.26672054,-0.97911579,21.72998933,5.73756347
2018-12-12,18.8,1.89701897019,1530226000.0,889246937.2,81395000.0,47300369.0,39.52766722,23.3773166,2.30972066,-0.9976898,22.14221135,5.84640613
2018-12-13,18.92,0.63829787234,1539993400.0,894922981.48,81395000.0,47300369.0,39.77997148,23.52653351,2.32446356,-1.00405803,22.28354461,5.88372362
2018-12-14,18.23,-3.646934460888,1483830850.0,862285726.87,81395000.0,47300369.0,38.32922199,22.66853625,2.2396919,-0.96744069,21.47087835,5.66914807
2018-12-17,18.21,-0.109709270433,1482202950.0,861339719.49,81395000.0,47300369.0,38.28717128,22.64366677,2.23723475,-0.96637932,21.4473228,5.66292849
2018-12-18,18.08,-0.713893465129,1471621600.0,855190671.52,81395000.0,47300369.0,38.01384167,22.48201511,2.22126328,-0.9594804,21.29421177,5.62250122
2018-12-19,17.76,-1.769911504425,1445575200.0,840054553.44,81395000.0,47300369.0,37.34103031,22.08410334,2.18194888,-0.94249845,20.91732306,5.52298792
2018-12-20,18.13,2.083333333333,1475691350.0,857555689.97,81395000.0,47300369.0,38.11896844,22.54418882,2.22740615,-0.96213383,21.35310063,5.63805017
2018-12-21,18.0,-0.717043574186,1465110000.0,851406642.0,81395000.0,47300369.0,37.84563883,22.38253717,2.21143468,-0.95523491,21.19998959,5.59762289
2018-12-24,18.2,1.111111111111,1481389000.0,860866715.8,81395000.0,47300369.0,38.26614593,22.63123202,2.23600617,-0.96584863,21.43554503,5.6598187
2018-12-25,18.14,-0.32967032967,1476505300.0,858028693.66,81395000.0,47300369.0,38.1399938,22.55662357,2.22863472,-0.96266452,21.3648784,5.64115996
2018-12-26,18.08,-0.330760749724,1471621600.0,855190671.52,81395000.0,47300369.0,38.01384167,22.48201511,2.22126328,-0.9594804,21.29421177,5.62250122
2018-12-27,17.8,-1.548672566372,1448831000.0,841946568.2,81395000.0,47300369.0,37.42513173,22.13384231,2.18686318,-0.94462119,20.96443415,5.53542708
2018-12-28,17.83,0.168539325843,1451272850.0,843365579.27,81395000.0,47300369.0,37.48820779,22.17114654,2.19054891,-0.94621325,20.99976747,5.54475646
2019-01-02,18.0,0.953449242849,1465110000.0,851406642.0,81395000.0,47300369.0,37.84563883,59.72528412,2.2260698,0.31287231,21.19998959,5.59762289
2019-01-03,18.08,0.444444444444,1471621600.0,855190671.52,81395000.0,47300369.0,38.01384167,59.99072982,2.23596344,0.31426285,21.29421177,5.62250122
2019-01-04,18.46,2.101769911504,1502551700.0,873164811.74,81395000.0,47300369.0,38.81280515,61.25159693,2.28295825,0.32086793,21.7417671,5.74067326
2019-01-07,18.53,0.379198266522,1508249350.0,876475837.57,81395000.0,47300369.0,38.95998264,61.48386193,2.29161519,0.32208466,21.82421151,5.76244179
2019-01-08,18.3,-1.241230437129,1489528500.0,865596752.7,81395000.0,47300369.0,38.47639947,60.72070552,2.26317096,0.31808685,21.55332275,5.69091661
2019-01-09,18.33,0.16393442623,1491970350.0,867015763.77,81395000.0,47300369.0,38.53947554,60.82024766,2.26688108,0.3186083,21.58865607,5.70024598
2019-01-10,18.46,0.709219858156,1502551700.0,873164811.74,81395000.0,47300369.0,38.81280515,61.25159693,2.28295825,0.32086793,21.7417671,5.74067326
2019-01-11,18.69,1.24593716143,1521272550.0,884043896.61,81395000.0,47300369.0,39.29638832,62.01475334,2.31140248,0.32486575,22.01265586,5.81219844
2019-01-14,18.58,-0.588550026752,1512319100.0,878840856.02,81395000.0,47300369.0,39.06510941,61.64976549,2.29779872,0.32295375,21.88310037,5.77799074
2019-01-15,18.7,0.645855758881,1522086500.0,884516900.3,81395000.0,47300369.0,39.31741367,62.04793405,2.31263918,0.32503957,22.02443363,5.81530823
2019-01-16,18.71,0.053475935829,1522900450.0,884989903.99,81395000.0,47300369.0,39.33843903,62.08111477,2.31387589,0.32521338,22.0362114,5.81841802
2019-01-17,18.5,-1.122394441475,1505807500.0,875056826.5,81395000.0,47300369.0,38.89690657,61.38431979,2.28790507,0.32156321,21.78887819,5.75311242
2019-01-18,18.59,0.486486486486,1513133050.0,879313859.71,81395000.0,47300369.0,39.08613477,61.68294621,2.29903542,0.32312757,21.89487814,5.78110053
2019-01-21,18.58,-0.053792361485,1512319100.0,878840856.02,81395000.0,47300369.0,39.06510941,61.64976549,2.29779872,0.32295375,21.88310037,5.77799074
2019-01-22,18.43,-0.807319698601,1500109850.0,871745800.67,81395000.0,47300369.0,38.74972909,61.15205479,2.27924814,0.32034648,21.70643379,5.73134388
2019-01-23,18.36,-0.379815518177,1494412200.0,868434774.84,81395000.0,47300369.0,38.6025516,60.9197898,2.2705912,0.31912975,21.62398938,5.70957535
2019-01-24,18.36,0.0,1494412200.0,868434774.84,81395000.0,47300369.0,38.6025516,60.9197898,2.2705912,0.31912975,21.62398938,5.70957535
2019-01-25,17.78,-3.159041394336,1447203100.0,841000560.82,81395000.0,47300369.0,37.38308102,58.99530842,2.19886228,0.30904831,20.94087861,5.5292075
2019-01-28,17.87,0.506186726659,1454528650.0,845257594.03,81395000.0,47300369.0,37.57230921,59.29393484,2.20999263,0.31061268,21.04687855,5.55719562
2019-01-29,17.32,-3.077783995523,1409761400.0,819242391.08,81395000.0,47300369.0,36.41591469,57.46899561,2.14197383,0.30105269,20.39910109,5.38615714
2019-01-30,17.51,1.096997690531,1425226450.0,828229461.19,81395000.0,47300369.0,36.81539644,58.09942916,2.16547123,0.30435523,20.62287876,5.44524316
2019-01-31,16.86,-3.712164477441,1372319700.0,797484221.34,81395000.0,47300369.0,35.44874837,55.94268279,2.08508538,0.29305706,19.85732358,5.24310678
2019-02-01,17.26,2.372479240807,1404877700.0,816404368.94,81395000.0,47300369.0,36.28976256,57.26991132,2.1345536,0.30000978,20.32843446,5.3674984
2019-02-11,17.61,2.027809965238,1433365950.0,832959498.09,81395000.0,47300369.0,37.02564999,58.43123629,2.17783829,0.30609341,20.74065648,5.47634106
2019-02-12,18.0,2.21465076661,1465110000.0,851406642.0,81395000.0,47300369.0,37.84563883,59.72528412,2.2260698,0.31287231,21.19998959,5.59762289
2019-02-13,18.15,0.833333333333,1477319250.0,858501697.35,81395000.0,47300369.0,38.16101915,60.22299482,2.24462038,0.31547958,21.37665617,5.64426975
2019-02-14,18.24,0.495867768595,1484644800.0,862758730.56,81395000.0,47300369.0,38.35024734,60.52162124,2.25575073,0.31704394,21.48265612,5.67225787
2019-02-15,18.12,-0.657894736842,1474877400.0,857082686.28,81395000.0,47300369.0,38.09794309,60.12345268,2.24091027,0.31495812,21.34132285,5.63494038
2019-02-18,18.59,2.593818984547,1513133050.0,879313859.71,81395000.0,47300369.0,39.08613477,61.68294621,2.29903542,0.32312757,21.89487814,5.78110053
2019-02-19,18.57,-0.107584722969,1511505150.0,878367852.33,81395000.0,47300369.0,39.04408406,61.61658478,2.29656201,0.32277993,21.87132259,5.77488095
2019-02-20,18.56,-0.053850296177,1510691200.0,877894848.64,81395000.0,47300369.0,39.0230587,61.58340407,2.29532531,0.32260611,21.85954482,5.77177116
2019-02-21,18.53,-0.161637931034,1508249350.0,876475837.57,81395000.0,47300369.0,38.95998264,61.48386193,2.29161519,0.32208466,21.82421151,5.76244179
2019-02-22,18.78,1.349163518618,1528598100.0,888300929.82,81395000.0,47300369.0,39.48561651,62.31337976,2.32253283,0.32643011,22.11865581,5.84018655
2019-02-25,19.46,3.620873269436,1583946700.0,920465180.74,81395000.0,47300369.0,40.91534064,64.56966827,2.4066288,0.33824973,22.9195443,6.05165231
2019-02-26,19.34,-0.616649537513,1574179300.0,914789136.46,81395000.0,47300369.0,58.01315326,64.17149971,2.39178833,0.33616391,22.77821104,5.89306475
2019-02-27,19.0,-1.758014477766,1546505000.0,898707011.0,81395000.0,47300369.0,56.99327362,63.04335546,2.34974035,0.3302541,22.37776679,5.78946382
2019-02-28,19.38,2.0,1577435100.0,916681151.22,81395000.0,47300369.0,58.1331391,64.30422257,2.39673515,0.33685919,22.82532212,5.90525309
2019-03-01,19.3,-0.412796697626,1570923500.0,912897121.7,81395000.0,47300369.0,57.89316742,64.03877686,2.38684151,0.33546864,22.73109995,5.8808764
2019-03-04,19.37,0.362694300518,1576621150.0,916208147.53,81395000.0,47300369.0,58.10314264,64.27104185,2.39549845,0.33668537,22.81354435,5.90220601
2019-03-05,19.78,2.116675271038,1609993100.0,935601298.82,81395000.0,47300369.0,59.33299749,65.6314511,2.44620337,0.3438119,23.296433,6.02713654
2019-03-06,20.32,2.73003033367,1653946400.0,961143498.08,81395000.0,47300369.0,60.95280632,67.42320962,2.51298546,0.35319807,23.93243269,6.1916792
2019-03-07,20.58,1.279527559055,1675109100.0,973441594.02,81395000.0,47300369.0,61.73271427,68.28590817,2.54513981,0.35771734,24.23865476,6.27090344
2019-03-08,19.2,-6.705539358601,1562784000.0,908167084.8,81395000.0,47300369.0,57.59320282,63.70696972,2.37447445,0.33373046,22.61332223,5.85040554
2019-03-11,20.05,4.427083333333,1631969750.0,948372398.45,81395000.0,47300369.0,60.1429019,66.52733036,2.47959442,0.34850499,23.61443285,6.10940787
2019-03-12,20.5,2.244389027431,1668597500.0,969657564.5,81395000.0,47300369.0,61.49274259,68.02046247,2.53524616,0.3563268,24.14443259,6.24652675
2019-03-13,19.98,-2.536585365854,1626272100.0,945061372.62,81395000.0,47300369.0,59.93292668,66.29506537,2.47093748,0.34728826,23.53198844,6.08807827
2019-03-14,19.37,-3.053053053053,1576621150.0,916208147.53,81395000.0,47300369.0,58.10314264,64.27104185,2.39549845,0.33668537,22.81354435,5.90220601
2019-03-15,20.34,5.007743933918,1655574300.0,962089505.46,81395000.0,47300369.0,61.01279924,67.48957105,2.51545888,0.35354571,23.95598824,6.19777337
2019-03-18,22.35,9.882005899705,1819178250.0,1057163247.15,81395000.0,47300369.0,67.04208766,74.15889444,2.76403667,0.38848312,26.32332041,6.8102377
2019-03-19,21.35,-4.474272930649,1737783250.0,1009862878.15,81395000.0,47300369.0,64.04244168,70.8408231,2.64036613,0.37110132,25.14554321,6.50552908
2019-03-20,21.13,-1.030444964871,1719876350.0,999456796.97,81395000.0,47300369.0,63.38251956,70.11084741,2.61315861,0.36727733,24.88643222,6.43849318
2019-03-21,20.86,-1.277804070043,1697899700.0,986685697.34,81395000.0,47300369.0,62.57261515,69.21496815,2.57976756,0.36258424,24.56843238,6.35622185
2019-03-22,21.12,1.246404602109,1719062400.0,995763521.28,81395000.0,47147894.0,63.3525231,70.0776667,2.6119219,0.36710351,24.87465445,6.43544609
2019-03-25,20.8,-1.515151515152,1693016000.0,980676195.2,81395000.0,47147894.0,62.39263639,69.01588387,2.57234733,0.36154133,24.49776575,6.33793934
2019-03-26,20.06,-3.557692307692,1632783700.0,945786753.64,81395000.0,47147894.0,60.17289836,66.56051108,2.48083112,0.34867881,23.62621062,6.11245496
2019-03-27,20.45,1.944167497507,1664527750.0,964174432.3,81395000.0,47147894.0,61.3427603,67.8545589,2.52906264,0.35545771,24.08554373,6.23129132
2019-03-28,20.26,-0.929095354523,1649062700.0,955216332.44,81395000.0,47147894.0,60.77282756,67.22412534,2.50556523,0.35215517,23.86176606,6.17339668
2019-03-29,20.77,2.517275419546,1690574150.0,979261758.38,81395000.0,47147894.0,62.30264701,68.91634173,2.56863721,0.36101988,24.46243243,6.32879808
2019-04-01,21.23,2.214732787675,1728015850.0,1000949789.62,81395000.0,47147894.0,63.68248416,70.44265454,2.60512592,0.36901551,25.00420994,6.46896404
2019-04-02,21.16,-0.32972209138,1722318200.0,997649437.04,81395000.0,47147894.0,63.47250894,70.21038955,2.59653625,0.36779878,24.92176554,6.44763444
2019-04-03,21.47,1.465028355388,1747550650.0,1012265284.18,81395000.0,47147894.0,64.4023992,71.23899167,2.63457624,0.37318714,25.28687647,6.54209411
2019-04-04,21.83,1.67675826735,1776852850.0,1029238526.02,81395000.0,47147894.0,65.48227175,72.43349735,2.67875172,0.37944458,25.71087626,6.65178922
2019-04-08,21.68,-0.687127805772,1764643600.0,1022166341.92,81395000.0,47147894.0,65.03232485,71.93578665,2.66034527,0.37683731,25.53420968,6.60608292
2019-04-09,21.65,-0.138376383764,1762201750.0,1020751905.1,81395000.0,47147894.0,64.94233547,71.83624451,2.65666398,0.37631586,25.49887637,6.59694166
2019-04-10,21.8,0.692840646651,1774411000.0,1027824089.2,81395000.0,47147894.0,65.39228237,72.33395521,2.67507043,0.37892313,25.67554295,6.64264796
2019-04-11,21.54,-1.192660550459,1753248300.0,1015565636.76,81395000.0,47147894.0,64.61237441,71.47125666,2.64316592,0.37440386,25.36932088,6.56342372
2019-04-12,21.28,-1.207056638812,1732085600.0,1003307184.32,81395000.0,47147894.0,63.83246646,70.60855811,2.61126141,0.3698846,25.0630988,6.48419947
2019-04-15,20.78,-2.34962406015,1691388100.0,979733237.32,81395000.0,47147894.0,62.33264347,68.94952244,2.54990658,0.3611937,24.4742102,6.33184516
2019-04-16,21.33,2.64677574591,1736155350.0,1005664579.02,81395000.0,47147894.0,63.98244876,70.77446168,2.61739689,0.37075369,25.12198766,6.4994349
2019-04-17,21.46,0.609470229723,1746736700.0,1011793805.24,81395000.0,47147894.0,64.37240274,71.20581095,2.63334914,0.37301332,25.2750987,6.53904703
2019-04-18,21.41,-0.232991612302,1742666950.0,1009436410.54,81395000.0,47147894.0,71.03990739,71.03990739,2.62721366,0.37214423,23.25647776,6.52381159
2019-04-19,21.67,1.214385801028,1763829650.0,1021694862.98,81395000.0,47147894.0,71.90260593,71.90260593,2.65911817,0.3766635,23.53890113,6.60303584
2019-04-22,21.29,-1.753576372866,1732899550.0,1003778663.26,81395000.0,47147894.0,70.64173882,70.64173882,2.6124885,0.37005841,23.12612852,6.48724656
2019-04-23,20.8,-2.301550023485,1693016000.0,980676195.2,81395000.0,47147894.0,73.84332542,69.01588387,2.55236077,0.36154133,45.83145758,6.1091198
2019-04-24,20.9,0.480769230769,1701155500.0,985390984.6,81395000.0,47147894.0,74.19834141,69.347691,2.56463174,0.36327951,46.05180113,6.13849056
2019-04-25,20.15,-3.588516746411,1640109250.0,950030064.1,81395000.0,47147894.0,71.5357215,66.8591375,2.4725995,0.35024317,44.39922453,5.9182098
2019-04-26,19.38,-3.821339950372,1577435100.0,913726185.72,81395000.0,47147894.0,68.80209839,64.30422257,2.37811307,0.33685919,42.70257923,5.69205489
2019-04-29,18.87,-2.631578947368,1535923650.0,889680759.78,81395000.0,47147894.0,66.99151686,62.61200618,2.31553114,0.32799447,41.57882714,5.54226397
2019-04-30,18.96,0.476947535771,1543249200.0,893924070.24,81395000.0,47147894.0,67.31103125,62.9106326,2.32657501,0.32955883,41.77713633,5.56869766
2019-05-06,17.3,-8.755274261603,1408133500.0,815658566.2,81395000.0,47147894.0,61.41776585,57.40263418,2.12287699,0.30070505,38.11943347,5.08114291
2019-05-07,18.05,4.335260115607,1469179750.0,851019486.7,81395000.0,47147894.0,64.08038576,59.89118768,2.21490923,0.3137414,39.77201006,5.30142367
2019-05-08,17.9,-0.831024930748,1456970500.0,843947302.6,81395000.0,47147894.0,63.54786178,59.39347698,2.19650278,0.31113413,39.44149474,5.25736752
2019-05-09,18.15,1.396648044693,1477319250.0,855734276.1,81395000.0,47147894.0,64.43540175,60.22299482,2.22718019,0.31547958,39.99235361,5.33079444
2019-05-10,18.79,3.526170798898,1529412050.0,885908928.26,81395000.0,47147894.0,66.70750407,62.34656047,2.30571437,0.32660393,41.4025523,5.51876735
2019-05-13,18.44,-1.862692921767,1500923800.0,869407165.36,81395000.0,47147894.0,65.46494811,61.18523551,2.26276599,0.3205203,40.63134989,5.41596967
2019-05-14,18.3,-0.759219088937,1489528500.0,862806460.2,81395000.0,47147894.0,64.96792573,60.72070552,2.24558664,0.31808685,40.32286893,5.37485059
2019-05-15,18.54,1.311475409836,1509063300.0,874121954.76,81395000.0,47147894.0,65.8199641,61.51704264,2.27503696,0.32225848,40.85169344,5.44534043
2019-05-16,18.65,0.59331175836,1518016750.0,879308223.1,81395000.0,47147894.0,66.21048169,61.88203049,2.28853502,0.32417048,41.09407134,5.47764828
2019-05-17,18.79,0.750670241287,1529412050.0,885908928.26,81395000.0,47147894.0,66.70750407,62.34656047,2.30571437,0.32660393,41.4025523,5.51876735
2019-05-20,18.41,-2.022352315061,1498481950.0,867992728.54,81395000.0,47147894.0,65.35844331,61.08569337,2.2590847,0.31999884,40.56524683,5.40715844
2019-05-21,19.22,4.399782726779,1564411900.0,906182522.68,81395000.0,47147894.0,68.23407281,63.77333115,2.35847952,0.3340781,42.35002955,5.64506166
2019-05-22,19.4,0.936524453694,1579063000.0,914669143.6,81395000.0,47147894.0,68.87310159,64.37058399,2.38056726,0.33720682,42.74664793,5.69792904
2019-05-23,19.28,-0.618556701031,1569295600.0,909011396.32,81395000.0,47147894.0,68.44708241,63.97241543,2.3658421,0.33512101,42.48223568,5.66268412
2019-05-24,19.29,0.051867219917,1570109550.0,909482875.26,81395000.0,47147894.0,68.48258401,64.00559614,2.3670692,0.33529482,42.50427003,5.6656212
2019-05-27,19.98,3.576982892691,1626272100.0,942014922.12,81395000.0,47147894.0,70.93219432,66.29506537,2.45173886,0.34728826,44.0246405,5.8682795
2019-05-28,19.66,-1.601601601602,1600225700.0,926927596.04,81395000.0,47147894.0,69.79614316,65.23328254,2.41247177,0.34172609,43.31954115,5.77429304
2019-05-29,19.43,-1.16988809766,1581504850.0,916083580.42,81395000.0,47147894.0,68.97960639,64.47012613,2.38424855,0.33772828,42.812751,5.70674027
2019-05-30,19.4,-0.154400411734,1579063000.0,914669143.6,81395000.0,47147894.0,68.87310159,64.37058399,2.38056726,0.33720682,42.74664793,5.69792904
2019-05-31,19.4,0.0,1570449400.0,914669143.6,80951000.0,47147894.0,68.49740705,64.01945015,2.36758155,0.3353674,42.51347008,5.66684752
2019-06-03,18.92,-2.474226804124,1531592920.0,892038154.48,80951000.0,47147894.0,66.80262585,62.43546375,2.30900221,0.32706965,41.46159041,5.52663686
2019-06-04,18.48,-2.325581395349,1495974480.0,871293081.12,80951000.0,47147894.0,65.24907641,60.98347622,2.25530449,0.31946338,40.49736737,5.39811042
2019-06-05,18.97,2.651515151515,1535640470.0,894395549.18,80951000.0,47147894.0,66.97916556,62.60046233,2.31510423,0.327934,41.5711612,5.54124214
2019-06-06,18.98,0.052714812862,1536449980.0,894867028.12,80951000.0,47147894.0,67.0144735,62.63346205,2.31632463,0.32810687,41.59307536,5.54416319
2019-06-10,19.26,1.475237091675,1559116260.0,908068438.44,80951000.0,47147894.0,68.00309587,63.55745412,2.35049591,0.33294722,42.20667184,5.62595274
2019-06-11,19.76,2.596053997923,1599591760.0,931642385.44,80951000.0,47147894.0,69.76849296,65.20743994,2.41151605,0.34159071,43.30237983,5.77200551
2019-06-12,19.74,-0.101214574899,1597972740.0,930699427.56,80951000.0,47147894.0,69.69787707,65.14144051,2.40907525,0.34124497,43.25855151,5.7661634
2019-06-13,19.96,1.114488348531,1615781960.0,941071964.24,80951000.0,47147894.0,70.47465179,65.86743428,2.43592411,0.34504811,43.74066303,5.83042662
2019-06-14,19.84,-0.60120240481,1606067840.0,935414216.96,80951000.0,47147894.0,70.05095649,65.47143768,2.42127928,0.34297367,43.47769311,5.79537396
2019-06-17,19.81,-0.151209677419,1603639310.0,933999780.14,80951000.0,47147894.0,69.94503266,65.37243853,2.41761807,0.34245506,43.41195063,5.78661079
2019-06-18,19.8,-0.05047955578,1602829800.0,933528301.2,80951000.0,47147894.0,69.90972472,65.33943881,2.41639766,0.34228219,43.39003647,5.78368974
2019-06-19,19.81,0.050505050505,1603639310.0,933999780.14,80951000.0,47147894.0,69.94503266,65.37243853,2.41761807,0.34245506,43.41195063,5.78661079
2019-06-20,19.86,0.2523977789,1607686860.0,936357174.84,80951000.0,47147894.0,70.12157237,65.53743711,2.42372008,0.34331941,43.52152143,5.80121607
2019-06-21,20.48,3.121852970796,1657876480.0,965588869.12,80951000.0,47147894.0,72.31066476,67.58341954,2.49938506,0.35403734,44.88019934,5.9823215
2019-06-24,20.2,-1.3671875,1635210200.0,952387458.8,80951000.0,47147894.0,71.32204239,66.65942747,2.46521378,0.34919698,44.26660286,5.90053195
2019-06-25,20.2,0.0,1635210200.0,952387458.8,80951000.0,47147894.0,71.32204239,66.65942747,2.46521378,0.34919698,44.26660286,5.90053195
2019-06-26,22.22,10.0,1798731220.0,1047626204.68,80951000.0,47147894.0,78.45424663,73.32537022,2.71173516,0.38411668,48.69326315,6.49058515
2019-06-27,24.44,9.99099909991,1978442440.0,1152294529.36,80951000.0,47147894.0,86.29260971,80.6513073,2.98266459,0.42249377,53.55820663,7.13905945
2019-06-28,23.8,-2.618657937807,1926633800.0,1122119877.2,80951000.0,47147894.0,84.03290143,78.53932544,2.90455881,0.41143011,52.1557004,6.9521119
2019-07-01,22.69,-4.663865546218,1836778190.0,1069785714.86,80951000.0,47147894.0,80.1137199,74.8763569,2.68914004,0.39224156,49.72322866,6.62787475
2019-07-02,21.36,-5.695364238411,1729113360.0,1007079015.84,80951000.0,47147894.0,75.41776364,70.4873946,2.53151306,0.36924988,46.80864541,6.23937438
2019-07-03,20.88,-2.247191011236,1690256880.0,984448026.72,80951000.0,47147894.0,73.72298244,68.9034082,2.47462513,0.36095213,45.75676573,6.09916372
2019-07-04,20.45,-2.05938697318,1655447950.0,964174432.3,80951000.0,47147894.0,72.20474094,67.48442039,2.42366302,0.35351873,44.81445686,5.97355834
2019-07-05,20.5,0.244498777506,1659495500.0,966531827.0,80951000.0,47147894.0,72.38128065,67.64941897,2.42958885,0.35438308,44.92402766,5.98816361
2019-07-08,19.66,-4.09756097561,1591496660.0,926927596.04,80951000.0,47147894.0,69.41541354,64.87744278,2.33003496,0.33986201,43.08323823,5.74279496
2019-07-09,19.76,0.508646998983,1599591760.0,931642385.44,80951000.0,47147894.0,69.76849296,65.20743994,2.34188661,0.34159071,43.30237983,5.77200551
2019-07-10,19.8,0.202429149798,1602829800.0,933528301.2,80951000.0,47147894.0,69.90972472,65.33943881,2.34662728,0.34228219,43.39003647,5.78368974
2019-07-11,19.95,0.757575757576,1614972450.0,940600485.3,80951000.0,47147894.0,70.43934385,65.83443456,2.36440475,0.34487524,43.71874887,5.82750557
2019-07-12,20.45,2.50626566416,1655447950.0,964174432.3,80951000.0,47147894.0,72.20474094,67.48442039,2.42366302,0.35351873,44.81445686,5.97355834
2019-07-15,20.73,1.369193154034,1678114230.0,977375842.62,80951000.0,47147894.0,73.19336331,68.40841245,2.45684765,0.35835908,45.42805334,6.05534789
2019-07-16,20.65,-0.385914134105,1671638150.0,973604011.1,80951000.0,47147894.0,72.91089977,68.14441472,2.44736632,0.35697612,45.25274006,6.03197945
2019-07-17,20.67,0.096852300242,1673257170.0,974546968.98,80951000.0,47147894.0,72.98151566,68.21041415,2.44973666,0.35732186,45.29656838,6.03782156
2019-07-18,20.1,-2.757619738752,1627115100.0,947672669.4,80951000.0,47147894.0,70.96896298,66.32943031,2.38218223,0.34746828,44.04746127,5.8713214
2019-07-19,20.2,0.497512437811,1635210200.0,952387458.8,80951000.0,47147894.0,71.32204239,66.65942747,2.39403389,0.34919698,44.26660286,5.90053195
2019-07-22,19.59,-3.019801980198,1585830090.0,923627243.46,80951000.0,47147894.0,69.16825795,64.64644476,2.3217388,0.33865192,42.92983911,5.72234757
2019-07-23,19.92,1.684532924962,1612543920.0,939186048.48,80951000.0,47147894.0,70.33342002,65.73543541,2.36084926,0.34435663,43.65300639,5.8187424
2019-07-24,20.06,0.70281124498,1623877060.0,945786753.64,80951000.0,47147894.0,70.82773121,66.19743144,2.37744157,0.3467768,43.95980463,5.85963718
2019-07-25,20.33,1.345962113659,1645733830.0,958516685.02,80951000.0,47147894.0,71.78104564,67.08842379,2.40944104,0.35144429,44.55148694,5.93850567
2019-07-26,20.28,-0.245941957698,1641686280.0,956159290.32,80951000.0,47147894.0,71.60450593,66.92342521,2.40351521,0.35057994,44.44191614,5.9239004
2019-07-29,20.41,0.641025641026,1652209910.0,962288516.54,80951000.0,47147894.0,72.06350917,67.35242152,2.41892236,0.35282725,44.72680022,5.96187412
2019-07-30,20.62,1.028907398334,1669209620.0,972189574.28,80951000.0,47147894.0,72.80497595,68.04541557,2.44381083,0.35645751,45.18699758,6.02321628
2019-07-31,20.47,-0.727449078565,1657066970.0,965117390.18,80951000.0,47147894.0,72.27535682,67.55041982,2.42603335,0.35386447,44.85828518,5.97940045
2019-08-01,20.66,0.928187591597,1672447660.0,974075490.04,80951000.0,47147894.0,72.94620772,68.17741444,2.44855149,0.35714899,45.27465422,6.0349005
2019-08-02,20.42,-1.161665053243,1653019420.0,962759995.48,80951000.0,47147894.0,72.09881711,67.38542124,2.42010752,0.35300012,44.74871438,5.96479517
2019-08-05,20.29,-0.636630754163,1642495790.0,956630769.26,80951000.0,47147894.0,71.63981387,66.95642492,2.40470037,0.35075281,44.4638303,5.92682145
2019-08-06,19.86,-2.119270576639,1607686860.0,936357174.84,80951000.0,47147894.0,70.12157237,65.53743711,2.35373827,0.34331941,43.52152143,5.80121607
2019-08-07,19.91,0.251762336354,1611734410.0,938714569.54,80951000.0,47147894.0,70.29811208,65.70243569,2.35966409,0.34418376,43.63109223,5.81582135
2019-08-08,19.72,-0.95429432446,1596353720.0,929756469.68,80951000.0,47147894.0,69.62726119,65.07544108,2.33714595,0.34089923,43.21472319,5.76032129
2019-08-09,19.47,-1.267748478702,1576115970.0,917969496.18,80951000.0,47147894.0,68.74456264,64.25044816,2.30751682,0.33657749,42.6668692,5.68729491
2019-08-12,19.58,0.564971751412,1585020580.0,923155764.52,80951000.0,47147894.0,69.13295,64.61344505,2.32055364,0.33847905,42.90792495,5.71942652
2019-08-13,19.4,-0.919305413687,1570449400.0,914669143.6,80951000.0,47147894.0,68.49740705,64.01945015,2.29922066,0.3353674,42.51347008,5.66684752
2019-08-14,19.64,1.237113402062,1589877640.0,925984638.16,80951000.0,47147894.0,69.34479765,64.81144335,2.32766463,0.33951627,43.03940991,5.73695285
2019-08-15,20.01,1.883910386965,1619829510.0,943429358.94,80951000.0,47147894.0,70.6511915,66.03243286,2.37151575,0.34591246,43.85023383,5.8450319
2019-08-16,21.13,5.5972013993,1710494630.0,996235000.22,80951000.0,47147894.0,54.10322217,69.72840111,2.50425426,0.36527387,52.01996646,5.08566686
2019-08-19,21.63,2.366303833412,1750970130.0,1019808947.22,80951000.0,47147894.0,55.3834688,71.37838694,2.56351252,0.37391736,53.25091692,5.20600919
2019-08-20,21.3,-1.525658807212,1724256300.0,1004250142.2,80951000.0,47147894.0,54.53850603,70.2893963,2.52440207,0.36821266,52.43848961,5.12658325
2019-08-21,21.35,0.234741784038,1728303850.0,1006607536.9,80951000.0,47147894.0,54.66653069,70.45439488,2.5303279,0.36907701,52.56158466,5.13861748
2019-08-22,21.61,1.217798594848,1749351110.0,1018865989.34,80951000.0,47147894.0,55.33225893,71.31238751,2.56114219,0.37357162,53.2016789,5.20119549
2019-08-23,21.68,0.323924109209,1755017680.0,1022166341.92,80951000.0,47147894.0,55.51149346,71.54338553,2.56943835,0.37478171,53.37401196,5.21804342
2019-08-26,21.82,0.645756457565,1766350820.0,1028767047.08,80951000.0,47147894.0,55.86996251,72.00538156,2.58603066,0.37720189,53.71867809,5.25173927
2019-08-27,22.49,3.070577451879,1820587990.0,1060356136.06,80951000.0,47147894.0,57.58549298,74.21636257,2.66543674,0.38878416,55.36815171,5.41299799
2019-08-28,22.24,-1.111605157848,1800350240.0,1048569162.56,80951000.0,47147894.0,56.94536967,73.39136965,2.63580761,0.38446242,54.75267648,5.35282683
2019-08-29,21.84,-1.798561151079,1767969840.0,1029710004.96,80951000.0,47147894.0,55.92117238,72.07138099,2.58840099,0.37754763,53.76791611,5.25655297
2019-08-30,21.27,-2.60989010989,1721827770.0,1002835705.38,80951000.0,47147894.0,54.46169123,70.19039715,2.52084657,0.36769405,52.36463258,5.11936271
2019-09-02,22.05,3.667136812412,1784969550.0,1039611062.7,80951000.0,47147894.0,56.45887596,72.76437504,2.61328947,0.38117789,54.2849153,5.30709674
2019-09-03,22.05,0.0,1784969550.0,1039611062.7,80951000.0,47147894.0,56.45887596,72.76437504,2.61328947,0.38117789,54.2849153,5.30709674
2019-09-04,22.0,-0.226757369615,1780922000.0,1037253668.0,80951000.0,47147894.0,56.33085129,72.59937646,2.60736364,0.38031354,54.16182026,5.29506251
2019-09-05,21.96,-0.181818181818,1777683960.0,1035367752.24,80951000.0,47147894.0,56.22843156,72.46737759,2.60262298,0.37962207,54.06334422,5.28543512
2019-09-06,22.2,1.092896174863,1797112200.0,1046683246.8,80951000.0,47147894.0,56.84294994,73.25937079,2.63106694,0.38377094,54.65420044,5.34319944
2019-09-09,22.38,0.810810810811,1811683380.0,1055169867.72,80951000.0,47147894.0,57.30383873,73.85336569,2.65239992,0.3868826,55.09734261,5.38652268
2019-09-10,23.1,3.217158176944,1869968100.0,1089116351.4,80951000.0,47147894.0,59.14739386,76.22934528,2.73773182,0.39932922,56.86991127,5.55981564
2019-09-11,23.1,0.0,1869968100.0,1089116351.4,80951000.0,47147894.0,59.14739386,76.22934528,2.73773182,0.39932922,56.86991127,5.55981564
2019-09-12,23.48,1.645021645022,1900729480.0,1107032551.12,80951000.0,47147894.0,60.12038129,77.48333451,2.7827681,0.40589827,57.80543362,5.65127581
2019-09-16,23.56,0.340715502555,1907205560.0,1110804382.64,80951000.0,47147894.0,60.32522075,77.74733224,2.79224942,0.40728123,58.00238569,5.67053058
2019-09-17,23.07,-2.079796264856,1867539570.0,1087701914.58,80951000.0,47147894.0,59.07057906,76.13034613,2.73417633,0.39881061,56.79605424,5.5525951
2019-09-18,23.01,-0.260078023407,1862682510.0,1084873040.94,80951000.0,47147894.0,58.91694947,75.93234783,2.72706533,0.39777339,56.64834019,5.53815402
2019-09-19,23.24,0.999565406345,1881301240.0,1095717056.56,80951000.0,47147894.0,59.50586291,76.69134131,2.75432414,0.4017494,57.2145774,5.59351149
2019-09-20,23.18,-0.25817555938,1876444180.0,1092888182.92,80951000.0,47147894.0,59.35223332,76.49334301,2.74721314,0.40071218,57.06686334,5.57907041
2019-09-23,23.0,-0.776531492666,1861873000.0,1084401562.0,80951000.0,47147894.0,58.89134453,75.89934811,2.72588017,0.39760052,56.62372118,5.53574717
2019-09-24,22.97,-0.130434782609,1859444470.0,1082987125.18,80951000.0,47147894.0,58.81452974,75.80034896,2.72232467,0.39708191,56.54986415,5.52852663
2019-09-25,22.5,-2.046147148455,1821397500.0,1060827615.0,80951000.0,47147894.0,57.61109791,74.24936228,2.6666219,0.38895703,55.39277072,5.41540484
2019-09-26,21.5,-4.444444444444,1740446500.0,1013679721.0,80951000.0,47147894.0,55.05060467,70.94939063,2.54810537,0.37167006,52.9308698,5.17472018
2019-09-27,21.8,1.395348837209,1764731800.0,1027824089.2,80951000.0,47147894.0,55.81875265,71.93938212,2.58366033,0.37685615,53.66944007,5.24692558
2019-09-30,21.63,-0.779816513761,1750970130.0,1019808947.22,80951000.0,47147894.0,55.3834688,71.37838694,2.50552269,0.37391736,53.25091692,5.20600919
2019-10-08,22.12,2.265372168285,1790636120.0,1042911415.28,80951000.0,47147894.0,56.63811048,72.99537305,2.5622821,0.38238798,54.45724837,5.32394467
2019-10-09,22.37,1.130198915009,1810873870.0,1054698388.78,80951000.0,47147894.0,57.27823379,73.82036597,2.59124098,0.38670973,55.0727236,5.38411583
2019-10-10,22.88,2.279839070183,1852158880.0,1078743814.72,80951000.0,47147894.0,58.58408535,75.50335151,2.65031711,0.39552609,56.32829307,5.50686501
2019-10-11,22.92,0.174825174825,1855396920.0,1080629730.48,80951000.0,47147894.0,58.68650508,75.63535038,2.65495053,0.39621757,56.4267691,5.5164924
2019-10-14,23.32,1.74520069808,1887777320.0,1099488888.08,80951000.0,47147894.0,59.71070237,76.95533904,2.70128474,0.40313236,57.41152947,5.61276626
2019-10-15,23.65,1.415094339623,1914491150.0,1115047693.1,80951000.0,47147894.0,60.55566514,78.04432969,2.73951047,0.40883706,58.22395678,5.6921922
2019-10-16,23.18,-1.987315010571,1876444180.0,1092888182.92,80951000.0,47147894.0,59.35223332,76.49334301,2.68506777,0.40071218,57.06686334,5.57907041
2019-10-17,23.18,0.0,1876444180.0,1092888182.92,80951000.0,47147894.0,59.35223332,76.49334301,2.68506777,0.40071218,57.06686334,5.57907041
2019-10-18,22.95,-0.992234685073,1857825450.0,1082044167.3,80951000.0,47147894.0,58.76331987,75.73434953,2.6584256,0.39673618,56.50062613,5.52371294
2019-10-21,22.6,-1.525054466231,1829492600.0,1065542404.4,80951000.0,47147894.0,57.86714724,74.57935945,2.61788316,0.39068573,55.63896081,5.43947331
2019-10-22,22.63,0.132743362832,1831921130.0,1066956841.22,80951000.0,47147894.0,57.94396204,74.6783586,2.62135822,0.39120434,55.71281784,5.44669385
2019-10-23,23.05,1.855943437914,1865920550.0,1086758956.7,80951000.0,47147894.0,59.0193692,76.0643467,2.67000915,0.39846487,56.74681622,5.5477814
2019-10-24,22.7,-1.518438177874,1837587700.0,1070257193.8,80951000.0,47147894.0,58.12319656,74.90935662,2.62946671,0.39241443,55.8851509,5.46354177
2019-10-25,22.8,0.440528634361,1845682800.0,1074971983.2,80951000.0,47147894.0,58.37924589,75.23935378,2.64105026,0.39414313,56.13134099,5.48761024
2019-10-28,23.2,1.754385964912,1878063200.0,1093831140.8,80951000.0,47147894.0,59.40344318,76.55934244,2.68738448,0.40105792,57.11610136,5.5838841
2019-10-29,22.45,-3.23275862069,1817349950.0,1058470220.3,80951000.0,47147894.0,45.21349206,74.0843637,2.60050783,0.38809269,330.92212097,5.03446368
2019-10-30,22.25,-0.890868596882,1801159750.0,1049040641.5,80951000.0,47147894.0,44.81069926,73.42436937,2.57734072,0.38463529,327.97403971,4.98961323
2019-10-31,22.04,-0.943820224719,1784160040.0,1039139583.76,80951000.0,47147894.0,44.38776682,72.73137532,2.55301526,0.38100502,324.87855439,4.94252025
2019-11-01,22.12,0.362976406534,1790636120.0,1042911415.28,80951000.0,47147894.0,44.54888394,72.99537305,2.5622821,0.38238798,326.05778689,4.96046043
2019-11-04,22.39,1.22061482821,1812492890.0,1055641346.66,80951000.0,47147894.0,45.09265422,73.8863654,2.59355769,0.38705547,330.03769659,5.02100855
2019-11-05,22.41,0.089325591782,1814111910.0,1056584304.54,80951000.0,47147894.0,45.1329335,73.95236484,2.5958744,0.38740121,330.33250471,5.02549359
2019-11-06,21.93,-2.141900937082,1775255430.0,1033953315.42,80951000.0,47147894.0,44.16623077,72.36837844,2.54027335,0.37910346,323.2571097,4.9178525
2019-11-07,21.89,-0.182398540812,1772017390.0,1032067399.66,80951000.0,47147894.0,44.08567221,72.23637957,2.53563993,0.37841198,322.66749345,4.90888241
2019-11-08,21.62,-1.233439926907,1750160620.0,1019337468.28,80951000.0,47147894.0,43.54190193,71.34538723,2.50436433,0.37374449,318.68758375,4.84833429
2019-11-11,20.75,-4.024051803885,1679733250.0,978318800.5,80951000.0,47147894.0,41.78975324,68.47441188,2.40358741,0.35870482,305.86343029,4.65323481
2019-11-12,20.73,-0.096385542169,1678114230.0,977375842.62,80951000.0,47147894.0,41.74947396,68.40841245,2.4012707,0.35835908,305.56862217,4.64874976
2019-11-13,20.48,-1.205981669079,1657876480.0,965588869.12,80951000.0,47147894.0,41.24598296,67.58341954,2.37231182,0.35403734,301.8835206,4.59268669
2019-11-14,20.77,1.416015625,1681352270.0,979261758.38,80951000.0,47147894.0,41.83003252,68.54041132,2.40590412,0.35905056,306.15823842,4.65771985
2019-11-15,20.58,-0.914780934039,1665971580.0,970303658.52,80951000.0,47147894.0,41.44737936,67.9134167,2.38389537,0.35576603,303.35756122,4.61511192
2019-11-18,20.84,1.263362487852,1687018840.0,982562110.96,80951000.0,47147894.0,41.97101,68.77140933,2.41401261,0.36026065,307.19006686,4.67341751
2019-11-19,21.3,2.207293666027,1724256300.0,1004250142.2,80951000.0,47147894.0,42.89743345,70.2893963,2.46729696,0.36821266,313.97065375,4.77657356
2019-11-20,21.25,-0.234741784038,1720208750.0,1001892747.5,80951000.0,47147894.0,42.79673525,70.12439771,2.46150518,0.36734831,313.23363343,4.76536095
2019-11-21,21.29,0.188235294118,1723446790.0,1003778663.26,80951000.0,47147894.0,42.87729381,70.25639658,2.4661386,0.36803979,313.82324968,4.77433104
2019-11-22,21.3,0.046970408643,1724256300.0,1004250142.2,80951000.0,47147894.0,42.89743345,70.2893963,2.46729696,0.36821266,313.97065375,4.77657356
2019-11-25,21.3,0.0,1724256300.0,1004250142.2,80951000.0,47147894.0,42.89743345,70.2893963,2.46729696,0.36821266,313.97065375,4.77657356
2019-11-26,21.55,1.173708920188,1744494050.0,1016037115.7,80951000.0,47147894.0,43.40092445,71.11438921,2.49625584,0.3725344,317.65575531,4.83263663
2019-11-27,22.28,3.38747099768,1803588280.0,1050455078.32,80951000.0,47147894.0,44.87111818,73.52336852,2.58081578,0.3851539,328.4162519,4.9963408
2019-11-28,23.44,5.206463195691,1897491440.0,1105146635.36,80951000.0,47147894.0,47.20731643,77.35133564,2.71518501,0.40520679,345.51512318,5.25647344
2019-11-29,24.45,4.308873720137,1979251950.0,1152766008.3,80951000.0,47147894.0,49.24142008,80.68430702,2.8321789,0.42266664,360.40293352,5.48296824
2019-12-02,26.79,9.570552147239,2168677290.0,1263092080.26,80951000.0,47147894.0,53.95409587,88.40624069,3.10323406,0.46311818,394.89548422,6.00771858
2019-12-03,26.0,-2.948861515491,2104726000.0,1225845244.0,80951000.0,47147894.0,52.3630643,85.79926308,3.01172399,0.44946146,383.25056326,5.83055928
2019-12-04,26.9,3.461538461538,2177581900.0,1268278348.6,80951000.0,47147894.0,54.17563191,88.76923758,3.11597597,0.46501974,396.51692891,6.03238633
2019-12-05,26.9,0.0,2177581900.0,1268278348.6,80951000.0,47147894.0,54.17563191,88.76923758,3.11597597,0.46501974,396.51692891,6.03238633
2019-12-06,29.15,8.364312267658,2359721650.0,1374361110.1,80951000.0,47147894.0,58.70705094,96.1941738,3.37660593,0.50391545,429.68284304,6.53695396
2019-12-09,28.35,-2.744425385935,2294960850.0,1336642794.9,80951000.0,47147894.0,57.09587973,93.55419648,3.2839375,0.49008586,417.89051801,6.35755213
2019-12-10,28.55,0.705467372134,2311151050.0,1346072373.7,80951000.0,47147894.0,57.49867253,94.21419081,3.30710461,0.49354326,420.83859927,6.40240259
2019-12-11,27.88,-2.346760070053,2256913880.0,1314483284.72,80951000.0,47147894.0,56.14931664,92.0032098,3.2294948,0.48196098,410.96252706,6.25215356
2019-12-12,27.9,0.071736011478,2258532900.0,1315426242.6,80951000.0,47147894.0,56.18959592,92.06920923,3.23181151,0.48230672,411.25733519,6.25663861
2019-12-13,27.57,-1.182795698925,2231819070.0,1299867437.58,80951000.0,47147894.0,55.5249878,90.98021859,3.19358578,0.47660202,406.39300112,6.18263536
2019-12-16,27.92,1.269495828799,2260151920.0,1316369200.48,80951000.0,47147894.0,56.2298752,92.13520867,3.23412822,0.48265246,411.55214331,6.26112365
2019-12-17,27.78,-0.501432664756,2248818780.0,1309768495.32,80951000.0,47147894.0,55.94792024,91.67321263,3.21791124,0.48023229,409.48848643,6.22972833
2019-12-18,27.95,0.611951043916,2262580450.0,1317783637.3,80951000.0,47147894.0,56.29029412,92.23420782,3.23760328,0.48317107,411.9943555,6.26785122
2019-12-19,28.66,2.540250447227,2320055660.0,1351258642.04,80951000.0,47147894.0,57.72020857,94.57718769,3.31984652,0.49544483,422.46004396,6.42707034
2019-12-20,27.19,-5.129099790649,2201057690.0,1281951237.86,80951000.0,47147894.0,54.75968147,89.72622936,3.14956828,0.47003297,400.79164673,6.09741949
2019-12-23,27.05,-0.514895182052,2189724550.0,1275350532.7,80951000.0,47147894.0,54.47772651,89.26423332,3.1333513,0.46761279,398.72798985,6.06602417
2019-12-24,27.18,0.480591497227,2200248180.0,1281479758.92,80951000.0,47147894.0,54.73954183,89.69322964,3.14840992,0.4698601,400.64424267,6.09517697
2019-12-25,27.21,0.110375275938,2202676710.0,1282894195.74,80951000.0,47147894.0,54.79996075,89.79222879,3.15188499,0.47037871,401.08645485,6.10190454
2019-12-26,27.77,2.058066887174,2248009270.0,1309297016.38,80951000.0,47147894.0,55.9277806,91.64021292,3.21675289,0.48005942,409.34108237,6.22748581
2019-12-27,27.86,0.324090745409,2255294860.0,1313540326.84,80951000.0,47147894.0,56.10903736,91.93721037,3.22717809,0.48161524,410.66771894,6.24766852
2019-12-30,27.98,0.430725053841,2265008980.0,1319198074.12,80951000.0,47147894.0,56.35071304,92.33320697,3.24107835,0.48368968,412.43656769,6.27457879
2019-12-31,29.68,6.075768406004,2402625680.0,1392876285.92,80951000.0,46929794.0,59.77445186,49.73421841,3.40166661,0.51307755,437.49525836,6.65580767
2020-01-02,28.76,-3.099730458221,2328150760.0,1349700875.44,80951000.0,46929794.0,57.92160497,48.1925917,3.29622411,0.7384657,423.93408459,6.44949557
2020-01-03,28.11,-2.260083449235,2275532610.0,1319196509.34,80951000.0,46929794.0,56.61252837,47.10339891,3.2217267,0.72177576,414.35282051,6.30373159
2020-01-06,27.61,-1.778726431875,2235057110.0,1295731612.34,80951000.0,46929794.0,55.60554636,46.2655583,3.16442099,0.70893735,406.98261737,6.19160545
2020-01-07,27.98,1.340094168779,2265008980.0,1313095636.12,80951000.0,46929794.0,56.35071304,46.88556035,3.20682721,0.71843777,412.43656769,6.27457879
2020-01-08,27.42,-2.001429592566,2219676420.0,1286814951.48,80951000.0,46929794.0,55.2228932,45.94717887,3.14264482,0.70405875,404.18194017,6.14899751
2020-01-09,27.71,1.057622173596,2243152210.0,1300424591.74,80951000.0,46929794.0,55.80694276,46.43312642,3.17588213,0.71150503,408.45665799,6.21403068
2020-01-10,28.54,2.995308552869,2310341540.0,1339376320.76,80951000.0,46929794.0,57.47853289,47.82394183,3.2710096,0.7328168,420.69119521,6.40016007
2020-01-13,29.63,3.819201121233,2398578130.0,1390529796.22,80951000.0,46929794.0,59.67375366,49.65043435,3.39593604,0.76080455,436.75823805,6.64459505
2020-01-14,29.44,-0.641241984475,2383197440.0,1381613135.36,80951000.0,46929794.0,59.2911005,49.33205492,3.37415987,0.75592595,433.95756086,6.60198712
2020-01-15,29.66,0.747282608696,2401006660.0,1391937690.04,80951000.0,46929794.0,59.73417258,49.70070479,3.39937438,0.76157485,437.20045024,6.65132262
2020-01-16,29.6,-0.202292650034,2396149600.0,1389121902.4,80951000.0,46929794.0,59.61333474,49.60016392,3.39249769,0.76003424,436.31602586,6.63786748
2020-01-17,29.21,-1.317567567568,2364578710.0,1370819282.74,80951000.0,46929794.0,58.82788878,48.94664824,3.34779924,0.75002028,430.56726741,6.5504091
2020-01-20,30.59,4.724409448819,2476291090.0,1435582398.46,80951000.0,46929794.0,61.60715911,51.25908832,3.50596299,0.78545431,450.90902808,6.85987724
2020-01-21,28.69,-6.211180124224,2322484190.0,1346415789.86,80951000.0,46929794.0,57.78062749,48.07529401,3.28820131,0.73666833,422.90225615,6.43379791
2020-01-22,28.5,-0.662251655629,2307103500.0,1337499129.0,80951000.0,46929794.0,57.39797433,47.75691458,3.26642514,0.73178973,420.10157895,6.39118998
2020-01-23,28.15,-1.228070175439,2278770650.0,1321073701.1,80951000.0,46929794.0,56.69308693,47.17042616,3.22631115,0.72280284,414.94243676,6.31270168
2020-02-03,27.0,-4.085257548845,2185677000.0,1267104438.0,80951000.0,46929794.0,54.37702831,45.24339276,3.09450803,0.69327448,397.99096954,6.05481156
2020-02-04,29.7,10.0,2404244700.0,1393814881.8,80951000.0,46929794.0,59.81473114,49.76773204,3.40395883,0.76260193,437.79006649,6.66029271
2020-02-05,31.33,5.488215488215,2536194830.0,1470310446.02,80951000.0,46929794.0,63.09749248,52.49909242,3.59077543,0.80445516,461.81692872,7.02582393
2020-02-06,33.1,5.649537184807,2679478100.0,1553376181.4,80951000.0,46929794.0,66.66220878,55.46504816,3.79363762,0.84990316,487.90744784,7.42275046
2020-02-07,32.51,-1.78247734139,2631717010.0,1525687602.94,80951000.0,46929794.0,65.47397002,54.47639625,3.72601689,0.83475383,479.21060813,7.29044162
2020-02-10,32.71,0.615195324516,2647907210.0,1535073561.74,80951000.0,46929794.0,65.87676282,54.81153249,3.74893917,0.83988919,482.15868939,7.33529207
2020-02-11,32.45,-0.794863955977,2626859950.0,1522871815.3,80951000.0,46929794.0,65.35313218,54.37585538,3.71914021,0.83321322,478.32618376,7.27698648
2020-02-12,32.15,-0.924499229584,2602574650.0,1508792877.1,80951000.0,46929794.0,64.74894297,53.87315101,3.68475679,0.82551017,473.90406187,7.2097108
2020-02-13,32.32,0.528771384137,2616336320.0,1516770942.08,80951000.0,46929794.0,65.09131685,54.15801682,3.70424073,0.82987523,476.40993094,7.24783369
2020-02-14,35.55,9.993811881188,2877808050.0,1668354176.7,80951000.0,46929794.0,71.59642061,59.57046714,4.07443558,0.9128114,524.02144322,7.97216855
2020-02-17,33.89,-4.669479606188,2743429390.0,1590450718.66,80951000.0,46929794.0,68.25324035,56.78883632,3.88418064,0.87018785,499.5523688,7.59990976
2020-02-18,31.85,-6.019474771319,2578289350.0,1494713938.9,80951000.0,46929794.0,64.14475377,53.37044665,3.65037336,0.81780712,469.48193999,7.14243511
2020-02-19,31.39,-1.444270015699,2541051890.0,1473126233.66,80951000.0,46929794.0,63.21833032,52.59963329,3.59765212,0.80599577,462.7013531,7.03927907
2020-02-20,32.14,2.389295954126,2601765140.0,1508323579.16,80951000.0,46929794.0,64.72880333,53.8563942,3.68361067,0.8252534,473.75665781,7.20746828
2020-02-21,31.47,-2.084629744866,2547527970.0,1476880617.18,80951000.0,46929794.0,63.37944744,52.73368779,3.60682103,0.80804992,463.8805856,7.05721925
2020-02-24,31.88,1.302828090245,2580717880.0,1496121832.72,80951000.0,46929794.0,64.20517269,53.42071708,3.65381171,0.81857742,469.92415218,7.14916268
2020-02-25,31.94,0.188205771644,2585574940.0,1498937620.36,80951000.0,46929794.0,64.32601053,53.52125796,3.66068839,0.82011803,470.80857655,7.16261782
2020-02-26,31.4,-1.690670006262,2541861400.0,1473595531.6,80951000.0,46929794.0,63.23846996,52.6163901,3.59879823,0.80625254,462.84875716,7.04152159
2020-02-27,31.07,-1.050955414013,2515147570.0,1458108699.58,80951000.0,46929794.0,52.0634153,52.0634153,3.56097646,0.79777919,457.98442309,6.08908938
2020-02-28,29.29,-5.728999034438,2371054790.0,1374573666.26,80951000.0,46929794.0,49.08070274,49.08070274,3.35696816,0.75207442,431.74649992,5.74024551
2020-03-02,30.48,4.062820075111,2467386480.0,1430420121.12,80951000.0,46929794.0,51.07476339,51.07476339,3.49335573,0.78262986,449.28758339,5.97346135
2020-03-03,30.7,0.721784776903,2485195700.0,1440744675.8,80951000.0,46929794.0,51.44341325,51.44341325,3.51857024,0.78827876,452.53047277,6.01657689
2020-03-04,31.19,1.596091205212,2524861690.0,1463740274.86,80951000.0,46929794.0,52.26449705,52.26449705,3.57472983,0.80086041,459.75327185,6.11260694
2020-03-05,32.58,4.45655658865,2637383580.0,1528972688.52,80951000.0,46929794.0,54.59369393,54.59369393,3.73403969,0.8365512,480.24243657,6.38501873
2020-03-06,31.4,-3.621853898097,2541861400.0,1473595531.6,80951000.0,46929794.0,52.6163901,52.6163901,3.59879823,0.80625254,462.84875716,6.15376268
2020-03-09,32.95,4.936305732484,2667335450.0,1546336712.3,80951000.0,46929794.0,55.21369598,55.21369598,3.77644591,0.84605163,-94.3453684,6.45753122
2020-03-10,35.98,9.195751138088,2912616980.0,1688533988.12,80951000.0,46929794.0,60.29101006,60.29101006,4.12371848,0.92385243,-103.02113369,7.05134972
2020-03-11,35.13,-2.362423568649,2843808630.0,1648643663.22,80951000.0,46929794.0,58.86668103,58.86668103,4.02629878,0.90202713,-100.58733815,6.88476697
2020-03-12,35.03,-0.284656988329,2835713530.0,1643950683.82,80951000.0,46929794.0,58.69911291,58.69911291,4.01483764,0.89945944,-100.30100926,6.865169
2020-03-13,35.25,0.628033114473,2853522750.0,1654275238.5,80951000.0,46929794.0,59.06776277,59.06776277,4.04005215,0.90510835,-100.93093281,6.90828454
2020-03-16,34.68,-1.617021276596,2807380680.0,1627525255.92,80951000.0,46929794.0,58.11262448,58.11262448,3.97472365,0.89047255,-99.29885815,6.79657611
2020-03-17,33.99,-1.989619377163,2751524490.0,1595143698.06,80951000.0,46929794.0,56.95640444,56.95640444,3.89564178,0.87275554,-97.32318883,6.66135011
2020-03-18,32.6,-4.089438070021,2639002600.0,1529911284.4,80951000.0,46929794.0,54.62720756,54.62720756,3.73633192,0.83706474,-93.3432173,6.38893832
2020-03-19,31.1,-4.601226993865,2517576100.0,1459516593.4,80951000.0,46929794.0,52.11368574,52.11368574,3.56441481,0.79854949,-89.04828399,6.09496877
2020-03-20,34.21,10.0,2769333710.0,1605468252.74,80951000.0,46929794.0,57.32505431,57.32505431,3.92085629,0.87840444,-97.95311238,6.70446565
2020-03-23,34.55,0.993861444022,2796857050.0,1621424382.7,80951000.0,46929794.0,57.89478592,57.89478592,3.95982417,0.88713456,-98.9266306,6.77109875
2020-03-24,33.46,-3.15484804631,2708620460.0,1570270907.24,80951000.0,46929794.0,56.0682934,56.0682934,3.83489773,0.85914682,-95.80564573,6.55748087
2020-03-25,36.81,10.011954572624,2979806310.0,1727485717.14,80951000.0,46929794.0,61.68182547,61.68182547,4.21884595,0.94516421,-105.39766346,7.21401287
2020-03-26,36.57,-0.651996740016,2960378070.0,1716222566.58,80951000.0,46929794.0,61.27966197,61.27966197,4.19133921,0.93900177,-104.71047413,7.16697775
2020-03-27,38.15,4.3204812688,3088280650.0,1804737977.35,80951000.0,47306369.0,63.92723829,63.92723829,4.37242524,0.97957116,-109.23447055,7.47662568
2020-03-30,39.32,3.066841415465,3182993320.0,1860086429.08,80951000.0,47306369.0,65.88778531,65.88778531,4.50652059,1.00961305,-112.58451853,7.70592193
2020-03-31,38.9,-1.068158697864,3148993900.0,2103749032.8,80951000.0,54080952.0,65.1839992,65.1839992,4.36088854,0.99882879,-111.3819372,7.62361045
2020-04-01,37.05,-4.755784061697,2999234550.0,2003699271.6,80951000.0,54080952.0,62.08398896,62.08398896,4.15349409,0.95132665,-106.08485279,7.261048
2020-04-02,38.95,5.128205128205,3153041450.0,2106453080.4,80951000.0,54080952.0,65.26778326,65.26778326,4.36649379,1.00011263,-111.52510165,7.63340944
2020-04-03,40.65,4.364569961489,3290658150.0,2198390698.8,80951000.0,54080952.0,68.11644133,68.11644133,4.55707247,1.04376324,-116.39269273,7.96657493
2020-04-07,44.72,10.012300123001,3620128720.0,2418500173.44,80951000.0,54080952.0,74.93646386,74.93646386,5.01334024,1.14826795,-128.04627845,8.76421233
2020-04-08,43.75,-2.169051878354,3541606250.0,2366041650.0,80951000.0,54080952.0,73.31105309,73.31105309,4.90459829,1.12336142,-125.26888824,8.57411201
2020-04-09,44.77,2.331428571429,3624176270.0,3048710927.68,80951000.0,68097184.0,75.02024793,75.02024793,5.01894549,1.14955179,-128.18944289,8.77401131
2020-04-10,45.42,1.451865088229,3676794420.0,3092974097.28,80951000.0,68097184.0,76.10944071,76.10944071,5.09181381,1.16624173,-130.05058066,8.90139812
2020-04-13,44.15,-2.796125055042,3573986650.0,3006490673.6,80951000.0,68097184.0,73.98132557,73.98132557,4.94944033,1.13363216,-126.41420379,8.6525039
2020-04-14,44.67,1.177802944507,3616081170.0,3041901209.28,80951000.0,68097184.0,74.8526798,74.8526798,5.00773498,1.14698411,-127.90311401,8.75441334
2020-04-15,46.38,3.828072531901,3754507380.0,3158347393.92,80951000.0,68097184.0,77.71809468,77.71809468,5.19943471,1.19089149,-132.79933798,9.08953863
2020-04-16,44.43,-4.204398447607,3596652930.0,3025557885.12,80951000.0,68097184.0,74.45051631,74.45051631,4.98082976,1.14082167,-127.21592468,8.70737821
2020-04-17,26.93,-2.709537572254,3488016688.0,2934171453.42,129521600.0,108955494.0,58.49472461,72.20175212,4.83038471,1.10636336,791.61837746,8.15024844
2020-04-20,27.0,0.259933160045,3497083200.0,2941798338.0,129521600.0,108955494.0,58.6467718,72.38942842,4.84294048,1.10923917,793.67605612,8.17143364
2020-04-21,27.61,2.259259259259,3576091376.0,3008261189.34,129521600.0,108955494.0,59.97175442,74.02489328,4.95235506,1.13429975,811.60725591,8.35604751
2020-04-22,27.92,1.122781600869,3616243072.0,3042037392.48,129521600.0,108955494.0,60.64510625,74.85603117,5.00795919,1.14703546,820.71983285,8.44986768
2020-04-23,27.92,0.0,3616243072.0,3042037392.48,129521600.0,108955494.0,60.64510625,74.85603117,5.00795919,1.14703546,820.71983285,8.44986768
2020-04-24,26.16,-6.303724928367,3388285056.0,2850275723.04,129521600.0,108955494.0,56.82220557,70.13731287,4.69227122,1.0747295,768.98391215,7.91721126
2020-04-27,25.58,-2.217125382263,3313162528.0,2787081536.52,129521600.0,108955494.0,55.56238602,68.5822807,4.58823769,1.0509014,751.93457465,7.74167676
2020-04-28,24.35,-4.808444096951,3153850960.0,2653066278.9,129521600.0,108955494.0,52.89069975,65.28454008,4.36761484,1.0003694,715.77822098,7.36942256
2020-04-29,24.14,-0.862422997947,3126651424.0,2630185625.16,129521600.0,108955494.0,52.43455819,64.72151119,4.32994753,0.99174198,709.60518499,7.30586697
2020-04-30,23.62,-2.154101077051,3059300192.0,2573528768.28,129521600.0,108955494.0,51.30506481,63.32734442,4.23667608,0.97037885,694.31957206,7.14849121
2020-05-06,24.63,4.276037256562,3190117008.0,2683573817.22,129521600.0,108955494.0,53.4988885,66.03524526,4.41783793,1.01187262,724.00893564,7.45416336
2020-05-07,24.95,1.299228583029,3231563920.0,2718439575.3,129521600.0,108955494.0,54.19396135,66.89319404,4.47523574,1.02501915,733.41546668,7.55100998
2020-05-08,24.92,-0.120240480962,3227678272.0,2715170910.48,129521600.0,108955494.0,54.12879827,66.81276134,4.4698547,1.02378667,732.53360439,7.54193061
2020-05-11,24.74,-0.722311396469,3204364384.0,2695558921.56,129521600.0,108955494.0,53.73781979,66.33016515,4.43756843,1.01639174,727.24243068,7.48745438
2020-05-12,25.02,1.131770412288,3240630432.0,2726066459.88,129521600.0,108955494.0,54.34600853,67.08087034,4.48779151,1.02789496,735.47314534,7.57219518
2020-05-13,27.06,8.153477218225,3504854496.0,2948335667.64,129521600.0,108955494.0,58.77709796,72.55029382,4.85370257,1.11170414,795.43978069,8.18959238
2020-05-14,26.95,-0.406504065041,3490607120.0,2936350563.3,129521600.0,108955494.0,58.53816667,72.25537392,4.83397207,1.10718502,792.20628565,8.15630136
2020-05-15,28.37,5.269016697588,3674527792.0,3091067364.78,129521600.0,108955494.0,61.62255244,76.06252164,5.08867487,1.16552278,833.94776712,8.58605824
2020-05-18,29.2,2.925625660909,3782030720.0,3181500424.8,129521600.0,108955494.0,63.42539765,78.28782629,5.23755045,1.19962162,858.34595699,8.83725416
2020-05-19,28.6,-2.054794520548,3704317760.0,3116127128.4,129521600.0,108955494.0,62.12213605,76.67917233,5.12992955,1.17497186,840.7087113,8.65566675
2020-05-20,28.35,-0.874125874126,3671937360.0,3088888254.9,129521600.0,108955494.0,61.57911039,76.00889984,5.08508751,1.16470112,833.35985893,8.58000532
2020-05-21,28.76,1.446208112875,3725041216.0,3133560007.44,129521600.0,108955494.0,62.46967248,77.10814672,5.15862845,1.18154513,845.41197682,8.70409006
2020-05-22,28.17,-2.051460361613,3648623472.0,3069276265.98,129521600.0,108955494.0,61.18813191,75.52630365,5.05280124,1.1573062,828.06868522,8.5255291
2020-05-25,29.93,6.247781327654,3876581488.0,3261037935.42,129521600.0,108955494.0,65.01103259,80.24502195,5.36848921,1.22961216,879.80460592,9.05818552
2020-05-26,30.01,0.267290344136,3886943216.0,3269754374.94,129521600.0,108955494.0,65.1848008,80.45950914,5.38283866,1.23289879,882.15623867,9.08239717
2020-05-27,29.14,-2.899033655448,3774259424.0,3174963095.16,129521600.0,108955494.0,63.29507149,78.12696089,5.22678836,1.19715664,856.58223242,8.81909542
2020-05-28,29.27,0.44612216884,3791097232.0,3189127309.38,129521600.0,108955494.0,63.57744484,78.47550259,5.25010622,1.20249742,860.40363566,8.85843936
2020-05-29,29.72,1.537410317731,3849381952.0,3238157281.68,129521600.0,108955494.0,64.55489103,79.68199306,5.33082189,1.22098474,873.63156992,8.99462992
2020-06-01,29.07,-2.187079407806,3765192912.0,3167336210.58,129521600.0,108955494.0,63.1430243,77.9392846,5.21423258,1.19428083,854.52455376,8.79791022
2020-06-02,28.33,-2.545579635363,3669346928.0,3086709145.02,129521600.0,108955494.0,61.53566834,75.95527804,5.08150014,1.16387946,832.77195074,8.57395241
2020-06-03,30.11,6.283092128486,3899895376.0,3280649924.34,129521600.0,108955494.0,65.40201107,80.72761814,5.40077548,1.23700708,885.09577962,9.11266174
2020-06-04,29.15,-3.188309531717,3775554640.0,3176052650.1,129521600.0,108955494.0,63.31679252,78.15377179,5.22858204,1.19756747,856.87618652,8.82212188
2020-06-05,31.82,9.159519725557,4121377312.0,3466963819.08,129521600.0,108955494.0,69.11630662,85.31228194,5.70749504,1.3072589,935.36192984,9.63018587
2020-06-08,33.98,6.78818353237,4401143968.0,3702307686.12,129521600.0,108955494.0,73.80804836,91.10343621,6.09493028,1.39599803,998.85601433,10.28390056
2020-06-09,35.81,5.385520894644,4638168496.0,3901696240.14,129521600.0,108955494.0,77.78299623,96.0098308,6.42317402,1.4711798,1052.64961369,10.83774218
2020-06-10,36.1,0.809829656521,4675729760.0,3933293333.4,129521600.0,108955494.0,78.412906,96.78734689,6.47519079,1.48309385,1061.17428244,10.92550943
2020-06-11,35.25,-2.354570637119,4565636400.0,3840681163.5,129521600.0,108955494.0,76.56661874,94.50842044,6.32272785,1.44817335,1036.18818438,10.66826059
2020-06-12,37.3,5.815602836879,4831155680.0,4064039926.2,129521600.0,108955494.0,81.01942919,100.00465482,6.69043259,1.53239337,1096.44877383,11.28868425
2020-06-15,38.11,2.171581769437,4936068176.0,4152293876.34,129521600.0,108955494.0,82.77883234,102.17633767,6.83572081,1.56567054,1120.25905551,11.53382726
2020-06-16,40.18,5.43164523747,5204177888.0,4377831748.92,129521600.0,108955494.0,87.27508485,107.72619385,7.20701291,1.65071221,1181.10755315,12.16030384
2020-06-17,38.89,-3.210552513688,5037095024.0,4237279161.66,129521600.0,108955494.0,84.47307242,104.26758782,6.97562797,1.59771523,1143.18747491,11.7698909
2020-06-18,36.48,-6.196965800977,4724947968.0,3974696421.12,129521600.0,108955494.0,79.23830501,97.80616107,6.54335069,1.49870536,1072.34453805,11.04051479
2020-06-19,38.55,5.674342105263,4993057680.0,4200234293.7,129521600.0,108955494.0,83.73455751,103.35601724,6.9146428,1.58374703,1133.19303569,11.66699137
2020-06-22,37.94,-1.582360570687,4914049504.0,4133771442.36,129521600.0,108955494.0,82.40957489,101.72055238,6.80522822,1.55868644,1115.2618359,11.4823775
2020-06-23,41.53,9.462308908803,5379032048.0,4524921665.82,129521600.0,108955494.0,90.20742344,111.34566527,7.44915993,1.70617417,1220.79135595,12.56887552
2020-06-24,39.75,-4.286058271129,5148483600.0,4330980886.5,129521600.0,108955494.0,86.3410807,106.57332517,7.1298846,1.63304655,1168.46752707,12.0301662
2020-06-29,40.06,0.779874213836,5188635296.0,4364757089.64,129521600.0,108955494.0,87.01443253,107.40446306,7.18548873,1.64578226,1177.58010401,12.12398636
2020-06-30,40.03,-0.074887668497,5184749648.0,4361488424.82,129521600.0,108955494.0,86.94926945,107.32403036,7.0338007,1.64454977,1176.69824172,12.11490699
2020-07-01,40.37,0.849362977767,5228786992.0,4398533292.78,129521600.0,108955494.0,87.68778435,108.23560094,7.0935432,1.65851797,1186.69268095,12.21780652
2020-07-02,39.93,-1.089918256131,5171797488.0,4350592875.42,129521600.0,108955494.0,86.73205918,107.05592136,7.01622938,1.64044148,1173.75870078,12.08464242
2020-07-03,39.6,-0.826446280992,5129055360.0,4314637562.4,129521600.0,108955494.0,86.01526531,106.17116168,6.95824401,1.62688411,1164.05821565,11.98476934
2020-07-06,38.91,-1.742424242424,5039685456.0,4239458271.54,129521600.0,108955494.0,84.51651447,104.32120962,6.83700188,1.59853689,1143.7753831,11.77594382
2020-07-07,39.52,1.567720380365,5118693632.0,4305921122.88,129521600.0,108955494.0,85.84149709,105.95667449,6.94418695,1.62359747,1161.70658289,11.96055769
2020-07-08,39.76,0.607287449393,5149778816.0,4332070441.44,129521600.0,108955494.0,86.36280173,106.60013607,6.98635813,1.63345738,1168.76148116,12.03319265
2020-07-09,41.7,4.879275653924,5363450664.0,4543444099.8,128619920.0,108955494.0,89.94612057,111.02313148,7.27623233,1.70123191,1217.25510283,12.5324674
2020-07-10,40.5,-2.877697841727,5209106760.0,4412697507.0,128619920.0,108955494.0,87.357743,107.82822123,7.06684435,1.6522756,1182.226179,12.17182085
2020-07-13,42.68,5.382716049383,5489498185.6,4650220483.92,128619920.0,108955494.0,92.05996225,113.6323082,7.44723252,1.7412129,1245.86205728,12.82699541
2020-07-14,41.7,-2.296157450797,5363450664.0,4543444099.8,128619920.0,108955494.0,89.94612057,111.02313148,7.27623233,1.70123191,1217.25510283,12.5324674
2020-07-15,41.18,-1.247002398082,5296568305.6,4486787242.92,128619920.0,108955494.0,88.82449029,109.63867037,7.18549754,1.68001751,1202.0759025,12.37618723
2020-07-16,37.5,-8.936376881982,4823247000.0,4085831025.0,128619920.0,108955494.0,80.88679907,99.84094558,6.5433744,1.52988481,1094.65386945,11.2702045
2020-07-17,38.2,1.866666666667,4913280944.0,4162099870.8,128619920.0,108955494.0,82.39668599,101.70464323,6.66551739,1.55844266,1115.08740834,11.48058165
2020-07-20,38.0,-0.523560209424,4887556960.0,4140308772.0,128619920.0,108955494.0,81.96528973,101.17215819,6.63061939,1.55028328,1109.24925437,11.42047389
2020-07-21,38.48,1.263157894737,4949294521.6,4192607409.12,128619920.0,108955494.0,83.00064076,102.45012229,6.71437458,1.5698658,1123.2608239,11.56473251
2020-07-22,38.5,0.051975051975,4951866920.0,4194786519.0,128619920.0,108955494.0,83.04378038,102.5033708,6.71786438,1.57068174,1123.8446393,11.57074328
2020-07-23,38.64,0.363636363636,4969873708.8,4210040288.16,128619920.0,108955494.0,83.34575776,102.87611033,6.74229298,1.57639331,1127.93134708,11.61281871
2020-07-24,35.82,-7.298136645963,4607165534.4,3902785795.08,128619920.0,108955494.0,77.26307047,95.36807122,6.25023123,1.46134597,1045.6133761,10.76529933
2020-07-27,36.0,0.502512562814,4630317120.0,3922397784.0,128619920.0,108955494.0,77.65132711,95.84730776,6.28163942,1.46868942,1050.86771467,10.81939632
2020-07-28,36.06,0.166666666667,4638034315.2,3928935113.64,128619920.0,108955494.0,77.78074599,96.00705327,6.29210882,1.47113724,1052.61916086,10.83742864
2020-07-29,36.58,1.442041042707,4704916673.6,3985591970.52,128619920.0,108955494.0,78.90237627,97.39151438,6.38284362,1.49235164,1067.79836118,10.99370881
2020-07-30,35.7,-2.405686167305,4591731144.0,3889711135.8,128619920.0,108955494.0,77.00423272,95.04858019,6.22929243,1.45645034,1042.11048371,10.72923468
2020-07-31,36.15,1.260504201681,4649610108.0,3938741108.1,128619920.0,108955494.0,77.97487431,96.24667154,6.30781292,1.47480896,1055.24633015,10.86447713
2020-08-03,37.1,2.627939142462,4771799032.0,4042248827.4,128619920.0,108955494.0,80.02400655,98.77597549,6.47357841,1.51356604,1082.97756151,11.14998898
2020-08-04,36.26,-2.264150943396,4663758299.2,3950726212.44,128619920.0,108955494.0,78.21214225,96.53953831,6.32700682,1.47929662,1058.45731483,10.8975364
2020-08-05,36.59,0.910093767237,4706202872.8,3986681525.46,128619920.0,108955494.0,78.92394608,97.41813863,6.38458851,1.49275961,1068.09026888,10.9967142
2020-08-06,35.95,-1.749111779175,4623886124.0,3916950009.3,128619920.0,108955494.0,77.54347804,95.7141865,6.27291493,1.46664957,1049.40817618,10.80436938
2020-08-07,35.18,-2.141863699583,4524848785.6,3833054278.92,128619920.0,108955494.0,75.88260244,93.66411908,6.13855764,1.43523594,1026.93128339,10.57295451
2020-08-10,35.01,-0.483229107447,4502983399.2,3814531844.94,128619920.0,108955494.0,75.51591561,93.21150679,6.10889434,1.42830046,1021.96885252,10.52186292
2020-08-11,33.78,-3.513281919452,4344780897.6,3680516587.32,128619920.0,108955494.0,72.8628286,89.93672378,5.89427166,1.37812024,986.0642056,10.15220021
2020-08-12,32.15,-4.825340438129,4135130428.0,3502919132.1,128619920.0,108955494.0,69.34694907,85.59697068,5.60985299,1.31162125,938.48325074,9.66232199
2020-08-13,32.03,-0.373250388802,4119696037.6,3489844472.82,128619920.0,108955494.0,69.08811131,85.27747965,5.58891419,1.30672561,934.98035836,9.62625733
2020-08-14,33.1,3.340618170465,4257319352.0,3606426851.4,128619920.0,108955494.0,71.39608132,88.12627463,5.77561847,1.35037833,966.2144821,9.94783383
2020-08-17,32.95,-0.453172205438,4238026364.0,3590083527.3,128619920.0,108955494.0,71.07253412,87.72691085,5.74944497,1.34425879,961.83586662,9.90275302
2020-08-18,33.11,0.485584218513,4258605551.2,3607516406.34,128619920.0,108955494.0,71.41765113,88.15289888,5.77736337,1.3507863,966.5063898,9.95083922
2020-08-19,31.8,-3.956508607671,4090113456.0,3464784709.2,128619920.0,108955494.0,68.59200561,84.66512185,5.54878149,1.29734232,928.26648129,9.55713341
2020-08-20,31.86,0.188679245283,4097830651.2,3471322038.84,128619920.0,108955494.0,68.72142449,84.82486736,5.55925089,1.29979014,930.01792748,9.57516574
2020-08-21,32.27,1.286880100439,4150564818.4,3515993791.38,128619920.0,108955494.0,69.60578683,85.9164617,5.63079178,1.31651688,941.98614312,9.69838664
2020-08-24,32.54,0.836690424543,4185292196.8,3545411774.76,128619920.0,108955494.0,70.18817178,86.63531651,5.67790408,1.32753205,949.86765098,9.77953211
2020-08-25,33.47,2.858020897357,4304908722.4,3646740384.18,128619920.0,108955494.0,72.1941644,89.11137196,5.84017976,1.36547319,977.01506694,10.05903319
2020-08-26,33.9,1.284732596355,4360215288.0,3693591246.6,128619920.0,108955494.0,73.12166636,90.2562148,5.91521046,1.38301587,989.56709798,10.18826486
2020-08-27,32.93,-2.861356932153,4235453965.6,3587904417.42,128619920.0,108955494.0,66.97046724,87.67366234,5.74595517,1.34344285,181.52363489,9.30503228
2020-08-28,33.58,1.973883996356,4319056913.6,3658725488.52,128619920.0,108955494.0,68.29238657,89.40423873,5.85937366,1.36996085,185.10670087,9.48870282
2020-08-31,35.54,5.836807623585,4571151956.8,3872278256.76,128619920.0,108955494.0,72.2784818,94.62259216,6.20137403,1.44992283,195.91102289,10.04254015
2020-09-01,36.55,2.841868317389,4701058076.0,3982323305.7,128619920.0,108955494.0,74.33254107,97.31164162,6.37760892,1.49112773,201.47855618,10.32793592
2020-09-02,37.73,3.228454172367,4852829581.6,4110890788.62,128619920.0,108955494.0,76.7323331,100.45330338,6.5835071,1.53926811,207.98319904,10.6613686
2020-09-03,37.54,-0.503578054598,4828391796.8,4090189244.76,128619920.0,108955494.0,76.34592591,99.94744259,6.550354,1.53151669,206.93584129,10.60768028
2020-09-04,36.92,-1.651571656899,4748647446.4,4022636838.48,128619920.0,108955494.0,75.08501823,98.29673895,6.44217021,1.50622259,203.51814759,10.43248684
2020-09-07,36.85,-0.189599133261,4739644052.0,4015009953.9,128619920.0,108955494.0,74.94265769,98.11036919,6.42995591,1.50336681,203.13227894,10.41270694
2020-09-08,35.85,-2.713704206242,4611024132.0,3906054459.9,128619920.0,108955494.0,72.90893564,95.44794397,6.25546593,1.46256988,197.61986975,10.13013687
2020-09-09,35.37,-1.338912133891,4549286570.4,3853755822.78,128619920.0,108955494.0,71.93274905,94.16997987,6.17171073,1.44298736,194.97391333,9.99450324
2020-09-10,33.82,-4.38224484026,4349925694.4,3684874807.08,128619920.0,108955494.0,68.78047987,90.04322079,5.90125126,1.37975212,186.42967907,9.55651964
2020-09-11,33.69,-0.384387936132,4333205104.8,3670710592.86,128619920.0,108955494.0,68.516096,89.69710551,5.87856756,1.37444852,185.71306588,9.51978553
2020-09-14,33.63,-0.178094390027,4325487909.6,3664173263.22,128619920.0,108955494.0,68.39407268,89.53736,5.86809816,1.3720007,185.38232133,9.50283133
2020-09-15,33.56,-0.208147487362,4316484515.2,3656546378.64,128619920.0,108955494.0,68.25171213,89.35099023,5.85588386,1.36914491,184.99645268,9.48305142
2020-09-16,33.15,-1.221692491061,4263750348.0,3611874626.1,128619920.0,108955494.0,67.41788609,88.25939589,5.78434297,1.35241817,182.73636491,9.36719769
2020-09-17,32.9,-0.754147812971,4231595368.0,3584635752.6,128619920.0,108955494.0,66.90945558,87.59378959,5.74072047,1.34221894,181.35826261,9.29655518
2020-09-18,33.0,0.303951367781,4244457360.0,3595531302.0,128619920.0,108955494.0,67.11282778,87.86003211,5.75816947,1.34629863,181.90950353,9.32481218
2020-09-21,33.8,2.424242424242,4347353296.0,3682695697.2,128619920.0,108955494.0,68.73980543,89.98997228,5.89776146,1.37893618,186.31943089,9.55086824
2020-09-22,34.65,2.514792899408,4456680228.0,3775307867.1,128619920.0,108955494.0,70.46846917,92.25303372,6.04607795,1.41361357,191.00497871,9.79105279
2020-09-23,35.3,1.875901875902,4540283176.0,3846128938.2,128619920.0,108955494.0,71.79038851,93.98361011,6.15949644,1.44013157,194.58804469,9.97472334
2020-09-24,34.18,-3.172804532578,4396228865.6,3724098784.92,128619920.0,108955494.0,69.51261981,91.00169386,5.96406765,1.39443901,188.41414638,9.65824486
2020-09-25,34.62,1.287302516091,4452821630.4,3772039202.28,128619920.0,108955494.0,70.40745751,92.17316096,6.04084325,1.41238966,190.83960643,9.78257569
2020-09-28,33.24,-3.986135181976,4275326140.8,3621680620.56,128619920.0,108955494.0,67.60092108,88.49901416,5.80004707,1.3560899,183.23248174,9.392629
2020-09-29,33.24,0.0,4275326140.8,3621680620.56,128619920.0,108955494.0,67.60092108,88.49901416,5.80004707,1.3560899,183.23248174,9.392629
2020-09-30,33.05,-0.571600481348,4250888356.0,3600979076.7,128619920.0,108955494.0,67.21451389,87.99315337,5.62376876,1.34833848,182.18512399,9.33894069
2020-10-09,34.18,3.419062027231,4396228865.6,3724098784.92,128619920.0,108955494.0,69.51261981,91.00169386,5.8160489,1.39443901,188.41414638,9.65824486
2020-10-12,34.87,2.018724400234,4484976610.4,3799278075.78,128619920.0,108955494.0,70.91588802,92.83876726,5.9334589,1.42258889,192.21770873,9.85321821
2020-10-13,34.84,-0.086033839977,4481118012.8,3796009410.96,128619920.0,108955494.0,70.85487636,92.75889451,5.92835411,1.42136498,192.05233646,9.84474111
2020-10-14,34.51,-0.947187141217,4438673439.2,3760054097.94,128619920.0,108955494.0,70.18374808,91.88029419,5.87220151,1.407902,190.23324142,9.75149298
2020-10-15,34.25,-0.7534048102,4405232260.0,3731725669.5,128619920.0,108955494.0,69.65498035,91.18806363,5.82796006,1.3972948,188.80001503,9.67802477
2020-10-16,34.87,1.810218978102,4484976610.4,3799278075.78,128619920.0,108955494.0,70.91588802,92.83876726,5.9334589,1.42258889,192.21770873,9.85321821
2020-10-19,35.48,1.7493547462,4563434761.6,3865740927.12,128619920.0,108955494.0,72.15645848,94.46284664,6.03725614,1.44747502,195.58027834,10.02558595
2020-10-20,36.58,3.100338218715,4704916673.6,3985591970.52,128619920.0,108955494.0,74.39355274,97.39151438,6.2244315,1.49235164,201.64392846,10.33641302
2020-10-21,36.1,-1.312192454893,4643179112.0,3933293333.4,128619920.0,108955494.0,73.41736615,96.11355028,6.14275498,1.47276911,198.99797204,10.20077939
2020-10-22,36.09,-0.027700831025,4641892912.8,3932203778.46,128619920.0,108955494.0,73.39702893,96.08692603,6.14105339,1.47236114,198.94284795,10.19795369
2020-10-23,36.2,0.304793571626,4656041104.0,3944188882.8,128619920.0,108955494.0,73.62073836,96.3797928,6.15977092,1.47684881,199.54921296,10.2290364
2020-10-26,34.9,-3.591160220994,4488835208.0,3802546740.6,128619920.0,108955494.0,70.97689969,92.91864002,5.93856368,1.4238128,192.38308101,9.86169531
2020-10-27,31.92,-8.538681948424,4105547846.4,3477859368.48,128619920.0,108955494.0,61.3436378,84.98461288,5.43148861,1.30223795,76.26547071,8.71433727
2020-10-28,31.21,-2.224310776942,4014227703.2,3400500967.74,128619920.0,108955494.0,59.97916466,83.09429097,5.31067543,1.27327213,74.56908962,8.52050332
2020-10-29,31.4,0.608779237424,4038665488.0,3421202511.6,128619920.0,108955494.0,60.34430536,83.60015177,5.34300572,1.28102355,75.02305076,8.57237438
2020-10-30,28.76,-8.407643312102,3699108899.2,3133560007.44,128619920.0,108955494.0,55.2707714,76.5713492,4.89378485,1.17331966,68.71538025,7.85163972
2020-11-02,29.92,4.033379694019,3848308006.4,3259948380.48,128619920.0,108955494.0,57.50005147,79.65976245,5.09116978,1.2206441,71.48693244,8.16832616
2020-11-03,30.91,3.308823529412,3975641727.2,3367814319.54,128619920.0,108955494.0,59.40262671,82.29556341,5.2596276,1.26103305,73.85230888,8.43860166
2020-11-04,31.35,1.423487544484,4032234492.0,3415754736.9,128619920.0,108955494.0,60.2482157,83.4670305,5.33449775,1.2789837,74.9035873,8.5587241
2020-11-05,30.81,-1.722488038278,3962779735.2,3356918770.14,128619920.0,108955494.0,59.21044739,82.02932089,5.24261166,1.25695336,73.61338197,8.4113011
2020-11-06,30.27,-1.752677702045,3893324978.4,3298082803.38,128619920.0,108955494.0,58.17267908,80.59161127,5.15072557,1.23492302,72.32317664,8.2638781
2020-11-09,31.12,2.808060786257,4002651910.4,3390694973.28,128619920.0,108955494.0,59.80620327,82.8546727,5.29536108,1.26960041,74.3540554,8.49593282
2020-11-10,30.77,-1.124678663239,3957634938.4,3352560550.38,128619920.0,108955494.0,59.13357566,81.92282388,5.23580528,1.25532148,73.51781121,8.40038088
2020-11-11,30.77,0.0,3957634938.4,3352560550.38,128619920.0,108955494.0,59.13357566,81.92282388,5.23580528,1.25532148,73.51781121,8.40038088
2020-11-12,30.24,-1.722456938577,3889466380.8,3294814138.56,128619920.0,108955494.0,58.11502529,80.51173852,5.14562079,1.23369911,72.25149856,8.25568794
2020-11-13,30.19,-0.165343915344,3883035384.8,3289366363.86,128619920.0,108955494.0,58.01893563,80.37861725,5.13711282,1.23165927,72.13203511,8.24203766
2020-11-16,30.15,-0.132494203379,3877890588.0,3285008144.1,128619920.0,108955494.0,57.9420639,80.27212025,5.13030644,1.23002739,72.03646434,8.23111744
2020-11-17,29.18,-3.217247097844,3753129265.6,3179321314.92,128619920.0,108955494.0,56.07792453,77.68956779,4.96525181,1.19045437,69.71887328,7.96630205
2020-11-18,29.07,-0.376970527759,3738981074.4,3167336210.58,128619920.0,108955494.0,55.86652728,77.39670101,4.94653427,1.18596671,69.45605368,7.93627144
2020-11-19,28.54,-1.823185414517,3670812516.8,3109589798.76,128619920.0,108955494.0,54.84797691,75.98561565,4.85634978,1.16434433,68.18974104,7.7915785
2020-11-20,29.06,1.822004204625,3737694875.2,3166246655.64,128619920.0,108955494.0,55.84730935,77.37007676,4.94483268,1.18555874,69.43216099,7.93354138
2020-11-23,28.33,-2.5120440468,3643802333.6,3086709145.02,128619920.0,108955494.0,54.44440034,75.42650635,4.8206163,1.15577698,67.68799452,7.73424733
2020-11-24,27.53,-2.82386163078,3540906397.6,2999544749.82,128619920.0,108955494.0,52.90696581,73.29656618,4.68448877,1.12313944,65.77657922,7.51584289
2020-11-25,26.54,-3.596077006902,3413572676.8,2891678810.76,128619920.0,108955494.0,51.00439058,70.66076522,4.51603095,1.08275048,63.41120277,7.24556739
2020-11-26,26.37,-0.640542577242,3391707290.4,2873156376.78,128619920.0,108955494.0,50.67768574,70.20815293,4.48710385,1.075815,63.00502702,7.19915645
2020-11-27,26.93,2.123625331816,3463734445.6,2934171453.42,128619920.0,108955494.0,51.75388991,71.69911105,4.58239312,1.09866128,64.34301774,7.35203956
2020-11-30,26.59,-1.262532491645,3420003672.8,2897126585.46,128619920.0,108955494.0,51.10048024,70.79388648,4.52453892,1.08479032,63.53066623,7.25921767
2020-12-01,27.46,3.271906731854,3531903003.2,2991917865.24,128619920.0,108955494.0,52.77244029,73.11019642,4.67257761,1.12028365,65.60933038,7.4967325
2020-12-02,27.01,-1.638747268755,3474024039.2,2942887892.94,128619920.0,108955494.0,51.90763337,71.91210507,4.59600587,1.10192503,64.53415927,7.37388
2020-12-03,27.66,2.406516105146,3557626987.2,3013708964.04,128619920.0,108955494.0,53.15679892,73.64268146,4.70660949,1.12844304,66.0871842,7.55133361
2020-12-04,27.86,0.723065798988,3583350971.2,3035500062.84,128619920.0,108955494.0,53.54115756,74.1751665,4.74064138,1.13660242,66.56503803,7.60593472
2020-12-07,27.3,-2.010050251256,3511323816.0,2974484986.2,128619920.0,108955494.0,52.46495338,72.68420838,4.6453521,1.11375614,65.22704732,7.45305161
2020-12-08,26.89,-1.501831501832,3458589648.8,2929813233.66,128619920.0,108955494.0,51.67701819,71.59261404,4.57558674,1.0970294,64.24744697,7.34111933
2020-12-09,26.06,-3.086649312012,3351835115.2,2839380173.64,128619920.0,108955494.0,50.08192986,69.38280111,4.43435443,1.06316795,62.26435359,7.11452472
2020-12-10,26.91,3.261703760553,3461162047.2,2931992343.54,128619920.0,108955494.0,51.71545405,71.64586255,4.57898993,1.09784534,64.29523235,7.34657944
2020-12-11,26.08,-3.084355258268,3354407513.6,2841559283.52,128619920.0,108955494.0,50.12036572,69.43604962,4.43775761,1.06398389,62.31213897,7.11998484
2020-12-14,25.57,-1.955521472393,3288811354.4,2785991981.58,128619920.0,108955494.0,49.14025121,68.07821276,4.35097631,1.04317746,61.09361172,6.980752
2020-12-15,25.6,0.117324990223,3292669952.0,2789260646.4,128619920.0,108955494.0,49.197905,68.15808552,4.35608109,1.04440137,61.16528979,6.98894217
2020-12-16,25.6,0.0,3292669952.0,2789260646.4,128619920.0,108955494.0,49.197905,68.15808552,4.35608109,1.04440137,61.16528979,6.98894217
2020-12-17,25.54,-0.234375,3284952756.8,2782723316.76,128619920.0,108955494.0,49.08259741,67.99834,4.34587153,1.04195355,61.02193364,6.97256184
2020-12-18,24.7,-3.288958496476,3176912024.0,2691200701.8,128619920.0,108955494.0,47.46829116,65.76190282,4.20293762,1.00768413,59.01494757,6.74323717
2020-12-21,24.93,0.931174089069,3206494605.6,2716260465.42,128619920.0,108955494.0,47.91030358,66.37426062,4.24207428,1.01706742,59.56447947,6.80602845
2020-12-22,24.17,-3.048535900521,3108743466.4,2633454289.98,128619920.0,108955494.0,46.44974078,64.35081746,4.11275313,0.98606176,57.74863493,6.59854423
2020-12-23,23.88,-1.199834505585,3071443689.6,2601857196.72,128619920.0,108955494.0,45.89242076,63.57871415,4.0634069,0.97423065,57.05574688,6.51937262
2020-12-24,23.03,-3.5594639866,2962116757.6,2509245026.82,128619920.0,108955494.0,44.25889657,61.31565271,3.91877139,0.93955326,55.02486812,6.2873179
2020-12-25,22.86,-0.738167607469,2940251371.2,2490722592.84,128619920.0,108955494.0,43.93219173,60.86304043,3.88984429,0.93261778,54.61869237,6.24090695
2020-12-28,23.12,1.137357830271,2973692550.4,2519051021.28,128619920.0,108955494.0,44.43185796,61.55527098,3.93408574,0.94322498,55.23990234,6.3118884
2020-12-29,23.09,-0.129757785467,2969833952.8,2515782356.46,128619920.0,108955494.0,44.37420416,61.47539822,3.92898096,0.94200108,55.16822427,6.30369823
2020-12-30,22.41,-2.94499783456,2882372407.2,2441692620.54,128619920.0,108955494.0,43.06738481,59.66494908,3.81327255,0.91425916,53.54352126,6.11805445
2020-12-31,22.53,0.53547523427,2897806797.6,2454767279.82,128619920.0,108955494.0,43.29799999,41.36701286,3.78584901,0.9191548,53.83023355,6.15081512
2021-01-04,22.14,-1.731025299601,2847645028.8,2412274637.16,128619920.0,108955494.0,42.54850066,40.6509394,3.72031501,2.22166708,52.89841859,6.04434295
2021-01-05,21.85,-1.309846431798,2810345252.0,2380677543.9,128619920.0,108955494.0,41.99118064,40.11847452,3.67158459,2.19256665,52.20553054,5.96517134
2021-01-06,21.24,-2.79176201373,2731887100.8,2314214692.56,128619920.0,108955494.0,40.81888681,38.99846219,3.56908269,2.13135541,50.74807637,5.79863796
2021-01-07,20.18,-4.990583804143,2595549985.6,2198721868.92,128619920.0,108955494.0,38.78178605,37.05221125,3.39096463,2.02498833,48.21545109,5.50925207
2021-01-08,20.3,0.594648166501,2610984376.0,2211796528.2,128619920.0,108955494.0,39.01240123,37.27254155,3.41112894,2.03702989,48.50216339,5.54201274
2021-01-11,19.25,-5.172413793103,2475933460.0,2097393259.5,128619920.0,108955494.0,36.99451841,35.34465147,3.23469123,1.93166627,45.9934308,5.2553569
2021-01-12,19.28,0.155844155844,2479792057.6,2100661924.32,128619920.0,108955494.0,37.05217221,35.39973404,3.23973231,1.93467666,46.06510887,5.26354707
2021-01-13,18.87,-2.126556016598,2427057890.4,2055990171.78,128619920.0,108955494.0,36.26423701,34.64693887,3.17083759,1.89353468,45.08550853,5.15161479
2021-01-14,18.65,-1.165871754107,2398761508.0,2032019963.1,128619920.0,108955494.0,33.23737315,34.24299999,3.13386969,1.87145849,44.55986932,5.50907387
2021-01-15,22.38,20.0,2878513809.6,2438423955.72,128619920.0,108955494.0,39.88484777,41.09159999,3.76064363,2.24575019,53.47184318,6.61088864
2021-01-18,23.28,4.02144772118,2994271737.6,2536483900.32,128619920.0,108955494.0,41.48879608,42.7440772,3.91187594,2.33606186,55.6221854,6.87674207
2021-01-19,23.21,-0.300687285223,2985268343.2,2528857015.74,128619920.0,108955494.0,41.36404454,42.6155512,3.90011343,2.32903762,55.45493656,6.85606458
2021-01-20,23.95,3.188280913399,3080447084.0,2609484081.3,128619920.0,108955494.0,42.68284648,43.97425468,4.02446,2.40329388,57.22299572,7.07465518
2021-01-21,23.76,-0.793319415449,3056009299.2,2588782537.44,128619920.0,108955494.0,42.34423517,43.62539838,3.99253318,2.38422809,56.76903459,7.01853057
2021-01-22,24.22,1.936026936027,3115174462.4,2638902064.68,128619920.0,108955494.0,43.16403097,44.46999784,4.0698297,2.43038738,57.86809839,7.15441121
2021-01-25,23.45,-3.179190751445,3016137124.0,2555006334.3,128619920.0,108955494.0,41.79176409,43.05621179,3.94044205,2.35312073,56.02836116,6.92695883
2021-01-26,23.48,0.127931769723,3019995721.6,2558274999.12,128619920.0,108955494.0,41.84522903,43.11129436,3.94548312,2.35613112,56.10003923,6.93582061
2021-01-27,23.07,-1.746166950596,2967261554.4,2513603246.58,128619920.0,108955494.0,41.11454147,42.35849919,3.8765884,2.31498914,55.12043889,6.8147096
2021-01-28,22.5,-2.470741222367,2893948200.0,2451498615.0,128619920.0,108955494.0,40.09870755,41.31193029,3.78080793,2.25779175,53.75855548,6.64633576
2021-01-29,22.25,-1.111111111111,2861793220.0,2424259741.5,128619920.0,108955494.0,39.65316635,40.85290884,3.73879896,2.23270517,53.1612382,6.57248759
2021-02-01,23.86,7.23595505618,3068871291.2,2599678086.84,128619920.0,108955494.0,42.52245165,43.80900696,4.00933677,2.39426272,57.0079615,7.04806984
2021-02-02,23.3,-2.347024308466,2996844136.0,2538663010.2,128619920.0,108955494.0,41.52443937,42.78079892,3.91523666,2.33806879,55.66997079,6.88264992
2021-02-03,22.62,-2.918454935622,2909382590.4,2464573274.28,128619920.0,108955494.0,40.31256732,41.53226058,3.80097224,2.2698333,54.04526778,6.68178289
2021-02-04,22.82,0.884173297966,2935106574.4,2486364373.08,128619920.0,108955494.0,40.66900028,41.89947774,3.83457943,2.28990256,54.5231216,6.74086143
2021-02-05,21.37,-6.35407537248,2748607690.4,2328378906.78,128619920.0,108955494.0,38.08486135,39.23715334,3.59092736,2.14440043,51.05868136,6.31254201
2021-02-08,20.87,-2.339728591483,2684297730.4,2273901159.78,128619920.0,108955494.0,37.19377896,38.31911045,3.5069094,2.09422728,49.86404679,6.16484566
2021-02-09,20.85,-0.095831336847,2681725332.0,2271722049.9,128619920.0,108955494.0,37.15813566,38.28238873,3.50354869,2.09222035,49.81626141,6.15893781
2021-02-10,20.58,-1.294964028777,2646997953.6,2242304066.52,128619920.0,108955494.0,36.67695117,37.78664557,3.45817899,2.06512685,49.17115875,6.07918178
2021-02-18,20.69,0.534499514091,2661146144.8,2254289170.86,128619920.0,108955494.0,36.8729893,37.988615,3.47666294,2.07616495,49.43397835,6.11167497
2021-02-19,21.61,4.446592556791,2779476471.2,2354528225.34,128619920.0,108955494.0,38.51258089,39.67781393,3.63125598,2.16848354,51.63210595,6.38343626
2021-02-22,25.93,19.990745025451,3335114525.6,2825215959.42,128619920.0,108955494.0,46.21153274,47.60970455,4.3571711,2.60197956,61.9537486,7.65953273
2021-02-23,25.42,-1.966833783263,3269518366.4,2769648657.48,128619920.0,108955494.0,45.30262871,46.67330079,4.27147279,2.55080294,60.73522135,7.50888245
2021-02-24,25.03,-1.53422501967,3219356597.6,2727156014.82,128619920.0,108955494.0,44.60758444,45.95722734,4.20593878,2.51166789,59.80340638,7.39367929
2021-02-25,24.31,-2.876548142229,3126750255.2,2648708059.14,128619920.0,108955494.0,43.3244258,44.63524557,4.08495293,2.43941855,58.08313261,7.18099655
2021-02-26,24.63,1.316330728095,3167908629.6,2683573817.22,128619920.0,108955494.0,43.89471853,45.22279302,4.13872442,2.47152937,58.84769873,7.27552221
2021-03-01,24.99,1.461632155907,3214211800.8,2722797795.06,128619920.0,108955494.0,44.53629785,45.8837839,4.19921735,2.50765403,59.70783562,7.38186359
2021-03-02,24.79,-0.800320128051,3188487816.8,2701006696.26,128619920.0,108955494.0,44.17986489,45.51656675,4.16561016,2.48758477,59.22998179,7.32278505
2021-03-03,24.73,-0.242033077854,3180770621.6,2694469366.62,128619920.0,108955494.0,44.07293501,45.4064016,4.15552801,2.481564,59.08662565,7.30506148
2021-03-04,25.09,1.45572179539,3227073792.8,2733693344.46,128619920.0,108955494.0,44.71451433,46.06739248,4.21602094,2.51768866,59.94676253,7.41140286
2021-03-05,25.74,2.59067357513,3310676740.8,2804514415.56,128619920.0,108955494.0,45.87292144,47.26084825,4.32524428,2.58291376,61.49978747,7.60340811
2021-03-08,26.1,1.398601398601,3356979912.0,2843738393.4,128619920.0,108955494.0,46.51450076,47.92183913,4.3857372,2.61903843,62.35992436,7.70974948
2021-03-09,25.71,-1.494252873563,3306818143.2,2801245750.74,128619920.0,108955494.0,45.81945649,47.20576567,4.3202032,2.57990337,61.42810939,7.59454633
2021-03-10,24.9,-3.150525087515,3202636008.0,2712991800.6,128619920.0,108955494.0,44.37590302,45.71853618,4.18409411,2.49862287,59.4928014,7.35527824
2021-03-11,25.2,1.204819277108,3241221984.0,2745678448.8,128619920.0,108955494.0,44.91055245,46.26936192,4.23450489,2.52872676,60.20958214,7.44389605
2021-03-12,24.87,-1.309523809524,3198777410.4,2709723135.78,128619920.0,108955494.0,44.32243808,45.66345361,4.17905304,2.49561248,59.42112332,7.34641646
2021-03-15,23.95,-3.699236027342,3080447084.0,2609484081.3,128619920.0,108955494.0,42.68284648,43.97425468,4.02446,2.40329388,57.22299572,7.07465518
2021-03-16,24.13,0.751565762004,3103598669.6,2629096070.22,128619920.0,108955494.0,43.00363614,44.30475012,4.05470647,2.42135622,57.65306417,7.12782586
2021-03-17,24.24,0.455864069623,3117746860.8,2641081174.56,128619920.0,108955494.0,43.19967427,44.50671956,4.07319042,2.43239431,57.91588377,7.16031906
2021-03-18,25.14,3.712871287129,3233504788.8,2739141119.16,128619920.0,108955494.0,44.80362257,46.15919677,4.22442273,2.52270598,60.06622599,7.42617249
2021-03-19,26.03,3.540175019889,3347976517.6,2836111508.82,128619920.0,108955494.0,46.38974922,47.79331313,4.37397469,2.61201419,62.19267552,7.689072
2021-03-22,27.48,5.570495582021,3534475401.6,2994096975.12,128619920.0,108955494.0,48.97388815,50.45563752,4.61762676,2.75751632,65.65711576,8.11739141
2021-03-23,26.69,-2.874818049491,3432865664.8,2908022134.86,128619920.0,108955494.0,47.56597798,49.00512975,4.48487839,2.67824274,63.76959314,7.88403118
2021-03-24,25.97,-2.69763956538,3340259322.4,2829574179.18,128619920.0,108955494.0,46.28281933,47.68314798,4.36389254,2.60599341,62.04931937,7.67134843
2021-03-25,26.85,3.388525221409,3453444852.0,2925455013.9,128619920.0,108955494.0,47.85112434,49.29890347,4.51176414,2.69429815,64.15187621,7.93129401
2021-03-26,27.27,1.564245810056,3507465218.4,2971216321.38,128619920.0,108955494.0,48.59963355,50.07005951,4.58233922,2.7364436,65.15536924,8.05535894
2021-03-29,27.2,-0.2566923359,3498461824.0,2963589436.8,128619920.0,108955494.0,48.47488201,49.9415335,4.5705767,2.72941936,64.9881204,8.03468146
2021-03-30,27.43,0.845588235294,3528044405.6,2988649200.42,128619920.0,108955494.0,48.88477991,50.36383323,4.60922496,2.75249901,65.5376523,8.10262178
2021-03-31,28.24,2.952971199417,3632226540.8,3076903150.56,128619920.0,108955494.0,50.32833338,51.85106272,4.62368955,2.83377951,67.4729603,8.34188986
2021-04-01,28.35,0.389518413598,3646374732.0,3088888254.9,128619920.0,108955494.0,50.52437151,52.05303216,4.64169968,2.8448176,67.7357799,8.37438306
2021-04-02,27.74,-2.151675485009,3567916580.8,3022425403.56,128619920.0,108955494.0,50.93301983,50.93301983,4.54182536,2.78360636,44.56209206,8.19419351
2021-04-06,27.62,-0.432588320115,3552482190.4,3009350744.28,128619920.0,108955494.0,50.71268953,50.71268953,4.52217796,2.7715648,44.36932166,8.15874639
2021-04-07,27.22,-1.448225923244,3501034222.4,2965768546.68,128619920.0,108955494.0,49.97825522,49.97825522,4.4566866,2.73142628,43.72675364,8.04058931
2021-04-08,26.86,-1.322556943424,3454731051.2,2926544568.84,128619920.0,108955494.0,49.31726433,49.31726433,4.39774438,2.69530162,43.14844242,7.93424794
2021-04-09,28.51,6.14296351452,3666953919.2,3106321133.94,128619920.0,108955494.0,52.34680589,52.34680589,4.66789622,2.86087301,45.7990355,8.42164589
2021-04-12,27.5,-3.542616625745,3537047800.0,2996276085.0,128619920.0,108955494.0,50.49235924,50.49235924,4.50253055,2.75952325,44.17655125,8.12329927
2021-04-13,27.16,-1.236363636364,3493317027.2,2959231217.04,128619920.0,108955494.0,49.86809007,49.86809007,4.4468629,2.72540551,43.63036843,8.02286575
2021-04-14,28.02,3.166421207658,3603930158.4,3052932941.88,128619920.0,108955494.0,51.44712385,51.44712385,4.58766931,2.81170332,45.01188967,8.27690347
2021-04-15,27.09,-3.319057815846,3484313632.8,2951604332.46,128619920.0,108955494.0,49.73956406,49.73956406,4.43540191,2.71838126,43.51791903,8.00218826
2021-04-16,27.73,2.362495385751,3566630381.6,3021335848.62,128619920.0,108955494.0,47.93980599,50.91465897,4.54018808,2.7826029,39.99689215,7.49162674
2021-04-19,28.56,2.99314821493,3673384915.2,3111768908.64,128619920.0,108955494.0,49.37471544,52.43861018,4.67608264,2.86589033,41.19405841,7.71586223
2021-04-20,28.33,-0.805322128852,3643802333.6,3086709145.02,128619920.0,108955494.0,48.97708993,52.01631044,4.63842511,2.84281068,40.86231354,7.65372469
2021-04-21,28.69,1.270737733851,3690105504.8,3125933122.86,128619920.0,108955494.0,49.5994603,52.67730133,4.69736733,2.87893534,41.38156638,7.75098346
2021-04-22,28.99,1.045660508888,3728691480.8,3158619771.06,128619920.0,108955494.0,50.11810226,53.22812707,4.74648584,2.90903923,41.81427708,7.83203243
2021-04-23,28.98,-0.034494653329,3727405281.6,3157530216.12,128619920.0,108955494.0,50.1008142,53.20976621,4.74484856,2.90803577,41.79985339,7.8293308
2021-04-26,29.34,1.242236024845,3773708452.8,3196754193.96,128619920.0,108955494.0,50.72318456,53.87075709,4.80379078,2.94416044,42.31910622,7.92658956
2021-04-27,28.75,-2.010906612134,3697822700.0,3132470452.5,128619920.0,108955494.0,49.70318869,52.78746648,4.70719103,2.88495612,41.46810852,7.76719325
2021-04-28,28.65,-0.347826086957,3684960708.0,3121574903.1,128619920.0,108955494.0,49.53030803,52.6038579,4.69081819,2.87492149,41.32387162,7.74017693
2021-04-29,28.0,-2.268760907504,3601357760.0,3050753832.0,128619920.0,108955494.0,48.40658377,51.41040213,4.58439474,2.8096964,40.38633177,7.56457082
2021-04-30,28.39,1.392857142857,3651519528.8,3134838903.48,128619920.0,110420532.0,49.08081833,52.12647559,4.64824881,2.84883145,40.94885568,7.66993448
2021-05-06,28.01,-1.338499471645,3602643959.2,3092879101.32,128619920.0,110420532.0,48.42387183,51.42876299,4.58603203,2.81069986,40.40075546,7.56727245
2021-05-07,26.5,-5.390931810068,3408427880.0,2926144098.0,128619920.0,110420532.0,45.81337392,48.65627345,4.33880217,2.65917695,38.22277829,7.15932595
2021-05-10,27.19,2.603773584906,3497654331.94,3002812972.22,128637526.0,110438138.0,47.01268485,49.93000632,4.45238413,2.72878937,39.22338121,7.3467441
2021-05-11,27.3,0.404560500184,3511804459.8,3014961167.4,128637526.0,110438138.0,47.2028796,50.13200341,4.47039671,2.73982897,39.38206351,7.37646613
2021-05-12,27.68,1.391941391941,3560686719.68,3056927659.84,128637526.0,110438138.0,47.85991602,50.82981151,4.53262202,2.77796579,39.93023876,7.47914221
2021-05-13,27.91,0.830924855491,3590273350.66,3082328431.58,128637526.0,110438138.0,48.25759596,51.25216905,4.5702847,2.8010486,40.26202904,7.54128827
2021-05-14,28.45,1.934790397707,3659737614.7,3141965026.1,128637526.0,110438138.0,49.19127929,52.2437911,4.65871013,2.85524302,41.04101491,7.68719639
2021-05-17,27.4,-3.690685413005,3524668212.4,3026004981.2,128637526.0,110438138.0,47.37578392,50.31563712,4.48677179,2.74986498,39.52632016,7.40348615
2021-05-18,16.9,-0.99589923843,3478358692.9,2986247254.9,205820041.0,176701021.0,46.75332823,49.65455561,4.42782149,2.71373536,39.00699613,7.30621405
2021-05-19,17.3,2.366863905325,3560686709.3,3056927663.3,205820041.0,176701021.0,47.85991588,50.82981136,4.532622,2.77796578,39.93023864,7.47914219
2021-05-20,17.12,-1.040462427746,3523639101.92,3025121479.52,205820041.0,176701021.0,47.36195144,50.30094627,4.48546177,2.74906209,39.51477951,7.40132453
2021-05-21,16.34,-4.556074766355,3363099469.94,2887294683.14,205820041.0,176701021.0,45.20410552,48.00919755,4.28110078,2.62381277,37.71445661,7.06411465
2021-05-24,15.74,-3.671970624235,3239607445.34,2781274070.54,205820041.0,176701021.0,43.54422405,46.24631392,4.12390002,2.52746713,36.32959284,6.80472243
2021-05-25,16.22,3.049555273189,3338401065.02,2866090560.62,205820041.0,176701021.0,44.87212923,47.65662083,4.24966063,2.60454364,37.43748386,7.01223621
2021-05-26,16.66,2.712700369914,3428961883.06,2943839009.86,205820041.0,176701021.0,46.08937564,48.94940216,4.36494119,2.6751971,38.45305062,7.20245716
2021-05-27,16.39,-1.620648259304,3373390471.99,2896129734.19,205820041.0,176701021.0,45.34242898,48.15610452,4.29420085,2.63184157,37.82986193,7.08573067
2021-05-28,16.22,-1.037217815741,3338401065.02,2866090560.62,205820041.0,176701021.0,44.87212923,47.65662083,4.24966063,2.60454364,37.43748386,7.01223621
2021-05-31,16.99,4.747225647349,3496882496.59,3002150346.79,205820041.0,176701021.0,47.00231045,49.91898815,4.45140161,2.7281872,39.21472569,7.34512288
2021-06-01,17.3,1.824602707475,3560686709.3,3056927663.3,205820041.0,176701021.0,47.85991588,50.82981136,4.532622,2.77796578,39.93023864,7.47914219
2021-06-02,18.05,4.335260115607,3715051740.05,3189453429.05,205820041.0,176701021.0,49.93476773,53.0334159,4.72912296,2.89839782,41.66131835,7.80338246
2021-06-03,17.84,-1.163434903047,3671829531.44,3152346214.64,205820041.0,176701021.0,49.35380921,52.41640663,4.67410269,2.86467685,41.17661603,7.71259519
2021-06-04,18.05,1.177130044843,3715051740.05,3189453429.05,205820041.0,176701021.0,49.93476773,53.0334159,4.72912296,2.89839782,41.66131835,7.80338246
2021-06-07,17.65,-2.216066481994,3632723723.65,3118773020.65,205820041.0,176701021.0,48.82818008,51.85816015,4.62432245,2.8341674,40.73807584,7.63045432
2021-06-08,17.37,-1.586402266289,3575094112.17,3069296734.77,205820041.0,176701021.0,48.05356872,51.03548112,4.55096209,2.7892061,40.09180608,7.50940462
2021-06-09,17.25,-0.690846286701,3550395707.25,3048092612.25,205820041.0,176701021.0,47.72159243,50.68290439,4.51952194,2.76993698,39.81483333,7.45752617
2021-06-10,17.15,-0.579710144928,3529813703.15,3030422510.15,205820041.0,176701021.0,47.44494551,50.38909046,4.49332181,2.75387937,39.5840227,7.41429414
2021-06-11,16.72,-2.507288629738,3441311085.52,2954441071.12,205820041.0,176701021.0,46.25536379,49.12569052,4.38066127,2.68483167,38.591537,7.22839638
2021-06-15,16.56,-0.956937799043,3408379878.96,2926168907.76,205820041.0,176701021.0,45.81272873,48.65558822,4.33874106,2.6591395,38.22223999,7.15922513
2021-06-16,16.0,-3.381642512077,3293120656.0,2827216336.0,205820041.0,176701021.0,44.26350602,47.01023016,4.19202035,2.56921691,36.92970048,6.91712573
2021-06-17,16.34,2.125,3363099469.94,2887294683.14,205820041.0,176701021.0,45.20410552,48.00919755,4.28110078,2.62381277,37.71445661,7.06411465
2021-06-18,16.8,2.81517747858,3457776688.8,2968577152.8,205820041.0,176701021.0,46.47668132,49.36074167,4.40162137,2.69767775,38.7761855,7.26298201
2021-06-21,17.09,1.72619047619,3517464500.69,3019820448.89,205820041.0,176701021.0,47.27895737,50.21280209,4.47760174,2.74424481,39.44553632,7.38835492
2021-06-22,16.82,-1.579871269748,3461893089.62,2972111173.22,205820041.0,176701021.0,46.5320107,49.41950446,4.40686139,2.70088927,38.82234763,7.27162842
2021-06-23,16.77,-0.297265160523,3451602087.57,2963276122.17,205820041.0,176701021.0,46.39368725,49.27259749,4.39376133,2.69286047,38.70694231,7.2500124
2021-06-24,16.26,-3.04114490161,3346633866.66,2873158601.46,205820041.0,176701021.0,44.98278799,47.7741464,4.26014068,2.61096668,37.52980811,7.02952902
2021-06-25,16.27,0.061500615006,3348692067.07,2874925611.67,205820041.0,176701021.0,45.01045268,47.8035278,4.26276069,2.61257244,37.55288917,7.03385222
2021-06-28,16.2,-0.430239704978,3334284664.2,2862556540.2,205820041.0,176701021.0,44.81679984,47.59785804,4.2444206,2.60133212,37.39132173,7.0035898
2021-06-29,15.95,-1.543209876543,3282829653.95,2818381284.95,205820041.0,176701021.0,44.12518256,46.86332319,4.17892029,2.5611881,36.81429516,6.89550971
2021-06-30,15.92,-0.188087774295,3277327370.24,2794058242.32,205862272.0,175506171.0,44.05122525,46.78477654,4.1066482,2.55689535,36.75259148,6.88395229
2021-07-01,16.18,1.633165829146,3330851560.96,2839689846.78,205862272.0,175506171.0,44.7706548,47.54884952,4.17371658,2.59865369,37.35282224,6.99637864
2021-07-02,15.52,-4.079110012361,3194982461.44,2723855773.92,205862272.0,175506171.0,42.94441054,45.60927964,4.00346609,2.49265175,35.82915953,6.71098866
2021-07-05,15.49,-0.193298969072,3188806593.28,2718590588.79,205862272.0,175506171.0,42.86139944,45.52111737,3.99572743,2.48783348,35.75990213,6.69801639
2021-07-06,15.25,-1.549386701097,3139399648.0,2676469107.75,205862272.0,175506171.0,42.19731062,44.81581923,3.93381816,2.44928732,35.20584296,6.59423821
2021-07-07,15.3,0.327868852459,3149692761.6,2685244416.3,205862272.0,175506171.0,42.33566245,44.96275634,3.94671592,2.45731777,35.32127196,6.61585867
2021-07-08,14.87,-2.81045751634,3061171984.64,2609776762.77,205862272.0,175506171.0,41.14583665,43.69909718,3.83579515,2.38825589,34.32858262,6.42992277
2021-07-09,15.29,2.824478816409,3147634138.88,2683489354.59,205862272.0,175506171.0,42.30799209,44.93336892,3.94413637,2.45571168,35.29818616,6.61153458
2021-07-12,15.31,0.130804447351,3151751384.32,2686999478.01,205862272.0,175506171.0,42.36333282,44.99214377,3.94929547,2.45892386,35.34435776,6.62018276
2021-07-13,15.11,-1.306335728282,3110578929.92,2651898243.81,205862272.0,175506171.0,41.80992547,44.40439532,3.89770442,2.42680206,34.88264178,6.53370094
2021-07-14,15.35,1.588352084712,3159985875.2,2694019724.85,205862272.0,175506171.0,42.47401429,45.10969346,3.95961369,2.46534822,35.43670095,6.63747912
2021-07-15,15.51,1.042345276873,3192923838.72,2722100712.21,205862272.0,175506171.0,42.91674017,45.57989221,4.00088653,2.49104566,35.80607373,6.70666457
2021-07-16,15.07,-2.836879432624,3102344439.04,2644877996.97,205862272.0,175506171.0,41.699244,44.28684563,3.88738621,2.4203777,34.79029859,6.51640458
2021-07-19,15.31,1.592568015926,3151751384.32,2686999478.01,205862272.0,175506171.0,42.36333282,44.99214377,3.94929547,2.45892386,35.34435776,6.62018276
2021-07-20,15.53,1.43696930111,3197041084.16,2725610835.63,205862272.0,175506171.0,42.97208091,45.63866706,4.00604564,2.49425784,35.85224533,6.71531275
2021-07-21,16.3,4.958145524791,3355555033.6,2860750587.3,205862272.0,175506171.0,45.10269922,47.90149859,4.20467121,2.61792677,37.62985182,7.04826773
2021-07-22,15.93,-2.269938650307,3279385992.96,2795813304.03,205862272.0,175506171.0,44.07889561,46.81416396,4.10922775,2.55850144,36.77567727,6.88827638
2021-07-23,15.97,0.251098556183,3287620483.84,2802833550.87,205862272.0,175506171.0,44.18957708,46.93171365,4.11954597,2.5649258,36.86802047,6.90557274
2021-07-26,15.15,-5.134627426425,3118813420.8,2658918490.65,205862272.0,175506171.0,41.92060694,44.52194501,3.90802263,2.43322642,34.97498498,6.55099731
2021-07-27,14.97,-1.188118811881,3081758211.84,2627327379.87,205862272.0,175506171.0,41.42254032,43.9929714,3.86159068,2.40431679,34.5594406,6.47316368
2021-07-28,15.17,1.336005344021,3122930666.24,2662428614.07,205862272.0,175506171.0,41.97594767,44.58071985,3.91318173,2.4364386,35.02115658,6.55964549
2021-07-29,15.08,-0.593276203032,3104403061.76,2646633058.68,205862272.0,175506171.0,41.72691437,44.31623305,3.88996576,2.42198379,34.81338439,6.52072867
2021-07-30,15.17,0.596816976127,3122930666.24,2662428614.07,205862272.0,175506171.0,41.97594767,44.58071985,3.91318173,2.4364386,35.02115658,6.55964549
2021-08-02,15.27,0.659195781147,3143516893.44,2679979231.17,205862272.0,175506171.0,42.25265135,44.87459408,3.93897726,2.4524995,35.25201456,6.6028864
2021-08-03,16.2,6.090373280943,3334968806.4,2843199970.2,205862272.0,175506171.0,44.82599554,47.60762436,4.17887568,2.60186587,37.39899384,7.00502682
2021-08-04,15.68,-3.20987654321,3227920424.96,2751936761.28,205862272.0,175506171.0,43.38713642,46.0794784,4.04473893,2.51834919,36.19853231,6.78017411
2021-08-05,15.19,-3.125,3127047911.68,2665938737.49,205862272.0,175506171.0,42.03128841,44.6394947,3.91834084,2.43965078,35.06732817,6.56829367
2021-08-06,13.38,-11.91573403555,2754437199.36,2348272567.98,205862272.0,175506171.0,38.88195573,39.32037123,3.45144177,2.14894848,37.65324446,5.78910683
2021-08-09,13.09,-2.167414050822,2694737140.48,2297375778.39,205862272.0,175506171.0,38.03922276,38.46813598,3.37663473,2.10237187,36.83714275,5.66363292
2021-08-10,13.11,0.152788388083,2698854385.92,2300885901.81,205862272.0,175506171.0,38.09734227,38.52691083,3.38179384,2.10558405,36.89342563,5.67228629
2021-08-11,13.24,0.991609458429,2725616481.28,2323701704.04,205862272.0,175506171.0,38.47511912,38.90894732,3.41532803,2.12646322,37.25926433,5.72853322
2021-08-12,13.03,-1.586102719033,2682385404.16,2286845408.13,205862272.0,175506171.0,37.86486421,38.29181145,3.36115742,2.09273533,36.66829412,5.63767279
2021-08-13,12.82,-1.611665387567,2639154327.04,2249989112.22,205862272.0,175506171.0,37.2546093,37.67467558,3.3069868,2.05900744,36.07732392,5.54681237
2021-08-16,13.17,2.730109204368,2711206122.24,2311416272.07,205862272.0,175506171.0,38.27170082,38.70323536,3.39727116,2.11522059,37.06227426,5.69824641
2021-08-17,12.64,-4.024297646166,2602099118.08,2218398001.44,205862272.0,175506171.0,36.73153366,37.14570197,3.26055485,2.03009781,35.57077803,5.46893201
2021-08-18,12.63,-0.079113924051,2600040495.36,2216642939.73,205862272.0,175506171.0,36.70247391,37.11631455,3.2579753,2.02849172,35.54263659,5.46460533
2021-08-19,12.58,-0.395882818686,2589747381.76,2207867631.18,205862272.0,175506171.0,36.55717512,36.96937744,3.24507754,2.02046127,35.4019294,5.44297189
2021-08-20,12.28,-2.384737678855,2527988700.16,2155215779.88,205862272.0,175506171.0,35.68538239,36.08775476,3.16769095,1.97227857,34.55768625,5.31317129
2021-08-23,12.34,0.488599348534,2540340436.48,2165746150.14,205862272.0,175506171.0,35.85974093,36.2640793,3.18316827,1.98191511,34.72653488,5.33913141
2021-08-24,13.1,6.158833063209,2696795763.2,2299130840.1,205862272.0,175506171.0,38.06828252,38.49752341,3.37921429,2.10397796,36.86528419,5.6679596
2021-08-25,13.04,-0.458015267176,2684444026.88,2288600469.84,205862272.0,175506171.0,37.89392397,38.32119887,3.36373697,2.09434142,36.69643556,5.64199948
2021-08-26,14.76,13.19018404908,3038527134.72,2590471083.96,205862272.0,175506171.0,42.89220228,43.37583553,3.80742007,2.3705889,41.53676295,6.3861896
2021-08-27,15.39,4.268292682927,3168220366.08,2701039971.69,205862272.0,175506171.0,44.72296702,45.22724315,3.9699319,2.47177258,43.30967357,6.65877086
2021-08-30,16.31,5.977907732294,3357613656.32,2862505649.01,205862272.0,175506171.0,47.39646472,47.93088601,4.20725076,2.61953286,45.89868589,7.05682604
2021-08-31,16.06,-1.532801961987,3306148088.32,2818629106.26,205862272.0,175506171.0,46.66997078,47.19620045,4.14276194,2.57938061,45.19514993,6.94865887
2021-09-01,15.75,-1.930261519303,3242330784.0,2764222193.25,205862272.0,175506171.0,45.76911829,46.28519035,4.0627958,2.52959182,44.32276535,6.81453158
2021-09-02,15.27,-3.047619047619,3143516893.44,2679979231.17,205862272.0,175506171.0,44.37424992,44.87459408,3.93897726,2.4524995,42.97197631,6.60685062
2021-09-03,16.15,5.762933857236,3324675692.8,2834424661.65,205862272.0,175506171.0,46.9315086,47.46068725,4.16597792,2.59383542,45.44842288,6.98759905
2021-09-06,15.87,-1.733746130031,3267034256.64,2785282933.77,205862272.0,175506171.0,46.11783538,46.63783942,4.09375044,2.5488649,44.66046261,6.86645182
2021-09-07,16.27,2.520478890989,3349379165.44,2855485402.17,205862272.0,175506171.0,47.28022569,47.81333632,4.19693255,2.6131085,45.78612014,7.03951929
2021-09-08,16.94,4.118008604794,3487306887.68,2973074536.74,205862272.0,175506171.0,49.22722945,49.78229362,4.3697626,2.72071653,47.6715965,7.3294073
2021-09-09,16.31,-3.719008264463,3357613656.32,2862505649.01,205862272.0,175506171.0,47.39646472,47.93088601,4.20725076,2.61953286,45.89868589,7.05682604
2021-09-10,15.79,-3.188228080932,3250565274.88,2771242440.09,205862272.0,175506171.0,45.88535732,46.40274004,4.07311401,2.53601618,44.4353311,6.83183833
2021-09-13,15.74,-0.316656111463,3240272161.28,2762467131.54,205862272.0,175506171.0,45.74005853,46.25580293,4.06021625,2.52798573,44.29462391,6.8102049
2021-09-14,15.85,0.698856416773,3262917011.2,2781772810.35,205862272.0,175506171.0,46.05971587,46.57906458,4.08859133,2.54565272,44.60417973,6.85779845
2021-09-15,15.81,-0.252365930599,3254682520.32,2774752563.51,205862272.0,175506171.0,45.94347684,46.46151489,4.07827312,2.53922836,44.49161398,6.8404917
2021-09-16,15.39,-2.656546489564,3168220366.08,2701039971.69,205862272.0,175506171.0,44.72296702,45.22724315,3.9699319,2.47177258,43.30967357,6.65877086
2021-09-17,15.3,-0.584795321637,3149692761.6,2685244416.3,205862272.0,175506171.0,44.4614292,44.96275634,3.94671592,2.45731777,43.05640062,6.61983068
2021-09-22,15.33,0.196078431373,3155868629.76,2690509601.43,205862272.0,175506171.0,44.54860847,45.05091861,3.95445458,2.46213604,43.14082494,6.63281074
2021-09-23,15.47,0.913242009132,3184689347.84,2715080465.37,205862272.0,175506171.0,44.95544508,45.46234253,3.99056832,2.4846213,43.53480507,6.69338435
2021-09-24,15.64,1.098901098901,3219685934.08,2744916514.44,205862272.0,175506171.0,45.44946096,45.96192871,4.03442072,2.51192483,44.01320952,6.76693803
2021-09-27,14.99,-4.156010230179,3085875457.28,2630837503.29,205862272.0,175506171.0,43.56057671,44.05174625,3.86674978,2.40752897,42.18401603,6.48570339
2021-09-28,15.4,2.735156771181,3170278988.8,2702795033.4,205862272.0,175506171.0,44.75202677,45.25663057,3.97251145,2.47337867,43.337815,6.66309755
2021-09-29,14.9,-3.246753246753,3067347852.8,2615041947.9,205862272.0,175506171.0,43.29903889,43.78725945,3.84353381,2.39307416,41.93074309,6.44676321
2021-09-30,15.3,2.684563758389,3149722642.5,2613259262.7,205864225.0,170801259.0,44.461851,44.9631829,3.83131254,2.45734108,43.05680909,6.61989348
2021-10-08,17.32,13.202614379085,3565568377.0,2958277805.88,205864225.0,170801259.0,50.33197773,50.89949855,4.33714596,2.78177435,48.74143356,7.49389249
2021-10-11,17.28,-0.230946882217,3557333808.0,2951445755.52,205864225.0,170801259.0,50.2157376,50.78194775,4.32712945,2.77534992,48.62886674,7.47658558
2021-10-12,17.28,0.0,3557333808.0,2951445755.52,205864225.0,170801259.0,50.2157376,50.78194775,4.32712945,2.77534992,48.62886674,7.47658558
2021-10-13,17.18,-0.578703703704,3536747385.5,2934365629.62,205864225.0,170801259.0,49.92513727,50.48807074,4.3020882,2.75928887,48.34744969,7.4333183
2021-10-14,16.66,-3.02677532014,3429697988.5,2845548974.94,205864225.0,170801259.0,48.41401553,48.95991027,4.17187365,2.6757714,46.88408101,7.20832846
2021-10-15,16.15,-3.061224489796,3324707233.75,2758440332.85,205864225.0,170801259.0,46.93195383,47.46113751,4.04416323,2.59386003,45.44885404,6.98766534
2021-10-18,15.62,-3.28173374613,3215599194.5,2667915665.58,205864225.0,170801259.0,45.39177207,45.90358934,3.91144456,2.50873645,43.95734366,6.75834877
2021-10-19,15.83,1.34443021767,3258830681.75,2703783929.97,205864225.0,170801259.0,46.00203277,46.52073107,3.96403121,2.54246466,44.54831947,6.84921005
2021-10-20,15.82,-0.063171193936,3256772039.5,2702075917.38,205864225.0,170801259.0,45.97297273,46.49134337,3.96152708,2.54085855,44.52017777,6.84488333
2021-10-21,15.55,-1.706700379267,3201188698.75,2655959577.45,205864225.0,170801259.0,45.18835183,45.69787543,3.89391568,2.49749371,43.76035173,6.72806168
2021-10-22,15.55,0.0,3201188698.75,2655959577.45,205864225.0,170801259.0,45.18835183,45.69787543,3.89391568,2.49749371,43.76035173,6.72806168
2021-10-25,15.8,1.607717041801,3252654755.0,2698659892.2,205864225.0,170801259.0,45.91485267,46.43256796,3.95651883,2.53764634,44.46389436,6.83622987
2021-10-26,15.28,-3.291139240506,3145605358.0,2609843237.52,205864225.0,170801259.0,44.40373093,44.9044075,3.82630429,2.45412887,43.00052568,6.61124003
2021-10-27,15.52,1.570680628272,3195012772.0,2650835539.68,205864225.0,170801259.0,45.10117173,45.60971233,3.88640331,2.49267539,43.67592661,6.71508149
2021-10-28,15.07,-2.899484536082,3102373870.75,2573974973.13,205864225.0,170801259.0,43.79347023,44.28726577,3.77371764,2.42040066,42.40954987,6.52037874
2021-10-29,15.5,2.853351028534,3190895487.5,2647419514.5,205864225.0,170801259.0,41.93089951,45.55093693,3.88139505,2.48946318,29.21061742,6.08834017
2021-11-01,15.62,0.774193548387,3215599194.5,2667915665.58,205864225.0,170801259.0,42.25552583,45.90358934,3.91144456,2.50873645,29.43676414,6.13547571
2021-11-02,15.82,1.280409731114,3256772039.5,2702075917.38,205864225.0,170801259.0,42.79656969,46.49134337,3.96152708,2.54085855,29.81367533,6.21403494
2021-11-03,16.06,1.517067003793,3306179453.5,2743068219.54,205864225.0,170801259.0,43.44582233,47.1966482,4.0216261,2.57940508,30.26596876,6.30830601
2021-11-04,16.06,0.0,3306179453.5,2743068219.54,205864225.0,170801259.0,43.44582233,47.1966482,4.0216261,2.57940508,30.26596876,6.30830601
2021-11-05,15.78,-1.743462017435,3248537470.5,2695243867.02,205864225.0,170801259.0,42.68836092,46.37379256,3.95151058,2.53443413,29.73829309,6.19832309
2021-11-08,15.64,-0.887198986058,3219716479.0,2671331690.76,205864225.0,170801259.0,42.30963021,45.96236474,3.91645282,2.51194866,29.47445526,6.14333163
2021-11-09,16.16,3.324808184143,3326765876.0,2760148345.44,205864225.0,170801259.0,43.71634426,47.49052521,4.04666736,2.59546613,30.45442436,6.34758562
2021-11-10,17.1,5.816831683168,3520278247.5,2920701528.9,205864225.0,170801259.0,46.25925043,50.25296913,4.28205519,2.74644003,32.22590696,6.716814
2021-11-11,16.6,-2.923976608187,3417346135.0,2835300899.4,205864225.0,170801259.0,44.90664076,48.78358406,4.1568489,2.66613476,31.28362898,6.52041593
2021-11-12,16.62,0.120481927711,3421463419.5,2838716924.58,205864225.0,170801259.0,44.96074515,48.84235947,4.16185715,2.66934698,31.3213201,6.52827185
2021-11-15,17.08,2.767749699158,3516160963.0,2917285503.72,205864225.0,170801259.0,46.20514604,50.19419372,4.27704694,2.74322782,32.18821584,6.70895807
2021-11-16,16.68,-2.341920374707,3433815273.0,2848965000.12,205864225.0,170801259.0,45.12305831,49.01868567,4.1768819,2.67898361,31.43439346,6.55183962
2021-11-17,16.68,0.0,3433815273.0,2848965000.12,205864225.0,170801259.0,45.12305831,49.01868567,4.1768819,2.67898361,31.43439346,6.55183962
2021-11-18,16.7,0.119904076739,3437932557.5,2852381025.3,205864225.0,170801259.0,45.1771627,49.07746108,4.18189015,2.68219582,31.47208458,6.55969554
2021-11-19,16.9,1.197604790419,3479105402.5,2886541277.1,205864225.0,170801259.0,45.71820656,49.6652151,4.23197267,2.71431792,31.84899577,6.63825477
2021-11-22,16.73,-1.005917159763,3444108484.25,2857505063.07,205864225.0,170801259.0,45.25831928,49.16562418,4.18940253,2.68701413,31.52862126,6.57147942
2021-11-23,16.31,-2.510460251046,3357645509.75,2785768534.29,205864225.0,170801259.0,44.12212716,47.93134073,4.08422925,2.61955771,30.73710775,6.40650504
2021-11-24,16.96,3.985285101165,3491457256.0,2896789352.64,205864225.0,170801259.0,45.88051972,49.84154131,4.24699743,2.72395456,31.96206913,6.66182254
2021-11-25,17.28,1.88679245283,3557333808.0,2951445755.52,205864225.0,170801259.0,46.7461899,50.78194775,4.32712945,2.77534992,32.56512704,6.7875173
2021-11-26,18.8,8.796296296296,3870247430.0,3211063669.2,205864225.0,170801259.0,50.85812327,55.24887834,4.70775658,3.01947793,35.4296521,7.38456743
2021-11-29,19.09,1.542553191489,3929948055.25,3260596034.31,205864225.0,170801259.0,51.64263688,56.10112167,4.78037623,3.06605498,35.97617333,7.49847831
2021-11-30,18.7,-2.042954426401,3849661007.5,3193983543.3,205864225.0,170801259.0,50.58760134,54.95500132,4.68271532,3.00341687,35.2411965,7.34528782
2021-12-01,18.32,-2.032085561497,3771432602.0,3129079064.88,205864225.0,170801259.0,49.559618,53.83826868,4.58755854,2.94238487,34.52506524,7.19602529
2021-12-02,18.02,-1.637554585153,3709673334.5,3077838687.18,205864225.0,170801259.0,48.7480522,52.95663764,4.51243477,2.89420171,33.95969845,7.07818644
2021-12-03,17.91,-0.610432852386,3687028269.75,3059050548.69,205864225.0,170801259.0,48.45047808,52.63337293,4.48488938,2.87653456,33.75239729,7.03497887
2021-12-06,18.14,1.284198771636,3734377041.5,3098334838.26,205864225.0,170801259.0,49.07267852,53.30929005,4.54248428,2.91347498,34.18584516,7.12532198
2021-12-07,17.68,-2.535832414553,3639679498.0,3019766259.12,205864225.0,170801259.0,47.82827763,51.9574558,4.42729449,2.83959414,33.31894942,6.94463576
2021-12-08,18.07,2.205882352941,3719966545.75,3086378750.13,205864225.0,170801259.0,48.88331317,53.10357615,4.5249554,2.90223224,34.05392625,7.09782625
2021-12-09,18.3,1.272827891533,3767315317.5,3125663039.7,205864225.0,170801259.0,49.50551361,53.77949327,4.58255029,2.93917266,34.48737412,7.18816936
2021-12-10,18.28,-0.109289617486,3763198033.0,3122247014.52,205864225.0,170801259.0,49.45140923,53.72071787,4.57754204,2.93596045,34.449683,7.18031344
2021-12-13,18.1,-0.984682713348,3726142472.5,3091502787.9,205864225.0,170801259.0,48.96446975,53.19173925,4.53246777,2.90705056,34.11046292,7.10961014
2021-12-14,19.18,5.966850828729,3948475835.5,3275968147.62,205864225.0,170801259.0,51.88610662,56.36561098,4.80291336,3.08050993,36.14578336,7.53382997
2021-12-15,19.3,0.625651720542,3973179542.5,3296464298.7,205864225.0,170801259.0,52.21073294,56.7182634,4.83296287,3.09978319,36.37193008,7.5809655
2021-12-16,19.29,-0.051813471503,3971120900.25,3294756286.11,205864225.0,170801259.0,52.18368074,56.6888757,4.83045875,3.09817709,36.35308452,7.57703754
2021-12-17,21.06,9.175738724728,4335500578.5,3597074514.54,205864225.0,170801259.0,56.97191894,61.89049882,5.27368902,3.38245772,39.68874857,8.27228671
2021-12-20,21.93,4.131054131054,4514602454.25,3745671609.87,205864225.0,170801259.0,59.32545976,64.44722883,5.49154797,3.52218888,41.32831226,8.61401935
2021-12-21,22.2,1.231190150479,4570185795.0,3791787949.8,205864225.0,170801259.0,60.05586897,65.24069676,5.55915937,3.56555372,41.83714237,8.72007431
2021-12-22,24.59,10.765765765766,5062201292.75,4200002958.81,205864225.0,170801259.0,66.52134316,72.26435736,6.15764544,3.94941288,46.34123112,9.65885708
2021-12-23,25.31,2.92801952013,5210423534.75,4322979865.29,205864225.0,170801259.0,68.46910107,74.38027185,6.3379425,4.06505246,47.69811142,9.94167031
2021-12-24,23.7,-6.361122086132,4878982132.5,4047989838.3,205864225.0,170801259.0,64.11369796,69.64885195,5.93477824,3.80646951,44.66397632,9.30926852
2021-12-27,24.78,4.556962025316,5101315495.5,4232455198.02,205864225.0,170801259.0,67.03533483,72.82272368,6.20522383,3.97992888,46.69929676,9.73348835
2021-12-28,24.87,0.363196125908,5119843275.75,4247827311.33,205864225.0,170801259.0,67.27880457,73.08721299,6.22776097,3.99438383,46.86890679,9.76884
2021-12-29,24.87,0.0,5119843275.75,4247827311.33,205864225.0,170801259.0,67.27880457,73.08721299,6.22776097,3.99438383,46.86890679,9.76884
2021-12-30,26.57,6.835544833132,5469812458.25,4538189451.63,205864225.0,170801259.0,71.87767741,78.0831222,6.65346236,4.26742173,50.07265193,10.43659344
2021-12-31,26.36,-0.790365073391,5427690621.56,4455567272.4,205906321.0,169027590.0,71.32416305,66.90955525,6.48249183,4.23455924,49.68705332,10.35622351
2022-01-04,25.01,-5.121396054628,5149717088.21,4227380025.9,205906321.0,169027590.0,67.67137017,63.48285193,6.15049775,2.12289919,47.14238253,9.82584028
2022-01-05,23.33,-6.71731307477,4803794468.93,3943413674.7,205906321.0,169027590.0,63.12567238,59.21851002,5.73734956,1.98029741,43.97568111,9.16580783
2022-01-06,24.54,5.186455207887,5052941117.34,4147937058.6,205906321.0,169027590.0,66.3996571,62.28985152,6.03491463,2.08300464,46.25646011,9.64118835
2022-01-07,23.65,-3.626731866341,4869684491.65,3997502503.5,205906321.0,169027590.0,63.99151958,60.03076562,5.81604446,2.00745965,44.57886233,9.2915283
2022-01-10,24.38,3.086680761099,5019996105.98,4120892644.2,205906321.0,169027590.0,65.9667335,61.88372371,5.99556718,2.06942352,45.9548695,9.57832811
2022-01-11,23.51,-3.568498769483,4840857606.71,3973838640.9,205906321.0,169027590.0,63.61271143,59.6754038,5.78161544,1.99557617,44.31497055,9.23652559
2022-01-12,23.17,-1.446193109315,4770849457.57,3916369260.3,205906321.0,169027590.0,62.69274878,58.81238222,5.69800212,1.96671628,43.6740905,9.1029476
2022-01-13,22.55,-2.675873974968,4643187538.55,3811572154.5,205906321.0,169027590.0,61.01516983,57.23863699,5.54553076,1.91408943,42.50542687,8.85936419
2022-01-14,23.48,4.124168514412,4834680417.08,3968767813.2,205906321.0,169027590.0,63.53153825,59.59925483,5.77423779,1.99302971,44.25842231,9.2247393
2022-01-17,23.49,0.042589437819,4836739480.29,3970458089.1,205906321.0,169027590.0,63.55859598,59.62463782,5.77669701,1.99387853,44.27727172,9.22866806
2022-01-18,22.81,-2.89484887186,4696723182.01,3855519327.9,205906321.0,169027590.0,61.71867068,57.89859466,5.60947036,1.93615876,42.99551162,8.96151207
2022-01-19,22.96,0.657606313021,4727609130.16,3880873466.4,205906321.0,169027590.0,62.12453655,58.27933948,5.64635859,1.94889106,43.27825282,9.02044354
2022-01-20,22.37,-2.56968641115,4606124400.77,3781147188.3,205906321.0,169027590.0,60.52813078,56.78174321,5.50126488,1.89881067,42.16613744,8.78864643
2022-01-21,21.77,-2.68216361198,4482580608.17,3679730634.3,205906321.0,169027590.0,58.90466728,55.25876396,5.35371196,1.84788146,41.03517264,8.55292055
2022-01-24,21.44,-1.515847496555,4414631522.24,3623951529.6,205906321.0,169027590.0,58.01176236,54.42112537,5.27255785,1.8198704,40.413142,8.42327132
2022-01-25,21.03,-1.912313432836,4330209930.63,3554650217.7,205906321.0,169027590.0,56.90239563,53.38042288,5.17173002,1.78506877,39.64031606,8.26219197
2022-01-26,20.67,-1.711840228245,4256083655.07,3493800285.3,205906321.0,169027590.0,55.92831753,52.46663532,5.08319826,1.75451125,38.96173718,8.12075644
2022-01-27,19.9,-3.725205611998,4097535787.9,3363649041.0,205906321.0,169027590.0,53.84487271,50.51214528,4.89383868,1.6891521,37.51033236,7.81824157
2022-01-28,21.24,6.733668341709,4373450258.04,3590146011.6,205906321.0,169027590.0,57.47060786,53.91346562,5.22337354,1.802894,40.03615374,8.34469603
2022-02-07,20.8,-2.071563088512,4282851476.8,3515773872.0,205906321.0,169027590.0,56.28006796,52.79661416,5.11516806,1.76554591,39.20677956,8.17183038
2022-02-08,20.9,0.480769230769,4303442108.9,3532676631.0,205906321.0,169027590.0,56.55064521,53.05044404,5.13976022,1.77403411,39.39527369,8.21111803
2022-02-09,20.8,-0.478468899522,4282851476.8,3515773872.0,205906321.0,169027590.0,56.28006796,52.79661416,5.11516806,1.76554591,39.20677956,8.17183038
2022-02-10,20.62,-0.865384615385,4245788339.02,3485348905.8,205906321.0,169027590.0,55.79302891,52.33972039,5.07090219,1.75026715,38.86749012,8.10111262
2022-02-11,19.26,-6.595538312318,3965755742.46,3255471383.4,205906321.0,169027590.0,52.11317831,48.88763407,4.73644889,1.63482761,36.30396992,7.56680063
2022-02-14,19.71,2.336448598131,4058413586.91,3331533798.9,205906321.0,169027590.0,53.33077593,50.02986852,4.84711358,1.67302451,37.15219351,7.74359504
2022-02-15,20.14,2.181633688483,4146953304.94,3404215662.6,205906321.0,169027590.0,54.49425811,51.12133698,4.95285985,1.70952378,37.96271828,7.91253192
2022-02-16,20.82,3.376365441907,4286969603.22,3519154423.8,205906321.0,169027590.0,56.33418341,52.84738014,5.12008649,1.76724355,39.24447838,8.17968791
2022-02-17,20.38,-2.113352545629,4196370821.98,3444782284.2,205906321.0,169027590.0,55.14364351,51.73052868,5.01188102,1.72989546,38.4151042,8.00682227
2022-02-18,20.43,0.245338567223,4206666138.03,3453233663.7,205906321.0,169027590.0,55.27893213,51.85744362,5.02417709,1.73413956,38.50935127,8.02646609
2022-02-21,20.94,2.496328928047,4311678361.74,3539437734.6,205906321.0,169027590.0,56.65887611,53.15197599,5.14959708,1.77742939,39.47067134,8.22683309
2022-02-22,20.67,-1.289398280802,4256083655.07,3493800285.3,205906321.0,169027590.0,55.92831753,52.46663532,5.08319826,1.75451125,38.96173718,8.12075644
2022-02-23,21.6,4.499274310595,4447576533.6,3650995944.0,205906321.0,169027590.0,58.44468596,54.82725317,5.3119053,1.83345152,40.71473262,8.48613155
2022-02-24,21.31,-1.342592592593,4387863700.51,3601977942.9,205906321.0,169027590.0,57.66001193,54.09114653,5.24058805,1.80883574,40.16809963,8.37219738
2022-02-25,22.31,4.69263256687,4593770021.51,3771005532.9,205906321.0,169027590.0,60.36578443,56.62944529,5.48650959,1.89371775,42.05304096,8.76507384
2022-02-28,22.62,1.389511429852,4657948469.46,3823751574.24,205921683.0,169042952.0,61.20914018,57.42060155,5.56316029,1.92017442,42.6405538,8.88752856
2022-03-01,22.48,-0.618921308576,4629119433.84,3800085560.96,205921683.0,169042952.0,60.83030377,57.06521321,5.5287287,1.90829005,42.37664233,8.83252175
2022-03-02,22.63,0.667259786477,4660007686.29,3825442003.76,205921683.0,169042952.0,61.23619992,57.44598643,5.56561969,1.92102331,42.65940462,8.89145762
2022-03-03,22.83,0.883782589483,4701192022.89,3859250594.16,205921683.0,169042952.0,61.77739479,57.95368405,5.61480766,1.93800098,43.03642101,8.97003877
2022-03-04,22.36,-2.058694699956,4604408831.88,3779800406.72,205921683.0,169042952.0,60.50558684,56.76059463,5.49921592,1.89810345,42.15043249,8.78537306
2022-03-07,21.57,-3.533094812165,4441730702.31,3646256474.64,205921683.0,169042952.0,58.36786709,54.75518901,5.3049234,1.83104166,40.66121775,8.4749775
2022-03-08,20.98,-2.735280482151,4320236909.34,3546521132.96,205921683.0,169042952.0,56.77134222,53.25748101,5.15981887,1.78095753,39.5490194,8.2431631
2022-03-09,20.59,-1.858913250715,4239927452.97,3480594381.68,205921683.0,169042952.0,55.71601221,52.26747064,5.06390231,1.74785108,38.81383744,8.08992984
2022-03-10,21.91,6.410879067508,4511744074.53,3703731078.32,205921683.0,169042952.0,59.28789838,55.61827497,5.38854297,1.8599037,41.30214561,8.60856546
2022-03-11,22.25,1.551802829758,4581757446.75,3761205682.0,205921683.0,169042952.0,60.20792966,56.48136094,5.47216253,1.88876573,41.94307348,8.74215343
2022-03-14,25.59,15.011235955056,5269535867.97,4325809141.68,205921683.0,169042952.0,69.24588405,64.9599113,6.29360176,2.17229282,48.23924721,10.0544587
2022-03-15,23.83,-6.877686596327,4907113705.89,4028293546.16,205921683.0,169042952.0,64.48336916,60.49217218,5.86074755,2.02288932,44.92150297,9.36294455
2022-03-16,24.43,2.517834662191,5030666715.69,4129719317.36,205921683.0,169042952.0,66.10695378,62.01526506,6.00831149,2.07382233,46.05255214,9.59868801
2022-03-17,29.32,20.016373311502,6037623745.56,4956339352.64,205921683.0,169042952.0,79.33916844,74.42847203,7.21095754,2.48892635,55.27060289,11.51999723
2022-03-18,28.58,-2.523874488404,5885241700.14,4831247568.16,205921683.0,169042952.0,77.3367474,72.54999081,7.02896202,2.42610897,53.87564225,11.22924696
2022-03-21,30.33,6.123163051085,6245604645.39,5127072734.16,205921683.0,169042952.0,82.07220255,76.99234504,7.45935683,2.57466358,57.17453567,11.91683206
2022-03-22,26.28,-13.353115727003,5411621829.24,4442448778.56,205921683.0,169042952.0,71.11300636,66.71146811,6.46330028,2.23086578,49.53995375,10.32556369
2022-03-23,25.11,-4.452054794521,5170693460.13,4244668524.72,205921683.0,169042952.0,64.33930872,63.74143699,6.17555061,2.13154641,47.33440787,8.80257728
2022-03-24,26.05,3.743528474711,5364259842.15,4403568899.6,205921683.0,169042952.0,66.74786906,66.12761584,6.40673411,2.21134146,49.1063849,9.13210427
2022-03-25,29.04,11.47792706334,5979965674.32,4909007326.08,205921683.0,169042952.0,74.40914079,73.71769535,7.14209437,2.46515761,54.74277995,10.18028053
2022-03-28,28.14,-3.099173553719,5794636159.62,4756868669.28,205921683.0,169042952.0,72.10307237,71.43305603,6.92074847,2.3887581,53.04620619,9.86477597
2022-03-29,27.45,-2.452025586354,5652550198.35,4640229032.4,205921683.0,169042952.0,70.33508659,69.68149922,6.75104995,2.33018514,51.74549964,9.62288914
2022-03-30,27.05,-1.457194899818,5570181525.15,4572611851.6,205921683.0,169042952.0,69.31016729,68.66610397,6.65267399,2.2962298,50.99146686,9.48266489
2022-03-31,24.97,-7.689463955638,5238173564.69,4317311601.68,209778677.0,172899944.0,65.17896849,64.57329424,5.69188529,2.15936414,47.95214528,8.91745526
2022-04-01,24.53,-1.762114537445,5145870946.81,4241235626.32,209778677.0,172899944.0,64.03044041,63.43543884,5.59158775,2.12131367,47.10717356,8.76031949
2022-04-06,25.29,3.098247044435,5305302741.33,4372639583.76,209778677.0,172899944.0,66.01426163,65.40082545,5.76482895,2.18703721,48.56667017,9.03173583
2022-04-07,23.62,-6.603400553578,4954972350.74,4083896677.28,209778677.0,172899944.0,61.65507552,61.08214698,5.3841542,2.04261838,45.3596184,8.43533413
2022-04-08,23.22,-1.693480101609,4871142149.94,4014817969.68,209782177.0,172903444.0,60.61197033,60.04873482,5.29306293,2.00806055,44.59220627,8.29262178
2022-04-11,22.9,-1.378122308355,4804011853.3,3959488867.6,209782177.0,172903444.0,59.77666324,59.22118981,5.22011805,1.98038702,43.97767112,8.17833931
2022-04-12,22.86,-0.174672489083,4795620566.22,3952572729.84,209782177.0,172903444.0,59.67224986,59.11774669,5.21099994,1.97692783,43.90085423,8.164054
2022-04-13,22.22,-2.799650043745,4661359972.94,3841914525.68,209782177.0,172903444.0,58.00163569,57.46265667,5.06511018,1.92158077,42.67178395,7.93548906
2022-04-14,22.15,-0.31503150315,4646675220.55,3829811284.6,209782177.0,172903444.0,57.81891226,57.28163119,5.04915349,1.91552718,42.53735438,7.91048977
2022-04-15,22.08,-0.316027088036,4631990468.16,3817708043.52,209782177.0,172903444.0,57.63618884,57.10060572,5.03319679,1.9094736,42.40292482,7.88549048
2022-04-18,23.53,6.567028985507,4936174624.81,4068418037.32,209782177.0,172903444.0,61.42117407,60.85041905,5.36372829,2.03486928,45.18753718,8.40333293
2022-04-19,22.8,-3.102422439439,4783033635.6,3942198523.2,209782177.0,172903444.0,59.51562978,58.962582,5.19732278,1.97173904,43.78562889,8.14262604
2022-04-20,21.93,-3.815789473684,4600523141.61,3791772526.92,209782177.0,172903444.0,57.24463864,56.712694,4.99900388,1.89650163,42.11486147,7.83192057
2022-04-21,21.4,-2.416780665755,4489338587.8,3700133701.6,209782177.0,172903444.0,55.86116129,55.34207258,4.87818892,1.85066735,41.09703764,7.64264023
2022-04-22,20.34,-4.953271028037,4266969480.18,3516856050.96,209782177.0,172903444.0,53.09420657,52.60082973,4.636559,1.75899878,39.06138998,7.26407955
2022-04-25,18.72,-7.964601769912,3927122353.44,3236752471.68,209782177.0,172903444.0,48.41138311,48.41138311,4.26727554,1.61890153,29.90069857,6.63223376
2022-04-26,18.18,-2.884615384615,3813839977.86,3143384611.92,209782177.0,172903444.0,47.01490091,47.01490091,4.14418106,1.57220245,29.03817842,6.44091933
2022-04-27,19.37,6.545654565457,4063480768.49,3349139710.28,209782177.0,172903444.0,50.09233392,50.09233392,4.41544483,1.67511339,30.93891728,6.86251966
2022-04-28,19.2,-0.877645844089,4027817798.4,3319746124.8,209782177.0,172903444.0,45.86952338,49.65270063,4.37669286,1.66041182,19.53801491,6.34750286
2022-04-29,19.9,3.645833333333,4174665322.3,3440778535.6,209782177.0,172903444.0,47.54184975,51.46295534,4.53625979,1.72094767,20.25033837,6.57892224
2022-05-05,22.32,12.160804020101,4682338190.64,3859204870.08,209782177.0,172903444.0,53.32332093,57.72126448,5.08790545,1.93022875,22.71294233,7.37897208
2022-05-06,23.6,5.73476702509,4950859377.2,4080521278.4,209782177.0,172903444.0,56.38128915,61.03144452,5.37968498,2.04092287,24.01547666,7.80213894
2022-05-09,28.32,20.0,5941031252.64,4896625534.08,209782177.0,172903444.0,67.65754698,73.23773343,6.45562198,2.44910744,28.81857199,9.36256672
2022-05-10,33.78,19.279661016949,7125199726.08,5879436125.34,210929536.0,174050803.0,81.14307343,87.83550464,7.74235886,2.93726441,34.56270006,11.22871687
2022-05-11,34.81,3.049141503848,7342457148.16,6058708452.43,210929536.0,174050803.0,83.61724056,90.51373347,7.97843433,3.02682576,35.61656569,11.57109634
2022-05-12,34.51,-0.861821315714,7279178287.36,6006493211.53,210929536.0,174050803.0,82.89660936,89.73366682,7.90967448,3.00073993,35.30961454,11.47137416
2022-05-13,36.53,5.853375833092,7705255950.08,6358075833.59,210929536.0,174050803.0,87.74885946,94.98611559,8.37265746,3.17638452,37.37641898,12.1428368
2022-05-16,35.91,-1.697235149192,7574479637.76,6250164335.73,210929536.0,174050803.0,86.25955497,93.37397785,8.23055377,3.1224738,36.74205326,11.93674431
2022-05-17,33.01,-8.07574491785,6962783983.36,5745417007.03,210929536.0,174050803.0,79.29345335,85.83333357,7.56587525,2.87031078,33.77485876,10.97276329
2022-05-18,30.88,-6.452590124205,6513504071.68,5374688796.64,210929536.0,174050803.0,74.17697181,80.29486037,7.07768033,2.68510139,31.59550556,10.26473585
2022-05-19,34.35,11.237046632124,7245429561.6,5978645083.05,210929536.0,174050803.0,82.51227272,89.31763127,7.87300257,2.98682749,35.14590726,11.418189
2022-05-20,30.44,-11.382823871907,6420695075.84,5298106443.32,210929536.0,174050803.0,73.12004604,79.15076262,6.97683255,2.64684218,31.14531054,10.11847666
2022-05-23,28.95,-4.894875164258,6106410067.2,5038770746.85,210929536.0,174050803.0,69.54091107,75.2764316,6.63532531,2.51728256,29.62078647,9.62318986
2022-05-24,25.91,-10.500863557858,5465184277.76,4509656305.73,210929536.0,174050803.0,62.23851488,67.37175622,5.93855885,2.25294615,26.51034809,8.61267182
2022-05-25,27.55,6.329602470089,5811108716.8,4795099622.65,210929536.0,174050803.0,66.17796546,71.63612057,6.31444602,2.39554868,28.18834774,9.15781971
2022-05-26,27.25,-1.088929219601,5747829856.0,4742884381.75,210929536.0,174050803.0,65.45733425,70.85605392,6.24568617,2.36946285,27.88139659,9.05809753
2022-05-27,27.37,0.440366972477,5773141400.32,4763770478.11,210929536.0,174050803.0,65.74558674,71.16808058,6.27319011,2.37989719,28.00417705,9.0979864
2022-05-30,26.92,-1.644135915236,5678223109.12,4685447616.76,210929536.0,174050803.0,64.66463993,69.99798061,6.17005034,2.34076844,27.54375032,8.94840314
2022-05-31,26.75,-0.631500742942,5642365088.0,4655858980.25,210929536.0,174050803.0,64.25628225,69.55594284,6.13108642,2.32598647,27.36981133,8.89189391
2022-06-01,25.46,-4.822429906542,5370265986.56,4431333444.38,210929536.0,174050803.0,61.15756808,66.20165625,5.83541908,2.2138174,26.04992136,8.46308856
2022-06-02,25.51,0.19638648861,5380812463.36,4440035984.53,210929536.0,174050803.0,61.27767328,66.33166736,5.84687905,2.21816504,26.10107989,8.47970892
2022-06-06,25.09,-1.646413171305,5292222058.24,4366934647.27,210929536.0,174050803.0,60.26878959,65.23957405,5.75061527,2.18164488,25.67134827,8.34009788
2022-06-07,26.85,7.01474691112,5663458041.6,4673264060.55,210929536.0,174050803.0,64.49649265,69.81596506,6.15400637,2.33468175,27.47212838,8.92513463
2022-06-08,25.79,-3.947858472998,5439872733.44,4488770209.37,210929536.0,174050803.0,61.9502624,67.05972956,5.91105491,2.24251182,26.38756763,8.57278295
2022-06-09,24.61,-4.575416828228,5190975880.96,4283390261.83,210929536.0,174050803.0,59.11577967,63.99146741,5.64059951,2.13990755,25.18022642,8.1805424
2022-06-10,25.67,4.307192198293,5464172263.28,4517495187.17,212862184.0,175983451.0,62.22698988,67.35928067,5.93745918,2.25252896,26.50543905,8.61107697
2022-06-13,25.99,1.246591351772,5532288162.16,4573809891.49,212862184.0,175983451.0,63.00270615,68.19897564,6.01147503,2.28060879,26.83585356,8.71842191
2022-06-14,24.92,-4.11696806464,5304525625.28,4385507598.92,212862184.0,175983451.0,60.40890486,65.39124559,5.76398452,2.18671686,25.73103004,8.35948726
2022-06-15,24.65,-1.083467094703,5247052835.6,4337992067.15,212862184.0,175983451.0,59.75439425,64.68275296,5.70153365,2.1630245,25.45224279,8.26891497
2022-06-16,25.14,1.987829614604,5351355305.76,4424223958.14,212862184.0,175983451.0,60.9422098,65.96853588,5.81487042,2.20602174,25.95819001,8.43328691
2022-06-17,26.26,4.455051710422,5589760951.84,4621325423.26,212862184.0,175983451.0,63.65721676,68.90746827,6.07392591,2.30430115,27.1146408,8.8089942
2022-06-20,25.49,-2.932216298553,5425857070.16,4485818165.99,212862184.0,175983451.0,61.79064947,66.88695225,5.89582526,2.23673406,26.31958088,8.55069544
2022-06-21,24.83,-2.589250686544,5285368028.72,4369669088.33,212862184.0,175983451.0,60.19073466,65.15508138,5.74316756,2.1788194,25.63810095,8.3292965
2022-06-22,24.85,0.080547724527,5289625272.4,4373188757.35,212862184.0,175983451.0,60.23921692,65.20756232,5.74779356,2.18057439,25.65875186,8.33600556
2022-06-23,23.63,-4.909456740443,5029933407.92,4158488947.13,212862184.0,175983451.0,57.28179863,62.00622525,5.46560812,2.07352004,24.39904654,7.92675297
2022-06-24,23.9,1.142615319509,5171722027.7,4206060859.0,216390043.0,175985810.0,58.89651328,63.7541166,5.61967796,2.13197042,25.08683042,8.15019994
2022-06-27,24.55,2.719665271967,5312375555.65,4320451635.5,216390043.0,175985810.0,60.4983013,65.48801517,5.77251439,2.18995288,25.76910824,8.3718581
2022-06-28,24.58,0.122199592668,5318867256.94,4325731209.8,216390043.0,175985810.0,60.57222997,65.56804126,5.77956838,2.19262899,25.80059798,8.38208847
2022-06-29,23.8,-3.173311635476,5150083023.4,4188462278.0,216390043.0,175985810.0,58.65008435,63.48736298,5.59616466,2.12305004,24.9818646,8.11609868
2022-06-30,24.0,0.840336134454,5193370728.0,4223669136.0,216390447.0,175986214.0,59.14305262,64.02098976,5.28793083,2.1408948,25.19184327,8.18431647
2022-07-01,23.61,-1.625,5108978453.67,4155034512.54,216390447.0,175986214.0,58.18197802,62.98064867,5.20200195,2.10610526,24.78247582,8.05132133
2022-07-04,24.15,2.287166454892,5225829295.05,4250067068.1,216390447.0,175986214.0,59.5126967,64.42112094,5.3209804,2.15427539,25.34929229,8.23546845
2022-07-05,15.5,-3.486924034869,5031077885.0,4091679475.5,324585670.0,263979321.0,57.29483214,62.02033373,5.12268298,2.07399183,24.40459813,7.92855657
2022-07-06,15.38,-0.774193548387,4992127604.6,4060001956.98,324585670.0,263979321.0,56.85125925,61.54017631,5.0830235,2.05793512,24.21565931,7.8671742
2022-07-07,15.33,-0.325097529259,4975898321.1,4046802990.93,324585670.0,263979321.0,56.66643721,61.34011072,5.06649872,2.05124482,24.1369348,7.84159821
2022-07-08,15.69,2.348336594912,5092749162.3,4141835546.49,324585670.0,263979321.0,57.99715589,62.78058298,5.18547716,2.09941496,24.70375127,8.02574533
2022-07-11,15.7,0.06373486297,5095995019.0,4144475339.7,324585670.0,263979321.0,58.0341203,62.8205961,5.18878212,2.10075302,24.71949617,8.03086053
2022-07-12,15.02,-4.331210191083,4875276763.4,3964969401.42,324585670.0,263979321.0,55.52054057,60.09970404,4.96404506,2.00976499,23.64884284,7.68302708
2022-07-13,15.13,0.732356857523,4910981187.1,3994007126.73,324585670.0,263979321.0,55.92714905,60.53984835,5.00039958,2.02448364,23.82203676,7.73929425
2022-07-14,15.01,-0.79312623926,4872030906.7,3962329608.21,324585670.0,263979321.0,55.48357616,60.05969092,4.9607401,2.00842693,23.63309793,7.67791188
2022-07-15,15.02,0.066622251832,4875276763.4,3964969401.42,324585670.0,263979321.0,55.52054057,60.09970404,4.96404506,2.00976499,23.64884284,7.68302708
2022-07-18,15.04,0.133155792277,4881768476.8,3970248987.84,324585670.0,263979321.0,55.59446938,60.17973028,4.97065497,2.01244111,23.68033264,7.69325747
2022-07-19,15.22,1.196808510638,4940193897.4,4017765265.62,324585670.0,263979321.0,56.25982872,60.89996641,5.03014419,2.03652617,23.96374088,7.78533103
2022-07-20,15.45,1.511169513798,5014848601.5,4078480509.45,324585670.0,263979321.0,57.1100101,61.82026814,5.1061582,2.06730153,24.32587362,7.90298058
2022-07-21,15.11,-2.200647249191,4904489473.7,3988727540.31,324585670.0,263979321.0,55.85322024,60.45982211,4.99378967,2.02180752,23.79054695,7.72906386
2022-07-22,14.57,-3.573792190602,4729213211.9,3846178706.97,324585670.0,263979321.0,53.85714221,58.29911371,4.815322,1.94955232,22.94032224,7.45284318
2022-07-25,14.74,1.166781056966,4784392775.8,3891055191.54,324585670.0,263979321.0,54.48553715,58.97933672,4.87150627,1.97229933,23.20798558,7.53980154
2022-07-26,14.58,-1.085481682497,4732459068.6,3848818500.18,324585670.0,263979321.0,53.89410662,58.33912683,4.81862696,1.95089038,22.95606715,7.45795838
2022-07-27,14.66,0.548696844993,4758425922.2,3869936845.86,324585670.0,263979321.0,54.18982188,58.65923177,4.84506661,1.96159485,23.08202636,7.49887996
2022-07-28,14.42,-1.637107776262,4680525361.4,3806581808.82,324585670.0,263979321.0,53.3026761,57.69891693,4.76574765,1.92948143,22.70414871,7.37611521
2022-07-29,14.03,-2.704576976422,4553936950.1,3703629873.63,324585670.0,263979321.0,51.86106419,56.13840531,4.63685434,1.87729712,22.09009754,7.1766225
2022-08-01,13.9,-0.926585887384,4511740813.0,3669312561.9,324585670.0,263979321.0,51.38052689,55.61823477,4.5938899,1.85990235,21.88541381,7.11012493
2022-08-02,13.33,-4.10071942446,4326726981.1,3518844348.93,324585670.0,263979321.0,49.27355564,53.33748701,4.40550736,1.78363297,20.98795439,6.81855865
2022-08-03,13.34,0.075018754689,4329972837.8,3521484142.14,324585670.0,263979321.0,49.31052005,53.37750013,4.40881232,1.78497103,21.0036993,6.82367385
2022-08-04,13.62,2.098950524738,4541412375.84,3715953902.46,333437032.0,272830683.0,51.71843205,55.98400931,4.62410172,1.87213404,22.02934372,7.15688482
2022-08-05,13.74,0.881057268722,4581424819.68,3748693584.42,333437032.0,272830683.0,52.17410106,56.47726049,4.6648427,1.88862861,22.22343485,7.21994107
2022-08-08,14.07,2.401746724891,4691459040.24,3838727709.81,333437032.0,272830683.0,53.42719082,57.83370125,4.77688041,1.93398869,22.75718547,7.39334577
2022-08-09,13.85,-1.563610518834,4618102893.2,3778704959.55,333437032.0,272830683.0,52.59179765,56.92940741,4.7021886,1.90374864,22.40135172,7.27774264
2022-08-10,13.97,0.86642599278,4658115337.04,3811444641.51,333437032.0,272830683.0,53.04746665,57.4226586,4.74292959,1.92024321,22.59544286,7.34079889
2022-08-11,14.04,0.50107372942,4681455929.28,3830542789.32,333437032.0,272830683.0,53.31327357,57.71038845,4.76669516,1.92986505,22.70866268,7.37758171
2022-08-12,14.0,-0.2849002849,4825774016.0,3977285130.0,344698144.0,284091795.0,54.95679425,59.48946167,4.91364097,1.98935817,23.40871643,7.6050149
2022-08-15,13.92,-0.571428571429,4874651523.36,4031011145.28,350190483.0,289584134.0,55.51342022,60.09199643,4.96340843,2.00950724,23.64580994,7.68204175
2022-08-16,14.1,1.293103448276,4937685810.3,4083136289.4,350190483.0,289584134.0,56.23126617,60.86904811,5.02759044,2.03549225,23.95157472,7.7813785
2022-08-17,13.97,-0.921985815603,4892161047.51,4045490351.98,350190483.0,289584134.0,55.71282187,60.30784412,4.98123677,2.0167253,23.7307446,7.70963529
2022-08-18,14.18,1.503221188261,4965701048.94,4106303020.12,350190483.0,289584134.0,56.55030881,61.21440441,5.05611577,2.04704114,24.08747018,7.82552816
2022-08-19,13.96,-1.551480959097,4888659142.68,4042594510.64,350190483.0,289584134.0,55.67294154,60.26467458,4.9776711,2.01528169,23.71375767,7.70411658
2022-08-22,13.81,-1.074498567335,4836130570.23,3999156890.54,350190483.0,289584134.0,55.07473658,59.61713152,4.9241861,1.99362751,23.45895368,7.62133596
2022-08-23,13.62,-1.375814627082,4769594378.46,3944135905.08,350190483.0,289584134.0,54.3170103,58.7969103,4.85643842,1.9661989,23.13620197,7.51648051
2022-08-24,13.16,-3.377386196769,4608506756.28,3810927203.44,350190483.0,289584134.0,52.48251509,56.81111157,4.69241774,1.89979277,22.35480308,7.26261993
2022-08-25,13.02,-1.063829787234,4559480088.66,3770385424.68,350190483.0,289584134.0,51.92419046,56.20673804,4.64249841,1.8795822,22.11698602,7.18535802
2022-08-26,13.23,1.612903225806,4633020090.09,3831198092.82,350190483.0,289584134.0,52.76167741,57.11329833,4.71737741,1.90989805,22.4737116,7.30125089
2022-08-29,13.37,1.058201058201,4682046757.71,3871739871.58,350190483.0,289584134.0,57.63999756,57.71767186,4.76729675,1.93010861,24.30560756,7.19681274
2022-08-30,13.35,-0.149588631264,4675042948.05,3865948188.9,350190483.0,289584134.0,57.55377468,57.63133278,4.76016542,1.92722138,24.26924913,7.18604713
2022-08-31,13.15,-1.498127340824,4605004851.45,3808031362.1,350190483.0,289584134.0,56.69154584,56.76794203,4.68885208,1.89834915,23.90566488,7.07839099
2022-09-01,13.62,3.574144486692,4769594378.46,3944135905.08,350190483.0,289584134.0,58.7177836,58.7969103,4.85643842,1.9661989,24.76008788,7.33138292
2022-09-02,13.36,-1.908957415565,4678544852.88,3868844030.24,350190483.0,289584134.0,57.59688612,57.67450232,4.76373108,1.928665,24.28742834,7.19142994
2022-09-05,13.23,-0.973053892216,4633020090.09,3831198092.82,350190483.0,289584134.0,57.03643738,57.11329833,4.71737741,1.90989805,24.05109858,7.12145345
2022-09-06,13.47,1.814058956916,4717065806.01,3900698284.98,350190483.0,289584134.0,58.07111198,58.14936723,4.80295342,1.94454472,24.48739969,7.25064081
2022-09-07,13.42,-0.371195248701,4699556281.86,3886219078.28,350190483.0,289584134.0,57.85555477,57.93351955,4.78512508,1.93732666,24.39650362,7.22372678
2022-09-08,13.11,-2.30998509687,4590997232.13,3796447996.74,350190483.0,289584134.0,56.51910008,56.59526388,4.67458941,1.89257471,23.83294802,7.05685977
2022-09-09,13.13,0.152555301297,4598001041.79,3802239679.42,350190483.0,289584134.0,56.60532296,56.68160295,4.68172074,1.89546193,23.86930645,7.06762538
2022-09-13,13.02,-0.837776085301,4559480088.66,3770385424.68,350190483.0,289584134.0,56.1310971,56.20673804,4.64249841,1.8795822,23.66933511,7.0084145
2022-09-14,12.74,-2.150537634409,4461426753.42,3689301867.16,350190483.0,289584134.0,54.92397673,54.99799098,4.54265973,1.83916108,23.16031715,6.85769591
2022-09-15,12.49,-1.962323390895,4373879132.67,3616905833.66,350190483.0,289584134.0,53.84619069,53.91875254,4.45351806,1.80307079,22.70583683,6.72312574
2022-09-16,12.18,-2.481985588471,4265320082.94,3527134752.12,350190483.0,289584134.0,52.509736,52.58049688,4.34298238,1.75831884,22.14228123,6.55625873
2022-09-19,11.95,-1.888341543514,4184776271.85,3460530401.3,350190483.0,289584134.0,51.51817284,51.58759751,4.26097204,1.72511577,21.72415934,6.43245417
2022-09-20,12.07,1.004184100418,4226799129.81,3495280497.38,350190483.0,289584134.0,52.03551014,52.10563196,4.30376004,1.74243911,21.94230989,6.49704786
2022-09-21,12.19,0.9942004971,4268821987.77,3530030593.46,350190483.0,289584134.0,52.55284744,52.62366641,4.34654805,1.75976245,22.16046044,6.56164154
2022-09-22,11.99,-1.640689089418,4198783891.17,3472113766.66,350190483.0,289584134.0,51.69061861,51.76027566,4.27523471,1.73089022,21.79687619,6.4539854
2022-09-23,11.71,-2.3352793995,4100730555.93,3391030209.14,350190483.0,289584134.0,50.48349824,50.55152861,4.17539603,1.69046909,21.28785823,6.30326681
2022-09-26,11.48,-1.964133219471,4020186744.84,3324425858.32,350190483.0,289584134.0,49.49193508,49.55862924,4.09338569,1.65726603,20.86973633,6.17946225
2022-09-27,12.09,5.313588850174,4233802939.47,3501072180.06,350190483.0,289584134.0,52.12173302,52.19197104,4.31089138,1.74532633,21.97866831,6.50781347
2022-09-28,11.96,-1.075268817204,4188278176.68,3463426242.64,350190483.0,289584134.0,51.56128428,51.63076705,4.26453771,1.72655938,21.74233855,6.43783698
2022-09-29,12.42,3.846153846154,4349365798.86,3596634944.28,350190483.0,289584134.0,53.5444106,53.61656578,4.42855839,1.79296551,22.57858234,6.68544609
2022-09-30,12.35,-0.563607085346,4324852465.05,3576364054.9,350190483.0,289584134.0,53.24263051,53.31437902,3.4456398,1.78286023,22.45132785,6.64776645
2022-10-10,12.15,-1.619433198381,4254814368.45,3518447228.1,350190483.0,289584134.0,52.38040167,52.45098826,3.38983997,1.753988,22.08774359,6.54011031
2022-10-11,12.22,0.576131687243,4279327702.26,3538718117.48,350190483.0,289584134.0,52.68218177,52.75317503,3.40936991,1.76409328,22.21499808,6.57778996
2022-10-12,12.35,1.063829787234,4324852465.05,3576364054.9,350190483.0,289584134.0,53.24263051,53.31437902,3.4456398,1.78286023,22.45132785,6.64776645
2022-10-13,12.62,2.186234817814,4419403895.46,3654551771.08,350190483.0,289584134.0,54.40663943,54.47995653,3.52096958,1.82183774,22.9421666,6.79310223
2022-10-14,13.33,5.625990491284,4668039138.39,3860156506.22,350190483.0,289584134.0,57.46755179,57.54499371,3.71905899,1.92433416,24.23289071,7.17528152
2022-10-17,14.01,5.10127531883,4906168666.83,4057073717.34,350190483.0,289584134.0,60.39912983,60.48052227,3.90877843,2.02249974,25.46907718,7.54131238
2022-10-18,15.37,9.707351891506,5382427723.71,4450908139.58,350190483.0,289584134.0,66.2622859,66.35157939,4.28821731,2.21883091,27.94145012,8.27337411
2022-10-19,15.1,-1.756668835394,5287876293.3,4372720423.4,350190483.0,289584134.0,65.09827698,65.18600187,4.21288753,2.1798534,27.45061138,8.12803833
2022-10-20,15.4,1.986754966887,5392933438.2,4459595663.6,350190483.0,289584134.0,66.39162023,66.481088,4.29658728,2.22316175,27.99598776,8.28952253
2022-10-21,15.94,3.506493506494,5582036299.02,4615971095.96,350190483.0,289584134.0,68.71963808,68.81224304,4.44724683,2.30111677,28.97766526,8.5801941
2022-10-24,15.69,-1.568381430364,5494488678.27,4543575062.46,350190483.0,289584134.0,67.64185204,67.7330046,4.37749704,2.26502648,28.52318493,8.44562393
2022-10-25,15.7,0.06373486297,5497990583.1,4546470903.8,350190483.0,289584134.0,67.68496348,67.77617413,4.38028703,2.26647009,28.54136415,8.45100674
2022-10-26,16.33,4.012738853503,5718610587.39,4728908908.22,350190483.0,289584134.0,70.40098431,70.49585501,4.55605651,2.35741762,29.68665456,8.79012357
2022-10-27,15.66,-4.102878138396,5483982963.78,4534887538.44,350190483.0,289584134.0,67.51251771,67.60349598,4.36912707,2.26069565,28.4686473,8.42947551
2022-10-28,15.15,-3.256704980843,5305385817.45,4387199630.1,350190483.0,289584134.0,59.57133468,65.40184956,4.22683749,2.18707146,30.83240771,7.66230054
2022-10-31,15.6,2.970297029703,5462971534.8,4517512490.4,350190483.0,289584134.0,61.34078027,67.34447876,4.35238712,2.25203398,31.7482218,7.88989362
2022-11-01,16.7,7.051282051282,5848181066.1,4836055037.8,350190483.0,289584134.0,65.6660917,72.0931279,4.65928621,2.41083124,33.98687846,8.44623228
2022-11-02,15.86,-5.02994011976,5554021060.38,4592804365.24,350190483.0,289584134.0,62.3631266,68.46688674,4.4249269,2.28956788,32.27735883,8.02139185
2022-11-03,15.6,-1.639344262295,5462971534.8,4517512490.4,350190483.0,289584134.0,61.34078027,67.34447876,4.35238712,2.25203398,31.7482218,7.88989362
2022-11-04,15.51,-0.576923076923,5431454391.33,4491449918.34,350190483.0,289584134.0,60.98689115,66.95595292,4.32727719,2.23904147,31.56505898,7.84437501
2022-11-07,15.89,2.450032237266,5564526774.87,4601491889.26,350190483.0,289584134.0,62.48108964,68.59639535,4.43329688,2.29389871,32.3384131,8.03656472
2022-11-08,15.78,-0.692259282568,5526005821.74,4569637634.52,350190483.0,289584134.0,62.0485585,68.12153043,4.40260697,2.27801898,32.11454744,7.98093086
2022-11-09,16.12,2.154626108999,5645070585.96,4668096240.08,350190483.0,289584134.0,63.38547294,69.58929472,4.49746669,2.32710178,32.80649586,8.15289008
2022-11-10,15.8,-1.985111662531,5533009631.4,4575429317.2,350190483.0,289584134.0,62.12720053,68.20786951,4.40818695,2.28090621,32.15525028,7.99104611
2022-11-11,15.77,-0.189873417722,5522503916.91,4566741793.18,350190483.0,289584134.0,62.00923749,68.0783609,4.39981698,2.27657537,32.09419601,7.97587323
2022-11-14,15.98,1.331642358909,5596043918.34,4627554461.32,350190483.0,289584134.0,62.83497876,68.98492119,4.4584068,2.30689121,32.52157592,8.08208334
2022-11-15,16.19,1.314142678348,5669583919.77,4688367129.46,350190483.0,289584134.0,63.66072003,69.89148148,4.51699663,2.33720706,32.94895583,8.18829345
2022-11-16,15.82,-2.285361334157,5540013441.06,4581220999.88,350190483.0,289584134.0,62.20584255,68.29420859,4.41376693,2.28379343,32.19595313,8.00116135
2022-11-17,16.35,3.350189633375,5725614397.05,4734700590.9,350190483.0,289584134.0,64.28985624,70.58219408,4.5616365,2.36030484,33.27457862,8.26921543
2022-11-18,16.55,1.223241590214,5795652493.65,4792617417.7,350190483.0,289584134.0,65.0762765,71.44558484,4.61743633,2.38917707,33.6816071,8.37036792
2022-11-21,17.03,2.900302114804,5963743925.49,4931617802.02,350190483.0,289584134.0,66.96368512,73.51772264,4.75135593,2.45847042,34.65847546,8.61313387
2022-11-22,15.96,-6.283029947152,5589040108.68,4621762778.64,350190483.0,289584134.0,62.75633673,68.89858211,4.45282682,2.30400399,32.48087307,8.07196809
2022-11-23,16.34,2.380952380952,5722112492.22,4731804749.56,350190483.0,289584134.0,64.25053523,70.53902454,4.5588465,2.35886123,33.25422719,8.26415781
2022-11-24,16.25,-0.550795593635,5690595348.75,4705742177.5,350190483.0,289584134.0,63.89664611,70.15049871,4.53373658,2.34586873,33.07106437,8.21863919
2022-11-25,15.8,-2.769230769231,5533009631.4,4575429317.2,350190483.0,289584134.0,62.12720053,68.20786951,4.40818695,2.28090621,32.15525028,7.99104611
2022-11-28,15.33,-2.974683544304,5368420104.39,4439324774.22,350190483.0,289584134.0,60.27911292,66.17890124,4.27705734,2.21305647,31.19873334,7.75333777
2022-11-29,15.04,-1.891715590346,5266864864.32,4355345375.36,350190483.0,289584134.0,59.13880354,64.92698465,4.19614758,2.17119173,30.60854204,7.60666667
2022-11-30,15.17,0.864361702128,5312389627.11,4392991312.78,350190483.0,289584134.0,59.64997671,65.48818864,4.23241747,2.18995868,30.87311056,7.67241579
2022-12-01,15.89,4.746209624258,5564526774.87,4601491889.26,350190483.0,289584134.0,62.48108964,68.59639535,4.43329688,2.29389871,32.3384131,8.03656472
2022-12-02,15.6,-1.825047199497,5462971534.8,4517512490.4,350190483.0,289584134.0,61.34078027,67.34447876,4.35238712,2.25203398,31.7482218,7.88989362
2022-12-05,15.82,1.410256410256,5540013441.06,4581220999.88,350190483.0,289584134.0,62.20584255,68.29420859,4.41376693,2.28379343,32.19595313,8.00116135
2022-12-06,15.7,-0.758533501896,5497990583.1,4546470903.8,350190483.0,289584134.0,61.7339904,67.77617413,4.38028703,2.26647009,31.95173604,7.94046987
2022-12-07,15.9,1.273885350318,5568028679.7,4604387730.6,350190483.0,289584134.0,62.52041066,68.63956489,4.43608687,2.29534232,32.35876453,8.04162235
2022-12-08,15.75,-0.943396226415,5515500107.25,4560950110.5,350190483.0,289584134.0,61.93059546,67.99202182,4.39423699,2.27368815,32.05349316,7.96575799
2022-12-09,16.03,1.777777777778,5613553442.49,4642033668.02,350190483.0,289584134.0,63.03158383,69.20076888,4.47235676,2.31410927,32.62333304,8.10737146
2022-12-12,16.18,0.93574547723,5666082014.94,4685471288.12,350190483.0,289584134.0,63.62139902,69.84831194,4.51420664,2.33576345,32.9286044,8.18323582
2022-12-13,15.98,-1.23609394314,5596043918.34,4627554461.32,350190483.0,289584134.0,62.83497876,68.98492119,4.4584068,2.30689121,32.52157592,8.08208334
2022-12-14,15.47,-3.191489361702,5417446772.01,4479866552.98,350190483.0,289584134.0,60.8296071,66.78327477,4.31611722,2.23326703,31.48365328,7.82414451
2022-12-15,15.25,-1.42210730446,5340404865.75,4416158043.5,350190483.0,289584134.0,59.96454481,65.83354494,4.2547374,2.20150757,31.03592195,7.71287678
2022-12-16,15.62,2.426229508197,5469975344.46,4523304173.08,350190483.0,289584134.0,61.41942229,67.43081783,4.3579671,2.2549212,31.78892465,7.90000887
2022-12-19,14.68,-6.017925736236,5140796290.44,4251095087.12,350190483.0,289584134.0,57.72324707,63.37288129,4.09570788,2.11922172,29.87589077,7.42459221
2022-12-20,14.83,1.021798365123,5193324862.89,4294532707.22,350190483.0,289584134.0,58.31306227,64.02042436,4.13755775,2.14087589,30.18116213,7.50045657
2022-12-21,14.52,-2.090357383682,5084765813.16,4204761625.68,350190483.0,289584134.0,57.09411086,62.68216869,4.05106801,2.09612393,29.55026798,7.34367022
2022-12-22,14.16,-2.479338842975,4958697239.28,4100511337.44,350190483.0,289584134.0,55.6785544,61.12806533,3.9506283,2.04415392,28.81761671,7.16159575
2022-12-23,14.32,1.129943502825,5014727716.56,4146844798.88,350190483.0,289584134.0,56.3076906,61.81877794,3.99526817,2.0672517,29.1432395,7.24251774
2022-12-26,14.61,2.025139664804,5116282956.63,4230824197.74,350190483.0,289584134.0,57.44799998,63.07069453,4.07617793,2.10911644,29.7334308,7.38918884
2022-12-27,14.0,-4.175222450376,4902666762.0,4054177876.0,350190483.0,289584134.0,55.04941819,60.43735273,3.90598844,2.02105613,28.49199392,7.08067377
2022-12-28,14.01,0.071428571429,4906168666.83,4057073717.34,350190483.0,289584134.0,55.0887392,60.48052227,3.90877843,2.02249974,28.51234535,7.08573139
2022-12-29,14.58,4.06852248394,5105777242.14,4222136673.72,350190483.0,289584134.0,57.33003694,62.94118592,4.06780796,2.1047856,29.67237653,7.37401596
2022-12-30,14.81,1.577503429355,5186321053.23,4288741024.54,350190483.0,289584134.0,58.23442024,63.93408528,4.13197777,2.13798867,30.14045928,7.49034132
2023-01-03,14.6,-1.417960837272,5112781051.8,4227928356.4,350190483.0,289584134.0,57.40867897,50.78886596,3.87429167,9.13549406,29.71307938,7.38413121
2023-01-04,14.32,-1.917808219178,5014727716.56,4146844798.88,350190483.0,289584134.0,56.3076906,49.81483291,3.79999018,8.96029281,29.1432395,7.24251774
2023-01-05,14.33,0.069832402235,5018229621.39,4149740640.22,350190483.0,289584134.0,56.34701162,49.84961981,3.80264381,8.96654999,29.16359092,7.24757536
2023-01-06,14.35,0.139567341242,5025233431.05,4155532322.9,350190483.0,289584134.0,56.42565364,49.9191936,3.80795106,8.97906437,29.20429377,7.25769061
2023-01-09,14.84,3.414634146341,5196826767.72,4297428548.56,350190483.0,289584134.0,58.35238328,51.62375143,3.93797865,9.28566657,30.20151356,7.50551419
2023-01-10,14.7,-0.943396226415,5147800100.1,4256886769.8,350190483.0,289584134.0,57.8018891,51.1367349,3.90082791,9.19806594,29.91659362,7.43470745
2023-01-11,14.66,-0.272108843537,5133792480.78,4245303404.44,350190483.0,289584134.0,57.64460505,50.99758732,3.89021341,9.17303719,29.83518792,7.41447696
2023-01-12,15.1,3.00136425648,5287876293.3,4372720423.4,350190483.0,289584134.0,59.37472962,52.52821068,4.00697289,9.44835345,30.73065059,7.63701242
2023-01-13,15.18,0.529801324503,5315891531.94,4395887154.12,350190483.0,289584134.0,59.68929772,52.80650584,4.02820188,9.49841095,30.89346198,7.67747341
2023-01-16,16.0,5.401844532279,5603047728.0,4633346144.0,350190483.0,289584134.0,62.91362079,55.65903119,4.24579909,10.01150034,32.56227877,8.09219859
2023-01-17,15.46,-3.375,5413944867.18,4476970711.64,350190483.0,289584134.0,60.79028609,53.78053888,4.10250337,9.6736122,31.46330186,7.81908689
2023-01-18,15.61,0.970245795602,5466473439.63,4520408331.74,350190483.0,289584134.0,61.38010128,54.3023423,4.14230773,9.76747002,31.76857322,7.89495125
2023-01-19,15.4,-1.345291479821,5392933438.2,4459595663.6,350190483.0,289584134.0,60.55436001,53.57181752,4.08658162,9.63606908,31.34119331,7.78874114
2023-01-20,15.44,0.25974025974,5406941057.52,4472380446.24,350190483.0,289661946.0,60.71164406,53.71096509,4.09719612,9.66109783,31.42259901,7.80897164
2023-01-30,15.23,-1.360103626943,5333401056.09,4411551437.58,350190483.0,289661946.0,59.88590279,52.98044031,4.04147001,9.52969689,30.9952191,7.70276153
2023-01-31,15.35,0.787918581747,5376565954.05,4446310871.1,350264883.0,289661946.0,60.3705783,53.40922773,4.0741789,9.60682373,31.24607319,7.76510241
2023-02-01,15.48,0.846905537459,5422100388.84,4483966924.08,350264883.0,289661946.0,60.88186007,53.86155344,4.10868334,9.68818445,31.51069792,7.83086549
2023-02-02,15.6,0.77519379845,5464132174.8,4518726357.6,350264883.0,289661946.0,61.35381247,54.27908486,4.1405336,9.76328666,31.75496689,7.89156988
2023-02-03,15.41,-1.217948717949,5397581847.03,4463690587.86,350264883.0,289661946.0,60.6065545,53.61799345,4.09010403,9.64437483,31.36820768,7.7954546
2023-02-06,15.22,-1.232965606749,5331031519.26,4408654818.12,350264883.0,289661946.0,59.85929653,52.95690203,4.03967445,9.52546301,30.98144847,7.69933933
2023-02-07,15.34,0.788436268068,5373063305.22,4443414251.64,350264883.0,289661946.0,60.33124893,53.37443345,4.07152471,9.60056521,31.22571744,7.76004371
2023-02-08,15.49,0.977835723598,5425603037.67,4486863543.54,350264883.0,289661946.0,60.92118943,53.89634773,4.11133753,9.69444297,31.53105366,7.83592419
2023-02-09,15.7,1.35571336346,5499158663.1,4547692552.2,350264883.0,289661946.0,61.74710614,54.62702772,4.16707548,9.82587183,31.95852437,7.94215686
2023-02-10,15.59,-0.700636942675,5460629525.97,4515829738.14,350264883.0,289661946.0,61.3144831,54.24429058,4.13787941,9.75702814,31.73461115,7.88651118
2023-02-13,15.8,1.347017318794,5534185151.4,4576658746.8,350264883.0,289661946.0,62.14039981,54.97497057,4.19361737,9.888457,32.16208185,7.99274385
2023-02-14,15.86,0.379746835443,5555201044.38,4594038463.56,350264883.0,289661946.0,62.37637601,55.18373628,4.2095425,9.9260081,32.28421634,8.02309604
2023-02-15,15.75,-0.693568726356,5516671907.25,4562175649.5,350264883.0,289661946.0,61.94375298,54.80099914,4.18034643,9.85716442,32.06030311,7.96745036
2023-02-16,15.35,-2.539682539683,5376565954.05,4446310871.1,350264883.0,289661946.0,60.3705783,53.40922773,4.0741789,9.60682373,31.24607319,7.76510241
2023-02-17,15.57,1.4332247557,5453624228.31,4510036499.22,350264883.0,289661946.0,61.23582437,54.17470201,4.13257104,9.74451111,31.69389965,7.87639378
2023-02-20,15.59,0.128452151574,5460629525.97,4515829738.14,350264883.0,289661946.0,61.3144831,54.24429058,4.13787941,9.75702814,31.73461115,7.88651118
2023-02-21,15.62,0.192431045542,5471137472.46,4524519596.52,350264883.0,289661946.0,61.43247121,54.34867343,4.14584198,9.77580369,31.79567839,7.90168727
2023-02-22,15.68,0.384122919334,5492153365.44,4541899313.28,350264883.0,289661946.0,61.66844741,54.55743914,4.16176711,9.8133548,31.91781288,7.93203947
2023-02-23,15.66,-0.127551020408,5485148067.78,4536106074.36,350264883.0,289661946.0,61.58978867,54.48785057,4.15645873,9.80083776,31.87710138,7.92192207
2023-02-24,15.78,0.766283524904,5527179853.74,4570865507.88,350264883.0,289661946.0,62.06174108,54.905382,4.18830899,9.87593997,32.12137036,7.98262645
2023-02-27,15.34,-2.788339670469,5373063305.22,4443414251.64,350264883.0,289661946.0,60.33124893,53.37443345,4.07152471,9.60056521,31.22571744,7.76004371
2023-02-28,15.67,2.151238591917,5488650716.61,4539002693.82,350264883.0,289661946.0,61.62911804,54.52264486,4.15911292,9.80709628,31.89745713,7.92698077
2023-03-01,15.75,0.510529674537,5516671907.25,4562175649.5,350264883.0,289661946.0,61.94375298,54.80099914,4.18034643,9.85716442,32.06030311,7.96745036
2023-03-02,15.44,-1.968253968254,5408089793.52,4472380446.24,350264883.0,289661946.0,60.7245426,53.7223763,4.09806659,9.66315039,31.42927492,7.8106307
2023-03-03,15.36,-0.518134715026,5380068602.88,4449207490.56,350264883.0,289661946.0,60.40990766,53.44402202,4.07683309,9.61308225,31.26642894,7.77016111
2023-03-06,14.74,-4.036458333333,5162904375.42,4269617084.04,350264883.0,289661946.0,57.97148691,51.28677634,3.91227342,9.22505419,30.00437256,7.45652179
2023-03-07,14.52,-1.492537313433,5085846101.16,4205891455.92,350264883.0,289661946.0,57.10624084,50.52130207,3.85388128,9.08736681,29.55654611,7.34523042
2023-03-08,14.54,0.137741046832,5092851398.82,4211684694.84,350264883.0,289661946.0,57.18489957,50.59089064,3.85918965,9.09988385,29.5972576,7.35534782
2023-03-09,14.38,-1.100412654746,5036809017.54,4165338783.48,350264883.0,289661946.0,56.5556297,50.03418207,3.81672264,8.99974757,29.27156564,7.27440864
2023-03-10,14.36,-0.139082058414,5029803719.88,4159545544.56,350264883.0,289661946.0,56.47697097,49.9645935,3.81141427,8.98723054,29.23085414,7.26429125
2023-03-13,14.42,0.41782729805,5050819612.86,4176925261.32,350264883.0,289661946.0,56.71294717,50.17335921,3.82733939,9.02478164,29.35298863,7.29464344
2023-03-14,14.23,-1.317614424411,4984269285.09,4121889491.58,350264883.0,289661946.0,55.9656892,49.5122678,3.77690982,8.90586982,28.96622942,7.19852816
2023-03-15,14.25,0.140548137737,4991274582.75,4127682730.5,350264883.0,289661946.0,56.04434793,49.58185637,3.78221819,8.91838685,29.00694091,7.20864556
2023-03-16,14.01,-1.684210526316,4907211010.83,4058163863.46,350264883.0,289661946.0,55.10044312,48.74679352,3.71851768,8.76818244,28.51840296,7.08723679
2023-03-17,13.92,-0.642398286938,4875687171.36,4032094288.32,350264883.0,289661946.0,54.74647882,48.43364496,3.69462998,8.71185579,28.33520123,7.04170851
2023-03-20,13.65,-1.939655172414,4781115652.95,3953885562.9,350264883.0,289661946.0,53.68458591,47.49419926,3.6229669,8.54287583,27.78559603,6.90512364
2023-03-21,14.04,2.857142857143,4917718957.32,4066853721.84,350264883.0,289661946.0,55.21843122,48.85117638,3.72648024,8.78695799,28.5794702,7.10241289
2023-03-22,13.42,-4.415954415954,4700554729.86,3887263315.32,350264883.0,289661946.0,52.78001047,46.6939307,3.56192057,8.39892993,27.31741383,6.78877357
2023-03-23,13.39,-0.223546944858,4690046783.37,3878573456.94,350264883.0,289661946.0,52.66202237,46.58954784,3.55395801,8.38015438,27.25634658,6.77359748
2023-03-24,13.08,-2.315160567588,4581464669.64,3788778253.68,350264883.0,289661946.0,51.442812,45.510925,3.47167817,8.18614035,26.62531839,6.61677782
2023-03-27,13.1,0.152905198777,4588469967.3,3794571492.6,350264883.0,289661946.0,51.52147073,45.58051357,3.47698655,8.19865739,26.66602989,6.62689522
2023-03-28,13.22,0.916030534351,4630501753.26,3829330926.12,350264883.0,289661946.0,51.99342313,45.99804499,3.50883681,8.27375959,26.91029887,6.6875996
2023-03-29,13.01,-1.588502269289,4556946127.83,3768501917.46,350264883.0,289661946.0,51.16750643,45.267365,3.45309886,8.14233073,26.48282816,6.58136693
2023-03-30,12.89,-0.922367409685,4514914341.87,3733742483.94,350264883.0,289661946.0,50.69555402,44.84983358,3.4212486,8.06722853,26.23855918,6.52066255
2023-03-31,13.03,1.086113266098,4563951425.49,3774295156.38,350264883.0,289661946.0,51.24616516,45.33695358,3.3531026,8.15484777,26.52353965,6.59148433
2023-04-03,13.18,1.151189562548,4616491157.94,3817744448.28,350264883.0,289661946.0,51.83610567,45.85886785,3.39170316,8.24872552,26.82887588,6.66736481
2023-04-04,13.3,0.910470409712,4658522943.9,3852503881.8,350264883.0,289661946.0,52.30805807,46.27639927,3.42258362,8.32382773,27.07314485,6.72806919
2023-04-06,13.42,0.902255639098,4700554729.86,3887263315.32,350264883.0,289661946.0,52.78001047,46.6939307,3.45346407,8.39892993,27.31741383,6.78877357
2023-04-07,13.47,0.372578241431,4718067974.01,3901746412.62,350264883.0,289661946.0,52.97665731,46.86790212,3.46633093,8.43022252,27.41919257,6.81406707
2023-04-10,13.33,-1.039346696362,4669030890.39,3861193740.18,350264883.0,289661946.0,52.42604617,46.38078213,3.43030373,8.34260328,27.1342121,6.74324529
2023-04-11,13.28,-0.375093773443,4651517646.24,3846710642.88,350264883.0,289661946.0,52.22939933,46.2068107,3.41743687,8.31131069,27.03243336,6.71795179
2023-04-12,13.34,0.451807228916,4672533539.22,3864090359.64,350264883.0,289661946.0,52.46537554,46.41557642,3.4328771,8.3488618,27.15456784,6.74830399
2023-04-13,13.58,1.799100449775,4756597111.14,3933609226.68,350264883.0,289661946.0,53.40928034,47.25063926,3.49463801,8.49906621,27.6431058,6.86971275
2023-04-14,13.94,2.650957290133,4882692469.02,4037887527.24,350264883.0,289661946.0,54.82513755,48.50323353,3.58727937,8.72437282,28.37591272,7.0518259
2023-04-17,13.95,0.071736011478,4886195117.85,4040784146.7,350264883.0,289661946.0,54.86446692,48.53802781,3.58985274,8.73063134,28.39626847,7.0568846
2023-04-18,13.83,-0.860215053763,4844163331.89,4006024713.18,350264883.0,289661946.0,54.39251452,48.12049639,3.55897229,8.65552913,28.1519995,6.99618022
2023-04-19,13.89,0.433839479393,4865179224.87,4023404429.94,350264883.0,289661946.0,54.62849072,48.3292621,3.57441251,8.69308024,28.27413398,7.02653241
2023-04-20,13.98,0.647948164147,4896703064.34,4049474005.08,350264883.0,289661946.0,54.98245502,48.64241067,3.59757285,8.74940689,28.45733572,7.0720607
2023-04-21,13.85,-0.929899856938,4851168629.55,4011817952.1,350264883.0,289661946.0,54.47117325,48.19008496,3.56411903,8.66804617,28.19271099,7.00629762
2023-04-24,13.35,-3.610108303249,4676036188.05,3866986979.1,350264883.0,289661946.0,43.72758328,46.4503707,3.43545047,8.35512031,25.30010783,6.14553509
2023-04-25,12.99,-2.696629213483,4549940830.17,3762708678.54,350264883.0,289661946.0,42.54841249,45.19777643,3.34280911,8.1298137,24.61785773,5.9798128
2023-04-26,13.42,3.310238645112,4700554729.86,3887263315.32,350264883.0,289661946.0,43.95686648,46.6939307,3.45346407,8.39892993,25.43276757,6.17775887
2023-04-27,13.71,2.160953800298,4802131545.93,3971265279.66,350264883.0,289661946.0,44.90675406,47.70296497,3.52809183,8.58042693,25.98235793,6.31125739
2023-04-28,13.51,-1.45878920496,4732078569.33,3913332890.46,350264883.0,289661946.0,44.25165918,47.00707926,3.47662441,8.45525659,25.6033301,6.21918945
2023-05-04,13.66,1.110288675056,4784618301.78,3956782182.36,350264883.0,289661946.0,44.74298034,47.52899354,3.51522498,8.54913434,25.88760097,6.2882404
2023-05-05,13.2,-3.367496339678,4623496455.6,3823537687.2,350264883.0,289661946.0,43.23626212,45.92845642,3.3968499,8.26124256,25.01583696,6.07648414
2023-05-08,12.72,-3.636363636364,4455369311.76,3684499953.12,350264883.0,289661946.0,41.6640344,44.25833073,3.27332809,7.96083374,24.10617016,5.85552108
2023-05-09,12.33,-3.066037735849,4318766007.39,3571531794.18,350264883.0,289661946.0,40.38659939,42.90135361,3.17296662,7.71675157,23.36706589,5.67598859
2023-05-10,12.69,2.919708029197,4444861365.27,3675810094.74,350264883.0,289661946.0,41.56577017,44.15394788,3.26560798,7.94205819,24.04931598,5.84171089
2023-05-11,12.55,-1.103230890465,4395824281.65,3635257422.3,350264883.0,289661946.0,41.10720375,43.66682789,3.22958078,7.85443895,23.7839965,5.77726333
2023-05-12,12.5,-0.398406374502,4378311037.5,3620774325.0,350264883.0,289661946.0,40.94343003,43.49285646,3.21671392,7.82314636,23.68923954,5.75424634
2023-05-15,12.73,1.84,4458871960.59,3687396572.58,350264883.0,289661946.0,41.69678915,44.29312502,3.27590146,7.96709225,24.12512155,5.86012447
2023-05-16,12.9,1.335428122545,4518416990.7,3736639103.4,350264883.0,289661946.0,42.25361979,44.88462787,3.31964877,8.07348705,24.44729521,5.93838223
2023-05-17,12.82,-0.62015503876,4490395800.06,3713466147.72,350264883.0,289661946.0,41.99158184,44.60627359,3.2990618,8.02341891,24.29568408,5.90155505
2023-05-18,12.73,-0.702028081123,4458871960.59,3687396572.58,350264883.0,289661946.0,41.69678915,44.29312502,3.27590146,7.96709225,24.12512155,5.86012447
2023-05-19,12.98,1.963864886096,4546438181.34,3759812059.08,350264883.0,289661946.0,42.51565775,45.16298215,3.34023574,8.12355518,24.59890634,5.9752094
2023-05-22,13.28,2.31124807396,4651517646.24,3846710642.88,350264883.0,289661946.0,43.49830007,46.2068107,3.41743687,8.31131069,25.16744809,6.11331131
2023-05-23,13.31,0.225903614458,4662025592.73,3855400501.26,350264883.0,289661946.0,43.5965643,46.31119356,3.42515699,8.33008625,25.22430227,6.12712151
2023-05-24,13.25,-0.150715900528,4641009699.75,3838020784.5,350264883.0,289661946.0,43.40003584,46.10242785,3.40971676,8.29253514,25.11059392,6.09950112
2023-05-25,13.13,-0.905660377358,4598977913.79,3803261350.98,350264883.0,289661946.0,43.00697891,45.68489643,3.37883631,8.21743294,24.88317722,6.04426036
2023-05-26,13.36,1.751713632902,4679538836.88,3869883598.56,350264883.0,289661946.0,43.76033802,46.48516499,3.43802384,8.36137883,25.31905922,6.15013849
2023-05-29,13.31,-0.374251497006,4662025592.73,3855400501.26,350264883.0,289661946.0,43.5965643,46.31119356,3.42515699,8.33008625,25.22430227,6.12712151
2023-05-30,13.34,0.22539444027,4672533539.22,3864090359.64,350264883.0,289661946.0,43.69482853,46.41557642,3.4328771,8.3488618,25.28115644,6.1409317
2023-05-31,13.01,-2.473763118441,4556946127.83,3768501917.46,350264883.0,289661946.0,42.61392198,45.267365,3.34795585,8.14233073,24.65576052,5.98901959
2023-06-01,13.07,0.461183704842,4577962020.81,3785881634.22,350264883.0,289661946.0,42.81045044,45.47613072,3.36339608,8.17988184,24.76946887,6.01663998
2023-06-02,12.99,-0.612088752869,4549940830.17,3762708678.54,350264883.0,289661946.0,42.54841249,45.19777643,3.34280911,8.1298137,24.61785773,5.9798128
2023-06-05,13.14,1.154734411085,4602480562.62,3806157970.44,350264883.0,289661946.0,43.03973365,45.71969071,3.38140968,8.22369146,24.90212861,6.04886375
2023-06-06,12.8,-2.587519025875,4483390502.4,3707672908.8,350264883.0,289661946.0,41.92607235,44.53668502,3.29391506,8.01090187,24.25778129,5.89234825
2023-06-07,12.75,-0.390625,4465877258.25,3693189811.5,350264883.0,289661946.0,41.76229863,44.36271359,3.2810482,7.97960929,24.16302433,5.86933127
2023-06-08,12.68,-0.549019607843,4441358716.44,3672913475.28,350264883.0,289661946.0,41.53301543,44.11915359,3.26303461,7.93579967,24.03036459,5.83710749
2023-06-09,12.68,0.0,4441358716.44,3672913475.28,350264883.0,289661946.0,41.53301543,44.11915359,3.26303461,7.93579967,24.03036459,5.83710749
2023-06-12,12.44,-1.892744479495,4357295144.52,3603394608.24,350264883.0,289661946.0,40.74690157,43.28409075,3.2012737,7.78559526,23.57553119,5.72662596
2023-06-13,12.26,-1.446945337621,4294247465.58,3551255457.96,350264883.0,289661946.0,40.15731618,42.65779362,3.15495302,7.67294195,23.23440614,5.64376481
2023-06-14,12.12,-1.141924959217,4245210381.96,3510702785.52,350264883.0,289661946.0,39.69874976,42.17067362,3.11892582,7.58532271,22.96908666,5.57931725
2023-06-15,12.13,0.082508250825,4248713030.79,3513599404.98,350264883.0,289661946.0,39.7315045,42.20546791,3.12149919,7.59158123,22.98803805,5.58392065
2023-06-16,12.25,0.989282769992,4290744816.75,3548358838.5,350264883.0,289661946.0,40.12456143,42.62299933,3.15237965,7.66668343,23.21545475,5.63916142
2023-06-19,12.31,0.489795918367,4311760709.73,3565738555.26,350264883.0,289661946.0,40.3210899,42.83176504,3.16781987,7.70423454,23.3291631,5.6667818
2023-06-20,12.09,-1.78716490658,4234702435.47,3502012927.14,350264883.0,289661946.0,39.60048553,42.06629077,3.11120571,7.56654716,22.91223249,5.56550706
2023-06-21,12.03,-0.496277915633,4213686542.49,3484633210.38,350264883.0,289661946.0,39.40395706,41.85752506,3.09576548,7.52899606,22.79852414,5.53788668
2023-06-26,11.88,-1.246882793017,4161146810.04,3441183918.48,350264883.0,289661946.0,38.9126359,41.33561078,3.05716491,7.4351183,22.51425326,5.46883572
2023-06-27,12.08,1.683501683502,4231199786.64,3499116307.68,350264883.0,289661946.0,39.56773078,42.03149648,3.10863234,7.56028864,22.8932811,5.56090367
2023-06-28,12.24,1.324503311258,4287242167.92,3545462219.04,350264883.0,289661946.0,40.09180669,42.58820505,3.14980628,7.66042492,23.19650336,5.63455802
2023-06-29,12.14,-0.816993464052,4252215679.62,3516496024.44,350264883.0,289661946.0,39.76425925,42.2402622,3.12407256,7.59783975,23.00698944,5.58852405
2023-06-30,12.26,0.988467874794,4294247465.58,3549746558.46,350264883.0,289538871.0,40.15731618,42.65779362,3.11773422,7.67294195,23.23440614,5.64376481
2023-07-03,12.32,0.489396411093,4315263358.56,3567118890.72,350264883.0,289538871.0,40.35384464,42.86655933,3.1329923,7.71049305,23.34811449,5.67138519
2023-07-04,12.34,0.162337662338,4322268656.22,3572909668.14,350264883.0,289538871.0,40.41935413,42.9361479,3.13807833,7.72301009,23.38601728,5.68059199
2023-07-05,12.28,-0.486223662885,4301252763.24,3555537335.88,350264883.0,289538871.0,40.22282567,42.72738219,3.12282025,7.68545899,23.27230893,5.65297161
2023-07-06,12.22,-0.488599348534,4280236870.26,3538165003.62,350264883.0,289538871.0,40.0262972,42.51861648,3.10756217,7.64790788,23.15860058,5.62535122
2023-07-07,12.12,-0.818330605565,4245210381.96,3509211116.52,350264883.0,289538871.0,39.69874976,42.17067362,3.08213204,7.58532271,22.96908666,5.57931725
2023-07-10,12.28,1.320132013201,4301252763.24,3555537335.88,350264883.0,289538871.0,40.22282567,42.72738219,3.12282025,7.68545899,23.27230893,5.65297161
2023-07-11,12.27,-0.081433224756,4297750114.41,3552641947.17,350264883.0,289538871.0,40.19007092,42.6925879,3.12027724,7.67920047,23.25335754,5.64836821
2023-07-12,12.16,-0.896495517522,4259220977.28,3520792671.36,350264883.0,289538871.0,39.82976874,42.30985077,3.09230409,7.61035678,23.04489223,5.59773084
2023-07-13,12.24,0.657894736842,4287242167.92,3543955781.04,350264883.0,289538871.0,40.09180669,42.58820505,3.1126482,7.66042492,23.19650336,5.63455802
2023-07-14,12.15,-0.735294117647,4255718328.45,3517897282.65,350264883.0,289538871.0,39.79701399,42.27505648,3.08976108,7.60409826,23.02594084,5.59312744
2023-07-17,12.07,-0.658436213992,4227697137.81,3494734172.97,350264883.0,289538871.0,39.53497604,41.9967022,3.06941697,7.55403013,22.8743297,5.55630027
2023-07-18,12.01,-0.49710024855,4206681244.83,3477361840.71,350264883.0,289538871.0,39.33844758,41.78793649,3.05415889,7.51647902,22.76062135,5.52867989
2023-07-19,11.97,-0.333055786844,5065596808.65,3465780285.87,423191045.0,289538871.0,47.37052867,50.32015154,3.67775371,9.05118547,27.40786006,6.65751968
2023-07-20,11.73,-2.005012531328,4964030957.85,3396290956.83,423191045.0,289538871.0,46.42074363,49.31122619,3.60401428,8.86970807,26.85832904,6.52403558
2023-07-21,11.85,1.023017902813,5014813883.25,3431035621.35,423191045.0,289538871.0,46.89563615,49.81568887,3.640884,8.96044677,27.13309455,6.59077763
2023-07-24,11.83,-0.168776371308,5006350062.35,3425244843.93,423191045.0,289538871.0,46.8164874,49.73161175,3.63473904,8.94532365,27.0873003,6.57965396
2023-07-25,12.03,1.690617075232,5090988271.35,3483152618.13,423191045.0,289538871.0,47.60797493,50.57238287,3.69618856,9.09655482,27.54524282,6.69089071
2023-07-26,11.56,-3.906899418121,4892088480.2,3347069348.76,423191045.0,289538871.0,45.74797923,48.59657074,3.55178219,8.74116157,26.46907789,6.42948434
2023-07-27,11.57,0.086505190311,4896320390.65,3349964737.47,423191045.0,289538871.0,45.78755361,48.6386093,3.55485467,8.74872313,26.49197502,6.43504618
2023-07-28,11.79,1.9014693172,4989422420.55,3413663289.09,423191045.0,289538871.0,46.65818989,49.56345753,3.62244914,8.91507742,26.99571179,6.5574066
2023-07-31,11.65,-1.187446988974,4930175674.25,3373127847.15,423191045.0,289538871.0,46.10414862,48.97491775,3.57943448,8.8092156,26.67515203,6.47954088
2023-08-01,11.62,-0.257510729614,4917479942.9,3364441681.02,423191045.0,289538871.0,45.98542549,48.84880208,3.57021705,8.78653092,26.60646065,6.46285536
2023-08-02,11.31,-2.667814113597,4786290718.95,3274684631.01,423191045.0,289538871.0,44.75861982,47.54560684,3.4749703,8.55212261,25.89664973,6.2904384
2023-08-03,11.47,1.414677276746,4854001286.15,3321010850.37,423191045.0,289538871.0,45.39180984,48.21822374,3.52412991,8.67310755,26.26300375,6.3794278
2023-08-04,11.3,-1.482127288579,4782058808.5,3271789242.3,423191045.0,289538871.0,44.71904544,47.50356829,3.47189782,8.54456105,25.87375261,6.28487656
2023-08-07,11.02,-2.477876106195,4663565315.9,3190718358.42,423191045.0,289538871.0,43.6109629,46.32648872,3.38586849,8.33283742,25.23263307,6.1291451
2023-08-08,11.1,0.725952813067,4697420599.5,3213881468.1,423191045.0,289538871.0,43.92755791,46.66279717,3.4104483,8.39332988,25.41581008,6.17363981
2023-08-09,11.35,2.252252252252,4803218360.75,3310025594.85,423191045.0,291632211.0,44.91691732,47.71376107,3.4872602,8.58236885,25.98823824,6.31268575
2023-08-10,11.33,-0.176211453744,4794754539.85,3304192950.63,423191045.0,291632211.0,44.83776857,47.62968395,3.48111525,8.56724573,25.94244399,6.30156207
2023-08-11,11.36,0.264783759929,4807450271.2,3312941916.96,423191045.0,291632211.0,44.9564917,47.75579962,3.49033267,8.5899304,26.01113537,6.31824758
2023-08-14,11.23,-1.144366197183,4752435435.35,3275029729.53,423191045.0,291632211.0,44.44202481,47.20929839,3.45039049,8.49163014,25.71347273,6.2459437
2023-08-15,11.41,1.60284951024,4828609823.45,3327523527.51,423191045.0,291632211.0,45.15436358,47.9659924,3.50569505,8.6277382,26.125621,6.34605677
2023-08-16,11.25,-1.402278702892,4760899256.25,3280862373.75,423191045.0,291632211.0,44.52117356,47.29337551,3.45653544,8.50675326,25.75926698,6.25706737
2023-08-17,11.27,0.177777777778,4769363077.15,3286695017.97,423191045.0,291632211.0,44.60032231,47.37745262,3.46268039,8.52187638,25.80506123,6.26819105
2023-08-18,10.91,-3.194321206744,4617014300.95,3181707422.01,423191045.0,291632211.0,43.17564476,45.8640646,3.35207126,8.24966027,24.98076469,6.06796489
2023-08-21,10.73,-1.649862511457,4540839912.85,3129213624.03,423191045.0,291632211.0,42.46330598,45.10737059,3.29676669,8.11355222,24.56861641,5.96785181
2023-08-22,10.63,-0.931966449208,4498520808.35,3100050402.93,423191045.0,291632211.0,42.06756222,44.68698503,3.26604193,8.03793664,24.33964515,5.91223344
2023-08-23,10.54,-0.846660395108,4460433614.3,3073803503.94,423191045.0,291632211.0,41.71139283,44.30863803,3.23838965,7.96988261,24.13357102,5.8621769
2023-08-24,10.6,0.569259962049,4485825077.0,3091301436.6,423191045.0,291632211.0,41.94883909,44.56086937,3.2568245,8.01525196,24.27095377,5.89554792
2023-08-25,10.52,-0.754716981132,4451969793.4,3067970859.72,423191045.0,291632211.0,41.63224407,44.22456092,3.2322447,7.95475949,24.08777676,5.85105322
2023-08-28,10.53,0.095057034221,4456201703.85,3070887181.83,423191045.0,291632211.0,41.67181845,44.26659947,3.23531717,7.96232105,24.11067389,5.85661506
2023-08-29,10.83,2.849002849003,4583159017.35,3158376845.13,423191045.0,291632211.0,39.83284113,45.52775615,3.32749145,8.18916781,21.76426261,5.98567977
2023-08-30,10.83,0.0,4583159017.35,3158376845.13,423191045.0,291632211.0,39.83284113,45.52775615,3.32749145,8.18916781,21.76426261,5.98567977
2023-08-31,10.95,1.108033240997,4633941942.75,3193372710.45,423191045.0,291632211.0,40.27420225,46.03221883,3.36436116,8.27990651,22.00541787,6.05200309
2023-09-01,10.85,-0.913242009132,4591622838.25,3164209489.35,423191045.0,291632211.0,39.90640131,45.61183327,3.3336364,8.20429092,21.80445515,5.99673365
2023-09-04,10.85,0.0,4591622838.25,3164209489.35,423191045.0,291632211.0,39.90640131,45.61183327,3.3336364,8.20429092,21.80445515,5.99673365
2023-09-05,10.78,-0.645161290323,4561999465.1,3143795234.58,423191045.0,291632211.0,39.64894066,45.31756337,3.31212907,8.15136001,21.66378125,5.95804505
2023-09-06,10.8,0.185528756957,4570463286.0,3149627878.8,423191045.0,291632211.0,39.72250085,45.40164049,3.31827402,8.16648313,21.70397379,5.96909894
2023-09-07,10.64,-1.481481481481,4502752718.8,3102966725.04,423191045.0,291632211.0,39.13401935,44.72902359,3.26911441,8.04549819,21.38243344,5.88066784
2023-09-08,10.74,0.93984962406,4545071823.3,3132129946.14,423191045.0,291632211.0,39.50182029,45.14940915,3.29983917,8.12111378,21.58339616,5.93593728
2023-09-11,11.37,5.865921787709,4811682181.65,3315858239.07,423191045.0,291632211.0,41.81896617,47.79783818,3.49340515,8.59749196,22.8494613,6.28413471
2023-09-12,11.46,0.791556728232,4849769375.7,3342105138.06,423191045.0,291632211.0,42.14998701,48.17618518,3.52105743,8.66554599,23.03032774,6.33387721
2023-09-13,11.23,-2.006980802792,4752435435.35,3275029729.53,423191045.0,291632211.0,41.30404486,47.20929839,3.45039049,8.49163014,22.56811349,6.20675751
2023-09-14,11.23,0.0,4752435435.35,3275029729.53,423191045.0,291632211.0,41.30404486,47.20929839,3.45039049,8.49163014,22.56811349,6.20675751
2023-09-15,11.46,2.048085485307,4849140221.7,3342105138.06,423136145.0,291632211.0,42.14451895,48.16993535,3.52060065,8.66442182,23.02734005,6.33305552
2023-09-18,11.54,0.698080279232,4882991113.3,3365435714.94,423136145.0,291632211.0,42.43872152,48.50620017,3.54517727,8.72490644,23.18808937,6.37726533
2023-09-19,11.34,-1.733102253033,4798363884.3,3307109272.74,423136145.0,291632211.0,41.70321508,47.66553812,3.48373572,8.57369489,22.78621607,6.2667408
2023-09-20,11.23,-0.970017636684,4751818908.35,3275029729.53,423136145.0,291632211.0,41.29868654,47.203174,3.44994287,8.49052854,22.56518576,6.20595231
2023-09-21,11.04,-1.691896705254,4671423040.8,3219619609.44,423136145.0,291632211.0,40.59995543,46.40454505,3.3915734,8.34687756,22.18340612,6.10095401
2023-09-22,11.25,1.902173913043,4760281631.25,3280862373.75,423136145.0,291632211.0,41.37223719,47.2872402,3.45608703,8.50564969,22.60537309,6.21700476
2023-09-25,11.32,0.622222222222,4789901161.4,3301276628.52,423136145.0,291632211.0,41.62966444,47.58147192,3.47759157,8.55857373,22.74602874,6.25568835
2023-09-26,11.22,-0.883392226148,4747587546.9,3272113407.42,423136145.0,291632211.0,41.26191122,47.16114089,3.4468708,8.48296796,22.54509209,6.20042609
2023-09-27,11.5,2.495543672014,4866065667.5,3353770426.5,423136145.0,291632211.0,42.29162024,48.33806776,3.53288896,8.69466413,23.10771471,6.35516043
2023-09-28,11.52,0.173913043478,4874528390.4,3359603070.72,423136145.0,291632211.0,42.36517088,48.42213397,3.53903312,8.70978528,23.14790204,6.36621288
2023-10-09,11.43,-0.78125,4836446137.35,3333356171.73,423136145.0,291632211.0,42.03419298,48.04383604,2.20743439,8.64174009,22.96705906,6.31647684
2023-10-10,11.28,-1.312335958005,4772975715.6,3289611340.08,423136145.0,291632211.0,41.48256315,47.41333951,2.17846543,8.52833142,22.66565408,6.23358344
2023-10-11,11.47,1.684397163121,4853371583.15,3345021460.17,423136145.0,291632211.0,42.18129427,48.21196845,2.21515944,8.6719824,23.04743372,6.33858175
2023-10-12,11.63,1.394943330427,4921073366.35,3391682613.93,423136145.0,291632211.0,42.76969942,48.88449809,2.24605966,8.79295164,23.36893236,6.42700137
2023-10-13,11.86,1.977644024076,5018394679.7,3458758022.46,423136145.0,291632211.0,43.61553183,49.85125945,2.29047873,8.96684492,23.83108665,6.55410458
2023-10-16,11.69,-1.433389544688,4946461535.05,3409180546.59,423136145.0,291632211.0,42.99035135,49.13669671,2.25764725,8.8383151,23.48949435,6.46015873
2023-10-17,11.49,-1.710863986313,4861834306.05,3350854104.39,423136145.0,291632211.0,42.25484491,48.29603466,2.21902197,8.68710355,23.08762105,6.3496342
2023-10-18,11.13,-3.13315926893,4709505293.85,3245866508.43,423136145.0,291632211.0,40.93093332,46.78284297,2.14949648,8.41492276,22.36424911,6.15069005
2023-10-19,10.93,-1.796945193172,4624878064.85,3187540066.23,423136145.0,291632211.0,40.19542688,45.94218092,2.11087121,8.26371121,21.96237581,6.04016552
2023-10-20,10.85,-0.731930466606,4591027173.25,3164209489.35,423136145.0,291632211.0,39.90122431,45.6059161,2.0954211,8.20322659,21.80162649,5.99595571
2023-10-23,10.54,-2.857142857143,4459854968.3,3073803503.94,423136145.0,291632211.0,38.76118933,44.30288993,2.03555192,7.96884869,21.17872287,5.82464269
2023-10-24,10.7,1.518026565465,4527556751.5,3120464657.7,423136145.0,291632211.0,39.34959448,44.97541957,2.06645214,8.08981793,21.50022151,5.91306231
2023-10-25,10.65,-0.467289719626,4506399944.25,3105883047.15,423136145.0,291632211.0,39.16571787,44.76525406,2.05679582,8.05201504,21.39975319,5.88543118
2023-10-26,10.41,-2.253521126761,4404847269.45,3035891316.51,423136145.0,291632211.0,42.01724025,43.7564596,2.01044549,7.87056118,27.47110874,5.86300367
2023-10-27,11.24,7.973102785783,4756050269.8,3277946051.64,423136145.0,291632211.0,45.367318,47.2452071,2.17074038,8.49808911,29.66140848,6.33046698
2023-10-30,11.43,1.690391459075,4836446137.35,3333356171.73,423136145.0,291632211.0,46.13420327,48.04383604,2.20743439,8.64174009,30.1628024,6.43747665
2023-10-31,11.53,0.87489063867,4878759751.85,3362519392.83,423136145.0,291632211.0,46.53782709,48.46416707,2.22674703,8.71734586,30.42669393,6.49379753
2023-11-01,11.48,-0.433651344319,4857602944.6,3347937782.28,423136145.0,291632211.0,46.33601518,48.25400156,2.21709071,8.67954297,30.29474816,6.46563709
2023-11-02,11.44,-0.348432055749,4840677498.8,3336272493.84,423136145.0,291632211.0,46.17456565,48.08586915,2.20936565,8.64930066,30.18919155,6.44310874
2023-11-03,11.36,-0.699300699301,4806826607.2,3312941916.96,423136145.0,291632211.0,45.85166659,47.74960433,2.19391554,8.58881604,29.97807832,6.39805204
2023-11-06,11.59,2.024647887324,4904147920.55,3380017325.49,423136145.0,291632211.0,46.78000139,48.71636568,2.23833461,8.76270933,30.58502885,6.52759006
2023-11-07,11.51,-0.690250215703,4870297028.95,3356686748.61,423136145.0,291632211.0,46.45710233,48.38010086,2.2228845,8.70222471,30.37391562,6.48253336
2023-11-08,11.64,1.12945264987,4925304727.8,3394598936.04,423136145.0,291632211.0,46.9818133,48.92653119,2.24799093,8.80051221,30.71697462,6.5557505
2023-11-09,11.44,-1.718213058419,4840677498.8,3336272493.84,423136145.0,291632211.0,46.17456565,48.08586915,2.20936565,8.64930066,30.18919155,6.44310874
2023-11-10,11.52,0.699300699301,4874528390.4,3359603070.72,423136145.0,291632211.0,46.49746471,48.42213397,2.22481576,8.70978528,30.40030478,6.48816544
2023-11-13,11.65,1.128472222222,4929536089.25,3397515258.15,423136145.0,291632211.0,47.02217568,48.9685643,2.24992219,8.80807279,30.74336377,6.56138259
2023-11-14,11.74,0.772532188841,4967618342.3,3423762157.14,423136145.0,291632211.0,47.38543713,49.34686222,2.26730356,8.87611799,30.98086615,6.61207138
2023-11-15,11.7,-0.340715502555,4950692896.5,3412096868.7,423136145.0,291632211.0,47.2239876,49.17872981,2.25957851,8.84587568,30.87530954,6.58954303
2023-11-16,11.61,-0.769230769231,4912610643.45,3385849969.71,423136145.0,291632211.0,46.86072615,48.80043189,2.24219714,8.77783048,30.63780716,6.53885424
2023-11-17,11.73,1.033591731266,4963386980.85,3420845835.03,423136145.0,291632211.0,47.34507474,49.30482912,2.2653723,8.86855741,30.954477,6.60643929
2023-11-20,11.99,2.216538789429,5073402378.55,3496670209.89,423136145.0,291632211.0,48.39449669,50.39768978,2.31558516,9.06513243,31.64059499,6.75287358
2023-11-21,11.82,-1.417848206839,5001469233.9,3447092734.02,423136145.0,291632211.0,47.70833619,49.68312704,2.28275367,8.93660261,31.19197938,6.65712809
2023-11-22,11.7,-1.015228426396,4950692896.5,3412096868.7,423136145.0,291632211.0,47.2239876,49.17872981,2.25957851,8.84587568,30.87530954,6.58954303
2023-11-23,11.85,1.282051282051,5014163318.25,3455841700.35,423136145.0,291632211.0,47.82942333,49.80922634,2.28854746,8.95928434,31.27114684,6.67402435
2023-11-24,11.84,-0.084388185654,5009931956.8,3452925378.24,423136145.0,291632211.0,47.78906095,49.76719324,2.2866162,8.95172376,31.24475769,6.66839226
2023-11-27,11.68,-1.351351351351,4942230173.6,3406264224.48,423136145.0,291632211.0,47.14326283,49.0946636,2.25571598,8.83075452,30.82253123,6.57827885
2023-11-28,11.82,1.198630136986,5001469233.9,3447092734.02,423136145.0,291632211.0,47.70833619,49.68312704,2.28275367,8.93660261,31.19197938,6.65712809
2023-11-29,11.71,-0.93062605753,4954924257.95,3415013190.81,423136145.0,291632211.0,47.26434998,49.22076291,2.26150977,8.85343626,30.90169869,6.59517512
2023-11-30,11.69,-0.170794192997,4946461535.05,3409180546.59,423136145.0,291632211.0,47.18362521,49.13669671,2.25764725,8.8383151,30.84892039,6.58391094
2023-12-01,11.59,-0.855431993157,4904147920.55,3380017325.49,423136145.0,291632211.0,46.78000139,48.71636568,2.23833461,8.76270933,30.58502885,6.52759006
2023-12-04,11.47,-1.035375323555,4853371583.15,3345021460.17,423136145.0,291632211.0,46.2956528,48.21196845,2.21515944,8.6719824,30.26835901,6.460005
2023-12-05,11.41,-0.52310374891,4827983414.45,3327523527.51,423136145.0,291632211.0,46.0534785,47.95976984,2.20357186,8.62661893,30.11002409,6.42621248
2023-12-06,11.42,0.087642418931,4832214775.9,3330439849.62,423136145.0,291632211.0,46.09384088,48.00180294,2.20550313,8.63417951,30.13641324,6.43184456
2023-12-07,11.29,-1.138353765324,4777207077.05,3292527662.19,423136145.0,291632211.0,45.56912991,47.45537261,2.1803967,8.535892,29.79335425,6.35862742
2023-12-08,11.18,-0.974313551816,4730662101.1,3260448118.98,423136145.0,291632211.0,45.1251437,46.99300848,2.1591528,8.45272565,29.50307356,6.29667445
2023-12-11,11.16,-0.178890876565,4722199378.2,3254615474.76,423136145.0,291632211.0,45.04441894,46.90894228,2.15529027,8.43760449,29.45029525,6.28541027
2023-12-12,11.11,-0.448028673835,4701042570.95,3240033864.21,423136145.0,291632211.0,44.84260702,46.69877677,2.14563395,8.39980161,29.31834949,6.25724983
2023-12-13,11.18,0.630063006301,4730662101.1,3260448118.98,423136145.0,291632211.0,45.1251437,46.99300848,2.1591528,8.45272565,29.50307356,6.29667445
2023-12-14,11.1,-0.715563506261,4696811209.5,3237117542.1,423136145.0,291632211.0,44.80224464,46.65674366,2.14370269,8.39224103,29.29196033,6.25161775
2023-12-15,10.87,-2.072072072072,4599489896.15,3170042133.57,423136145.0,291632211.0,43.87390984,45.68998231,2.09928362,8.21834775,28.6850098,6.12207972
2023-12-18,10.78,-0.827966881325,4561407643.1,3143795234.58,423136145.0,291632211.0,43.5106484,45.31168439,2.08190225,8.15030255,28.44750742,6.07139093
2023-12-19,10.85,0.649350649351,4591027173.25,3164209489.35,423136145.0,291632211.0,43.79318508,45.6059161,2.0954211,8.20322659,28.6322315,6.11081554
2023-12-20,10.76,-0.829493087558,4552944920.2,3137962590.36,423136145.0,291632211.0,43.42992363,45.22761818,2.07803972,8.13518139,28.39472912,6.06012675
2023-12-21,10.83,0.650557620818,4582564450.35,3158376845.13,423136145.0,291632211.0,43.71246031,45.5218499,2.09155857,8.18810544,28.57945319,6.09955137
2023-12-22,10.54,-2.677746999077,4459854968.3,3073803503.94,423136145.0,291632211.0,42.54195122,44.30288993,2.03555192,7.96884869,27.81416774,5.93622081
2023-12-25,10.49,-0.474383301708,4438698161.05,3059221893.39,423136145.0,291632211.0,42.34013931,44.09272442,2.0258956,7.9310458,27.68222197,5.90806037
2023-12-26,10.32,-1.620591039085,4366765016.4,3009644417.52,423136145.0,291632211.0,41.6539788,43.37816168,1.99306412,7.80251598,27.23360636,5.81231488
2023-12-27,10.33,0.096899224806,4370996377.85,3012560739.63,423136145.0,291632211.0,41.69434118,43.42019478,1.99499538,7.81007656,27.25999552,5.81794697
2023-12-28,10.55,2.129719264279,4464086329.75,3076719826.05,423136145.0,291632211.0,42.5823136,44.34492303,2.03748319,7.97640927,27.84055689,5.9418529
2023-12-29,10.54,-0.094786729858,4459854968.3,3073803503.94,423136145.0,291632211.0,42.54195122,44.30288993,2.03555192,7.96884869,27.81416774,5.93622081
2024-01-02,10.49,-0.474383301708,4438698161.05,3057683409.01,423136145.0,291485549.0,42.34013931,41.88112614,1.99362209,73.45781033,27.68222197,5.90806037
2024-01-03,10.5,0.095328884652,4442929522.5,3060598264.5,423136145.0,291485549.0,42.38050169,41.92105095,1.99552259,73.52783684,27.70861113,5.91369246
2024-01-04,10.45,-0.47619047619,4421772715.25,3046023987.05,423136145.0,291485549.0,42.17868978,41.72142689,1.9860201,73.17770428,27.57666536,5.88553202
2024-01-05,10.18,-2.583732057416,4307525956.1,2967322888.82,423136145.0,291485549.0,41.08890545,40.64345701,1.93470666,71.28698848,26.86415822,5.73346564
2024-01-08,10.06,-1.178781925344,4256749618.7,2932344622.94,423136145.0,291485549.0,40.60455686,40.16435929,1.91190069,70.44667034,26.54748837,5.66588059
2024-01-09,9.97,-0.894632206759,4218667365.65,2906110923.53,423136145.0,291485549.0,40.24129541,39.80503599,1.89479621,69.81643174,26.30998599,5.6151918
2024-01-10,9.95,-0.200601805416,4210204642.75,2900281212.55,423136145.0,291485549.0,40.16057065,39.72518637,1.89099522,69.67637872,26.25720769,5.60392762
2024-01-11,10.02,0.70351758794,4239824172.9,2920685200.98,423136145.0,291485549.0,40.44310733,40.00466005,1.9042987,70.1665643,26.44193176,5.64335224
2024-01-12,9.93,-0.898203592814,4201741919.85,2894451501.57,423136145.0,291485549.0,40.07984588,39.64533675,1.88719422,69.5363257,26.20442938,5.59266344
2024-01-15,9.93,0.0,4201741919.85,2894451501.57,423136145.0,291485549.0,40.07984588,39.64533675,1.88719422,69.5363257,26.20442938,5.59266344
2024-01-16,9.9,-0.302114803625,4189047835.5,2885706935.1,423136145.0,291485549.0,39.95875873,39.52556232,1.88149273,69.32624616,26.12526192,5.57576718
2024-01-17,9.63,-2.727272727273,4074801076.35,2807005836.87,423136145.0,291485549.0,38.86897441,38.44759244,1.83017929,67.43553036,25.41275478,5.4237008
2024-01-18,9.63,0.0,4074801076.35,2807005836.87,423136145.0,291485549.0,38.86897441,38.44759244,1.83017929,67.43553036,25.41275478,5.4237008
2024-01-19,9.37,-2.69989615784,3964785678.65,2731219594.13,423136145.0,291485549.0,37.81955246,37.40954737,1.78076635,65.61484107,24.72663679,5.27726651
2024-01-22,8.66,-7.577374599787,3664359015.7,2524264854.34,423136145.0,291485549.0,34.9538233,34.57488583,1.64583101,60.64295877,22.85300689,4.87738826
2024-01-23,8.6,-0.692840646651,3638970847.0,2506775721.4,423136145.0,291485549.0,34.711649,34.33533697,1.63442803,60.2227997,22.69467197,4.84359573
2024-01-24,8.55,-0.581395348837,3617814039.75,2492201443.95,423136145.0,291485549.0,34.50983709,34.13571291,1.62492554,59.87266714,22.5627262,4.81543529
2024-01-25,9.07,6.081871345029,3837844835.15,2643773929.43,423136145.0,291485549.0,36.60868098,36.21180306,1.72375142,63.51404573,23.93496218,5.10830387
2024-01-26,8.95,-1.323042998897,3787068497.75,2608795663.55,423136145.0,291485549.0,36.12433239,35.73270533,1.70094545,62.67372759,23.61829234,5.04071881
2024-01-29,8.07,-9.832402234637,3414708690.15,2940802507.77,423136145.0,364411711.0,32.57244273,32.21932201,1.53370165,56.5113946,21.29604684,4.54509506
2024-01-30,7.6,-5.824039653036,3215834702.0,2769529003.6,423136145.0,364411711.0,30.67541075,30.34285592,1.44437826,53.22014857,20.05575662,4.28038693
2024-01-31,7.13,-6.184210526316,3016960713.85,2598255499.43,423136145.0,364411711.0,28.77837877,28.46638983,1.35505486,49.92890254,18.81546641,4.01567879
2024-02-01,7.15,0.280504908836,3025423436.75,2605543733.65,423136145.0,364411711.0,28.85910353,28.54623945,1.35885586,50.06895556,18.86824472,4.02694296
2024-02-02,6.85,-4.195804195804,2898482593.25,2496220220.35,423136145.0,364411711.0,27.64823205,27.34849514,1.30184093,47.96816022,18.07657012,3.85798032
2024-02-05,6.2,-9.489051094891,2623444099.0,2259352608.2,423136145.0,364411711.0,25.02467719,24.75338246,1.17830858,43.41643699,16.36127514,3.4918946
2024-02-06,6.42,3.548387096774,2716534050.9,2339523184.62,423136145.0,364411711.0,25.9126496,25.63172829,1.22011953,44.95702024,16.94183652,3.61580053
2024-02-07,6.6,2.803738317757,2792698557.0,2405117292.6,423136145.0,364411711.0,26.63917249,26.35037488,1.25432849,46.21749744,17.41684128,3.71717812
2024-02-08,7.42,12.424242424242,3139670195.9,2704155714.82,423136145.0,364441471.0,29.94888786,29.62420934,1.4101693,51.95967137,19.58075186,4.17900934
2024-02-19,7.51,1.212938005391,3177752448.95,2736955447.21,423136145.0,364441471.0,30.3121493,29.98353263,1.42727378,52.58990997,19.81825424,4.22969813
2024-02-20,7.59,1.065246338216,3211603340.55,2766110764.89,423136145.0,364441471.0,30.63504836,30.30293111,1.44247776,53.15012206,20.02936747,4.27475484
2024-02-21,7.75,2.108036890646,3279305123.75,2824421400.25,423136145.0,364441471.0,31.28084648,30.94172808,1.47288572,54.27054624,20.45159393,4.36486825
2024-02-22,7.82,0.903225806452,3308924653.9,2849932303.22,423136145.0,364441471.0,31.56338316,31.22120175,1.4861892,54.76073182,20.636318,4.40429286
2024-02-23,7.87,0.639386189258,3330081461.15,2868154376.77,423136145.0,364441471.0,31.76519507,31.4208258,1.49569169,55.11086437,20.76826377,4.4324533
2024-02-26,8.05,2.287166454892,3406245967.25,2933753841.55,423136145.0,364441471.0,32.49171796,32.13947239,1.52990065,56.37134158,21.24326853,4.53383089
2024-02-27,8.06,0.124223602484,3410477328.7,2937398256.26,423136145.0,364441471.0,32.53208034,32.1793972,1.53180115,56.44136809,21.26965768,4.53946298
2024-02-28,7.34,-8.93300248139,3105819304.3,2675000397.14,423136145.0,364441471.0,29.6259888,29.30481085,1.39496532,51.39945928,19.36963863,4.13395264
2024-02-29,7.75,5.58583106267,3279305123.75,2824421400.25,423136145.0,364441471.0,31.28084648,30.94172808,1.47288572,54.27054624,20.45159393,4.36486825
2024-03-01,7.68,-0.903225806452,3249685593.6,2798910497.28,423136145.0,364441471.0,30.99830981,30.66225441,1.45958224,53.78036066,20.26686985,4.32544363
2024-03-04,7.71,0.390625,3262379677.95,2809843741.41,423136145.0,364441471.0,31.11939695,30.78202884,1.46528373,53.99044019,20.34603731,4.34233989
2024-03-05,7.51,-2.594033722438,3177752448.95,2736955447.21,423136145.0,364441471.0,30.3121493,29.98353263,1.42727378,52.58990997,19.81825424,4.22969813
2024-03-06,7.47,-0.532623169108,3160827003.15,2722377788.37,423136145.0,364441471.0,30.15069977,29.82383339,1.41967179,52.30980392,19.71269763,4.20716978
2024-03-07,7.33,-1.874163319946,3101587942.85,2671355982.43,423136145.0,364441471.0,29.58562642,29.26488604,1.39306482,51.32943277,19.34324948,4.12832055
2024-03-08,7.35,0.272851296044,3110050665.75,2678644811.85,423136145.0,364441471.0,29.66635118,29.34473566,1.39686581,51.46948579,19.39602779,4.13958472
2024-03-11,7.46,1.496598639456,3156595641.7,2718733373.66,423136145.0,364441471.0,30.11033739,29.78390858,1.41777129,52.23977741,19.68630848,4.20153769
2024-03-12,7.78,4.289544235925,3291999208.1,2835354644.38,423136145.0,364441471.0,31.40193363,31.06150251,1.47858721,54.48062577,20.53076139,4.38176451
2024-03-13,7.81,0.385604113111,3304693292.45,2846287888.51,423136145.0,364441471.0,31.52302078,31.18127694,1.48428871,54.69070531,20.60992885,4.39866077
2024-03-14,7.78,-0.384122919334,3291999208.1,2835354644.38,423136145.0,364441471.0,31.40193363,31.06150251,1.47858721,54.48062577,20.53076139,4.38176451
2024-03-15,8.03,3.213367609254,3397783244.35,2926465012.13,423136145.0,364441471.0,32.4109932,32.05962277,1.52609966,56.23128855,21.19049022,4.52256671
2024-03-18,8.04,0.124533001245,3402014605.8,2930109426.84,423136145.0,364441471.0,32.45135558,32.09954758,1.52800015,56.30131507,21.21687938,4.5281988
2024-03-19,7.96,-0.995024875622,3368163714.2,2900954109.16,423136145.0,364441471.0,32.12845652,31.7801491,1.51279617,55.74110298,21.00576615,4.4831421
2024-03-20,8.06,1.256281407035,3410477328.7,2937398256.26,423136145.0,364441471.0,32.53208034,32.1793972,1.53180115,56.44136809,21.26965768,4.53946298
2024-03-21,8.04,-0.248138957816,3402014605.8,2930109426.84,423136145.0,364441471.0,32.45135558,32.09954758,1.52800015,56.30131507,21.21687938,4.5281988
2024-03-22,7.77,-3.358208955224,3287767846.65,2831710229.67,423136145.0,364441471.0,31.36157125,31.0215777,1.47668672,54.41059926,20.50437223,4.37613242
2024-03-25,7.47,-3.861003861004,3160827003.15,2722377788.37,423136145.0,364441471.0,30.15069977,29.82383339,1.41967179,52.30980392,19.71269763,4.20716978
2024-03-26,7.43,-0.53547523427,3143901557.35,2707800129.53,423136145.0,364441471.0,29.98925024,29.66413415,1.41206979,52.02969788,19.60714102,4.18464143
2024-03-27,7.31,-1.615074024226,3093125219.95,2664067153.01,423136145.0,364441471.0,29.50490165,29.18503642,1.38926382,51.18937974,19.29047117,4.11705637
2024-03-28,7.36,0.683994528044,3114282027.2,2682289226.56,423136145.0,364441471.0,29.70671356,29.38466047,1.39876631,51.5395123,19.42241694,4.14521681
2024-03-29,7.44,1.086956521739,3148132918.8,2711444544.24,423136145.0,364441471.0,30.02961262,29.70405896,1.41397029,52.09972439,19.63353017,4.19027352
2024-04-01,7.63,2.55376344086,3228528786.35,2780688423.73,423136145.0,364441471.0,30.79649789,30.46263035,1.4213533,53.4302281,20.13492408,4.29728319
2024-04-02,7.67,0.524246395806,3245454232.15,2795266082.57,423136145.0,364441471.0,30.95794742,30.6223296,1.4288047,53.71033415,20.2404807,4.31981154
2024-04-03,7.64,-0.391134289439,3232760147.8,2784332838.44,423136145.0,364441471.0,30.83686028,30.50255517,1.42321615,53.50025462,20.16131324,4.30291528
2024-04-08,7.28,-4.712041884817,3080431135.6,2653133908.88,423136145.0,364441471.0,29.3838145,29.06526199,1.35615361,50.97930021,19.21130371,4.10016011
2024-04-09,7.79,7.005494505495,3296230569.55,2838999059.09,423136145.0,364441471.0,31.44229601,31.10142732,1.45115888,54.55065228,20.55715054,4.3873966
2024-04-10,8.6,10.397946084724,3638970847.0,3134196650.6,423136145.0,364441471.0,34.711649,34.33533697,1.6020496,60.2227997,22.69467197,4.84359573
2024-04-11,8.93,3.837209302326,3778605774.85,3254462336.03,423136145.0,364441471.0,36.04360763,35.65285571,1.66352359,62.53367457,23.56551403,5.02945464
2024-04-12,9.32,4.367301231803,3943628871.4,3396594509.72,423136145.0,364441471.0,37.61774055,37.20992332,1.73617468,65.26470851,24.59469102,5.24910607
2024-04-15,9.32,0.0,3943628871.4,3396594509.72,423136145.0,364441471.0,37.61774055,37.20992332,1.73617468,65.26470851,24.59469102,5.24910607
2024-04-16,9.21,-1.18025751073,3897083895.45,3356505947.91,423136145.0,364441471.0,37.17375434,36.7707504,1.71568335,64.49441689,24.30441033,5.1871531
2024-04-17,9.47,2.823018458198,4007099293.15,3451260730.37,423136145.0,364441471.0,38.22317628,37.80879547,1.7641174,66.31510618,24.99052832,5.33358739
2024-04-18,9.25,-2.323125659979,3914009341.25,3371083606.75,423136145.0,364441471.0,37.33520387,36.93044964,1.72313474,64.77452293,24.40996694,5.20968145
2024-04-19,9.16,-0.972972972973,3875927088.2,3338283874.36,423136145.0,364441471.0,36.97194243,36.57112635,1.7063691,64.14428433,24.17246456,5.15899266
2024-04-22,10.29,12.336244541485,4354070932.05,3750102736.59,423136145.0,364441471.0,41.53289165,41.08262993,1.91687097,72.0572801,27.1544389,5.79541861
2024-04-23,10.02,-2.623906705539,4239824172.9,3651703539.42,423136145.0,364441471.0,40.44310733,40.00466005,1.86657406,70.1665643,26.44193176,5.64335224
2024-04-24,9.9,-1.197604790419,4189047835.5,3607970562.9,423136145.0,364441471.0,39.95875873,39.52556232,1.84421988,69.32624616,26.12526192,5.57576718
2024-04-25,10.39,4.949494949495,4396384546.55,3786546883.69,423136145.0,364441471.0,37.75356081,41.48187803,1.93549945,72.75754522,40.62169907,6.21092304
2024-04-26,10.31,-0.769971126083,4362533654.95,3757391566.01,423136145.0,364441471.0,37.4628693,41.16247955,1.92059667,72.19733313,40.30892372,6.16310073
2024-04-29,10.25,-0.581959262852,4337145486.25,3735525077.75,423136145.0,364441471.0,37.24485066,40.92293069,1.90941958,71.77717406,40.0743422,6.12723399
2024-04-30,10.74,4.780487804878,4544482197.3,3914101398.54,423136145.0,364441471.0,39.0253362,42.8792464,2.00069915,75.20847311,41.99009125,6.42014567
2024-05-06,11.11,3.445065176909,4701042570.95,4048944742.81,423136145.0,364441471.0,40.36978447,44.35646438,2.06962454,77.79945403,43.43667726,6.64132387
2024-05-07,11.09,-0.1800180018,4692579848.05,4041655913.39,423136145.0,364441471.0,40.29711159,44.27661476,2.06589884,77.65940101,43.35848342,6.62936829
2024-05-08,11.08,-0.090171325518,4688348486.6,4038011498.68,423136145.0,364441471.0,40.26077515,44.23668995,2.06403599,77.58937449,43.3193865,6.6233905
2024-05-09,11.12,0.361010830325,4705273932.4,4052589157.52,423136145.0,364441471.0,40.40612091,44.39638919,2.07148738,77.86948054,43.47577418,6.64730166
2024-05-10,10.8,-2.877697841727,4569870366.0,3935967886.8,423136145.0,364441471.0,39.24335484,43.11879526,2.01187624,75.62863218,42.22467276,6.4560124
2024-05-13,10.65,-1.388888888889,4506399944.25,3881301666.15,423136145.0,364441471.0,38.69830824,42.5199231,1.98393351,74.57823451,41.63821897,6.36634556
2024-05-14,10.84,1.784037558685,4586795811.8,3950545545.64,423136145.0,364441471.0,39.3887006,43.2784945,2.01932763,75.90873822,42.38106044,6.47992356
2024-05-15,10.77,-0.645756457565,4557176281.65,3925034642.67,423136145.0,364441471.0,39.13434552,42.99902083,2.00628769,75.41855264,42.107382,6.43807904
2024-05-16,10.57,-1.857010213556,4472549052.65,3852146348.47,423136145.0,364441471.0,38.40761673,42.20052462,1.96903072,74.01802242,41.32544362,6.31852325
2024-05-17,10.25,-3.027436140019,4337145486.25,3735525077.75,423136145.0,364441471.0,37.24485066,40.92293069,1.90941958,71.77717406,40.0743422,6.12723399
2024-05-20,10.38,1.268292682927,4392153185.1,3782902468.98,423136145.0,364441471.0,37.71722437,41.44195322,1.93363661,72.6875187,40.58260215,6.20494525
2024-05-21,10.33,-0.481695568401,4370996377.85,3764680395.43,423136145.0,364441471.0,37.53554218,41.24232917,1.92432236,72.33738615,40.38711756,6.17505631
2024-05-22,10.35,0.193610842207,4379459100.75,3771969224.85,423136145.0,364441471.0,37.60821505,41.32217879,1.92804806,72.47743917,40.4653114,6.18701189
2024-05-23,10.31,-0.386473429952,4362533654.95,3757391566.01,423136145.0,364441471.0,37.4628693,41.16247955,1.92059667,72.19733313,40.30892372,6.16310073
2024-05-24,10.34,0.290979631426,4375227739.3,3768324810.14,423136145.0,364441471.0,37.57187861,41.28225398,1.92618521,72.40741266,40.42621448,6.1810341
2024-05-27,10.3,-0.386847195358,4358302293.5,3753747151.3,423136145.0,364441471.0,37.42653286,41.12255474,1.91873382,72.12730661,40.2698268,6.15712294
2024-05-28,10.1,-1.941747572816,4273675064.5,3680858857.1,423136145.0,364441471.0,36.69980406,40.32405853,1.88147685,70.72677639,39.48788842,6.03756716
2024-05-29,10.02,-0.792079207921,4239824172.9,3651703539.42,423136145.0,364441471.0,36.40911255,40.00466005,1.86657406,70.1665643,39.17511306,5.98974484
2024-05-30,9.87,-1.497005988024,4176353751.15,3597037318.77,423136145.0,364441471.0,35.86406595,39.40578789,1.83863134,69.11616663,38.58865927,5.900078
2024-05-31,10.04,1.722391084093,4248286895.8,3658992368.84,423136145.0,364441471.0,36.48178542,40.08450967,1.87029976,70.30661732,39.2533069,6.00170042
2024-06-03,9.99,-0.498007968127,4227130088.55,3640770295.29,423136145.0,364441471.0,36.30010323,39.88488562,1.86098552,69.95648477,39.0578223,5.97181147
2024-06-04,10.04,0.500500500501,4248286895.8,3658992368.84,423136145.0,364441471.0,36.48178542,40.08450967,1.87029976,70.30661732,39.2533069,6.00170042
2024-06-05,10.09,0.498007968127,4269443703.05,3677214442.39,423136145.0,364441471.0,36.66346762,40.28413372,1.879614,70.65674988,39.4487915,6.03158937
2024-06-06,9.99,-0.991080277502,4211058226.5,3640770295.29,421527350.0,364441471.0,36.16208754,39.73324032,1.85390991,69.69050502,38.90932157,5.9491062
2024-06-07,9.82,-1.701701701702,4139398577.0,3578815245.22,421527350.0,364441471.0,35.54671668,39.0570991,1.8223619,68.50458051,38.24720098,5.84787016
2024-06-11,10.14,3.258655804481,4274287329.0,3695436515.94,421527350.0,364441471.0,36.70506183,40.32983552,1.8817464,70.736909,39.49354562,6.03843212
2024-06-12,10.81,6.607495069034,4556710653.5,3939612301.51,421527350.0,364441471.0,39.13034698,42.99462742,2.0060827,75.41084678,42.10307969,6.43742123
2024-06-13,10.65,-1.480111008326,4489266277.5,3881301666.15,421527350.0,364441471.0,38.55117441,42.3582592,1.97639045,74.29468253,41.47990738,6.34214025
2024-06-14,10.6,-0.469483568075,4468189910.0,3863079592.6,421527350.0,364441471.0,38.37018298,42.15939414,1.96711162,73.94588121,41.28516603,6.31236494
2024-06-17,10.5,-0.943396226415,4426037175.0,3826635445.5,421527350.0,364441471.0,38.00820012,41.761664,1.94855396,73.24827855,40.89568333,6.25281433
2024-06-18,10.67,1.619047619048,4497696824.5,3888590495.57,421527350.0,364441471.0,38.62357098,42.43780523,1.98010198,74.43420306,41.55780392,6.35405037
2024-06-19,10.56,-1.030927835052,4451328816.0,3848501933.76,421527350.0,364441471.0,38.22538983,42.00030208,1.95968856,73.66684014,41.12937295,6.2885447
2024-06-20,10.46,-0.94696969697,4409176081.0,3812057786.66,421527350.0,364441471.0,37.86340698,41.60257195,1.9411309,72.96923749,40.73989025,6.22899408
2024-06-21,11.11,6.621880998081,4683168858.5,4048944742.81,421527350.0,364441471.0,40.21629556,44.18781782,2.06175567,77.50365473,43.27152779,6.61607306
2024-06-24,10.0,-9.99099909991,4215273500.0,3644414710.0,421527350.0,364441471.0,36.19828583,39.77301334,1.85576568,69.76026529,38.94826984,5.95506126
2024-06-25,9.99,-0.1,4211058226.5,3640770295.29,421527350.0,364441471.0,36.16208754,39.73324032,1.85390991,69.69050502,38.90932157,5.9491062
2024-06-26,10.32,3.303303303303,4350162252.0,3761035980.72,421527350.0,364441471.0,37.35663097,41.04574976,1.91515018,71.99259378,40.19461447,6.14562322
2024-06-27,10.1,-2.131782945736,4257426235.0,3680858857.1,421527350.0,364441471.0,36.56026869,40.17074347,1.87432334,70.45786794,39.33775254,6.01461188
2024-06-28,10.17,0.693069306931,4286933149.5,3706369760.07,421527350.0,364441471.0,36.81365669,40.44915456,1.8873137,70.9461898,39.61039043,6.05629731
2024-07-01,10.08,-0.884955752212,4248995688.0,3673334770.56,421527350.0,364418132.0,36.48787211,40.09119744,1.86199082,70.31834741,39.259856,6.00270175
2024-07-02,9.87,-2.083333333333,4160474944.5,3596806962.84,421527350.0,364418132.0,35.72770811,39.25596416,1.82319935,68.85338184,38.44194233,5.87764547
2024-07-03,9.69,-1.823708206687,4084600021.5,3531211699.08,421527350.0,364418132.0,35.07613897,38.54004992,1.78994951,67.59769706,37.74087347,5.77045437
2024-07-04,9.3,-4.024767801858,3920204355.0,3389088627.6,421527350.0,364418132.0,33.66440582,36.9889024,1.7179082,64.87704672,36.22189095,5.53820698
2024-07-05,9.78,5.161290322581,4122537483.0,3564009330.96,421527350.0,364418132.0,35.40192354,38.89800704,1.80657443,68.22553945,38.0914079,5.82404992
2024-07-08,9.39,-3.98773006135,3958141816.5,3421886259.48,421527350.0,364418132.0,33.99019039,37.34685952,1.73453312,65.50488911,36.57242538,5.59180253
2024-07-09,9.41,0.212992545261,3966572363.5,3429174622.12,421527350.0,364418132.0,34.06258696,37.42640555,1.73822754,65.64440964,36.65032192,5.60371265
2024-07-10,9.37,-0.425079702444,3949711269.5,3414597896.84,421527350.0,364418132.0,33.91779382,37.2673135,1.73083869,65.36536857,36.49452884,5.5798924
2024-07-11,9.57,2.13447171825,4034016739.5,3487481523.24,421527350.0,364418132.0,34.64175954,38.06277376,1.76778295,66.76057388,37.27349424,5.69899363
2024-07-12,9.39,-1.880877742947,3958141816.5,3421886259.48,421527350.0,364418132.0,33.99019039,37.34685952,1.73453312,65.50488911,36.57242538,5.59180253
2024-07-15,8.8,-6.283280085197,3709440680.0,3206879561.6,421527350.0,364418132.0,31.85449153,35.00025174,1.62554754,61.38903345,34.27447746,5.24045391
2024-07-16,8.88,0.909090909091,3743162868.0,3236033012.16,421527350.0,364418132.0,32.14407782,35.31843584,1.64032525,61.94711558,34.58606362,5.2880944
2024-07-17,8.86,-0.225225225225,3734732321.0,3228744649.52,421527350.0,364418132.0,32.07168124,35.23888982,1.63663082,61.80759505,34.50816708,5.27618428
2024-07-18,8.93,0.79006772009,3764239235.5,3254253918.76,421527350.0,364418132.0,32.32506924,35.51730091,1.64956131,62.2959169,34.78080497,5.31786971
2024-07-19,8.77,-1.791713325868,3696794859.5,3195947017.64,421527350.0,364418132.0,31.74589667,34.8809327,1.6200059,61.17975266,34.15763265,5.22258873
2024-07-22,8.98,2.394526795895,3785315603.0,3272474825.36,421527350.0,364418132.0,32.50606067,35.71616598,1.65879738,62.64471823,34.97554631,5.34764502
2024-07-23,8.6,-4.231625835189,3625135210.0,3133995935.2,421527350.0,364418132.0,31.13052581,34.20479147,1.58860328,59.99382815,33.49551206,5.12135269
2024-07-24,8.33,-3.139534883721,3511322825.5,3035603039.56,421527350.0,364418132.0,30.15317209,33.13092011,1.53872853,58.11030098,32.44390878,4.96056603
2024-07-25,8.35,0.240096038415,3519753372.5,3042891402.2,421527350.0,364418132.0,30.22556867,33.21046614,1.54242295,58.24982152,32.52180531,4.97247616
2024-07-26,8.34,-0.119760479042,3515538099.0,3039247220.88,421527350.0,364418132.0,30.18937038,33.17069312,1.54057574,58.18006125,32.48285704,4.96652109
2024-07-29,8.26,-0.959232613909,3481815911.0,3010093770.32,421527350.0,364418132.0,29.89978409,32.85250902,1.52579804,57.62197913,32.17127089,4.9188806
2024-07-30,8.25,-0.121065375303,3477600637.5,3006449589.0,421527350.0,364418132.0,29.86358581,32.812736,1.52395082,57.55221886,32.13232262,4.91292554
2024-07-31,8.8,6.666666666667,3709440680.0,3206879561.6,421527350.0,364418132.0,31.85449153,35.00025174,1.62554754,61.38903345,34.27447746,5.24045391
2024-08-01,8.86,0.681818181818,3734732321.0,3228744649.52,421527350.0,364418132.0,32.07168124,35.23888982,1.63663082,61.80759505,34.50816708,5.27618428
2024-08-02,8.81,-0.564334085779,3713655953.5,3210523742.92,421527350.0,364418132.0,31.89068981,35.04002475,1.62739476,61.45879372,34.31342573,5.24640897
2024-08-05,8.56,-2.837684449489,3608274116.0,3119419209.92,421527350.0,364418132.0,30.98573267,34.04569942,1.58121443,59.71478709,33.33971898,5.09753244
2024-08-06,8.76,2.336448598131,3692579586.0,3192302836.32,421527350.0,364418132.0,31.70969839,34.84115968,1.61815869,61.10999239,34.11868438,5.21663367
2024-08-07,8.63,-1.48401826484,3637781030.5,3144928479.16,421527350.0,364418132.0,31.23912067,34.32411051,1.59414492,60.20310894,33.61235687,5.13921787
2024-08-08,8.62,-0.115874855156,3633565757.0,3141284297.84,421527350.0,364418132.0,31.20292238,34.2843375,1.59229771,60.13334868,33.5734086,5.13326281
2024-08-09,8.49,-1.508120649652,3578767201.5,3093909940.68,421527350.0,364418132.0,30.73234467,33.76728832,1.56828394,59.22646523,33.06708109,5.05584701
2024-08-12,8.66,2.002355712603,3650426851.0,3155861023.12,421527350.0,364418132.0,31.34771553,34.44342955,1.59968656,60.41238974,33.72920168,5.15708306
2024-08-13,8.59,-0.80831408776,3620919936.5,3130351753.88,421527350.0,364418132.0,31.09432753,34.16501846,1.58675607,59.92406788,33.45656379,5.11539763
2024-08-14,8.44,-1.74621653085,3557690834.0,3075689034.08,421527350.0,364418132.0,30.55135324,33.56842326,1.55904787,58.8776639,32.87233974,5.02607171
2024-08-15,8.45,0.118483412322,3561906107.5,3079333215.4,421527350.0,364418132.0,30.58755152,33.60819627,1.56089508,58.94742417,32.91128801,5.03202677
2024-08-16,8.51,0.710059171598,3587197748.5,3101198303.32,421527350.0,364418132.0,30.80474124,33.84683435,1.57197836,59.36598576,33.14497763,5.06775714
2024-08-19,8.35,-1.880141010576,3519753372.5,3042891402.2,421527350.0,364418132.0,30.22556867,33.21046614,1.54242295,58.24982152,32.52180531,4.97247616
2024-08-20,8.2,-1.796407185629,3456524270.0,2988228682.4,421527350.0,364418132.0,29.68259438,32.61387094,1.51471476,57.20341754,31.93758127,4.88315024
2024-08-21,8.12,-0.975609756098,3422802082.0,2959075231.84,421527350.0,364418132.0,29.39300809,32.29568683,1.49993705,56.64533541,31.62599511,4.83550975
2024-08-22,8.0,-1.477832512315,3372218800.0,2915345056.0,421527350.0,364418132.0,28.95862866,31.81841067,1.47777049,55.80821223,31.15861587,4.76404901
2024-08-23,7.98,-0.25,3363788253.0,2908056693.36,421527350.0,364418132.0,28.88623209,31.73886464,1.47407607,55.6686917,31.08071933,4.75213889
2024-08-26,8.0,0.250626566416,3372218800.0,2915345056.0,421527350.0,364418132.0,28.95862866,31.81841067,1.47777049,55.80821223,31.15861587,4.76404901
2024-08-27,7.96,-0.5,3355357706.0,2900768330.72,421527350.0,364418132.0,28.81383552,31.65931862,1.47038164,55.52917117,31.00282279,4.74022877
2024-08-28,7.83,-1.633165829146,3300559150.5,2853393973.56,421527350.0,364418132.0,28.3432578,31.14226944,1.44636787,54.62228772,30.49649528,4.66281297
2024-08-29,7.63,-2.554278416347,3216253680.5,2780510347.16,421527350.0,364418132.0,27.1403628,30.34680918,1.40942361,53.22708241,26.00688947,4.45195483
2024-08-30,7.75,1.572739187418,3266836962.5,2824240523.0,421527350.0,364418132.0,27.56720992,30.82408534,1.43159017,54.0642056,26.41591001,4.52197246
2024-09-02,7.46,-3.741935483871,3144594031.0,2718559264.72,421527350.0,364418132.0,26.53566271,29.67066795,1.37802099,52.0411579,25.4274437,4.35276317
2024-09-03,7.51,0.670241286863,3165670398.5,2736780171.32,421527350.0,364418132.0,26.71351568,29.86953302,1.38725705,52.38995923,25.59786893,4.38193719
2024-09-04,7.4,-1.464713715047,3119302390.0,2696694176.8,421527350.0,364418132.0,26.32223915,29.43202987,1.36693771,51.62259631,25.22293343,4.31775435
2024-09-05,7.46,0.810810810811,3144594031.0,2718559264.72,421527350.0,364418132.0,26.53566271,29.67066795,1.37802099,52.0411579,25.4274437,4.35276317
2024-09-06,7.16,-4.02144772118,3018135826.0,2609233825.12,421527350.0,364418132.0,25.46854491,28.47747755,1.32260459,49.94834995,24.40489235,4.17771908
2024-09-09,7.21,0.698324022346,3039212193.5,2627454731.72,421527350.0,364418132.0,25.64639787,28.67634262,1.33184066,50.29715127,24.57531757,4.20689309
2024-09-10,7.13,-1.109570041609,3005490005.5,2598301281.16,421527350.0,364418132.0,25.36183313,28.35815851,1.31706295,49.73906915,24.30263721,4.16021467
2024-09-11,7.17,0.561009817672,3022351099.5,2612878006.44,421527350.0,364418132.0,25.5041155,28.51725056,1.32445181,50.01811021,24.43897739,4.18355388
2024-09-12,7.19,0.278940027894,3030781646.5,2620166369.08,421527350.0,364418132.0,25.57525669,28.59679659,1.32814623,50.15763074,24.50714748,4.19522349
2024-09-13,6.98,-2.920723226704,2942260903.0,2543638561.36,421527350.0,364418132.0,24.82827422,27.76156331,1.28935476,48.69266517,23.79136153,4.07269262
2024-09-18,6.95,-0.429799426934,2929615082.5,2532706017.4,421527350.0,364418132.0,24.72156244,27.64224427,1.28381312,48.48338438,23.6891064,4.05518821
2024-09-19,6.99,0.575539568345,2946476176.5,2547282742.68,421527350.0,364418132.0,24.86384482,27.80133632,1.29120197,48.76242544,23.82544658,4.07852742
2024-09-20,6.86,-1.859799713877,2891677621.0,2499908385.52,421527350.0,364418132.0,24.4014271,27.28428715,1.2671882,47.85554199,23.38234099,4.00267498
2024-09-23,6.9,0.583090379009,2908538715.0,2514485110.8,421527350.0,364418132.0,24.54370948,27.4433792,1.27457705,48.13458305,23.51868117,4.02601419
2024-09-24,7.16,3.768115942029,3018135826.0,2609233825.12,421527350.0,364418132.0,25.46854491,28.47747755,1.32260459,49.94834995,24.40489235,4.17771908
2024-09-25,7.52,5.027932960894,3169885672.0,2740424352.64,421527350.0,364418132.0,26.74908627,29.90930603,1.38910426,52.4597195,25.63195397,4.38777199
2024-09-26,7.77,3.324468085106,3275267509.5,2831528885.64,421527350.0,364418132.0,27.63835111,30.90363136,1.43528459,54.20372613,26.4840801,4.53364207
2024-09-27,8.15,4.890604890605,3435447902.5,2970007775.8,421527350.0,364418132.0,28.99003366,32.41500587,1.50547869,56.85461621,27.77931182,4.75536459
2024-09-30,9.23,13.251533742331,3890697440.5,3363579358.36,421527350.0,364418132.0,32.83165775,36.71049131,1.68474739,64.38872486,31.4604967,5.38552333
2024-10-08,10.23,10.834236186349,4312224790.5,3727997490.36,421527350.0,364418132.0,36.38871709,40.68779264,1.8672769,71.36475139,34.86900122,5.96900365
2024-10-09,8.83,-13.685239491691,3722086500.5,3217812105.56,421527350.0,364418132.0,31.40883401,35.11957078,1.61173558,61.59831425,30.09709489,5.15213121
2024-10-10,8.79,-0.453001132503,3705225406.5,3203235380.28,421527350.0,364418132.0,31.26655164,34.96047872,1.6044344,61.31927319,29.96075471,5.12879199
2024-10-11,8.34,-5.119453924915,3515538099.0,3039247220.88,421527350.0,364418132.0,29.66587493,33.17069312,1.52229612,58.18006125,28.42692768,4.86622585
2024-10-14,8.42,0.959232613909,3549260287.0,3068400671.44,421527350.0,364418132.0,29.95043968,33.48887723,1.53689849,58.73814337,28.69960804,4.91290428
2024-10-15,8.22,-2.375296912114,3464954817.0,2995517045.04,421527350.0,364418132.0,29.23902781,32.69341696,1.50039258,57.34293807,28.01790714,4.79620821
2024-10-16,8.19,-0.36496350365,3452308996.5,2984584501.08,421527350.0,364418132.0,29.13231603,32.57409792,1.4949167,57.13365727,27.915652,4.7787038
2024-10-17,8.18,-0.1221001221,3448093723.0,2980940319.76,421527350.0,364418132.0,29.09674544,32.53432491,1.4930914,57.06389701,27.88156696,4.772869
2024-10-18,8.43,3.056234718826,3553475560.5,3072044852.76,421527350.0,364418132.0,29.98601027,33.52865024,1.53872378,58.80790364,28.73369308,4.91873908
2024-10-21,8.5,0.830367734282,3582982475.0,3097554122.0,421527350.0,364418132.0,30.23500443,33.80706134,1.55150085,59.29622549,28.9722884,4.9595827
2024-10-22,8.98,5.647058823529,3785315603.0,3272474825.36,421527350.0,364418132.0,31.94239291,35.71616598,1.63911501,62.64471823,30.60837057,5.23965326
2024-10-23,8.82,-1.781737193764,3717871227.0,3214167924.24,421527350.0,364418132.0,31.37326342,35.07979776,1.60991029,61.52855398,30.06300985,5.1462964
2024-10-24,8.5,-3.628117913832,3582982475.0,3097554122.0,421527350.0,364418132.0,29.11418618,33.80706134,1.55150085,59.29622549,16.27273179,4.89204309
2024-10-25,8.85,4.117647058824,3730517047.5,3225100468.2,421527350.0,364418132.0,30.31300561,35.1991168,1.61538618,61.73783478,16.94278546,5.09348016
2024-10-28,9.01,1.80790960452,3797961423.5,3283407369.32,421527350.0,364418132.0,30.86103735,35.83548502,1.6445909,62.85399902,17.2490957,5.18556568
2024-10-29,8.63,-4.217536071032,3637781030.5,3144928479.16,421527350.0,364418132.0,29.55946197,34.32411051,1.57522968,60.20310894,16.52160887,4.96686257
2024-10-30,8.48,-1.738122827346,3574551928.0,3090265759.36,421527350.0,364418132.0,29.04568221,33.72751531,1.54785026,59.15670496,16.23444301,4.8805324
2024-10-31,8.48,0.0,3574551928.0,3090265759.36,421527350.0,364418132.0,29.04568221,33.72751531,1.54785026,59.15670496,16.23444301,4.8805324
2024-11-01,8.35,-1.533018867925,3519753372.5,3042891402.2,421527350.0,364418132.0,28.60040642,33.21046614,1.52412142,58.24982152,15.98556594,4.80571292
2024-11-04,8.47,1.437125748503,3570336654.5,3086621578.04,421527350.0,364418132.0,29.01143023,33.6877423,1.54602496,59.0869447,16.21529862,4.87477706
2024-11-05,8.66,2.24321133412,3650426851.0,3155861023.12,421527350.0,364418132.0,29.66221792,34.44342955,1.58070557,60.41238974,16.57904204,4.98412861
2024-11-06,8.6,-0.692840646651,3625135210.0,3133995935.2,421527350.0,364418132.0,29.45670602,34.20479147,1.5697538,59.99382815,16.4641757,4.94959654
2024-11-07,8.86,3.023255813953,3734732321.0,3228744649.52,421527350.0,364418132.0,30.34725759,35.23888982,1.61721147,61.80759505,16.96192985,5.09923551
2024-11-08,8.75,-1.241534988713,3688364312.5,3188658655.0,421527350.0,364418132.0,29.97048577,34.80138667,1.59713322,61.04023213,16.75134155,5.03592671
2024-11-11,8.84,1.028571428571,3726301774.0,3221456286.88,421527350.0,364418132.0,30.27875363,35.15934379,1.61356088,61.66807451,16.92364106,5.08772482
2024-11-12,9.09,2.828054298643,3831683611.5,3312560819.88,421527350.0,364418132.0,31.13505322,36.15366912,1.65919326,63.41208115,17.40225082,5.23160844
2024-11-13,8.9,-2.090209020902,3751593415.0,3243321374.8,421527350.0,364418132.0,30.48426553,35.39798187,1.62451265,62.08663611,17.03850741,5.12225688
2024-11-14,8.56,-3.820224719101,3608274116.0,3119419209.92,421527350.0,364418132.0,29.31969808,34.04569942,1.56245262,59.71478709,16.38759814,4.92657516
2024-11-15,8.42,-1.635514018692,3549260287.0,3068400671.44,421527350.0,364418132.0,28.84017031,33.48887723,1.53689849,58.73814337,16.11957667,4.84600033
2024-11-18,8.26,-1.900237529691,3481815911.0,3010093770.32,421527350.0,364418132.0,28.29213857,32.85250902,1.50769376,57.62197913,15.81326642,4.75391482
2024-11-19,8.46,2.421307506053,3566121381.0,3082977396.72,421527350.0,364418132.0,28.97717824,33.64796928,1.54419967,59.01718443,16.19615423,4.86902171
2024-11-20,8.63,2.009456264775,3637781030.5,3144928479.16,421527350.0,364418132.0,29.55946197,34.32411051,1.57522968,60.20310894,16.52160887,4.96686257
2024-11-21,8.73,1.158748551564,3679933765.5,3181370292.36,421527350.0,364418132.0,29.9019818,34.72184064,1.59348263,60.9007116,16.71305277,5.02441602
2024-11-22,8.32,-4.696449026346,3507107552.0,3031958858.24,421527350.0,364418132.0,28.49765047,33.0911471,1.51864553,58.04054072,15.92813277,4.78844689
2024-11-25,8.48,1.923076923077,3574551928.0,3090265759.36,421527350.0,364418132.0,29.04568221,33.72751531,1.54785026,59.15670496,16.23444301,4.8805324
2024-11-26,8.39,-1.061320754717,3536614466.5,3057468127.48,421527350.0,364418132.0,28.73741436,33.36955819,1.5314226,58.52886258,16.0621435,4.8287343
2024-11-27,8.47,0.953516090584,3570336654.5,3086621578.04,421527350.0,364418132.0,29.01143023,33.6877423,1.54602496,59.0869447,16.21529862,4.87477706
2024-11-28,8.56,1.062573789847,3608274116.0,3119419209.92,421527350.0,364418132.0,29.31969808,34.04569942,1.56245262,59.71478709,16.38759814,4.92657516
2024-11-29,8.75,2.219626168224,3688364312.5,3188658655.0,421527350.0,364418132.0,29.97048577,34.80138667,1.59713322,61.04023213,16.75134155,5.03592671
2024-12-02,8.88,1.485714285714,3743162868.0,3236033012.16,421527350.0,364418132.0,30.41576156,35.31843584,1.62086206,61.94711558,17.00021863,5.11074619
2024-12-03,8.9,0.225225225225,3751593415.0,3243321374.8,421527350.0,364418132.0,30.48426553,35.39798187,1.62451265,62.08663611,17.03850741,5.12225688
2024-12-04,8.72,-2.022471910112,3675718492.0,3177726111.04,421527350.0,364418132.0,29.86772982,34.68206763,1.59165734,60.83095133,16.69390838,5.01866068
2024-12-05,8.7,-0.229357798165,3667287945.0,3170437748.4,421527350.0,364418132.0,29.79922585,34.6025216,1.58800675,60.6914308,16.6556196,5.00714999
2024-12-06,8.82,1.379310344828,3717871227.0,3214167924.24,421527350.0,364418132.0,30.21024966,35.07979776,1.60991029,61.52855398,16.88535228,5.07621413
2024-12-09,8.86,0.453514739229,3734732321.0,3228744649.52,421527350.0,364418132.0,30.34725759,35.23888982,1.61721147,61.80759505,16.96192985,5.09923551
2024-12-10,8.83,-0.338600451467,3722086500.5,3217812105.56,421527350.0,364418132.0,30.24450164,35.11957078,1.61173558,61.59831425,16.90449667,5.08196947
2024-12-11,8.88,0.566251415629,3743162868.0,3236033012.16,421527350.0,364418132.0,30.41576156,35.31843584,1.62086206,61.94711558,17.00021863,5.11074619
2024-12-12,8.99,1.238738738739,3789530876.5,3276119006.68,421527350.0,364418132.0,30.79253338,35.75593899,1.64094031,62.71447849,17.21080692,5.17405499
2024-12-13,8.73,-2.892102335929,3679933765.5,3181370292.36,421527350.0,364418132.0,29.9019818,34.72184064,1.59348263,60.9007116,16.71305277,5.02441602
2024-12-16,8.71,-0.229095074456,3671503218.5,3174081929.72,421527350.0,364418132.0,29.83347784,34.64229462,1.58983204,60.76119107,16.67476399,5.01290533
2024-12-17,8.41,-3.444316877153,3545045013.5,3064756490.12,421527350.0,364418132.0,28.80591833,33.44910422,1.53507319,58.66838311,16.10043228,4.84024499
2024-12-18,8.32,-1.070154577883,3507107552.0,3031958858.24,421527350.0,364418132.0,28.49765047,33.0911471,1.51864553,58.04054072,15.92813277,4.78844689
2024-12-19,8.36,0.480769230769,3523968646.0,3046535583.52,421527350.0,364418132.0,28.63465841,33.25023915,1.52594671,58.31958178,16.00471033,4.81146826
2024-12-20,8.45,1.076555023923,3561906107.5,3079333215.4,421527350.0,364418132.0,28.94292626,33.60819627,1.54237437,58.94742417,16.17700984,4.86326637
2024-12-23,8.18,-3.195266272189,3448093723.0,2980940319.76,421527350.0,364418132.0,28.0181227,32.53432491,1.4930914,57.06389701,15.6601113,4.70787206
2024-12-24,8.22,0.488997555012,3464954817.0,2995517045.04,421527350.0,364418132.0,28.15513063,32.69341696,1.50039258,57.34293807,15.73668886,4.73089344
2024-12-25,8.06,-1.946472019465,3397510441.0,2937210143.92,421527350.0,364418132.0,27.60709889,32.05704875,1.47118786,56.22677382,15.43037862,4.63880792
2024-12-26,8.06,0.0,3397510441.0,2937210143.92,421527350.0,364418132.0,27.60709889,32.05704875,1.47118786,56.22677382,15.43037862,4.63880792
2024-12-27,8.15,1.116625310174,3435447902.5,2970007775.8,421527350.0,364418132.0,27.91536675,32.41500587,1.48761552,56.85461621,15.60267813,4.69060602
2024-12-30,8.12,-0.368098159509,3422802082.0,2959075231.84,421527350.0,364418132.0,27.8126108,32.29568683,1.48213963,56.64533541,15.54524496,4.67333999
2024-12-31,7.97,-1.847290640394,3359572979.5,2904412512.04,421527350.0,364418132.0,27.29883104,31.5203948,1.45514935,55.59893143,15.2580791,4.58700982
2025-01-02,7.82,-1.882057716437,3296343877.0,2849749792.24,421527350.0,364418132.0,26.78505128,30.92716277,1.4277626,-1.43518772,14.97091325,4.50067964
2025-01-03,7.74,-1.023017902813,3262621689.0,2820596341.68,421527350.0,364418132.0,26.51103541,30.61077236,1.41315633,-1.42050549,14.81775813,4.45463689
2025-01-06,8.01,3.488372093023,3376434073.5,2918989237.32,421527350.0,364418132.0,27.43583898,31.67859,1.46245248,-1.47005801,15.33465667,4.6100312
2025-01-07,7.8,-2.621722846442,3287913330.0,2842461429.6,421527350.0,364418132.0,26.71654732,30.84806517,1.42411103,-1.43151716,14.93262447,4.48916896
2025-01-08,7.81,0.128205128205,3292128603.5,2846105610.92,421527350.0,364418132.0,26.7507993,30.88761397,1.42593681,-1.43335244,14.95176886,4.4949243
2025-01-09,7.76,-0.640204865557,3271052236.0,2827884704.32,421527350.0,364418132.0,26.57953938,30.68986997,1.4168079,-1.42417605,14.85604691,4.46614758
2025-01-10,7.57,-2.448453608247,3190962039.5,2758645259.24,421527350.0,364418132.0,25.92875169,29.93844274,1.38211801,-1.38930576,14.49230349,4.35679602
2025-01-13,7.59,0.264200792602,3199392586.5,2765933621.88,421527350.0,364418132.0,25.99725566,30.01754034,1.38576958,-1.39297631,14.53059227,4.36830671
2025-01-14,7.77,2.371541501976,3275267509.5,2831528885.64,421527350.0,364418132.0,26.61379137,30.72941877,1.41863368,-1.42601132,14.8751913,4.47190292
2025-01-15,7.66,-1.415701415701,3228899501.0,2791442891.12,421527350.0,364418132.0,26.23701954,30.29438195,1.39855006,-1.40582326,14.664603,4.40859413
2025-01-16,7.66,0.0,3228899501.0,2791442891.12,421527350.0,364418132.0,26.23701954,30.29438195,1.39855006,-1.40582326,14.664603,4.40859413
2025-01-17,7.68,0.261096605744,3237330048.0,2798731253.76,421527350.0,364418132.0,26.30552351,30.37347955,1.40220163,-1.40949382,14.70289178,4.42010482
2025-01-20,7.98,3.90625,3363788253.0,2908056693.36,421527350.0,364418132.0,27.33308302,31.5599436,1.45697513,-1.46455217,15.2772235,4.59276516
2025-01-21,7.97,-0.125313283208,3359572979.5,2904412512.04,421527350.0,364418132.0,27.29883104,31.5203948,1.45514935,-1.46271689,15.2580791,4.58700982
2025-01-22,7.84,-1.631116687578,3304774424.0,2857038154.88,421527350.0,364418132.0,26.85355525,31.00626038,1.43141416,-1.43885827,15.00920203,4.51219033
2025-01-23,7.91,0.892857142857,3334281338.5,2882547424.12,421527350.0,364418132.0,27.09331914,31.28310199,1.44419465,-1.45170522,15.14321276,4.55247775
2025-01-24,7.8,-1.390644753477,3287913330.0,2842461429.6,421527350.0,364418132.0,26.71654732,30.84806517,1.42411103,-1.43151716,14.93262447,4.48916896
2025-01-27,7.87,0.897435897436,3317420244.5,2867970698.84,421527350.0,364418132.0,26.9563112,31.12490678,1.43689151,-1.44436411,15.0666352,4.52945637
2025-02-05,7.86,-0.12706480305,3313204971.0,2864326517.52,421527350.0,364418132.0,26.92205922,31.08535798,1.43506573,-1.44252883,15.04749081,4.52370102
2025-02-06,7.95,1.145038167939,3351142432.5,2897124149.4,421527350.0,364418132.0,27.23032707,31.44129719,1.45149778,-1.45904634,15.21979032,4.57549913
2025-02-07,8.03,1.006289308176,3384864620.5,2926277599.96,421527350.0,364418132.0,27.50434294,31.75768761,1.46610405,-1.47372856,15.37294545,4.62154189
2025-02-10,8.1,0.871731008717,3414371535.0,2951786869.2,421527350.0,364418132.0,27.74410683,32.03452922,1.47888453,-1.48657551,15.50695618,4.6618293
2025-02-11,8.02,-0.987654320988,3380649347.0,2922633418.64,421527350.0,364418132.0,27.47009096,31.7181388,1.46427826,-1.47189328,15.35380106,4.61578654
2025-02-12,8.0,-0.249376558603,3372218800.0,2915345056.0,421527350.0,364418132.0,27.40158699,31.6390412,1.4606267,-1.46822273,15.31551228,4.60427585
2025-02-13,7.92,-1.0,3338496612.0,2886191605.44,421527350.0,364418132.0,27.12757112,31.32265079,1.44602043,-1.4535405,15.16235715,4.55823309
2025-02-14,7.98,0.757575757576,3363788253.0,2908056693.36,421527350.0,364418132.0,27.33308302,31.5599436,1.45697513,-1.46455217,15.2772235,4.59276516
2025-02-17,8.02,0.501253132832,3380649347.0,2922633418.64,421527350.0,364418132.0,27.47009096,31.7181388,1.46427826,-1.47189328,15.35380106,4.61578654
2025-02-18,7.78,-2.992518703242,3279482783.0,2835173066.96,421527350.0,364418132.0,26.64804335,30.76896757,1.42045946,-1.4278466,14.89433569,4.47765827
2025-02-19,7.84,0.771208226221,3304774424.0,2857038154.88,421527350.0,364418132.0,26.85355525,31.00626038,1.43141416,-1.43885827,15.00920203,4.51219033
2025-02-20,7.92,1.020408163265,3338496612.0,2886191605.44,421527350.0,364418132.0,27.12757112,31.32265079,1.44602043,-1.4535405,15.16235715,4.55823309
2025-02-21,7.92,0.0,3338496612.0,2886191605.44,421527350.0,364418132.0,27.12757112,31.32265079,1.44602043,-1.4535405,15.16235715,4.55823309
2025-02-24,7.92,0.0,3338496612.0,2886191605.44,421527350.0,364418132.0,27.12757112,31.32265079,1.44602043,-1.4535405,15.16235715,4.55823309
2025-02-25,7.8,-1.515151515152,3287913330.0,2842461429.6,421527350.0,364418132.0,26.71654732,30.84806517,1.42411103,-1.43151716,14.93262447,4.48916896
2025-02-26,7.86,0.769230769231,3313204971.0,2864326517.52,421527350.0,364418132.0,26.92205922,31.08535798,1.43506573,-1.44252883,15.04749081,4.52370102
2025-02-27,7.86,0.0,3313204971.0,2864326517.52,421527350.0,364418132.0,26.92205922,31.08535798,1.43506573,-1.44252883,15.04749081,4.52370102
2025-02-28,7.6,-3.307888040712,3203607860.0,2769577803.2,421527350.0,364418132.0,26.03150764,30.05708914,1.38759536,-1.39481159,14.54973666,4.37406206
2025-03-03,7.7,1.315789473684,3245760595.0,2806019616.4,421527350.0,364418132.0,26.37402748,30.45257716,1.4058532,-1.41316437,14.74118057,4.43161551
2025-03-04,7.71,0.12987012987,3249975868.5,2809663797.72,421527350.0,364418132.0,26.40827946,30.49212596,1.40767898,-1.41499965,14.76032496,4.43737085
2025-03-05,7.64,-0.907911802853,3220468954.0,2784154528.48,421527350.0,364418132.0,26.16851558,30.21528435,1.3948985,-1.4021527,14.62631422,4.39708344
2025-03-06,7.74,1.30890052356,3262621689.0,2820596341.68,421527350.0,364418132.0,26.51103541,30.61077236,1.41315633,-1.42050549,14.81775813,4.45463689
2025-03-07,7.65,-1.162790697674,3224684227.5,2787798709.8,421527350.0,364418132.0,26.20276756,30.25483315,1.39672428,-1.40398798,14.64545861,4.40283878
2025-03-10,7.79,1.830065359477,3283698056.5,2838817248.28,421527350.0,364418132.0,26.68229533,30.80851637,1.42228525,-1.42968188,14.91348008,4.48341361
2025-03-11,7.76,-0.385109114249,3271052236.0,2827884704.32,421527350.0,364418132.0,26.57953938,30.68986997,1.4168079,-1.42417605,14.85604691,4.46614758
2025-03-12,7.72,-0.515463917526,3254191142.0,2813307979.04,421527350.0,364418132.0,26.44253145,30.53167476,1.40950476,-1.41683493,14.77946935,4.4431262
2025-03-13,7.67,-0.647668393782,3233114774.5,2795087072.44,421527350.0,364418132.0,26.27127153,30.33393075,1.40037585,-1.40765854,14.68374739,4.41434947
2025-03-14,7.88,2.737940026076,3321635518.0,2871614880.16,421527350.0,364418132.0,26.99056319,31.16445558,1.4387173,-1.44619939,15.08577959,4.53521171
2025-03-17,7.97,1.142131979695,3359572979.5,2904412512.04,421527350.0,364418132.0,27.29883104,31.5203948,1.45514935,-1.46271689,15.2580791,4.58700982
2025-03-18,7.99,0.250941028858,3368003526.5,2911700874.68,421527350.0,364418132.0,27.36733501,31.5994924,1.45880091,-1.46638745,15.29636789,4.59852051
2025-03-19,7.96,-0.375469336671,3355357706.0,2900768330.72,421527350.0,364418132.0,27.26457906,31.480846,1.45332356,-1.46088161,15.23893471,4.58125447
2025-03-20,7.95,-0.125628140704,3351142432.5,2897124149.4,421527350.0,364418132.0,27.23032707,31.44129719,1.45149778,-1.45904634,15.21979032,4.57549913
2025-03-21,7.86,-1.132075471698,3313204971.0,2864326517.52,421527350.0,364418132.0,26.92205922,31.08535798,1.43506573,-1.44252883,15.04749081,4.52370102
2025-03-24,7.79,-0.89058524173,3283698056.5,2838817248.28,421527350.0,364418132.0,26.68229533,30.80851637,1.42228525,-1.42968188,14.91348008,4.48341361
2025-03-25,7.76,-0.385109114249,3271052236.0,2827884704.32,421527350.0,364418132.0,26.57953938,30.68986997,1.4168079,-1.42417605,14.85604691,4.46614758
2025-03-26,7.94,2.319587628866,3346927159.0,2893479968.08,421527350.0,364418132.0,27.19607509,31.40174839,1.449672,-1.45721106,15.20064593,4.56974378
2025-03-27,7.97,0.377833753149,3359572979.5,2904412512.04,421527350.0,364418132.0,27.29883104,31.5203948,1.45514935,-1.46271689,15.2580791,4.58700982
2025-03-28,7.86,-1.38017565872,3313204971.0,2864326517.52,421527350.0,364418132.0,26.92205922,31.08535798,1.43506573,-1.44252883,15.04749081,4.52370102
2025-03-31,7.59,-3.435114503817,3199392586.5,2765933621.88,421527350.0,364418132.0,25.99725566,30.01754034,1.37340734,-1.39297631,14.53059227,4.36830671
2025-04-01,7.92,4.347826086957,3338496612.0,2886191605.44,421527350.0,364418132.0,27.12757112,31.32265079,1.4331207,-1.4535405,15.16235715,4.55823309
2025-04-02,8.01,1.136363636364,3376434073.5,2918989237.32,421527350.0,364418132.0,27.43583898,31.67859,1.44940616,-1.47005801,15.33465667,4.6100312
2025-04-03,8.0,-0.124843945069,3372218800.0,2915345056.0,421527350.0,364418132.0,27.40158699,31.6390412,1.44759667,-1.46822273,15.31551228,4.60427585
2025-04-07,6.59,-17.625,2777865236.5,2401515489.88,421527350.0,364418132.0,22.57205728,26.06266019,1.19245776,-1.20944847,12.61615324,3.79277223
2025-04-08,6.92,5.007587253414,2916969262.0,2521773473.44,421527350.0,364418132.0,23.70237275,27.36777064,1.25217112,-1.27001266,13.24791812,3.98269861
2025-04-09,6.87,-0.722543352601,2895892894.5,2503552566.84,421527350.0,364418132.0,23.53111283,27.17002663,1.24312364,-1.26083627,13.15219617,3.95392189
2025-04-10,7.08,3.056768558952,2984413638.0,2580080374.56,421527350.0,364418132.0,24.25040449,28.00055146,1.28112305,-1.29937711,13.55422836,4.07478413
2025-04-11,7.02,-0.847457627119,2959121997.0,2558215286.64,421527350.0,364418132.0,24.04489259,27.76325865,1.27026608,-1.28836544,13.43936202,4.04025206
2025-04-14,7.14,1.709401709402,3009705279.0,2601945462.48,421527350.0,364418132.0,24.45591639,28.23784427,1.29198003,-1.31038878,13.66909471,4.1093162
2025-04-15,7.19,0.700280112045,3030781646.5,2620166369.08,421527350.0,364418132.0,24.62717631,28.43558828,1.30102751,-1.31956518,13.76481666,4.13809292
2025-04-16,7.02,-2.364394993046,2959121997.0,2558215286.64,421527350.0,364418132.0,24.04489259,27.76325865,1.27026608,-1.28836544,13.43936202,4.04025206
2025-04-17,7.1,1.139601139601,2992844185.0,2587368737.2,421527350.0,364418132.0,24.31890846,28.07964907,1.28474204,-1.30304767,13.59251714,4.08629482
2025-04-18,7.09,-0.140845070423,2988628911.5,2583724555.88,421527350.0,364418132.0,24.28465647,28.04010026,1.28293255,-1.30121239,13.57337275,4.08053947
2025-04-21,7.24,2.115655853315,3051858014.0,2638387275.68,421527350.0,364418132.0,24.79843623,28.63333229,1.31007498,-1.32874157,13.86053861,4.16686965
2025-04-22,7.31,0.966850828729,3081364928.5,2663896544.92,421527350.0,364418132.0,25.03820011,28.9101739,1.32274146,-1.34158852,13.99454934,4.20715706
2025-04-23,7.32,0.136798905609,3085580202.0,2689058246.88,421527350.0,367357684.0,25.0724521,28.9497227,1.32455095,-1.3434238,14.01369373,4.2129124
2025-04-24,7.4,1.092896174863,3119302390.0,2718446861.6,421527350.0,367357684.0,25.34646797,29.26611311,1.33902692,-1.35810602,14.16684886,4.25895516
2025-04-25,7.06,-4.594594594595,2975983091.0,2593545249.04,421527350.0,367357684.0,35.51176867,27.92145386,1.27750406,-1.29570656,10.22286904,4.02522657
2025-04-28,6.82,-3.399433427762,2874816527.0,2505379404.88,421527350.0,367357684.0,34.30456974,26.97228262,1.23407616,-1.25165987,9.87534941,3.88839167
2025-04-29,6.95,1.906158357771,2929615082.5,2553135903.8,421527350.0,367357684.0,34.95846916,27.48641704,1.25759961,-1.27551849,10.06358921,3.96251057
2025-04-30,7.09,2.014388489209,2988628911.5,2604565979.56,421527350.0,367357684.0,35.66266854,28.04010026,1.28293255,-1.30121239,10.26630899,4.04233093
2025-05-06,7.25,2.256699576869,3056073287.5,2663343209.0,421527350.0,367357684.0,36.46746783,28.67288109,1.31188448,-1.33057685,10.49798874,4.1335542
2025-05-07,7.27,0.275862068966,3064503834.5,2670690362.68,421527350.0,367357684.0,36.56806774,28.75197869,1.31550347,-1.3342474,10.52694871,4.1449571
2025-05-08,7.33,0.825309491059,3089795475.5,2692731823.72,421527350.0,367357684.0,36.86986748,28.9892715,1.32636045,-1.34525907,10.61382862,4.17916583
2025-05-09,7.23,-1.364256480218,3047642740.5,2655996055.32,421527350.0,367357684.0,36.36686792,28.59378349,1.30826549,-1.32690629,10.46902877,4.12215129
2025-05-12,7.32,1.244813278008,3085580202.0,2689058246.88,421527350.0,367357684.0,36.81956752,28.9497227,1.32455095,-1.3434238,10.59934864,4.17346438
2025-05-13,7.31,-0.136612021858,3081364928.5,2685384670.04,421527350.0,367357684.0,36.76926756,28.9101739,1.32274146,-1.34158852,10.58486865,4.16776292
2025-05-14,7.29,-0.273597811218,3072934381.5,2678037516.36,421527350.0,367357684.0,36.66866765,28.8310763,1.31912246,-1.33791796,10.55590868,4.15636001
2025-05-15,7.31,0.274348422497,3081364928.5,2685384670.04,421527350.0,367357684.0,36.76926756,28.9101739,1.32274146,-1.34158852,10.58486865,4.16776292
2025-05-16,7.33,0.273597811218,3089795475.5,2692731823.72,421527350.0,367357684.0,36.86986748,28.9892715,1.32636045,-1.34525907,10.61382862,4.17916583
2025-05-19,7.26,-0.954979536153,3060288561.0,2667016785.84,421527350.0,367357684.0,36.51776779,28.71242989,1.31369398,-1.33241212,10.51246873,4.13925565
2025-05-20,7.4,1.928374655647,3119302390.0,2718446861.6,421527350.0,367357684.0,37.22196717,29.26611311,1.33902692,-1.35810602,10.71518851,4.21907601
2025-05-21,7.43,0.405405405405,3131948210.5,2729467592.12,421527350.0,367357684.0,37.37286703,29.38475952,1.34445541,-1.36361186,10.75862846,4.23618037
2025-05-22,7.39,-0.538358008075,3115087116.5,2714773284.76,421527350.0,367357684.0,37.17166721,29.22656431,1.33721742,-1.35627074,10.70070853,4.21337455
2025-05-23,7.45,0.811907983762,3140378757.5,2736814745.8,421527350.0,367357684.0,37.47346694,29.46385712,1.3480744,-1.36728241,10.78758843,4.24758328
2025-05-26,7.3,-2.013422818792,3077149655.0,2681711093.2,421527350.0,367357684.0,36.71896761,28.8706251,1.32093196,-1.33975324,10.57038867,4.16206147
2025-05-27,7.42,1.643835616438,3127732937.0,2725794015.28,421527350.0,367357684.0,37.32256708,29.34521071,1.34264591,-1.36177658,10.74414848,4.23047892
2025-05-28,7.36,-0.808625336927,3102441296.0,2703752554.24,421527350.0,367357684.0,37.02076734,29.10791791,1.33178894,-1.35076491,10.65726857,4.19627019
2025-05-29,7.53,2.309782608696,3174100945.5,2766203360.52,421527350.0,367357684.0,37.87586659,29.78024753,1.36255036,-1.38196464,10.90342831,4.29319491
2025-05-30,7.54,0.132802124834,3178316219.0,2769876937.36,421527350.0,367357684.0,37.92616654,29.81979633,1.36435986,-1.38379992,10.91790829,4.29889636
2025-06-03,8.08,7.161803713528,3405940988.0,2968250086.72,421527350.0,367357684.0,40.64236415,31.95543161,1.46207264,-1.48290495,11.69982746,4.60677488
2025-06-04,8.1,0.247524752475,3414371535.0,2975597240.4,421527350.0,367357684.0,40.74296406,32.03452922,1.46569163,-1.48657551,11.72878742,4.61817779
2025-06-05,8.12,0.246913580247,3410006139.4,2982944394.08,419951495.0,367357684.0,40.69087273,31.99357193,1.46381769,-1.48467487,11.71379175,4.61227329
2025-06-06,8.04,-0.985221674877,3376410019.8,2953555779.36,419951495.0,367357684.0,40.28997743,31.67836433,1.44939584,-1.47004753,11.59838494,4.56683217
2025-06-09,8.2,1.990049751244,3443602259.0,3012333008.8,419951495.0,367357684.0,41.09176803,32.30877954,1.47823954,-1.49930221,11.82919857,4.6577144
2025-06-10,8.14,-0.731707317073,3418405169.3,2990291547.76,419951495.0,367357684.0,40.79109655,32.07237383,1.46742315,-1.48833171,11.74264346,4.62363357
2025-06-11,8.07,-0.859950859951,3389008564.65,2964576509.88,419951495.0,367357684.0,40.44031317,31.79656718,1.45480403,-1.47553278,11.64166249,4.58387259
2025-06-12,8.12,0.619578686493,3410006139.4,2982944394.08,419951495.0,367357684.0,40.69087273,31.99357193,1.46381769,-1.48467487,11.71379175,4.61227329
2025-06-13,7.86,-3.20197044335,3300818750.7,2887431396.24,419951495.0,367357684.0,39.38796301,30.96914721,1.41694668,-1.43713602,11.3387196,4.46458966
2025-06-16,7.91,0.636132315522,3321816325.45,2905799280.44,419951495.0,367357684.0,39.63852257,31.16615197,1.42596033,-1.44627811,11.41084886,4.49299036
2025-06-17,7.82,-1.137800252845,3284020690.9,2872737088.88,419951495.0,367357684.0,39.18751536,30.81154341,1.40973575,-1.42982235,11.28101619,4.4418691
2025-06-18,7.71,-1.406649616368,3237826026.45,2832327743.64,419951495.0,367357684.0,38.63628433,30.37813295,1.38990571,-1.40970976,11.12233182,4.37938757
2025-06-19,7.48,-2.983138780804,3141237182.6,2747835476.32,419951495.0,367357684.0,37.48371035,29.47191109,1.34844289,-1.36765616,10.79053723,4.24874436
2025-06-20,7.47,-0.133689839572,3137037667.65,2744161899.48,419951495.0,367357684.0,37.43359843,29.43251014,1.34664016,-1.36582775,10.77611138,4.24306422
2025-06-23,7.59,1.606425702811,3187431847.05,2788244821.56,419951495.0,367357684.0,38.03494138,29.90532155,1.36827294,-1.38776875,10.9492216,4.31122589
2025-06-24,7.69,1.317523056653,3229426996.55,2824980589.96,419951495.0,367357684.0,38.5360605,30.29933105,1.38630025,-1.40605293,11.09348012,4.36802729
2025-06-25,7.65,-0.520156046814,3212628936.75,2810286282.6,419951495.0,367357684.0,38.33561285,30.14172725,1.37908932,-1.39873926,11.03577671,4.34530673
2025-06-26,7.53,-1.56862745098,3162234757.35,2766203360.52,419951495.0,367357684.0,37.73426991,29.66891584,1.35745655,-1.37679825,10.86266649,4.27714506
2025-06-27,7.56,0.934579439252,3174833302.2,2777224091.04,419951495.0,367357684.0,37.88460564,29.78711869,1.36286474,-1.3822835,10.90594404,4.29418547
2025-06-30,7.68,1.587301587302,3225227481.6,2821307013.12,419951495.0,367357684.0,38.48594859,30.2599301,1.37206955,-1.40422451,11.07905427,4.36234715
2025-07-01,8.01,4.296875,3363811474.95,2942535048.84,419951495.0,367357684.0,40.13964169,31.56016147,1.43102567,-1.46456228,11.55510738,4.54979175
2025-07-02,8.01,0.0,3363811474.95,2942535048.84,419951495.0,367357684.0,40.13964169,31.56016147,1.43102567,-1.46456228,11.55510738,4.54979175
2025-07-03,8.06,0.624219725343,3384809049.7,2960902933.04,419951495.0,367357684.0,40.39020126,31.75716623,1.43995841,-1.47370437,11.62723664,4.57819245
2025-07-04,8.0,-0.744416873449,3359611960.0,2938861472.0,419951495.0,367357684.0,40.08952978,31.52076052,1.42923912,-1.46273386,11.54068153,4.54411161
2025-07-07,7.93,-0.875,3330215355.35,2913146434.12,419951495.0,367357684.0,39.7387464,31.24495387,1.41673328,-1.44993494,11.43970057,4.50435064
2025-07-08,7.96,0.378310214376,3342813900.2,2924167164.64,419951495.0,367357684.0,39.88908213,31.36315672,1.42209292,-1.45542019,11.48297812,4.52139106
2025-07-09,7.95,-0.125628140704,3338614385.25,2920493587.8,419951495.0,367357684.0,39.83897022,31.32375577,1.42030637,-1.45359178,11.46855227,4.51571092
2025-07-10,7.99,0.503144654088,3355412445.05,2935187895.16,419951495.0,367357684.0,40.03941787,31.48135957,1.42745257,-1.46090545,11.52625568,4.53843147
2025-07-11,8.0,0.125156445557,3359611960.0,2938861472.0,419951495.0,367357684.0,40.08952978,31.52076052,1.42923912,-1.46273386,11.54068153,4.54411161
2025-07-14,8.13,1.625,3414205654.35,2986617970.92,419951495.0,367357684.0,40.74098464,32.03297288,1.45246425,-1.48650329,11.7282176,4.61795343
2025-07-15,8.02,-1.353013530135,3368010989.9,2946208625.68,419951495.0,367357684.0,40.18975361,31.59956242,1.43281222,-1.4663907,11.56953323,4.55547189
2025-07-16,8.15,1.620947630923,3422604684.25,2993965124.6,419951495.0,367357684.0,40.84120847,32.11177478,1.45603735,-1.49016012,11.75706931,4.62931371
2025-07-17,8.2,0.613496932515,3443602259.0,3012333008.8,419951495.0,367357684.0,41.09176803,32.30877954,1.4649701,-1.49930221,11.82919857,4.6577144
2025-07-18,8.23,0.365853658537,3456200803.85,3023353739.32,419951495.0,367357684.0,41.24210376,32.42698239,1.47032974,-1.50478746,11.87247612,4.67475482
2025-07-21,8.25,0.243013365735,3464599833.75,3030700893.0,419951495.0,367357684.0,41.34232759,32.50578429,1.47390284,-1.5084443,11.90132783,4.6861151
2025-07-22,8.2,-0.606060606061,3443602259.0,3012333008.8,419951495.0,367357684.0,41.09176803,32.30877954,1.4649701,-1.49930221,11.82919857,4.6577144
2025-07-23,8.19,-0.121951219512,3439402744.05,3008659431.96,419951495.0,367357684.0,41.04165611,32.26937858,1.46318355,-1.49747379,11.81477271,4.65203426
2025-07-24,8.3,1.343101343101,3485597408.5,3049068777.2,419951495.0,367357684.0,41.59288715,32.70278904,1.48283559,-1.51758638,11.97345709,4.7145158
2025-07-25,8.27,-0.361445783133,3472998863.65,3038048046.68,419951495.0,367357684.0,41.44255141,32.58458619,1.47747594,-1.51210113,11.93017953,4.69747538
2025-07-28,8.46,2.29746070133,3552789647.7,3107846006.64,419951495.0,367357684.0,42.39467774,33.33320425,1.51142037,-1.54684106,12.20427072,4.80539803
2025-07-29,8.57,1.300236406619,3598984312.15,3148255351.88,419951495.0,367357684.0,42.94590878,33.76661471,1.53107241,-1.56695365,12.36295509,4.86787957
2025-07-30,8.55,-0.233372228705,3590585282.25,3140908198.2,419951495.0,367357684.0,42.84568495,33.68781281,1.52749931,-1.56329682,12.33410338,4.85651929
2025-07-31,8.74,2.222222222222,3670376066.3,3210706158.16,419951495.0,367357684.0,43.79781129,34.43643087,1.56144374,-1.59803675,12.60819457,4.96444194
2025-08-01,8.59,-1.716247139588,3607383342.05,3155602505.56,419951495.0,367357684.0,43.0461326,33.84541661,1.5346455,-1.57061049,12.39180679,4.87923984
2025-08-04,8.77,2.09545983702,3682974611.15,3221726888.68,419951495.0,367357684.0,43.94814702,34.55463372,1.56680338,-1.603522,12.65147213,4.98148236
2025-08-05,8.68,-1.026225769669,3645178976.6,3188664697.12,419951495.0,367357684.0,43.49713981,34.20002517,1.55072444,-1.58706624,12.52163946,4.9303611
2025-08-06,8.63,-0.576036866359,3624181401.85,3170296812.92,419951495.0,367357684.0,43.24658025,34.00302041,1.5417917,-1.57792416,12.4495102,4.9019604
2025-08-07,8.4,-2.665121668598,3527592558.0,3085804545.6,419951495.0,367357684.0,42.09400627,33.09679855,1.50070107,-1.53587056,12.11771561,4.77131719
2025-08-08,8.42,0.238095238095,3535991587.9,3093151699.28,419951495.0,367357684.0,42.1942301,33.17560045,1.50427417,-1.53952739,12.14656731,4.78267747
2025-08-11,8.58,1.900237529691,3603183827.1,3151928928.72,419951495.0,367357684.0,42.99602069,33.80601566,1.53285896,-1.56878207,12.37738094,4.87355971
2025-08-12,8.55,-0.34965034965,3590585282.25,3140908198.2,419951495.0,367357684.0,42.84568495,33.68781281,1.52749931,-1.56329682,12.33410338,4.85651929
2025-08-13,8.52,-0.350877192982,3577986737.4,3129887467.68,419951495.0,367357684.0,42.69534922,33.56960996,1.52213966,-1.55781156,12.29082583,4.83947887
2025-08-14,8.35,-1.995305164319,3506594983.25,3067436661.4,419951495.0,367357684.0,41.84344671,32.8997938,1.49176833,-1.52672847,12.04558635,4.7429165
2025-08-15,8.44,1.077844311377,3544390617.8,3100498852.96,419951495.0,367357684.0,42.29445392,33.25440235,1.50784727,-1.54318423,12.17541901,4.79403775
2025-08-18,8.4,-0.473933649289,3527592558.0,3085804545.6,419951495.0,367357684.0,42.09400627,33.09679855,1.50070107,-1.53587056,12.11771561,4.77131719
2025-08-19,8.55,1.785714285714,3590585282.25,3140908198.2,419951495.0,367357684.0,42.84568495,33.68781281,1.52749931,-1.56329682,12.33410338,4.85651929
2025-08-20,8.56,0.116959064327,3594784797.2,3144581775.04,419951495.0,367357684.0,42.89579687,33.72721376,1.52928586,-1.56512523,12.34852924,4.86219943
2025-08-21,8.55,-0.116822429907,3590585282.25,3140908198.2,419951495.0,367357684.0,42.84568495,33.68781281,1.52749931,-1.56329682,12.33410338,4.85651929
2025-08-22,8.45,-1.169590643275,3548590132.75,3104172429.8,419951495.0,367357684.0,42.34456583,33.2938033,1.50963382,-1.54501264,12.18984486,4.79971789
2025-08-25,8.47,0.236686390533,3556989162.65,3111519583.48,419951495.0,367357684.0,42.44478966,33.3726052,1.51320692,-1.54866948,12.21869657,4.81107817
2025-08-26,8.45,-0.236127508855,3548590132.75,3104172429.8,419951495.0,367357684.0,42.34456583,33.2938033,1.50963382,-1.54501264,12.18984486,4.79971789
2025-08-27,8.21,-2.840236686391,3447801773.95,3016006585.64,419951495.0,367357684.0,41.14187994,32.34818049,1.46675665,-1.50113063,11.84362442,4.66339454
2025-08-28,8.12,-1.096224116931,3410006139.4,2982944394.08,419951495.0,367357684.0,40.69087273,31.99357193,1.45067771,-1.48467487,11.71379175,4.61227329
2025-08-29,8.79,8.251231527094,3691373641.05,3229074042.36,419951495.0,367357684.0,38.64560344,34.63343562,1.57037648,-1.60717883,11.25387188,4.58977046
2025-09-01,9.2,4.664391353811,3863553754.0,3379690692.8,419951495.0,367357684.0,40.44818563,36.2488746,1.64362499,-1.68214394,11.77879651,4.80385532
2025-09-02,9.2,0.0,3863553754.0,3379690692.8,419951495.0,367357684.0,40.44818563,36.2488746,1.64362499,-1.68214394,11.77879651,4.80385532
2025-09-03,9.0,-2.173913043478,3779563455.0,3306219156.0,419951495.0,367357684.0,39.56887725,35.46085559,1.60789401,-1.6455756,11.52273572,4.69942368
2025-09-04,9.04,0.444444444444,3796361514.8,3320913463.36,419951495.0,367357684.0,39.74473892,35.61845939,1.6150402,-1.65288927,11.57394787,4.72031001
2025-09-05,9.28,2.654867256637,3897149873.6,3409079307.52,419951495.0,367357684.0,40.79990898,36.56408221,1.65791738,-1.69677128,11.88122083,4.84562797
2025-09-08,9.3,0.215517241379,3905548903.5,3416426461.2,419951495.0,367357684.0,40.88783982,36.64288411,1.66149048,-1.70042812,11.90682691,4.85607113
2025-09-09,9.12,-1.935483870968,3829957634.4,3350302078.08,419951495.0,367357684.0,40.09646228,35.933667,1.6293326,-1.6675166,11.67637219,4.76208266
2025-09-10,9.14,0.219298245614,3838356664.3,3357649231.76,419951495.0,367357684.0,40.18439311,36.0124689,1.63290569,-1.67117344,11.70197827,4.77252582
2025-09-11,9.12,-0.218818380744,3829957634.4,3350302078.08,419951495.0,367357684.0,40.09646228,35.933667,1.6293326,-1.6675166,11.67637219,4.76208266
2025-09-12,9.11,-0.109649122807,3825758119.45,3346628501.24,419951495.0,367357684.0,40.05249686,35.89426604,1.62754605,-1.66568819,11.66356915,4.75686108
2025-09-15,9.15,0.439077936334,3842556179.25,3361322808.6,419951495.0,367357684.0,40.22835853,36.05186985,1.63469224,-1.67300186,11.71478131,4.77774741
2025-09-16,9.2,0.546448087432,3863553754.0,3379690692.8,419951495.0,367357684.0,40.44818563,36.2488746,1.64362499,-1.68214394,11.77879651,4.80385532
2025-09-17,9.09,-1.195652173913,3817359089.55,3339281347.56,419951495.0,367357684.0,39.96456602,35.81546414,1.62397295,-1.66203135,11.63796307,4.74641792
2025-09-18,8.86,-2.530253025303,3720770245.7,3254789080.24,419951495.0,367357684.0,38.95336138,34.90924228,1.58288232,-1.61997775,11.34349316,4.62632153
2025-09-19,8.83,-0.338600451467,3708171700.85,3243768349.72,419951495.0,367357684.0,38.82146512,34.79103943,1.57752268,-1.6144925,11.30508404,4.61065679
2025-09-22,8.78,-0.566251415629,3687174126.1,3225400465.52,419951495.0,367357684.0,38.60163802,34.59403467,1.56858993,-1.60535042,11.24106884,4.58454888
2025-09-23,8.55,-2.619589977221,3590585282.25,3140908198.2,419951495.0,367357684.0,37.59043338,33.68781281,1.52749931,-1.56329682,10.94659893,4.46445249
2025-09-24,8.66,1.286549707602,3636779946.7,3181317543.44,419951495.0,367357684.0,38.07405299,34.12122327,1.54715135,-1.58340941,11.08743237,4.5218899
2025-09-25,8.53,-1.501154734411,3582186252.35,3133561044.52,419951495.0,367357684.0,37.50250255,33.60901091,1.52392621,-1.55963998,10.92099285,4.45400933
2025-09-26,8.48,-0.586166471278,3561188677.6,3115193160.32,419951495.0,367357684.0,37.28267545,33.41200615,1.51499347,-1.5504979,10.85697765,4.42790142
2025-09-29,8.52,0.471698113208,3577986737.4,3129887467.68,419951495.0,367357684.0,37.45853713,33.56960996,1.52213966,-1.55781156,10.90818981,4.44878775
2025-09-30,8.46,-0.704225352113,3552789647.7,3107846006.64,419951495.0,367357684.0,37.19474461,33.33320425,1.4954028,-1.54684106,10.83137157,4.41745826
2025-10-09,8.64,2.127659574468,3628380916.8,3173970389.76,419951495.0,367357684.0,37.98612216,34.04242136,1.52721988,-1.57975257,11.06182629,4.51144673
2025-10-10,8.66,0.231481481481,3636779946.7,3181317543.44,419951495.0,367357684.0,38.07405299,34.12122327,1.53075511,-1.58340941,11.08743237,4.5218899
2025-10-13,8.51,-1.732101616628,3573787222.45,3126213890.84,419951495.0,367357684.0,37.41457171,33.53020901,1.50424088,-1.55598315,10.89538677,4.44356617
2025-10-14,8.41,-1.17508813161,3531792072.95,3089478122.44,419951495.0,367357684.0,36.97491752,33.1361995,1.48656472,-1.53769897,10.76735637,4.39135035
2025-10-15,8.55,1.66468489893,3590585282.25,3140908198.2,419951495.0,367357684.0,37.59043338,33.68781281,1.51131134,-1.56329682,10.94659893,4.46445249
2025-10-16,8.42,-1.520467836257,3535991587.9,3093151699.28,419951495.0,367357684.0,37.01888293,33.17560045,1.48833234,-1.53952739,10.78015941,4.39657193
2025-10-17,8.35,-0.83135391924,3506594983.25,3067436661.4,419951495.0,367357684.0,36.711125,32.8997938,1.47595903,-1.52672847,10.69053814,4.36002086
2025-10-20,8.41,0.718562874251,3531792072.95,3089478122.44,419951495.0,367357684.0,36.97491752,33.1361995,1.48656472,-1.53769897,10.76735637,4.39135035
2025-10-21,8.74,3.923900118906,3670376066.3,3210706158.16,419951495.0,367357684.0,38.42577635,34.43643087,1.54489604,-1.59803675,11.18985668,4.56366255
2025-10-22,8.69,-0.572082379863,3649378491.55,3192338273.96,419951495.0,367357684.0,38.20594925,34.23942612,1.53605796,-1.58889466,11.12584149,4.53755464
2025-10-23,8.66,-0.345224395857,3636779946.7,3181317543.44,419951495.0,367357684.0,38.07405299,34.12122327,1.53075511,-1.58340941,11.08743237,4.5218899
2025-10-24,8.8,1.61662817552,3695573156.0,3232747619.2,419951495.0,367357684.0,38.68956886,34.67283657,1.55550173,-1.60900725,11.26667492,4.59499204
2025-10-27,8.37,-4.886363636364,3514994013.15,3074783815.08,419951495.0,367357684.0,37.19089004,32.9785957,1.47949426,-1.5303853,11.11609996,4.25957455
2025-10-28,8.21,-1.911589008363,3447801773.95,3016006585.64,419951495.0,367357684.0,36.47995307,32.34818049,1.45121241,-1.50113063,10.90360581,4.17814899
2025-10-29,8.27,0.730816077954,3472998863.65,3038048046.68,419951495.0,367357684.0,36.74655444,32.58458619,1.4618181,-1.51210113,10.98329112,4.20868357
2025-10-30,8.12,-1.813784764208,3410006139.4,2982944394.08,419951495.0,367357684.0,36.08005103,31.99357193,1.43530387,-1.48467487,10.78407785,4.13234711
2025-10-31,8.34,2.709359605911,3502395468.3,3063763084.56,419951495.0,367357684.0,37.05758936,32.86039284,1.47419141,-1.52490005,11.0762573,4.24430726
2025-11-03,8.23,-1.318944844125,3456200803.85,3023353739.32,419951495.0,367357684.0,36.56882019,32.42698239,1.45474764,-1.50478746,10.93016758,4.18832718
2025-11-04,8.19,-0.48602673147,3439402744.05,3008659431.96,419951495.0,367357684.0,36.39108595,32.26937858,1.44767718,-1.49747379,10.87704404,4.16797079
2025-11-05,8.22,0.3663003663,3452001288.9,3019680162.48,419951495.0,367357684.0,36.52438663,32.38758144,1.45298003,-1.50295904,10.91688669,4.18323809
2025-11-06,8.17,-0.608272506083,3431003714.15,3001312278.28,419951495.0,367357684.0,36.30221883,32.19057668,1.44414195,-1.49381696,10.85048227,4.1577926
2025-11-07,8.21,0.489596083231,3447801773.95,3016006585.64,419951495.0,367357684.0,36.47995307,32.34818049,1.45121241,-1.50113063,10.90360581,4.17814899
2025-11-10,8.32,1.339829476248,3493996438.4,3056415930.88,419951495.0,367357684.0,36.96872224,32.78159094,1.47065618,-1.52124322,11.04969554,4.23412906
2025-11-11,8.45,1.5625,3548590132.75,3104172429.8,419951495.0,367357684.0,37.54635852,33.2938033,1.49363519,-1.54501264,11.22234703,4.30028733
2025-11-12,8.48,0.355029585799,3561188677.6,3115193160.32,419951495.0,367357684.0,37.6796592,33.41200615,1.49893803,-1.5504979,11.26218968,4.31555462
2025-11-13,8.59,1.297169811321,3607383342.05,3155602505.56,419951495.0,367357684.0,38.16842837,33.84541661,1.5183818,-1.57061049,11.40827941,4.37153469
2025-11-14,8.66,0.81490104773,3636779946.7,3181317543.44,419951495.0,367357684.0,38.47946329,34.12122327,1.53075511,-1.58340941,11.50124559,4.40715837
2025-11-17,8.59,-0.80831408776,3607383342.05,3155602505.56,419951495.0,367357684.0,38.16842837,33.84541661,1.5183818,-1.57061049,11.40827941,4.37153469
2025-11-18,8.5,-1.04772991851,3569587707.5,3122540314.0,419951495.0,367357684.0,37.76852632,33.49080806,1.50247326,-1.55415473,11.28875145,4.32573282
2025-11-19,8.36,-1.647058823529,3510794498.2,3071110238.24,419951495.0,367357684.0,37.14645648,32.93919475,1.47772665,-1.52855689,11.10281907,4.25448545
2025-11-20,8.33,-0.358851674641,3498195953.35,3060089507.72,419951495.0,367357684.0,37.0131558,32.82099189,1.4724238,-1.52307164,11.06297642,4.23921816
2025-11-21,7.92,-4.921968787515,3326015840.4,2909472857.28,419951495.0,367357684.0,35.19137982,31.20555292,1.39995156,-1.44810652,10.51846017,4.03056516
2025-11-24,8.0,1.010101010101,3359611960.0,2938861472.0,419951495.0,367357684.0,35.5468483,31.52076052,1.41409248,-1.46273386,10.62470725,4.07127794
2025-11-25,8.17,2.125,3431003714.15,3001312278.28,419951495.0,367357684.0,36.30221883,32.19057668,1.44414195,-1.49381696,10.85048227,4.1577926
2025-11-26,8.17,0.0,3431003714.15,3001312278.28,419951495.0,367357684.0,36.30221883,32.19057668,1.44414195,-1.49381696,10.85048227,4.1577926
2025-11-27,8.22,0.611995104039,3452001288.9,3019680162.48,419951495.0,367357684.0,36.52438663,32.38758144,1.45298003,-1.50295904,10.91688669,4.18323809
2025-11-28,8.19,-0.36496350365,3439402744.05,3008659431.96,419951495.0,367357684.0,36.39108595,32.26937858,1.44767718,-1.49747379,10.87704404,4.16797079
2025-12-01,8.17,-0.2442002442,3431003714.15,3001312278.28,419951495.0,367357684.0,36.30221883,32.19057668,1.44414195,-1.49381696,10.85048227,4.1577926
2025-12-02,8.14,-0.367197062424,3418405169.3,2990291547.76,419951495.0,367357684.0,36.16891815,32.07237383,1.4388391,-1.48833171,10.81063962,4.14252531
2025-12-03,8.09,-0.614250614251,3397407594.55,2971923663.56,419951495.0,367357684.0,35.94675035,31.87536908,1.43000102,-1.47918962,10.7442352,4.11707982
2025-12-04,8.04,-0.61804697157,3376410019.8,2953555779.36,419951495.0,367357684.0,35.72458255,31.67836433,1.42116295,-1.47004753,10.67783078,4.09163433
2025-12-05,8.04,0.0,3376410019.8,2953555779.36,419951495.0,367357684.0,35.72458255,31.67836433,1.42116295,-1.47004753,10.67783078,4.09163433
2025-12-08,8.04,0.0,3376410019.8,2953555779.36,419951495.0,367357684.0,35.72458255,31.67836433,1.42116295,-1.47004753,10.67783078,4.09163433
2025-12-09,8.03,-0.124378109453,3372210504.85,2949882202.52,419951495.0,367357684.0,35.68014899,31.63896337,1.41939533,-1.46821912,10.6645499,4.08654524
2025-12-10,8.01,-0.249066002491,3363811474.95,2942535048.84,419951495.0,367357684.0,35.59128187,31.56016147,1.4158601,-1.46456228,10.63798813,4.07636704
2025-12-11,7.83,-2.247191011236,3288220205.85,2876410665.72,419951495.0,367357684.0,34.79147778,30.85094436,1.38404302,-1.43165077,10.39893222,3.98476329
2025-12-12,7.81,-0.255427841635,3279821175.95,2869063512.04,419951495.0,367357684.0,34.70261066,30.77214246,1.38050779,-1.42799393,10.37237045,3.97458509
2025-12-15,7.74,-0.89628681178,3250424571.3,2843348474.16,419951495.0,367357684.0,34.39157574,30.49633581,1.36813448,-1.41519501,10.27940426,3.93896141
2025-12-16,7.59,-1.937984496124,3187431847.05,2788244821.56,419951495.0,367357684.0,33.72507233,29.90532155,1.34162024,-1.38776875,10.080191,3.86262495
2025-12-17,7.65,0.790513833992,3212628936.75,2810286282.6,419951495.0,367357684.0,33.99167369,30.14172725,1.35222594,-1.39873926,10.1598763,3.89315953
2025-12-18,7.74,1.176470588235,3250424571.3,2843348474.16,419951495.0,367357684.0,34.39157574,30.49633581,1.36813448,-1.41519501,10.27940426,3.93896141
2025-12-19,7.81,0.904392764858,3279821175.95,2869063512.04,419951495.0,367357684.0,34.70261066,30.77214246,1.38050779,-1.42799393,10.37237045,3.97458509
2025-12-22,7.75,-0.768245838668,3254624086.25,2847022051.0,419951495.0,367357684.0,34.4360093,30.53573676,1.36990209,-1.41702343,10.29268514,3.94405051
2025-12-23,7.75,0.0,3254624086.25,2847022051.0,419951495.0,367357684.0,34.4360093,30.53573676,1.36990209,-1.41702343,10.29268514,3.94405051
2025-12-24,7.77,0.258064516129,3263023116.15,2854369204.68,419951495.0,367357684.0,34.52487642,30.61453866,1.37343732,-1.42068027,10.31924691,3.9542287
2025-12-25,7.64,-1.673101673102,3208429421.8,2806612705.76,419951495.0,367357684.0,33.94724013,30.1023263,1.35045832,-1.39691084,10.14659542,3.88807044
2025-12-26,7.55,-1.178010471204,3170633787.25,2773550514.2,419951495.0,367357684.0,33.54733809,29.74771774,1.33454978,-1.38045508,10.02706746,3.84226856
2025-12-29,7.47,-1.059602649007,3137037667.65,2744161899.48,419951495.0,367357684.0,33.1918696,29.43251014,1.32040886,-1.36582775,9.92082039,3.80155578
2025-12-30,7.49,0.267737617135,3145436697.55,2751509053.16,419951495.0,367357684.0,33.28073673,29.51131204,1.32394409,-1.36948458,9.94738216,3.81173397
2025-12-31,7.51,0.267022696929,3153835727.45,2758856206.84,419951495.0,367357684.0,33.36960385,43.14918431,1.33341347,-1.37314141,9.97394393,3.82191217
2026-01-05,7.66,1.997336884154,3216828451.7,2813959859.44,419951495.0,367357684.0,34.03610725,44.01101888,1.36004622,-1.400567669615,10.17315719,3.89824863
2026-01-06,7.65,-0.130548302872,3212628936.75,2810286282.6,419951495.0,367357684.0,33.99167369,43.95356325,1.35827071,-1.398739252308,10.1598763,3.89315953
2026-01-07,7.62,-0.392156862745,3200030391.9,2799265552.08,419951495.0,367357684.0,33.85837301,43.78119633,1.35294416,-1.393254000384,10.12003365,3.87789224
2026-01-08,7.69,0.918635170604,3229426996.55,2824980589.96,419951495.0,367357684.0,34.16940793,44.1833858,1.36537278,-1.406052921538,10.21299984,3.91351592
2026-01-09,7.73,0.520156046814,3246225056.35,2839674897.32,419951495.0,367357684.0,34.34714217,44.41320835,1.37247485,-1.413366590769,10.26612338,3.93387231
2026-01-12,7.77,0.517464424321,3263023116.15,2854369204.68,419951495.0,367357684.0,34.52487642,44.64303091,1.37957691,-1.420680260411,10.31924691,3.9542287
2026-01-13,7.82,0.643500643501,3284020690.9,2872737088.88,419951495.0,367357684.0,34.74704422,44.9303091,1.3884545,-1.42982234695,10.38565133,3.97967419
2026-01-14,7.8,-0.255754475703,3275621661.0,2865389935.2,419951495.0,367357684.0,34.6581771,44.81539782,1.38490347,-1.426165512334,10.35908956,3.96949599
2026-01-15,7.74,-0.769230769231,3250424571.3,2843348474.16,419951495.0,367357684.0,34.39157574,44.47066399,1.37425036,-1.415195008488,10.27940426,3.93896141
2026-01-16,7.75,0.129198966408,3254624086.25,2847022051.0,419951495.0,367357684.0,34.4360093,44.52811963,1.37602588,-1.417023425796,10.29268514,3.94405051
2026-01-19,7.91,2.064516129032,3321816325.45,2905799280.44,419951495.0,367357684.0,35.14694626,45.44740984,1.40443416,-1.446278102719,10.50517929,4.02547607
2026-01-20,7.97,0.758533501896,3347013415.15,2927840741.48,419951495.0,367357684.0,35.41354762,45.79214367,1.41508726,-1.457248606565,10.58486459,4.05601065
2026-01-21,8.13,2.007528230866,3414205654.35,2986617970.92,419951495.0,367357684.0,36.12448459,46.71143388,1.44349554,-1.486503283899,10.79735874,4.13743621
2026-01-22,8.09,-0.492004920049,3397407594.55,2971923663.56,419951495.0,367357684.0,35.94675035,46.48161133,1.43639347,-1.479189614668,10.7442352,4.11707982
2026-01-23,8.15,0.741656365884,3422604684.25,2993965124.6,419951495.0,367357684.0,36.21335171,46.82634516,1.44704657,-1.490160118514,10.82392051,4.1476144
2026-01-26,8.45,3.680981595092,3548590132.75,3104172429.8,419951495.0,367357684.0,37.54635852,48.5500143,1.50031209,-1.545012638156,11.22234703,4.30028733
2026-01-27,8.5,0.591715976331,3569587707.5,3122540314.0,419951495.0,367357684.0,37.76852632,48.8372925,1.50918967,-1.554154724695,11.28875145,4.32573282
2026-01-28,8.2,-3.529411764706,3443602259.0,3012333008.8,419951495.0,367357684.0,36.43551951,47.11362335,1.45592416,-1.499302205053,10.89032493,4.17305989
2026-01-29,8.14,-0.731707317073,3418405169.3,2990291547.76,419951495.0,367357684.0,36.16891815,46.76888952,1.44527105,-1.488331701207,10.81063962,4.14252531
2026-01-30,8.17,0.36855036855,3431003714.15,3001312278.28,419951495.0,367357684.0,36.30221883,46.94125643,1.4505976,-1.49381695313,10.85048227,4.1577926
2026-02-02,8.02,-1.835985312118,3368010989.9,2946208625.68,419951495.0,367357684.0,35.63571543,46.07942186,1.42396485,-1.466390693515,10.65126901,4.08145614
2026-02-03,8.08,0.74812967581,3393208079.6,2968250086.72,419951495.0,367357684.0,35.90231679,46.42415569,1.43461795,-1.477361197361,10.73095432,4.11199072
2026-02-04,8.15,0.866336633663,3422604684.25,2993965124.6,419951495.0,367357684.0,36.21335171,46.82634516,1.44704657,-1.490160118514,10.82392051,4.1476144
2026-02-05,8.2,0.613496932515,3443602259.0,3012333008.8,419951495.0,367357684.0,36.43551951,47.11362335,1.45592416,-1.499302205053,10.89032493,4.17305989
2026-02-06,8.24,0.487804878049,3460400318.8,3027027316.16,419951495.0,367357684.0,36.61325375,47.3434459,1.46302623,-1.506615874284,10.94344846,4.19341628
2026-02-09,8.35,1.334951456311,3506594983.25,3067436661.4,419951495.0,367357684.0,37.10202292,47.97545792,1.48255692,-1.526728465079,11.08953819,4.24939635
2026-02-10,8.65,3.592814371257,3632580431.75,3177643966.6,419951495.0,367357684.0,38.43502973,49.69912707,1.53582243,-1.581580984721,11.48796471,4.40206928
2026-02-11,8.59,-0.693641618497,3607383342.05,3155602505.56,419951495.0,367357684.0,38.16842837,49.35439324,1.52516933,-1.570610480875,11.40827941,4.37153469
2026-02-12,8.55,-0.46565774156,3590585282.25,3140908198.2,419951495.0,367357684.0,37.99069413,49.12457069,1.51806726,-1.563296811645,11.35515587,4.3511783
2026-02-13,8.45,-1.169590643275,3548590132.75,3104172429.8,419951495.0,367357684.0,37.54635852,48.5500143,1.50031209,-1.545012638156,11.22234703,4.30028733
2026-02-24,8.4,-0.591715976331,3527592558.0,3085804545.6,419951495.0,367357684.0,37.32419072,48.26273611,1.4914345,-1.535870551618,11.15594261,4.27484184
2026-02-25,8.46,0.714285714286,3552789647.7,3107846006.64,419951495.0,367357684.0,37.59079208,48.60746994,1.50208761,-1.546841055464,11.23562791,4.30537643
2026-02-26,8.42,-0.472813238771,3535991587.9,3093151699.28,419951495.0,367357684.0,37.41305784,48.37764739,1.49498554,-1.539527386233,11.18250438,4.28502004
2026-02-27,8.38,-0.475059382423,3519193528.1,3078457391.92,419951495.0,367357684.0,37.2353236,48.14782484,1.48788347,-1.532213717003,11.12938084,4.26466365
2026-03-02,8.11,-3.221957040573,3405806624.45,2979270817.24,419951495.0,367357684.0,36.03561747,46.5965226,1.4399445,-1.482846449284,10.77079697,4.12725802
2026-03-03,7.93,-2.219482120838,3330215355.35,2913146434.12,419951495.0,367357684.0,35.23581338,45.56232112,1.40798519,-1.449934937334,10.53174106,4.03565426
2026-03-04,7.81,-1.513240857503,3279821175.95,2869063512.04,419951495.0,367357684.0,34.70261066,44.87285346,1.38667898,-1.427993929642,10.37237045,3.97458509
2026-03-05,7.89,1.024327784891,3313417295.55,2898452126.76,419951495.0,367357684.0,35.05807914,45.33249856,1.40088312,-1.442621268103,10.47861752,4.01529787
2026-03-06,8.19,3.802281368821,3439402744.05,3008659431.96,419951495.0,367357684.0,36.39108595,47.05616771,1.45414864,-1.497473787745,10.87704404,4.16797079
2026-03-09,8.03,-1.953601953602,3372210504.85,2949882202.52,419951495.0,367357684.0,35.68014899,46.1368775,1.42574036,-1.468219110822,10.6645499,4.08654524
2026-03-10,8.2,2.117061021171,3443602259.0,3012333008.8,419951495.0,367357684.0,36.43551951,47.11362335,1.45592416,-1.499302205053,10.89032493,4.17305989
2026-03-11,8.14,-0.731707317073,3418405169.3,2990291547.76,419951495.0,367357684.0,36.16891815,46.76888952,1.44527105,-1.488331701207,10.81063962,4.14252531
2026-03-12,8.09,-0.614250614251,3397407594.55,2971923663.56,419951495.0,367357684.0,35.94675035,46.48161133,1.43639347,-1.479189614668,10.7442352,4.11707982
2026-03-13,8.12,0.370828182942,3410006139.4,2982944394.08,419951495.0,367357684.0,36.08005103,46.65397824,1.44172002,-1.484674866591,10.78407785,4.13234711
2026-03-16,8.18,0.738916256158,3435203229.1,3004985855.12,419951495.0,367357684.0,36.34665239,46.99871207,1.45237312,-1.495645370437,10.86376316,4.1628817
2026-03-17,8.12,-0.733496332518,3410006139.4,2982944394.08,419951495.0,367357684.0,36.08005103,46.65397824,1.44172002,-1.484674866591,10.78407785,4.13234711
2026-03-18,8.27,1.847290640394,3472998863.65,3038048046.68,419951495.0,367357684.0,36.74655444,47.51581282,1.46835278,-1.512101126618,10.98329112,4.20868357
2026-03-19,8.02,-3.022974607013,3368010989.9,2946208625.68,419951495.0,367357684.0,35.63571543,46.07942186,1.42396485,-1.466390693515,10.65126901,4.08145614
2026-03-20,7.83,-2.369077306733,3288220205.85,2876410665.72,419951495.0,367357684.0,34.79147778,44.98776473,1.39023002,-1.431650764257,10.39893222,3.98476329
2026-03-23,7.22,-7.79054916986,3032049793.9,2652322478.48,419951495.0,367357684.0,32.0810306,41.4829708,1.28192346,-1.320117307666,9.58879829,3.67432834
2026-03-24,7.45,3.185595567867,3128638637.75,2736814745.8,419951495.0,367357684.0,33.10300248,42.80445048,1.32276036,-1.362170905742,9.89425862,3.79137758
2026-03-25,7.49,0.536912751678,3145436697.55,2751509053.16,419951495.0,367357684.0,33.28073673,43.03427303,1.32986243,-1.369484575385,9.94738216,3.81173397
2026-03-26,7.54,0.667556742323,3166434272.3,2769876937.36,419951495.0,367357684.0,33.50290453,43.32155123,1.33874002,-1.378626661923,10.01378658,3.83717946
2026-03-27,7.92,5.039787798408,3326015840.4,2909472857.28,419951495.0,367357684.0,35.19137982,45.50486548,1.40620967,-1.448106520026,10.51846017,4.03056516
2026-03-30,8.06,1.767676767677,3384809049.7,2960902933.04,419951495.0,367357684.0,35.81344967,46.30924441,1.43106691,-1.473704362745,10.70439255,4.10181253
2026-03-31,8.15,1.116625310174,3422604684.25,2993965124.6,419951495.0,367357684.0,36.21335171,46.82634516,1.43564781,-1.490160118514,10.82392051,4.1476144
2026-04-01,8.22,0.858895705521,3452001288.9,3019680162.48,419951495.0,367357684.0,36.52438663,47.22853463,1.44797852,-1.502959039668,10.91688669,4.18323809
2026-04-02,8.28,0.729927007299,3477198378.6,3041721623.52,419951495.0,367357684.0,36.790988,47.57326845,1.45854771,-1.513929543926,10.996572,4.21377267
2026-04-03,8.02,-3.140096618357,3368010989.9,2946208625.68,419951495.0,367357684.0,35.63571543,46.07942186,1.4127479,-1.466390693515,10.65126901,4.08145614
2026-04-07,8.17,1.870324189526,3431003714.15,3001312278.28,419951495.0,367357684.0,36.30221883,46.94125643,1.43917087,-1.49381695313,10.85048227,4.1577926
2026-04-08,8.22,0.611995104039,3452001288.9,3019680162.48,419951495.0,367357684.0,36.52438663,47.22853463,1.44797852,-1.502959039668,10.91688669,4.18323809
2026-04-09,8.08,-1.703163017032,3393208079.6,2968250086.72,419951495.0,367357684.0,35.90231679,46.42415569,1.42331709,-1.477361197361,10.73095432,4.11199072
2026-04-10,8.14,0.742574257426,3418405169.3,2990291547.76,419951495.0,367357684.0,36.16891815,46.76888952,1.43388627,-1.488331701207,10.81063962,4.14252531
2026-04-13,8.1,-0.4914004914,3401607109.5,2975597240.4,419951495.0,367357684.0,35.99118391,46.53906697,1.42684015,-1.481018031976,10.75751609,4.12216892
2026-04-14,8.1,0.0,3401607109.5,2975597240.4,419951495.0,367357684.0,35.99118391,46.53906697,1.42684015,-1.481018031976,10.75751609,4.12216892
2026-04-15,8.22,1.481481481481,3452001288.9,3019680162.48,419951495.0,367357684.0,36.52438663,47.22853463,1.44797852,-1.502959039668,10.91688669,4.18323809
2026-04-16,8.18,-0.486618004866,3435203229.1,3004985855.12,419951495.0,367357684.0,36.34665239,46.99871207,1.4409324,-1.495645370437,10.86376316,4.1628817
2026-04-17,8.05,-1.58924205379,3380609534.75,2957229356.2,419951495.0,367357684.0,35.76901611,46.25178878,1.4180325,-1.471875945438,10.69111167,4.09672343
2026-04-20,8.04,-0.124223602484,3376410019.8,2953555779.36,419951495.0,367357684.0,35.72458255,46.19433314,1.41627096,-1.47004752813,10.67783078,4.09163433
2026-04-21,7.92,-1.492537313433,3326015840.4,2909472857.28,419951495.0,367357684.0,35.19137982,45.50486548,1.39513259,-1.448106520026,10.51846017,4.03056516
2026-04-22,7.94,0.252525252525,3334414870.3,2916820010.96,419951495.0,367357684.0,35.28024694,45.61977675,1.39865565,-1.451763354642,10.54502194,4.04074336
2026-04-23,7.86,-1.007556675063,3300818750.7,2887431396.24,419951495.0,367357684.0,34.92477846,45.16013165,1.38456341,-1.43713601618,10.43877487,4.00003058
2026-04-24,7.8,-0.763358778626,3275621661.0,2865389935.2,419951495.0,367357684.0,34.6581771,44.81539782,1.37399422,-1.426165512334,10.35908956,3.96949599
2026-04-27,8.03,2.948717948718,3372210504.85,2949882202.52,419951495.0,367357684.0,35.68014899,46.1368775,1.41450943,-1.468219110822,10.6645499,4.08654524
2026-04-28,7.92,-1.369863013699,3326015840.4,2909472857.28,419951495.0,367357684.0,35.19137982,45.50486548,1.39513259,-1.448106520026,10.51846017,4.03056516
2026-04-29,7.77,-1.893939393939,3263023116.15,2854369204.68,419951495.0,367357684.0,45.90017381,44.64303091,1.36870963,-1.888767684148,17.27663484,3.94965254
2026-04-30,7.82,0.643500643501,3284020690.9,2872737088.88,419951495.0,367357684.0,46.19554172,44.9303091,1.37751728,-1.900921916192,17.3878101,3.97506857
2026-05-06,7.75,-0.895140664962,3254624086.25,2847022051.0,419951495.0,367357684.0,45.78202664,44.52811963,1.36518656,-1.883905991084,17.23216474,3.93948612
2026-05-07,7.69,-0.77,3229426997.0,2824980590.0,,,45.43,42.99,1.35,,,
2026-05-08,7.84,1.95,3292419721.0,2880084243.0,,,46.31,43.83,1.38,,,
2026-05-11,7.76,-1.02,,,,,,,,,,
2026-05-20,7.21,-1.503,3027850279.133929,2648648902.044643,,,42.58866071428572,40.30794642857143,1.269107142857143,,16.031471971019357,3.6649928935741936
2026-05-21,7.05,-2.219,2960658039.929847,2589871672.5956635,,,41.6435586734694,39.41345663265306,1.2409438775510204,,15.675711150580648,3.5836615672258065
2026-05-22,7.24,2.695,3040448823.984694,2659669632.566327,,,42.765867346938784,40.475663265306125,1.2743877551020408,,16.098177124851617,3.680242517264516
2026-05-25,7.11,-1.796,2985855129.6313777,2611913133.639031,,,41.99797193877552,39.74889030612245,1.2515051020408163,,15.809121458245166,3.614160814606451
2026-05-26,7.01,-1.406,2943859980.1288266,2575177365.2334185,,,41.40728316326531,39.189834183673455,1.23390306122449,,15.58677094547097,3.5633287356387093
2026-05-27,6.91,-1.427,2901864830.626276,2538441596.827806,,,40.81659438775511,38.63077806122449,1.2163010204081637,,15.364420432696775,3.512496656670968
2026-05-28,6.9,-0.145,2897665315.6760206,2534768019.9872446,,,40.75752551020409,38.57487244897959,1.214540816326531,,15.342185381419355,3.507413448774194
2026-05-29,6.88,-0.29,2889266285.7755103,2527420866.306122,,,40.63938775510204,38.46306122448979,1.2110204081632656,,15.297715278864514,3.4972470329806447
2026-06-01,7.03,2.18,2952259010.029337,2582524518.9145403,,,41.52542091836735,39.30164540816326,1.2374234693877555,,15.631241048025805,3.5734951514322573
2026-06-02,6.82,-2.987,2864069196.07398,2505379405.2627544,,,40.28497448979592,38.1276275510204,1.2004591836734697,,15.164304971199998,3.466747785599999
2026-06-03,6.69,-1.327,2809475501.720664,2457622906.3354588,,,39.517079081632666,37.40085459183673,1.1775765306122452,,14.875249304593543,3.4006660829419344
2026-06-04,6.52,-2.541,2738083747.566327,2395172100.045917,,,38.51290816326532,36.45045918367346,1.14765306122449,,14.497253432877413,3.3142515486967725
2026-06-05,6.62,1.534,2780078897.068878,2431907868.451529,,,39.10359693877552,37.00951530612244,1.1652551020408166,,14.719603945651608,3.3650836276645144
2026-06-08,6.67,0.755,2801076471.8201537,2450275752.654335,,,39.39894132653061,37.28904336734693,1.1740561224489798,,14.830779202038704,3.390499667148385
2026-06-09,6.69,0.3,2809475501.720664,2457622906.3354573,,,39.51707908163265,37.400854591836726,1.1775765306122452,,14.875249304593543,3.400666082941933
2026-06-10,6.75,0.897,2834672591.4221945,2479664367.3788247,,,39.871492346938766,37.73628826530612,1.1881377551020411,,15.008659612258056,3.4311653303225778
2026-06-11,6.68,-1.037,2805275986.770409,2453949329.494896,,,39.45801020408162,37.34494897959184,1.1758163265306123,,14.85301425331612,3.395582875045158
2026-06-12,6.8,1.796,2855670166.17347,2498032251.5816307,,,40.16683673469386,38.01581632653062,1.196938775510204,,15.119834868645151,3.4565813698064485
2026-06-15,6.67,-1.912,2801076471.8201537,2450275752.654335,,,39.3989413265306,37.28904336734694,1.1740561224489794,,14.830779202038698,3.390499667148384
2026-06-16,6.61,-0.9,2775879382.118624,2428234291.610968,,,39.04452806122448,36.95360969387756,1.1634948979591837,,14.697368894374184,3.360000419767739
2026-06-17,6.51,-1.513,2733884232.616073,2391498523.205356,,,38.45383928571428,36.394553571428574,1.145892857142857,,14.47501838159999,3.309168340799997
2026-06-18,6.56,0.768,2754881807.367348,2409866407.408162,,,38.74918367346938,36.67408163265306,1.1546938775510205,,14.586193637987089,3.3345843802838684
2026-06-19,6.56,0.768,2754881807.367348,2409866407.408162,,,38.74918367346938,36.67408163265306,1.1546938775510205,,14.586193637987089,3.3345843802838684
2026-06-22,6.52,-0.61,2738083747.566328,2395172100.045917,,,38.5129081632653,36.45045918367347,1.14765306122449,,14.497253432877413,3.314251548696772
2026-06-23,7.03,7.822,2952259010.029339,2582524518.91454,,,41.52542091836735,39.30164540816328,1.2374234693877555,,15.6312410480258,3.573495151432256
2026-06-24,6.8,-3.272,2855670166.1734715,2498032251.581632,,,40.16683673469388,38.01581632653063,1.1969387755102046,,15.119834868645151,3.45658136980645
2026-06-25,6.65,-2.206,2792677441.919645,2442928598.973214,,,39.28080357142857,37.17723214285717,1.170535714285715,,14.786309099483864,3.380333251354837
2026-06-26,6.3,-5.26,2645694419.0,2314353409.0,,,37.22,35.22,1.12,,14.008082304774188,3.2024209749677404
2026-06-29,6.54,3.81,2746482777.8190475,2402519253.152381,,,38.63790476190477,36.56171428571429,1.1626666666666667,,14.541723535432254,3.324417964490321
2026-06-30,6.37,-2.599,2675091023.6555552,2340068446.877778,,,37.63355555555557,35.611333333333334,1.1324444444444446,,14.163727663716124,3.23800343024516
2026-07-01,6.69,5.02,2809475502.0,2457622906.0,,,39.52,37.4,1.19,,14.875249304593543,3.4006660829419344
2026-07-02,6.68,-0.149,2805275987.0493274,2453949329.15994,,,39.46092675635276,37.34409566517189,1.1882212257100149,,14.853014253316124,3.3955828750451595
2026-07-03,6.89,3.144,2893465801.013453,2531094442.801195,,,40.7014648729447,38.51808669656203,1.2255754857997008,,15.319950330141928,3.5023302408774177
2026-07-06,6.89,0.0,2893465801.013453,2531094442.801195,,,40.7014648729447,38.51808669656203,1.2255754857997008,,15.319950330141928,3.5023302408774177
2026-07-07,6.66,-3.338,2796876957.147982,2446602175.4798203,,,39.34278026905831,37.23228699551569,1.1846636771300447,,14.808544150761286,3.385416459251612
2026-07-08,6.63,-0.45,2784278412.295964,2435581444.9596405,,,39.1655605381166,37.06457399103139,1.1793273542600895,,14.741838996929028,3.3701668355612893
2026-07-09,6.52,-1.659,2738083747.8385644,2395172099.7189827,,,38.51575485799702,36.449626307922266,1.159760837070254,,14.497253432877413,3.3142515486967734
2026-07-10,6.67,2.301,2801076472.0986547,2450275752.3198795,,,39.401853512705536,37.28819133034379,1.1864424514200298,,14.830779202038704,3.3904996671483865
2026-07-13,6.51,-2.399,2733884232.8878927,2391498522.878923,,,38.456681614349776,36.393721973094166,1.1579820627802688,,14.475018381599996,3.3091683407999994
2026-07-14,6.78,4.147,2847271136.556054,2490685097.5605373,,,40.05165919282512,37.90313901345292,1.2060089686098654,,15.07536476609032,3.4464149540129028
2026-07-15,6.96,2.655,2922862405.668162,2556809480.681613,,,41.11497757847534,38.909417040358754,1.238026905829596,,15.47559568908387,3.537912696154838
2026-07-16,7.09,1.868,2977456100.026906,2604565979.6023903,,,41.88292974588939,39.63617339312408,1.2611509715994018,,15.76465135569032,3.6039943988129024
2026-07-17,6.81,-3.95,2859869681.0,2501705828.0,,,40.23,38.07,1.21,,15.142069919922578,3.461664577703225
2026-07-20,6.68,-1.909,2805275986.649045,2453949329.080764,,,39.46202643171806,37.34325991189427,1.1869016152716592,,14.853014253316127,3.395582875045161
2026-07-21,6.54,-2.096,2746482777.348017,2402519253.321586,,,38.63497797356828,36.56061674008811,1.1620264317180615,,14.541723535432258,3.3244179644903222
2026-07-22,6.54,0.0,2746482777.0,2402519253.0,,,38.63,36.56,1.16,,14.541723535432258,3.3244179644903222
2026-07-23,6.55,0.153,2750682291.949541,2406192829.8394494,,,38.68906727828746,36.61590214067279,1.1617737003058102,,14.563958586709678,3.329501172387096
2026-07-24,6.42,-1.985,2696088597.6055045,2358436330.9266057,,,37.92119266055046,35.88917431192661,1.138715596330275,,14.274902920103226,3.2634194697290324
2026-07-27,6.6,2.804,2771679866.697247,2424560714.0366974,,,38.98440366972477,36.8954128440367,1.170642201834862,,14.675133843096775,3.354917211870968
2026-07-28,6.57,-0.45,2759081322.0,2413539984.0,,,38.81,36.73,1.17,,14.60842868926452,3.339667588180645
2026-07-29,6.61,0.609,2775879381.799087,2428234291.36073,,,39.04628614916286,36.953622526636224,1.1771232876712328,,14.697368894374195,3.3600004197677418
2026-07-30,6.68,1.059,2805275986.447488,2453949329.2420087,,,39.45978691019787,37.34496194824961,1.1895890410958905,,14.853014253316127,3.395582875045161
2026-07-31,6.72,0.599,2822074046.246574,2468643636.60274,,,39.69607305936073,37.56858447488584,1.1967123287671233,,14.941954458425805,3.4159157066322576
2026-08-03,6.84,1.786,2872468225.643834,2512726558.6849327,,,40.40493150684932,38.23945205479452,1.218082191780822,,15.208775073754838,3.4769142013935483
2026-08-04,6.85,0.146,2876667740.593606,2516400135.525115,,,40.46400304414004,38.29535768645357,1.21986301369863,,15.231010125032256,3.4819974092903223
2026-08-05,6.79,-0.876,2851470650.894976,2494358674.48402,,,40.10957382039575,37.95992389649924,1.2091780821917806,,15.09759981736774,3.4514981619096776
2026-08-07,6.94,1.462,2914463375.1415515,2549462327.08676,,,40.995646879756485,38.79850837138509,1.2358904109589035,,15.431125586529031,3.5277462803612907
2026-08-10,7.05,1.585,2960658039.58904,2589871672.328769,,,41.645433789954346,39.41347031963471,1.2554794520547938,,15.675711150580645,3.5836615672258065
2026-08-11,7.03,-0.284,2952259009.6894965,2582524518.648404,,,41.527290715372914,39.3016590563166,1.2519178082191773,,15.63124104802581,3.573495151432258
2026-08-12,7.07,0.569,2969057069.488584,2597218826.009135,,,41.76357686453578,39.52528158295283,1.25904109589041,,15.720181253135488,3.593827983019355
2026-08-13,7.09,0.283,2977456099.388128,2604565979.6895,,,41.8817199391172,39.63709284627095,1.2626027397260262,,15.764651355690326,3.6039943988129033
2026-08-14,7.08,-0.141,2973256584.4383564,2600892402.8493176,,,41.82264840182647,39.58118721461189,1.260821917808218,,15.742416304412906,3.5989111909161293
2026-08-17,7.1,0.282,2981655614.3379,2608239556.5296826,,,41.9407914764079,39.69299847793,1.2643835616438346,,15.786886406967744,3.6090776067096777
2026-08-18,7.14,0.563,2998453674.1369867,2622933863.8904133,,,42.17707762557077,39.916621004566224,1.2715068493150674,,15.875826612077422,3.6294104382967753
2026-08-19,7.06,-1.12,2964857554.538813,2593545249.1689525,,,41.704505327245045,39.46937595129378,1.2572602739726015,,15.697946201858066,3.5887447751225823
2026-08-20,7.16,1.416,3006852704.03653,2630281017.5707803,,,42.2952207001522,40.02843226788435,1.275068493150684,,15.92029671463226,3.6395768540903246
2026-08-21,6.95,-2.933,2918662890.0913243,2553135903.9269447,,,41.05471841704718,38.85441400304417,1.2376712328767112,,15.453360637806451,3.532829488258067
2026-08-24,6.83,-1.727,2868268710.694064,2509052981.844753,,,40.34585996955859,38.18354642313549,1.2163013698630123,,15.186540022477418,3.4718309934967766
2026-08-25,6.96,1.903,2922862405.041096,2556809480.7671275,,,41.11378995433789,38.91031963470323,1.2394520547945191,,15.47559568908387,3.5379126961548413
2026-08-26,6.91,-0.718,2901864830.292238,2538441596.566215,,,40.81843226788432,38.63079147640795,1.2305479452054782,,15.364420432696772,3.51249665667097
2026-08-27,6.96,0.0,2922862405.041096,2556809480.7671285,,,41.113789954337896,38.91031963470323,1.2394520547945191,,15.47559568908387,3.5379126961548413
2026-08-28,6.95,-0.144,2918662890.0913243,2553135903.9269457,,,41.054718417047184,38.85441400304418,1.237671232876711,,15.45336063780645,3.532829488258068
2026-08-31,6.89,-0.863,2893465800.392694,2531094442.885849,,,40.700289193302886,38.51898021308984,1.2269863013698616,,15.31995033014193,3.502330240877423
2026-09-01,7.03,2.032,2952259009.689498,2582524518.6484056,,,41.5272907153729,39.30165905631664,1.2519178082191766,,15.631241048025805,3.573495151432262
2026-09-02,6.92,-1.565,2906064345.242009,2542115173.4063964,,,40.87750380517503,38.686697108067015,1.2323287671232863,,15.38665548397419,3.517579864567746
2026-09-03,6.89,-0.434,2893465800.392694,2531094442.885848,,,40.700289193302886,38.51898021308984,1.2269863013698616,,15.31995033014193,3.502330240877423
2026-09-04,6.83,-0.871,2868268710.694064,2509052981.8447523,,,40.3458599695586,38.18354642313551,1.2163013698630123,,15.186540022477416,3.471830993496778
2026-09-07,6.88,0.732,2889266285.442922,2527420866.0456657,,,40.64121765601218,38.4630745814308,1.2252054794520533,,15.297715278864514,3.4972470329806487
2026-09-08,6.95,1.017,2918662890.091324,2553135903.9269443,,,41.05471841704719,38.8544140030442,1.2376712328767108,,15.45336063780645,3.532829488258068
2026-09-09,6.94,-0.144,2914463375.141552,2549462327.086762,,,40.995646879756485,38.79850837138515,1.2358904109589026,,15.431125586529031,3.527746280361294
2026-09-10,6.91,-0.432,2901864830.2922363,2538441596.566214,,,40.81843226788433,38.63079147640797,1.230547945205478,,15.364420432696772,3.512496656670971
2026-09-11,6.74,-2.46,2830473076.1461177,2475990790.2831087,,,39.814216133942175,37.68039573820401,1.2002739726027385,,14.986424560980645,3.4260821224258105
2026-09-14,6.82,1.187,2864069195.744292,2505379405.00457,,,40.2867884322679,38.12764079147647,1.214520547945204,,15.164304971199998,3.466747785600004
2026-09-15,6.68,-2.053,2805275986.447488,2453949329.2420125,,,39.45978691019788,37.34496194824968,1.189589041095889,,14.853014253316124,3.395582875045165
2026-09-16,6.73,0.749,2826273561.1963468,2472317213.4429264,,,39.75514459665146,37.62449010654497,1.19849315068493,,14.96418950970322,3.420998914529036
2026-09-17,6.81,1.189,2859869680.79452,2501705828.164387,,,40.22771689497719,38.071735159817415,1.2127397260273955,,15.142069919922571,3.461664577703229
2026-09-18,6.71,-1.468,2817874531.2968035,2464970059.762561,,,39.63700152207004,37.51267884322685,1.1949315068493134,,14.919719407148378,3.410832498735487
2026-09-21,6.93,3.279,2910263860.1917806,2545788750.246579,,,40.93657534246578,38.742602739726095,1.234109589041094,,15.408890535251604,3.52266307246452
2026-09-22,7.03,1.443,2952259009.689497,2582524518.6484056,,,41.527290715372935,39.301659056316666,1.2519178082191762,,15.631241048025798,3.573495151432262
2026-09-23,7.01,-0.284,2943859979.7899537,2575177364.96804,,,41.4091476407915,39.18984779299855,1.24835616438356,,15.586770945470958,3.5633287356387133
2026-09-24,7.04,0.428,2956458524.639269,2586198095.488588,,,41.586362252663655,39.35756468797573,1.2536986301369848,,15.653476099303218,3.578578359329036
2026-09-25,7.04,0.428,2956458524.639269,2586198095.488588,,,41.586362252663655,39.35756468797573,1.2536986301369848,,15.653476099303218,3.578578359329036
2026-09-28,7.06,0.284,2964857554.538812,2593545249.1689525,,,41.70450532724508,39.46937595129385,1.2572602739726009,,15.697946201858054,3.588744775122584
2026-09-29,7.09,0.425,2977456099.388128,2604565979.6895003,,,41.88171993911722,39.63709284627102,1.2626027397260255,,15.764651355690312,3.603994398812907
2026-09-30,7.09,0.0,2977456099.388128,2604565979.6895003,,,41.88171993911722,39.63709284627102,1.2626027397260255,,15.764651355690312,3.603994398812907
2026-10-01,7.09,0.0,2977456099.388128,2604565979.6895003,,,41.88171993911722,39.63709284627102,1.2626027397260255,,15.764651355690312,3.603994398812907
2026-10-02,7.09,0.0,2977456099.388128,2604565979.6895003,,,41.88171993911722,39.63709284627102,1.2626027397260255,,15.764651355690312,3.603994398812907
2026-10-05,7.09,0.0,2977456099.388128,2604565979.6895003,,,41.88171993911722,39.63709284627102,1.2626027397260255,,15.764651355690312,3.603994398812907
2026-10-06,7.09,0.0,2977456099.388128,2604565979.6895003,,,41.88171993911722,39.63709284627102,1.2626027397260255,,15.764651355690312,3.603994398812907
2026-10-07,7.09,0.0,2977456099.388128,2604565979.6895003,,,41.88171993911722,39.63709284627102,1.2626027397260255,,15.764651355690312,3.603994398812907
2026-10-08,7.1,0.141,2981655614.337899,2608239556.529683,,,41.94079147640793,39.69299847793008,1.2643835616438337,,15.78688640696773,3.609077606709681
2026-10-09,7.16,0.845,3006852704.0365295,2630281017.5707793,,,42.29522070015223,40.028432267884426,1.275068493150683,,15.920296714632245,3.6395768540903264
