数据日期,当日收盘价,当日涨跌幅,总市值,流通市值,总股本,流通股本,PE(TTM),PE(静),市净率,PEG值,市现率,市销率
2021-11-10,56.1,88.128772635815,4145039494.2,1036262370.0,73886622.0,18471700.0,80.74563572,64.47802425,13.27741611,-5.2984502,156.42401601,10.12416022
2021-11-11,49.98,-10.909090909091,3692853367.56,923215566.0,73886622.0,18471700.0,71.93702091,57.44405797,11.82897071,-4.72043745,139.3595779,9.01970638
2021-11-12,55.0,10.044017607043,4063764210.0,1015943500.0,73886622.0,18471700.0,79.16238796,63.21374927,13.01707462,-5.19455902,153.35687844,9.92564728
2021-11-15,64.71,17.654545454545,4781203309.62,1195303707.0,73886622.0,18471700.0,93.13814773,74.37384936,15.31517997,-6.1116348,180.43133825,11.67797519
2021-11-16,53.39,-17.49343223613,3944806748.58,986204063.0,73886622.0,18471700.0,76.84508897,61.36331042,12.63602934,-5.04250011,148.86770436,9.63509651
2021-11-17,51.3,-3.914590747331,3790383708.6,947598210.0,73886622.0,18471700.0,73.83691823,58.96118795,12.14138051,-4.84510687,143.04014298,9.25792192
2021-11-18,47.15,-8.089668615984,3483754227.3,870940655.0,73886622.0,18471700.0,67.86375622,54.19142323,11.15918306,-4.45315378,131.46866943,8.50898671
2021-11-19,48.59,3.05408271474,3590150962.98,897539903.0,73886622.0,18471700.0,69.93637147,55.84647412,11.49999374,-4.58915678,135.48383133,8.7688582
2021-11-22,48.72,0.267544762297,3599756223.84,899941224.0,73886622.0,18471700.0,70.12348257,55.99588844,11.53076137,-4.60143483,135.84631123,8.79231883
2021-11-23,54.95,12.787356321839,4060069878.9,1015019915.0,73886622.0,18471700.0,79.09042215,63.15628222,13.00524091,-5.18983669,153.2174631,9.91662396
2021-11-24,55.98,1.874431301183,4136173099.56,1034045766.0,73886622.0,18471700.0,80.57291778,64.34010334,13.24901522,-5.28711662,156.08941918,10.10250427
2021-11-25,57.8,3.251161128975,4270646751.6,1067664260.0,73886622.0,18471700.0,83.19247317,66.43190377,13.67976205,-5.4590093,161.16413771,10.43095296
2021-11-26,55.4,-4.152249134948,4093318858.8,1023332180.0,73886622.0,18471700.0,79.73811442,63.67348562,13.11174425,-5.23233763,154.47220119,9.9978338
2021-11-29,53.5,-3.429602888087,3952934277.0,988235950.0,73886622.0,18471700.0,77.00341374,61.48973792,12.66206349,-5.05288923,149.17441812,9.65494781
2021-11-30,50.14,-6.280373831776,3704675227.08,926171038.0,73886622.0,18471700.0,72.1673115,57.62795251,11.86683857,-4.7355489,139.805707,9.04858099
2021-12-01,50.12,-0.039888312724,3703197494.64,925801604.0,73886622.0,18471700.0,72.13852517,57.60496569,11.86210509,-4.73365997,139.74994086,9.04497167
2021-12-02,56.6,12.92897047087,4181982805.2,1045498220.0,73886622.0,18471700.0,81.46529379,65.0526947,13.39575315,-5.34567346,157.81816945,10.21439338
2021-12-03,52.94,-6.466431095406,3911557768.68,977891798.0,73886622.0,18471700.0,76.1973967,60.84610702,12.529526,-4.99999917,147.61296627,9.55388667
2021-12-06,58.0,9.55799017756,4285424076.0,1071358600.0,73886622.0,18471700.0,83.48033639,66.66177195,13.72709687,-5.4778986,161.72179908,10.46704622
2021-12-07,59.95,3.362068965517,4429502988.9,1107378415.0,73886622.0,18471700.0,86.28700288,68.9029867,14.18861133,-5.66206933,167.1589975,10.81895553
2021-12-08,58.13,-3.035863219349,4295029336.86,1073759921.0,73886622.0,18471700.0,83.66744749,66.81118627,13.7578645,-5.49017665,162.08427898,10.49050684
2021-12-09,54.94,-5.487699982797,4059331012.68,1014835198.0,73886622.0,18471700.0,79.07602899,63.14478881,13.00287417,-5.18889223,153.18958003,9.9148193
2021-12-10,61.34,11.649071714598,4532205393.48,1133054078.0,73886622.0,18471700.0,88.28765232,70.50057054,14.51758831,-5.79335001,171.03474406,11.06980371
2021-12-13,59.17,-3.537658950114,4371871423.74,1092970489.0,73886622.0,18471700.0,85.16433628,68.0065008,14.00400555,-5.58840104,164.98411813,10.67819181
2021-12-14,62.67,5.915159709312,4630474600.74,1157621439.0,73886622.0,18471700.0,90.20194279,72.02919394,14.83236484,-5.91896389,174.74319221,11.30982391
2021-12-15,61.52,-1.835008776129,4545504985.44,1136378984.0,73886622.0,18471700.0,88.54672922,70.70745191,14.56018964,-5.81035038,171.5366393,11.10228765
2021-12-16,68.69,11.654746423927,5075272065.18,1268821073.0,73886622.0,18471700.0,98.86662598,78.94822613,16.25714282,-6.48753198,191.52879964,12.39623112
2021-12-17,70.28,2.314747415927,5192751794.16,1298191076.0,73886622.0,18471700.0,101.15513865,80.77567815,16.63345462,-6.63770196,195.96220758,12.68317256
2021-12-20,67.7,-3.671030165054,5002124309.4,1250534090.0,73886622.0,18471700.0,97.441703,77.81037864,16.02283548,-6.39402992,188.76837582,12.21756947
2021-12-21,66.03,-2.466765140325,4878733650.66,1219686351.0,73886622.0,18471700.0,95.03804504,75.89097935,15.62758976,-6.23630422,184.11190333,11.91619072
2021-12-22,61.89,-6.269877328487,4572843035.58,1143213513.0,73886622.0,18471700.0,89.0792762,71.13270804,14.64775905,-5.8452956,172.56831285,11.16906018
2021-12-23,62.8,1.470350622071,4640079861.6,1160022760.0,73886622.0,18471700.0,90.38905389,72.17860825,14.86313247,-5.93124194,175.10567211,11.33328453
2021-12-24,55.75,-11.226114649682,4119179176.5,1029797275.0,73886622.0,18471700.0,80.24187507,64.07575494,13.19458018,-5.26539392,155.4481086,10.06099701
2021-12-27,52.98,-4.968609865471,3914513233.56,978630666.0,73886622.0,18471700.0,76.25496935,60.89208066,12.53899297,-5.00377703,147.72449854,9.56110532
2021-12-28,54.7,3.24650811627,4041598223.4,1010401990.0,73886622.0,18471700.0,78.73059312,62.868947,12.94607239,-5.16622506,152.52038638,9.87150738
2021-12-29,54.26,-0.804387568556,4009088109.72,1002274442.0,73886622.0,18471700.0,78.09729401,62.363237,12.84193579,-5.12466859,151.29353135,9.79210221
2021-12-30,52.01,-4.146701068927,3842843210.22,960713117.0,73886622.0,18471700.0,74.85883269,59.77721999,12.3094191,-4.9121639,145.01984087,9.386053
2021-12-31,51.25,-1.46125745049,3786689377.5,946674625.0,73886622.0,18471700.0,73.76495242,68.63629752,4.61822139,-4.84038454,142.90072764,9.2488986
2022-01-04,53.29,3.980487804878,3937418086.38,984356893.0,73886622.0,18471700.0,76.70115735,71.36835697,4.80204913,-3.38442607,148.58887367,9.61704988
2022-01-05,48.51,-8.969787952712,3584240033.22,896062167.0,73886622.0,18471700.0,69.82122618,64.96676668,4.3713155,-3.08085022,135.26076678,8.7544209
2022-01-06,48.55,0.082457225314,3587195498.1,896801035.0,73886622.0,18471700.0,69.87879883,65.02033648,4.37491997,-3.08339061,135.37229906,8.76163955
2022-01-07,46.2,-4.840370751802,3413561936.4,853392540.0,73886622.0,18471700.0,66.49640589,61.87311113,4.16315762,-2.93414307,128.81977789,8.33754371
2022-01-10,46.99,1.709956709957,3471932367.78,867985183.0,73886622.0,18471700.0,67.63346564,62.93111454,4.23434582,-2.98431565,131.02254032,8.4801121
2022-01-11,46.1,-1.894020004256,3406173274.2,851545370.0,73886622.0,18471700.0,66.35247427,61.73918664,4.15414646,-2.92779211,128.5409472,8.31949708
2022-01-12,47.06,2.082429501085,3477104431.32,869278202.0,73886622.0,18471700.0,67.73421777,63.02486168,4.24065363,-2.98876132,131.21772181,8.49274474
2022-01-13,48.0,1.997450063748,3546557856.0,886641600.0,73886622.0,18471700.0,69.08717495,64.28375182,4.32535857,-3.04846033,133.83873027,8.66238308
2022-01-14,45.01,-6.229166666667,3325636856.22,831411217.0,73886622.0,18471700.0,64.78361967,60.27940978,4.05592477,-2.85856666,125.5016927,8.1227888
2022-01-17,45.08,0.155520995334,3330808919.76,832704236.0,73886622.0,18471700.0,64.8843718,60.37315692,4.06223259,-2.86301233,125.69687418,8.13542144
2022-01-18,44.01,-2.3735581189,3251750234.22,812939517.0,73886622.0,18471700.0,63.34430353,58.94016495,3.96581314,-2.79505707,122.71338582,7.94232249
2022-01-19,44.35,0.772551692797,3276871685.7,819219895.0,73886622.0,18471700.0,63.83367102,59.39550819,3.99645109,-2.81665033,123.66141016,8.00368103
2022-01-20,41.78,-5.794813979707,3086983067.16,771747626.0,73886622.0,18471700.0,60.13462853,55.95364898,3.76486419,-2.65343068,116.49546148,7.53988261
2022-01-21,40.6,-2.824317855433,2999796853.2,749951020.0,73886622.0,18471700.0,58.43623548,54.37334008,3.65853246,-2.57848937,113.20525936,7.32693235
2022-01-24,40.65,0.12315270936,3003491184.3,750874605.0,73886622.0,18471700.0,58.50820128,54.44030232,3.66303804,-2.58166484,113.3446747,7.33595567
2022-01-25,38.94,-4.206642066421,2877145060.68,719287998.0,73886622.0,18471700.0,56.04697068,52.15019366,3.50894714,-2.47306345,108.57666994,7.02735827
2022-01-26,39.11,0.436569080637,2889705786.42,722428187.0,73886622.0,18471700.0,56.29165442,52.37786528,3.52426612,-2.48386008,109.0506821,7.05803755
2022-01-27,37.55,-3.988749680389,2774442656.1,693612335.0,73886622.0,18471700.0,54.04632123,50.28864335,3.38369196,-2.38478511,104.70092337,6.7765101
2022-01-28,38.2,1.731025299601,2822468960.4,705618940.0,73886622.0,18471700.0,54.98187673,51.15915249,3.44226453,-2.42606635,106.51332284,6.8938132
2022-02-07,40.06,4.869109947644,2959898077.32,739976302.0,73886622.0,18471700.0,57.65900476,53.65014787,3.60987217,-2.54419419,111.69957364,7.22948055
2022-02-08,40.36,0.748876684973,2982064063.92,745517812.0,73886622.0,18471700.0,58.0907996,54.05192132,3.63690566,-2.56324706,112.53606571,7.28362044
2022-02-09,40.61,0.619425173439,3000535719.42,750135737.0,73886622.0,18471700.0,58.45062864,54.38673253,3.65943357,-2.57912446,113.23314243,7.32873702
2022-02-10,39.57,-2.560945579906,2923693632.54,730925169.0,73886622.0,18471700.0,56.95373985,52.99391791,3.56571747,-2.51307449,110.33330327,7.14105205
2022-02-11,37.96,-4.068738943644,2804736171.12,701185732.0,73886622.0,18471700.0,54.63644085,50.83773373,3.42063773,-2.41082405,105.84412919,6.85050129
2022-02-14,38.93,2.555321390938,2876406194.46,719103281.0,73886622.0,18471700.0,56.03257751,52.13680121,3.50804602,-2.47242835,108.54878687,7.02555361
2022-02-15,39.21,0.71923966093,2897094448.62,724275357.0,73886622.0,18471700.0,56.43558604,52.51178977,3.53327728,-2.49021103,109.32951279,7.07608418
2022-02-16,40.34,2.881917878092,2980586331.48,745148378.0,73886622.0,18471700.0,58.06201328,54.02513642,3.63510343,-2.56197687,112.48029957,7.28001111
2022-02-17,40.0,-0.842835894893,2955464880.0,738868000.0,73886622.0,18471700.0,57.57264579,53.56979318,3.60446547,-2.54038361,111.53227523,7.21865257
2022-02-18,39.92,-0.2,2949553950.24,737390264.0,73886622.0,18471700.0,57.4575005,53.4626536,3.59725654,-2.53530284,111.30921068,7.20421526
2022-02-21,40.99,2.680360721443,3028612635.78,757154983.0,73886622.0,18471700.0,58.99756877,54.89564556,3.69367599,-2.60325811,114.29269904,7.39731422
2022-02-22,43.79,6.830934374238,3235495177.38,808875743.0,73886622.0,18471700.0,63.02765398,58.64553109,3.94598858,-2.78108496,122.09995831,7.9026199
2022-02-23,46.3,5.73190226079,3420950598.6,855239710.0,73886622.0,18471700.0,66.6403375,62.00703561,4.17216879,-2.94049403,129.09860858,8.35559035
2022-02-24,43.09,-6.933045356371,3183774541.98,795945553.0,73886622.0,18471700.0,62.02013268,57.70805971,3.88291043,-2.73662824,120.14814349,7.77629348
2022-02-25,42.9,-0.440937572523,3169736083.8,792435930.0,73886622.0,18471700.0,61.74666261,57.45360319,3.86578922,-2.72456142,119.61836518,7.74200488
2022-02-28,42.16,-1.724941724942,3115059983.52,778766872.0,73886622.0,18471700.0,60.68156866,56.46256201,3.79910661,-2.67756433,117.55501809,7.6084598
2022-03-01,43.17,2.395635673624,3189685471.74,797423289.0,73886622.0,18471700.0,62.13527797,57.81519929,3.89011936,-2.74170901,120.37120804,7.79073078
2022-03-02,43.19,0.046328468844,3191163204.18,797792723.0,73886622.0,18471700.0,62.16406429,57.84198419,3.8919216,-2.7429792,120.42697418,7.79434011
2022-03-03,42.32,-2.014355174809,3126881843.04,781722344.0,73886622.0,18471700.0,60.91185925,56.67684119,3.81352447,-2.68772586,118.00114719,7.63733442
2022-03-04,41.69,-1.488657844991,3080333271.18,770085173.0,73886622.0,18471700.0,60.00509007,55.83311694,3.75675414,-2.64771482,116.24451386,7.52364064
2022-03-07,40.8,-2.134804509475,3014574177.6,753645360.0,73886622.0,18471700.0,58.72409871,54.64118905,3.67655478,-2.59119128,113.76292073,7.36302562
2022-03-08,38.6,-5.392156862745,2852023609.2,713007620.0,73886622.0,18471700.0,55.55760319,51.69485042,3.47830918,-2.45147018,107.6286456,6.96599973
2022-03-09,37.98,-1.60621761658,2806213903.56,701555166.0,73886622.0,18471700.0,54.66522718,50.86451863,3.42243997,-2.41209424,105.89989533,6.85411061
2022-03-10,38.29,0.816219062665,2829118756.38,707281393.0,73886622.0,18471700.0,55.11141518,51.27968452,3.45037458,-2.43178221,106.76427046,6.91005517
2022-03-11,38.2,-0.235048315487,2822468960.4,705618940.0,73886622.0,18471700.0,54.98187673,51.15915249,3.44226453,-2.42606635,106.51332284,6.8938132
2022-03-14,36.71,-3.900523560209,2712377893.62,678096107.0,73886622.0,18471700.0,52.83729567,49.16367769,3.30799819,-2.33143706,102.35874559,6.62491839
2022-03-15,34.17,-6.919095614274,2524705873.74,631177989.0,73886622.0,18471700.0,49.18143267,45.76199583,3.07911463,-2.1701227,95.27644611,6.16653395
2022-03-16,36.45,6.67251975417,2693167371.9,673293465.0,73886622.0,18471700.0,52.46307348,48.81547404,3.28456916,-2.31492457,101.6337858,6.57799715
2022-03-17,37.65,3.292181069959,2781831318.3,695459505.0,73886622.0,18471700.0,54.19025285,50.42256783,3.39270313,-2.39113607,104.97975406,6.79455673
2022-03-18,37.63,-0.053120849934,2780353585.86,695090071.0,73886622.0,18471700.0,54.16146653,50.39578294,3.39090089,-2.38986588,104.92398792,6.7909474
2022-03-21,39.58,5.182035609886,2924432498.76,731109886.0,73886622.0,18471700.0,56.96813301,53.00731035,3.56661859,-2.51370958,110.36118634,7.14285671
2022-03-22,38.91,-1.692774128348,2874928462.02,718733847.0,73886622.0,18471700.0,56.00379119,52.11001632,3.50624379,-2.47115816,108.49302073,7.02194428
2022-03-23,38.04,-2.235929067078,2810647100.88,702663468.0,73886622.0,18471700.0,54.75158615,50.94487332,3.42784667,-2.41590481,106.06719374,6.86493859
2022-03-24,38.05,0.026288117771,2811385967.1,702848185.0,73886622.0,18471700.0,54.76597931,50.95826576,3.42874778,-2.41653991,106.09507681,6.86674325
2022-03-25,37.6,-1.182654402102,2778136987.2,694535920.0,73886622.0,18471700.0,54.11828704,50.35560559,3.38819755,-2.38796059,104.84033871,6.78553341
2022-03-28,36.46,-3.031914893617,2693906238.12,673478182.0,73886622.0,18471700.0,52.47746664,48.82886649,3.28547028,-2.31555966,101.66166887,6.57980181
2022-03-29,36.02,-1.206801974767,2661396124.44,665350634.0,73886622.0,18471700.0,51.84416753,48.23959876,3.24582116,-2.28761544,100.43481384,6.50039664
2022-03-30,36.08,0.166574125486,2665829321.76,666458936.0,73886622.0,18471700.0,51.9305265,48.31995345,3.25122786,-2.29142602,100.60211226,6.51122461
2022-03-31,35.85,-0.637472283814,2648835398.7,662210445.0,73886622.0,18471700.0,51.59948379,48.01192714,3.24286709,-2.27681881,99.96080167,6.46971736
2022-04-01,34.76,-3.040446304045,2568298980.72,642076292.0,73886622.0,18471700.0,50.03062919,46.55215028,3.14426946,-2.20759336,96.92154717,6.27300908
2022-04-06,35.22,1.32336018412,2602286826.84,650573274.0,73886622.0,18471700.0,50.69271462,47.1682029,3.18587947,-2.23680777,98.20416834,6.35602358
2022-04-07,34.16,-3.009653605906,2523967007.52,630993272.0,73886622.0,18471700.0,49.1670395,45.74860338,3.08999553,-2.1694876,95.24856305,6.16472929
2022-04-08,32.88,-3.747072599532,2429392131.36,607349496.0,73886622.0,18471700.0,47.32471484,44.03437,2.97421116,-2.08819533,91.67953024,5.93373241
2022-04-11,31.46,-4.318734793187,2324473128.12,581119682.0,73886622.0,18471700.0,45.28088591,42.13264234,2.84576287,-1.99801171,87.72013447,5.67747024
2022-04-12,32.39,2.956134774317,2393187686.58,598298363.0,73886622.0,18471700.0,46.61944993,43.37814003,2.92988745,-2.05707563,90.31325987,5.84530392
2022-04-13,31.32,-3.30348873109,2314129001.04,578533644.0,73886622.0,18471700.0,45.07938165,41.94514806,2.83309895,-1.98912037,87.3297715,5.65220496
2022-04-14,31.37,0.159642401022,2317823332.14,579457229.0,73886622.0,18471700.0,45.15134746,42.0121103,2.83762178,-1.99229585,87.46918685,5.66122828
2022-04-15,30.61,-2.422696844119,2261669499.42,565418737.0,73886622.0,18471700.0,44.05746719,40.99428423,2.7688748,-1.94402856,85.35007362,5.52407388
2022-04-18,31.42,2.646194054231,2321517663.24,580380814.0,73886622.0,18471700.0,45.22331327,42.07907254,2.8421446,-1.99547133,87.60860219,5.67025159
2022-04-19,31.25,-0.541056651814,2308956937.5,577240625.0,73886622.0,18471700.0,44.59907073,41.85140092,2.82676699,-1.9846747,69.31060244,5.34113231
2022-04-20,30.3,-3.04,2238764646.6,559692510.0,73886622.0,18471700.0,43.24325898,40.57911834,2.74083327,-1.92434059,67.20356013,5.17876189
2022-04-21,28.41,-6.237623762376,2099118931.02,524780997.0,73886622.0,18471700.0,40.54590718,38.04794561,2.56987041,-1.80430746,63.01165489,4.8557302
2022-04-22,28.54,0.457585357269,2108724191.88,527182318.0,73886622.0,18471700.0,40.73143932,38.22204744,2.58162976,-1.81256371,63.299987,4.87794931
2022-04-25,25.68,-10.021023125438,1897408452.96,474353256.0,73886622.0,18471700.0,36.64973236,34.39180722,2.32292404,-1.63092628,56.95668066,4.38912889
2022-04-26,24.37,-5.101246105919,1800616978.14,450155329.0,73886622.0,18471700.0,34.78013932,32.6373965,2.20442597,-1.54772871,54.05118021,4.16522862
2022-04-27,25.19,3.364792778006,1861204008.18,465302123.0,73886622.0,18471700.0,35.95041894,33.73557726,2.27860034,-1.59980658,55.86989042,4.30537993
2022-04-28,24.59,-2.381897578404,1816872034.98,454219103.0,73886622.0,18471700.0,35.09411678,32.93203036,2.22432641,-1.56170082,54.53912685,4.20283019
2022-04-29,25.92,5.408702724685,1915141242.24,478786464.0,73886622.0,18471700.0,36.99225323,34.71322598,2.34463361,-1.64616858,57.48898609,4.43014878
2022-05-05,26.75,3.202160493827,1976467138.5,494117975.0,73886622.0,18471700.0,38.17680455,35.82479919,2.41971254,-1.69888154,59.32987569,4.57200926
2022-05-06,27.85,4.11214953271,2057742422.7,514436845.0,73886622.0,18471700.0,39.74669184,37.2979685,2.51921474,-1.76874209,61.76960889,4.76001711
2022-05-09,27.92,0.251346499102,2062914486.24,515729864.0,73886622.0,18471700.0,39.84659376,37.39171564,2.5255467,-1.77318776,61.92486464,4.77198125
2022-05-10,28.56,2.292263610315,2110201924.32,527551752.0,73886622.0,18471700.0,40.75998272,38.24883233,2.58343889,-1.8138339,63.34434578,4.88136764
2022-05-11,27.85,-2.485994397759,2057742422.7,514436845.0,73886622.0,18471700.0,39.74669184,37.2979685,2.51921474,-1.76874209,61.76960889,4.76001711
2022-05-12,28.0,0.538599640934,2068825416.0,517207600.0,73886622.0,18471700.0,39.96076738,37.49885523,2.53278322,-1.77826853,62.10229979,4.78565455
2022-05-13,29.15,4.107142857143,2153795031.3,538450055.0,73886622.0,18471700.0,41.60201318,39.03898678,2.63680825,-1.85130456,64.65292996,4.98220822
2022-05-16,28.1,-3.602058319039,2076214078.2,519054770.0,73886622.0,18471700.0,40.1034844,37.63277971,2.54182888,-1.78461949,62.32409371,4.80274617
2022-05-17,28.07,-0.106761565836,2073997479.54,518500619.0,73886622.0,18471700.0,40.06066929,37.59260237,2.53911518,-1.7827142,62.25755554,4.79761868
2022-05-18,28.73,2.351264695404,2122762650.06,530691941.0,73886622.0,18471700.0,41.00260167,38.47650395,2.5988165,-1.82463053,63.72139546,4.9104234
2022-05-19,28.69,-0.139227288549,2119807185.18,529953073.0,73886622.0,18471700.0,40.94551486,38.42293416,2.59519824,-1.82209014,63.63267789,4.90358675
2022-05-20,28.7,0.034855350296,2120546051.4,530137790.0,73886622.0,18471700.0,40.95978656,38.43632661,2.5961028,-1.82272524,63.65485728,4.90529591
2022-05-23,29.05,1.219512195122,2146406369.1,536602885.0,73886622.0,18471700.0,41.45929615,38.9050623,2.6277626,-1.8449536,64.43113603,4.96511659
2022-05-24,27.39,-5.714285714286,2023754576.58,505939863.0,73886622.0,18471700.0,39.09019352,36.68191588,2.47760473,-1.73952768,60.74935683,4.68139565
2022-05-25,27.66,2.863518036445,2043703964.52,510927222.0,73886622.0,18471700.0,39.47552949,37.04351199,2.502028,-1.75667527,61.34820043,4.72754303
2022-05-26,27.4,-0.939985538684,2024493442.8,506124580.0,73886622.0,18471700.0,39.10446522,36.69530833,2.4785093,-1.74016277,60.77153622,4.68310481
2022-05-27,27.18,-0.802919708029,2008238385.96,502060806.0,73886622.0,18471700.0,38.79048776,36.40067447,2.45860886,-1.72619066,60.28358958,4.64550324
2022-05-30,27.23,0.18395879323,2011932717.06,502984391.0,73886622.0,18471700.0,38.86184627,36.46763671,2.46313169,-1.72936614,60.39448654,4.65404905
2022-05-31,28.65,5.214836577304,2116851720.3,529214205.0,73886622.0,18471700.0,40.88842805,38.36936437,2.59157998,-1.81954976,63.54396032,4.8967501
2022-06-01,28.54,-0.383944153578,2108724191.88,527182318.0,73886622.0,18471700.0,40.73143932,38.22204744,2.58162976,-1.81256371,63.299987,4.87794931
2022-06-02,29.14,2.102312543798,2153056165.08,538265338.0,73886622.0,18471700.0,41.58774148,39.02559433,2.63590368,-1.85066946,64.63075056,4.98049905
2022-06-06,29.91,2.64241592313,2209948864.02,552488547.0,73886622.0,18471700.0,42.68666258,40.05681285,2.70555522,-1.89957185,66.33856381,5.11210455
2022-06-07,29.46,-1.504513540622,2176699884.12,544176282.0,73886622.0,18471700.0,42.04443596,39.45415268,2.66484978,-1.87099253,65.34049113,5.03519225
2022-06-08,29.19,-0.91649694501,2156750496.18,539188923.0,73886622.0,18471700.0,41.65909999,39.09255657,2.64042651,-1.85384494,64.74164753,4.98904487
2022-06-09,28.34,-2.911956149366,2093946867.48,523487978.0,73886622.0,18471700.0,40.44600527,37.95419847,2.56353845,-1.79986179,62.85639914,4.84376607
2022-06-10,29.07,2.57586450247,2147884101.54,536972319.0,73886622.0,18471700.0,41.48783956,38.9318472,2.62957173,-1.84622379,64.47549481,4.96853492
2022-06-13,29.95,3.027175782594,2212904328.9,553227415.0,73886622.0,18471700.0,42.74374939,40.11038265,2.70917348,-1.90211223,66.42728138,5.1189412
2022-06-14,29.7,-0.834724540902,2194432673.4,548609490.0,73886622.0,18471700.0,42.38695682,39.77557144,2.68655935,-1.88623483,65.87279656,5.07621215
2022-06-15,29.78,0.26936026936,2200343603.16,550087226.0,73886622.0,18471700.0,42.50113044,39.88271102,2.69379587,-1.8913156,66.0502317,5.08988544
2022-06-16,30.2,1.410342511753,2231375984.4,557845340.0,73886622.0,18471700.0,43.10054196,40.44519385,2.73178762,-1.91798963,66.9817662,5.16167026
2022-06-17,29.9,-0.993377483444,2209209997.8,552303830.0,73886622.0,18471700.0,42.67239088,40.0434204,2.70465066,-1.89893675,66.31638441,5.11039539
2022-06-20,30.11,0.702341137124,2224726188.42,556182887.0,73886622.0,18471700.0,42.97209663,40.32466182,2.72364653,-1.91227376,66.78215166,5.1462878
2022-06-21,30.67,1.859847226835,2266102696.74,566527039.0,73886622.0,18471700.0,43.77131198,41.07463892,2.7743022,-1.94783913,68.02419766,5.24200089
2022-06-22,30.5,-0.554287577437,2253541971.0,563386850.0,73886622.0,18471700.0,43.52869303,40.8469673,2.75892458,-1.9370425,67.64714798,5.21294513
2022-06-23,31.17,2.196721311475,2303046007.74,575762889.0,73886622.0,18471700.0,44.48489711,41.74426134,2.81953047,-1.97959393,69.1331673,5.32745901
2022-06-24,31.71,1.732435033686,2342944783.62,585737607.0,73886622.0,18471700.0,45.25556905,42.46745355,2.868377,-2.01388911,70.33085451,5.41975378
2022-06-27,31.27,-1.387574897509,2310434669.94,577610059.0,73886622.0,18471700.0,44.62761414,41.87818582,2.82857612,-1.98594489,69.35496123,5.34455063
2022-06-28,31.66,1.247201790854,2339250452.52,584814022.0,73886622.0,18471700.0,45.18421054,42.4004913,2.86385417,-2.01071363,70.21995754,5.41120796
2022-06-29,30.62,-3.284902084649,2262408365.64,565603454.0,73886622.0,18471700.0,43.69995347,41.00767668,2.76977937,-1.94466365,67.9133007,5.23345508
2022-06-30,30.25,-1.208360548661,2235070315.5,558768925.0,73886622.0,18471700.0,43.17190047,40.51215609,2.80196514,-1.92116511,67.09266316,5.17021607
2022-07-01,29.77,-1.586776859504,2199604736.94,549902509.0,73886622.0,18471700.0,42.48685874,39.86931858,2.7575042,-1.8906805,66.02805231,5.08817628
2022-07-04,29.51,-0.873362445415,2180394215.22,545099867.0,73886622.0,18471700.0,42.11579447,39.52111492,2.7334212,-1.87416801,65.4513881,5.04373806
2022-07-05,28.84,-2.270416807862,2130890178.48,532723828.0,73886622.0,18471700.0,41.1595904,38.62382088,2.67136114,-1.83161658,63.96536878,4.92922418
2022-07-06,28.48,-1.24826629681,2104290994.56,526074016.0,73886622.0,18471700.0,40.6458091,38.14169275,2.63801544,-1.80875313,63.16691064,4.86769434
2022-07-07,28.29,-0.667134831461,2090252536.38,522564393.0,73886622.0,18471700.0,40.37464675,37.88723623,2.62041632,-1.79668631,62.74550218,4.83522026
2022-07-08,28.31,0.070696359138,2091730268.82,522933827.0,73886622.0,18471700.0,40.40319016,37.91402112,2.62226886,-1.7979565,62.78986096,4.83863858
2022-07-11,27.95,-1.2716354645,2065131084.9,516284015.0,73886622.0,18471700.0,39.88940886,37.43189299,2.58892316,-1.77509305,61.99140282,4.77710874
2022-07-12,27.16,-2.826475849732,2006760653.52,501691372.0,73886622.0,18471700.0,38.76194435,36.37388957,2.51574787,-1.72492047,60.23923079,4.64208491
2022-07-13,27.69,1.951399116348,2045920563.18,511481373.0,73886622.0,18471700.0,39.51834459,37.08368933,2.56484016,-1.75858055,61.41473861,4.73267052
2022-07-14,28.63,3.394727338389,2115373987.86,528844771.0,73886622.0,18471700.0,40.85988464,38.34257947,2.65190949,-1.81827957,63.49960153,4.89333178
2022-07-15,28.38,-0.873209919665,2096902332.36,524226846.0,73886622.0,18471700.0,40.50309208,38.00776826,2.62875275,-1.80240217,62.94511671,4.85060272
2022-07-18,28.72,1.198026779422,2122023783.84,530507224.0,73886622.0,18471700.0,40.98832997,38.46311151,2.66024591,-1.82399543,63.69921607,4.90871424
2022-07-19,28.94,0.766016713092,2138278840.68,534570998.0,73886622.0,18471700.0,41.30230742,38.75774537,2.68062384,-1.83796754,64.18716271,4.94631581
2022-07-20,29.25,1.071181755356,2161183693.5,540297225.0,73886622.0,18471700.0,41.74473021,39.17291126,2.70933819,-1.85765552,64.87472388,4.99929984
2022-07-21,29.88,2.153846153846,2207732265.36,551934396.0,73886622.0,18471700.0,42.64384747,40.01663551,2.76769317,-1.89766656,66.27202563,5.10697707
2022-07-22,29.31,-1.907630522088,2165616890.82,541405527.0,73886622.0,18471700.0,41.83036042,39.25326595,2.71489581,-1.86146609,65.00780024,5.00955481
2022-07-25,29.0,-1.057659501876,2142712038.0,535679300.0,73886622.0,18471700.0,41.38793764,38.83810006,2.68618146,-1.84177812,64.32023906,4.95657078
2022-07-26,28.69,-1.068965517241,2119807185.18,529953073.0,73886622.0,18471700.0,40.94551486,38.42293416,2.6574671,-1.82209014,63.63267789,4.90358675
2022-07-27,29.54,2.962704775183,2182610813.88,545654018.0,73886622.0,18471700.0,42.15860958,39.56129227,2.73620001,-1.8760733,65.51792627,5.04886555
2022-07-28,29.78,0.812457684496,2200343603.16,550087226.0,73886622.0,18471700.0,42.50113044,39.88271102,2.75843047,-1.8913156,66.0502317,5.08988544
2022-07-29,29.59,-0.63801208865,2186305144.98,546577603.0,73886622.0,18471700.0,42.22996809,39.62825451,2.74083135,-1.87924878,65.62882324,5.05741136
2022-08-01,29.79,0.675904021629,2201082469.38,550271943.0,73886622.0,18471700.0,42.51540215,39.89610347,2.75935674,-1.89195069,66.07241109,5.09159461
2022-08-02,28.13,-5.572339711313,2078430676.86,519608921.0,73886622.0,18471700.0,40.14629951,37.67295706,2.60559601,-1.78652477,62.39063189,4.80787366
2022-08-03,28.04,-0.319943121223,2071780880.88,517946468.0,73886622.0,18471700.0,40.01785419,37.55242502,2.59725959,-1.78080891,62.19101736,4.7924912
2022-08-04,28.43,1.390870185449,2100596663.46,525150431.0,73886622.0,18471700.0,40.57445059,38.0747305,2.6333841,-1.80557765,63.05601368,4.85914853
2022-08-05,28.78,1.231093914879,2126456981.16,531615526.0,73886622.0,18471700.0,41.07396018,38.54346619,2.66580353,-1.82780601,63.83229242,4.91896921
2022-08-08,29.45,2.328005559416,2175961017.9,543991565.0,73886622.0,18471700.0,42.03016426,39.44076023,2.72786358,-1.87035743,65.31831174,5.03348309
2022-08-09,29.82,1.25636672326,2203299068.04,550826094.0,73886622.0,18471700.0,42.55821726,39.93628082,2.76213555,-1.89385598,66.13894927,5.09672209
2022-08-10,30.25,1.441985244802,2235070315.5,558768925.0,73886622.0,18471700.0,43.17190047,40.51215609,2.80196514,-1.92116511,67.09266316,5.17021607
2022-08-11,30.13,-0.396694214876,2226203920.86,556552321.0,73886622.0,18471700.0,43.00064004,40.35144671,2.79084991,-1.91354395,66.82651045,5.14970613
2022-08-12,29.59,-1.792233654165,2186305144.98,546577603.0,73886622.0,18471700.0,42.22996809,39.62825451,2.74083135,-1.87924878,65.62882324,5.05741136
2022-08-15,29.71,0.405542412977,2195171539.62,548794207.0,73886622.0,18471700.0,42.40122853,39.78896389,2.75194659,-1.88686993,65.89497595,5.07792131
2022-08-16,30.29,1.952204644901,2238025780.38,559507793.0,73886622.0,18471700.0,43.22898728,40.56572589,2.80567022,-1.92370549,67.18138073,5.17705272
2022-08-17,32.43,7.065037966326,2396143151.46,599037231.0,73886622.0,18471700.0,46.28313164,43.43170982,3.00389188,-2.05961601,71.92777079,5.54281346
2022-08-18,34.2,5.457909343201,2526922472.4,631732140.0,73886622.0,18471700.0,48.80922301,45.80217317,3.16784158,-2.17202799,75.85352331,5.8453352
2022-08-19,32.77,-4.181286549708,2421264602.94,605317609.0,73886622.0,18471700.0,46.76836953,43.88705306,3.03538504,-2.08120927,72.68187014,5.60092498
2022-08-22,32.55,-0.671345743058,2405009546.1,601253835.0,73886622.0,18471700.0,46.45439207,43.5924192,3.01500712,-2.06723716,72.1939235,5.56332341
2022-08-23,31.96,-1.812596006144,2361416439.12,590355532.0,73886622.0,18471700.0,45.61236162,42.80226475,2.96035722,-2.02976651,70.88533933,5.46248283
2022-08-24,33.95,6.226533166458,2508450816.9,627114215.0,73886622.0,18471700.0,48.45243044,45.46736196,3.14468484,-2.15615059,75.29903849,5.80260614
2022-08-25,31.12,-8.335787923417,2299351676.64,574839304.0,73886622.0,18471700.0,44.4135386,41.6772991,2.88255058,-1.97641845,69.02227033,5.3189132
2022-08-26,29.74,-4.434447300771,2197388138.28,549348358.0,73886622.0,18471700.0,42.44404363,39.82914123,2.7547254,-1.88877521,65.96151413,5.08304879
2022-08-29,30.58,2.824478816409,2259452900.76,564864586.0,73886622.0,18471700.0,43.64286666,40.95410689,2.83253203,-1.94212327,67.82458312,5.22661843
2022-08-30,31.8,3.989535644212,2349594579.6,587400060.0,73886622.0,18471700.0,41.83807154,42.58798558,2.94553691,-2.01960497,35.3622993,5.38970716
2022-08-31,30.47,-4.182389937107,2251325372.34,562832699.0,73886622.0,18471700.0,40.08824025,40.80678996,2.82234307,-1.93513722,33.88331005,5.16428859
2022-09-01,30.65,0.590744995077,2264624964.3,566157605.0,73886622.0,18471700.0,40.32505952,41.04785403,2.83901592,-1.94656894,34.08347401,5.19479636
2022-09-02,31.51,2.805872756933,2328167459.22,582043267.0,73886622.0,18471700.0,41.45652938,42.19960458,2.91867509,-2.00118719,35.03981292,5.34055574
2022-09-05,32.2,2.189781021898,2379149228.4,594788740.0,73886622.0,18471700.0,42.36433659,43.12368351,2.98258768,-2.04500881,35.80710809,5.45750222
2022-09-06,31.51,-2.142857142857,2328167459.22,582043267.0,73886622.0,18471700.0,41.45652938,42.19960458,2.91867509,-2.00118719,35.03981292,5.34055574
2022-09-07,33.28,5.61726436052,2458946780.16,614738176.0,73886622.0,18471700.0,43.78525223,44.57006793,3.08262479,-2.11359916,37.00809184,5.64054887
2022-09-08,33.01,-0.811298076923,2438997392.22,609750817.0,73886622.0,18471700.0,43.43002332,44.20847182,3.05761551,-2.09645157,36.7078459,5.59478721
2022-09-09,35.26,6.816116328385,2605242291.72,651312142.0,73886622.0,18471700.0,46.39026423,47.22177269,3.26602614,-2.23934815,39.20989538,5.97613441
2022-09-13,38.33,8.706749858196,2832074221.26,708020261.0,73886622.0,18471700.0,50.4293485,51.33325432,3.55039087,-2.4343226,42.62380289,6.49646149
2022-09-14,36.72,-4.200365249152,2713116759.84,678280824.0,73886622.0,18471700.0,48.31113167,49.17707014,3.40126148,-2.33207215,40.83344749,6.22358638
2022-09-15,34.46,-6.154684095861,2546132994.12,636534782.0,73886622.0,18471700.0,45.33773413,46.15037683,3.19192458,-2.18854048,38.32027779,5.8405443
2022-09-16,34.89,1.247823563552,2577904241.58,644477613.0,73886622.0,18471700.0,45.90346906,46.7262521,3.23175417,-2.2158496,38.79844725,5.91342398
2022-09-19,31.5,-9.716251074807,2327428593.0,581858550.0,73886622.0,18471700.0,41.44337276,42.18621213,2.91774882,-2.00055209,35.0286927,5.33886086
2022-09-20,33.58,6.603174603175,2481112766.76,620279686.0,73886622.0,18471700.0,44.17995102,44.97184138,3.11041287,-2.13265204,37.34169844,5.69139517
2022-09-21,32.83,-2.233472304943,2425697800.26,606425911.0,73886622.0,18471700.0,43.19320405,43.96740775,3.04094266,-2.08501985,36.50768195,5.56427943
2022-09-22,34.44,4.904051172708,2544655261.68,636165348.0,73886622.0,18471700.0,45.31142088,46.12359193,3.19007205,-2.18727029,38.29803735,5.83715454
2022-09-23,35.4,2.787456445993,2615586418.8,653898180.0,73886622.0,18471700.0,46.574457,47.40926697,3.27899391,-2.2482395,39.36557846,5.99986268
2022-09-26,36.45,2.966101694915,2693167371.9,673293465.0,73886622.0,18471700.0,47.95590276,48.81547404,3.37625221,-2.31492457,40.53320155,6.17782471
2022-09-27,36.18,-0.740740740741,2673217983.96,668306106.0,73886622.0,18471700.0,47.60067385,48.45387793,3.35124293,-2.29777698,40.23295561,6.13206305
2022-09-28,33.9,-6.301824212272,2504756485.8,626190630.0,73886622.0,18471700.0,44.60096306,45.40039972,3.14005349,-2.15297511,37.69754548,5.74563121
2022-09-29,33.96,0.176991150442,2509189683.12,627298932.0,73886622.0,18471700.0,44.67990282,45.48075441,3.14561111,-2.15678569,37.76426679,5.75580047
2022-09-30,31.6,-6.949352179034,2334817255.2,583705720.0,73886622.0,18471700.0,41.57493902,42.32013661,2.83913759,-2.00690305,35.1398949,5.35580963
2022-10-10,28.52,-9.746835443038,2107246459.44,526812884.0,73886622.0,18471700.0,37.52269813,38.19526254,2.56241152,-1.81129351,31.71486717,4.83378768
2022-10-11,27.58,-3.295932678822,2037793034.76,509449486.0,73886622.0,18471700.0,36.28597526,36.9363724,2.47795616,-1.7515945,30.6695665,4.67446929
2022-10-12,27.25,-1.196519216824,2013410449.5,503353825.0,73886622.0,18471700.0,35.85180659,36.49442161,2.44830694,-1.73063633,30.30259924,4.61853837
2022-10-13,28.0,2.752293577982,2068825416.0,517207600.0,73886622.0,18471700.0,36.83855356,37.49885523,2.51569154,-1.77826853,31.13661573,4.7456541
2022-10-14,28.2,0.714285714286,2083602740.4,520901940.0,73886622.0,18471700.0,37.10168609,37.76670419,2.53366076,-1.79097045,31.35902013,4.77955163
2022-10-17,28.8,2.127659574468,2127934713.6,531984960.0,73886622.0,18471700.0,37.89108366,38.57025109,2.58756844,-1.8290762,32.02623332,4.88124422
2022-10-18,29.92,3.888888888889,2210687730.24,552673264.0,73886622.0,18471700.0,39.3646258,40.0702053,2.6881961,-1.90020694,33.27169795,5.07107038
2022-10-19,28.74,-3.94385026738,2123501516.28,530876658.0,73886622.0,18471700.0,37.8121439,38.4898964,2.58217767,-1.82526562,31.959512,4.87107496
2022-10-20,28.1,-2.226861517049,2076214078.2,519054770.0,73886622.0,18471700.0,36.97011982,37.63277971,2.52467615,-1.78461949,31.24781793,4.76260286
2022-10-21,27.69,-1.459074733096,2045920563.18,511481373.0,73886622.0,18471700.0,36.43069815,37.08368933,2.48783924,-1.75858055,30.79188891,4.69311293
2022-10-24,27.42,-0.975081256771,2025971175.24,506494014.0,73886622.0,18471700.0,36.07546924,36.72209323,2.46358078,-1.74143297,30.49164298,4.64735127
2022-10-25,26.9,-1.896425966448,1987550131.8,496888730.0,73886622.0,18471700.0,35.39132467,36.02568592,2.4168608,-1.70840798,29.91339154,4.55921769
2022-10-26,28.27,5.092936802974,2088774803.94,522194959.0,73886622.0,18471700.0,37.19378247,37.86045133,2.53994999,-1.79541612,31.43686167,4.79141576
2022-10-27,27.53,-2.617615847188,2034098703.66,508525901.0,73886622.0,18471700.0,38.01003851,36.86941016,2.47346386,-1.74841902,47.34496435,4.34817439
2022-10-28,26.03,-5.448601525608,1923268770.66,480818351.0,73886622.0,18471700.0,35.93902297,34.86054291,2.33869467,-1.65315463,44.7653259,4.11125969
2022-10-31,26.62,2.266615443719,1966861877.64,491716654.0,73886622.0,18471700.0,36.75362241,35.65069736,2.39170388,-1.69062529,45.77998369,4.20444614
2022-11-01,27.17,2.066115702479,2007499519.74,501876089.0,73886622.0,18471700.0,37.51299478,36.38728202,2.44111925,-1.72555557,46.72585113,4.29131486
2022-11-02,27.38,0.772911299227,2023015710.36,505755146.0,73886622.0,18471700.0,37.80293695,36.66852343,2.45998694,-1.73889258,47.08700051,4.32448292
2022-11-03,27.9,1.899196493791,2061436753.8,515360430.0,73886622.0,18471700.0,38.52088901,37.36493074,2.50670692,-1.77191757,47.98127517,4.40661335
2022-11-04,28.26,1.290322580645,2088035937.72,522010242.0,73886622.0,18471700.0,39.01793274,37.84705888,2.53905153,-1.79478102,48.6003884,4.46347287
2022-11-07,28.45,0.672328379335,2102074395.9,525519865.0,73886622.0,18471700.0,39.28026137,38.1015154,2.55612229,-1.80684784,48.9271426,4.49348207
2022-11-08,28.34,-0.386643233743,2093946867.48,523487978.0,73886622.0,18471700.0,39.1283869,37.95419847,2.54623922,-1.79986179,48.73796912,4.47610832
2022-11-09,28.08,-0.917431192661,2074736345.76,518685336.0,73886622.0,18471700.0,38.76941087,37.60599481,2.52287923,-1.78334929,48.29083178,4.43504311
2022-11-10,27.76,-1.139601139601,2051092626.72,756647352.24,73886622.0,27256749.0,38.32759422,37.17743647,2.49412847,-1.76302623,47.74050892,4.38450131
2022-11-11,28.25,1.765129682997,2087297071.5,770003159.25,73886622.0,27256749.0,39.00412596,37.83366644,2.53815307,-1.79414593,48.58319081,4.46189344
2022-11-14,28.1,-0.530973451327,2076214078.2,765914646.9,73886622.0,27256749.0,38.79702441,37.63277971,2.52467615,-1.78461949,48.32522696,4.43820197
2022-11-15,29.2,3.914590747331,2157489362.4,795897070.8,73886622.0,27256749.0,40.31576914,39.10594902,2.62350689,-1.85448004,50.21696183,4.61193942
2022-11-16,28.67,-1.815068493151,2118329452.74,781450993.83,73886622.0,27256749.0,39.58401032,38.39614926,2.57588844,-1.82081995,49.30548958,4.52822956
2022-11-17,28.73,0.209277990931,2122762650.06,783086398.77,73886622.0,27256749.0,39.66685094,38.47650395,2.58127921,-1.82463053,49.40867511,4.53770614
2022-11-18,28.1,-2.19282979464,2076214078.2,765914646.9,73886622.0,27256749.0,38.79702441,37.63277971,2.52467615,-1.78461949,48.32522696,4.43820197
2022-11-21,28.49,1.387900355872,2105029860.78,776544779.01,73886622.0,27256749.0,39.33548845,38.15508519,2.55971614,-1.80938823,48.99593296,4.49979979
2022-11-22,28.2,-1.017901017901,2083602740.4,768640321.8,73886622.0,27256749.0,38.93509211,37.76670419,2.53366076,-1.79097045,48.49720286,4.45399628
2022-11-23,27.53,-2.375886524823,2034098703.66,750378299.97,73886622.0,27256749.0,38.01003851,36.86941016,2.47346386,-1.74841902,47.34496435,4.34817439
2022-11-24,27.82,1.053396294951,2055525824.04,758282757.18,73886622.0,27256749.0,38.41043484,37.25779116,2.49951923,-1.7668368,47.84369445,4.39397789
2022-11-25,27.14,-2.444284687275,2005282921.08,739748167.86,73886622.0,27256749.0,37.47157447,36.34710467,2.43842387,-1.72365028,46.67425836,4.28657657
2022-11-28,26.73,-1.510685335298,1974989406.06,728572900.77,73886622.0,27256749.0,36.90549689,35.79801429,2.40158696,-1.69761135,45.96915718,4.22181988
2022-11-29,27.15,1.571268237935,2006021787.3,740020735.35,73886622.0,27256749.0,37.48538124,36.36049712,2.43932233,-1.72428538,46.69145595,4.288156
2022-11-30,26.92,-0.847145488029,1989027864.24,733751683.08,73886622.0,27256749.0,37.16782552,36.05247081,2.41865772,-1.70967817,46.29591138,4.25182908
2022-12-01,27.11,0.705794947994,2003066322.42,738930465.39,73886622.0,27256749.0,37.43015416,36.30692733,2.43572848,-1.72174499,46.62266559,4.28183827
2022-12-02,27.45,1.254149760236,2028187773.9,748197760.05,73886622.0,27256749.0,37.89958434,36.76227057,2.46627617,-1.74333825,47.20738364,4.33553894
2022-12-05,27.55,0.364298724954,2035576436.1,750923434.95,73886622.0,27256749.0,38.03765205,36.89619505,2.47526078,-1.74968921,47.37935953,4.35133325
2022-12-06,27.26,-1.052631578947,2014149315.72,743018977.74,73886622.0,27256749.0,37.63725571,36.50781405,2.4492054,-1.73127143,46.88062943,4.30552974
2022-12-07,26.9,-1.320616287601,1987550131.8,733206548.1,73886622.0,27256749.0,37.14021198,36.02568592,2.4168608,-1.70840798,46.2615162,4.24867021
2022-12-08,27.1,0.743494423792,2002327456.2,738657897.9,73886622.0,27256749.0,37.41634739,36.29353488,2.43483002,-1.7211099,46.605468,4.28025884
2022-12-09,26.8,-1.107011070111,1980161469.6,730480873.2,73886622.0,27256749.0,37.00214428,35.89176143,2.40787619,-1.70205702,46.08954031,4.2328759
2022-12-12,26.73,-0.261194029851,1974989406.06,728572900.77,73886622.0,27256749.0,36.90549689,35.79801429,2.40158696,-1.69761135,45.96915718,4.22181988
2022-12-13,26.21,-1.945379723158,1936568362.62,714399391.29,73886622.0,27256749.0,36.18754483,35.10160698,2.35486697,-1.66458636,45.07488252,4.13968945
2022-12-14,26.32,0.419687142312,1944695891.04,717397633.68,73886622.0,27256749.0,36.33941931,35.24892391,2.36475005,-1.67157242,45.264056,4.1570632
2022-12-15,26.81,1.86170212766,1980900335.82,730753440.69,73886622.0,27256749.0,37.01595105,35.90515388,2.40877465,-1.70269212,46.1067379,4.23445533
2022-12-16,26.28,-1.976874300634,1941740426.16,716307363.72,73886622.0,27256749.0,36.28419223,35.19535412,2.3611562,-1.66903203,45.19526564,4.15074547
2022-12-19,25.7,-2.20700152207,1898886185.4,700498449.3,73886622.0,27256749.0,35.48339955,34.41859212,2.30904545,-1.63219647,44.19780544,4.05913846
2022-12-20,26.03,1.284046692607,1923268770.66,709493176.47,73886622.0,27256749.0,35.93902297,34.86054291,2.33869467,-1.65315463,44.7653259,4.11125969
2022-12-21,25.4,-2.420284287361,1876720198.8,692321424.6,73886622.0,27256749.0,35.06919644,34.01681867,2.28209161,-1.61314359,43.68187775,4.01175552
2022-12-22,24.94,-1.811023622047,1842732352.68,679783320.06,73886622.0,27256749.0,34.43408501,33.40076605,2.24076239,-1.58392918,42.89078863,3.93910168
2022-12-23,24.74,-0.801924619086,1827955028.28,674331970.26,73886622.0,27256749.0,34.15794961,33.13291708,2.22279317,-1.57122726,42.54683684,3.90751305
2022-12-26,25.92,4.769603880356,1915141242.24,706494934.08,73886622.0,27256749.0,35.7871485,34.71322598,2.32881159,-1.64616858,44.57615242,4.09388595
2022-12-27,25.71,-0.810185185185,1899625051.62,700771016.79,73886622.0,27256749.0,35.49720632,34.43198457,2.30994391,-1.63283157,44.21500303,4.06071789
2022-12-28,25.24,-1.828082458187,1864898339.28,687960344.76,73886622.0,27256749.0,34.84828812,33.8025395,2.26771623,-1.60298206,43.40671632,3.98648462
2022-12-29,24.88,-1.426307448494,1838299155.36,678147915.12,73886622.0,27256749.0,34.35124439,33.32041136,2.23537162,-1.58011861,42.78760309,3.92962509
2022-12-30,25.09,0.844051446945,1853815345.98,683871832.41,73886622.0,27256749.0,34.64118656,33.60165277,2.25423931,-1.59345562,43.14875247,3.96279315
2023-01-03,25.7,2.431247508968,1898886185.4,700498449.3,73886622.0,27256749.0,35.48339955,49.32402421,2.31148572,0.76036776,44.19780544,4.05913846
2023-01-04,30.84,20.0,2278663422.48,840598139.16,73886622.0,27256749.0,42.58007946,59.18882905,2.77378286,0.91244131,53.03736653,4.87096615
2023-01-05,32.0,3.761348897536,2364371904.0,872215968.0,73886622.0,27256749.0,44.18166481,61.41512742,2.87811451,0.94676142,55.03228693,5.05418018
2023-01-06,32.24,0.75,2382104693.28,878757587.76,73886622.0,27256749.0,44.5130273,61.87574088,2.89970037,0.95386213,55.44502909,5.09208653
2023-01-09,31.83,-1.271712158809,2351811178.26,867582320.67,73886622.0,27256749.0,43.94694972,61.08885956,2.86282453,0.94173175,54.73992791,5.02732985
2023-01-10,31.5,-1.036757775683,2327428593.0,858587593.5,73886622.0,27256749.0,43.4913263,60.45551606,2.83314398,0.93196827,54.17240745,4.97520862
2023-01-11,30.67,-2.634920634921,2266102696.74,835964491.83,73886622.0,27256749.0,42.34536437,58.86256119,2.75849288,0.90741164,52.74500751,4.84411582
2023-01-12,30.17,-1.630257580698,2229159385.74,822336117.33,73886622.0,27256749.0,41.65502585,57.90294982,2.71352234,0.8926185,51.88512803,4.76514425
2023-01-13,29.85,-1.060656281074,2205515666.7,813613957.65,73886622.0,27256749.0,41.21320921,57.28879855,2.6847412,0.88315088,51.33480516,4.71460245
2023-01-16,29.99,0.469011725293,2215859793.78,817429902.51,73886622.0,27256749.0,41.40650399,57.55748973,2.69733295,0.88729296,51.57557141,4.73671449
2023-01-17,29.67,-1.06702234078,2192216074.74,808707742.83,73886622.0,27256749.0,40.96468734,56.94333846,2.6685518,0.87782535,51.02524854,4.68617269
2023-01-18,29.82,0.505561172902,2203299068.04,812796255.18,73886622.0,27256749.0,41.17178889,57.23122187,2.68204296,0.88226329,51.28321239,4.70986416
2023-01-19,29.78,-0.134138162307,2200343603.16,811705985.22,73886622.0,27256749.0,41.11656181,57.15445296,2.67844532,0.88107984,51.21442203,4.70354643
2023-01-20,30.95,3.92881128274,2286790950.9,843596381.55,73886622.0,27256749.0,42.73195393,59.39994355,2.78367638,0.91569581,53.22654002,4.88833989
2023-01-30,31.31,1.163166397415,2313390134.82,853408811.19,73886622.0,27256749.0,43.22899766,60.09086374,2.81605517,0.92634687,53.84565325,4.94519942
2023-01-31,30.13,-3.768763973172,2226203920.86,821245847.37,73886622.0,27256749.0,41.59979877,57.82618091,2.7099247,0.89143505,51.81633767,4.75882653
2023-02-01,30.72,1.958181214736,2269797027.84,837327329.28,73886622.0,27256749.0,42.41439822,58.95852233,2.76298993,0.90889096,52.83099546,4.85201297
2023-02-02,31.11,1.26953125,2298612810.42,847957461.39,73886622.0,27256749.0,42.95286226,59.70701919,2.79806696,0.92042961,53.50170145,4.91361079
2023-02-03,30.67,-1.414336226294,2266102696.74,835964491.83,73886622.0,27256749.0,42.34536437,58.86256119,2.75849288,0.90741164,52.74500751,4.84411582
2023-02-06,32.32,5.379850016303,2388015623.04,880938127.68,73886622.0,27256749.0,44.62348146,62.0292787,2.90689566,0.95622903,55.5826098,5.10472198
2023-02-07,31.9,-1.299504950495,2356983241.8,869490293.1,73886622.0,27256749.0,44.04359711,61.22320515,2.86912041,0.94380279,54.86031104,5.03838587
2023-02-08,32.33,1.347962382445,2388754489.26,881210695.17,73886622.0,27256749.0,44.63728823,62.04847092,2.90779507,0.95652489,55.59980739,5.10630141
2023-02-09,33.01,2.103309619548,2438997392.22,899745284.49,73886622.0,27256749.0,45.57614861,63.35354238,2.968955,0.97664357,56.76924349,5.21370274
2023-02-10,31.38,-4.937897606786,2318562198.36,855316783.62,73886622.0,27256749.0,43.32564505,60.22520933,2.82235105,0.92841791,53.96603637,4.95625544
2023-02-13,31.41,0.095602294455,2320778797.02,856134486.09,73886622.0,27256749.0,43.36706536,60.28278601,2.82504928,0.9293055,54.01762914,4.96099373
2023-02-14,30.94,-1.496338745622,2286052084.68,843323814.06,73886622.0,27256749.0,42.71814716,59.38075133,2.78277697,0.91539994,53.20934243,4.88676046
2023-02-15,31.14,0.646412411118,2300829409.08,848775163.86,73886622.0,27256749.0,42.99428257,59.76459587,2.80076519,0.9213172,53.55329422,4.91834909
2023-02-16,29.77,-4.399486191394,2199604736.94,811433417.73,73886622.0,27256749.0,41.10275504,57.13526073,2.67754591,0.88078398,51.19722444,4.701967
2023-02-17,29.99,0.738998992274,2215859793.78,817429902.51,73886622.0,27256749.0,41.40650399,57.55748973,2.69733295,0.88729296,51.57557141,4.73671449
2023-02-20,30.03,0.133377792598,2218815258.66,818520172.47,73886622.0,27256749.0,41.46173107,57.63425864,2.70093059,0.88847642,51.64436177,4.74303221
2023-02-21,30.02,-0.0333000333,2218076392.44,818247604.98,73886622.0,27256749.0,41.4479243,57.61506641,2.70003118,0.88818055,51.62716418,4.74145278
2023-02-22,30.4,1.26582278481,2246153308.8,828605169.6,73886622.0,27256749.0,41.97258157,58.34437105,2.73420879,0.89942334,52.28067259,4.80147117
2023-02-23,31.67,4.177631578947,2339989318.74,863221240.83,73886622.0,27256749.0,43.72604139,60.78178392,2.84843396,0.93699794,54.46476648,5.00205895
2023-02-24,31.1,-1.799810546258,2297873944.2,847684893.9,73886622.0,27256749.0,42.93905549,59.68782696,2.79716754,0.92013375,53.48450386,4.91203136
2023-02-27,30.12,-3.151125401929,2225465054.64,820973279.88,73886622.0,27256749.0,41.585992,57.80698869,2.70902529,0.89113918,51.79914008,4.7572471
2023-02-28,31.04,3.054448871182,2293440746.88,846049488.96,73886622.0,27256749.0,42.85621487,59.5726736,2.79177108,0.91835857,53.38131833,4.90255478
2023-03-01,31.0,-0.128865979381,2290485282.0,844959219.0,73886622.0,27256749.0,42.80098778,59.49590469,2.78817344,0.91717512,53.31252797,4.89623705
2023-03-02,31.52,1.677419354839,2328906325.44,859132728.48,73886622.0,27256749.0,43.51893984,60.49390051,2.8349428,0.93255999,54.20680263,4.97836748
2023-03-03,31.49,-0.095177664975,2326689726.78,858315026.01,73886622.0,27256749.0,43.47751953,60.43632383,2.83224456,0.93167241,54.15520986,4.97362918
2023-03-06,32.15,2.095903461416,2375454897.3,876304480.35,73886622.0,27256749.0,44.38876636,61.70301083,2.89160568,0.95119936,55.29025078,5.07787165
2023-03-07,31.8,-1.088646967341,2349594579.6,866764618.2,73886622.0,27256749.0,43.9055294,61.03128288,2.8601263,0.94084416,54.68833514,5.02259155
2023-03-08,31.8,0.0,2349594579.6,866764618.2,73886622.0,27256749.0,43.9055294,61.03128288,2.8601263,0.94084416,54.68833514,5.02259155
2023-03-09,32.57,2.421383647799,2406487278.54,887752314.93,73886622.0,27256749.0,44.96865071,62.50908438,2.92938093,0.9636256,56.01254955,5.14420777
2023-03-10,32.07,-1.53515505066,2369543967.54,874123940.43,73886622.0,27256749.0,44.2783122,61.54947301,2.88441039,0.94883246,55.15267006,5.0652362
2023-03-13,30.62,-4.521359526037,2262408365.64,834601654.38,73886622.0,27256749.0,42.27633051,58.76660005,2.75399583,0.90593233,52.65901956,4.83621866
2023-03-14,29.16,-4.76812540823,2154533897.52,794806800.84,73886622.0,27256749.0,40.26054206,55.96453486,2.62268185,0.86273634,50.14817147,4.60562169
2023-03-15,29.75,2.023319615912,2198127004.5,810888282.75,73886622.0,27256749.0,41.0751415,57.09687628,2.67574709,0.88019225,51.16282926,4.69880814
2023-03-16,29.98,0.773109243697,2215120927.56,817157335.02,73886622.0,27256749.0,41.39269722,57.5382975,2.69643354,0.8869971,51.55837382,4.73513506
2023-03-17,29.51,-1.567711807872,2180394215.22,804346662.99,73886622.0,27256749.0,40.74377902,56.63626282,2.65416123,0.87309154,50.75008711,4.66090179
2023-03-20,29.16,-1.186038630973,2154533897.52,794806800.84,73886622.0,27256749.0,40.26054206,55.96453486,2.62268185,0.86273634,50.14817147,4.60562169
2023-03-21,29.69,1.81755829904,2193693807.18,809252877.81,73886622.0,27256749.0,40.99230088,56.98172291,2.67035062,0.87841708,51.05964372,4.68933155
2023-03-22,29.68,-0.0336813742,2192954940.96,808980310.32,73886622.0,27256749.0,40.97849411,56.96253068,2.66945121,0.87812121,51.04244613,4.68775212
2023-03-23,29.81,0.438005390836,2202560201.82,812523687.69,73886622.0,27256749.0,41.15798212,57.21202964,2.68114355,0.88196743,51.2660148,4.70828472
2023-03-24,30.08,0.905736330091,2222509589.76,819883009.92,73886622.0,27256749.0,41.53076492,57.73021978,2.70542764,0.88995573,51.73034972,4.75092937
2023-03-27,29.65,-1.429521276596,2190738342.3,808162607.85,73886622.0,27256749.0,40.9370738,56.904954,2.66675298,0.87723362,50.99085336,4.68301382
2023-03-28,29.65,0.0,2190738342.3,808162607.85,73886622.0,27256749.0,40.9370738,56.904954,2.66675298,0.87723362,50.99085336,4.68301382
2023-03-29,29.81,0.539629005059,2202560201.82,812523687.69,73886622.0,27256749.0,41.15798212,57.21202964,2.68114355,0.88196743,51.2660148,4.70828472
2023-03-30,29.65,-0.536732640054,2190738342.3,808162607.85,73886622.0,27256749.0,40.9370738,56.904954,2.66675298,0.87723362,50.99085336,4.68301382
2023-03-31,29.35,-1.011804384486,2168572355.7,799985583.15,73886622.0,27256749.0,40.52287069,56.32918718,2.6369404,0.86835774,50.47492567,4.63563088
2023-04-03,29.45,0.340715502555,2175961017.9,802711258.05,73886622.0,27256749.0,40.6609384,56.52110946,2.64592486,0.87131637,50.64690157,4.6514252
2023-04-04,28.73,-2.444821731749,2122762650.06,783086398.77,73886622.0,27256749.0,39.66685094,55.13926909,2.58123672,0.85001423,49.40867511,4.53770614
2023-04-06,29.06,1.148625130526,2147145235.32,792081125.94,73886622.0,27256749.0,40.12247436,55.77261259,2.61088545,0.85977771,49.97619557,4.58982738
2023-04-07,29.1,0.13764624914,2150100700.2,793171395.9,73886622.0,27256749.0,40.17770144,55.8493815,2.61447924,0.86096116,50.04498593,4.5961451
2023-04-10,28.8,-1.030927835052,2127934713.6,784994371.2,73886622.0,27256749.0,39.76349833,55.27361468,2.58752584,0.85208527,49.52905824,4.54876216
2023-04-11,28.41,-1.354166666667,2099118931.02,774364239.09,73886622.0,27256749.0,39.22503429,54.52511782,2.55248643,0.84054662,48.85835224,4.48716434
2023-04-12,29.07,2.323125659979,2147884101.54,792353693.43,73886622.0,27256749.0,40.13628113,55.79180482,2.6117839,0.86007357,49.99339316,4.59140681
2023-04-13,28.73,-1.169590643275,2122762650.06,783086398.77,73886622.0,27256749.0,39.66685094,55.13926909,2.58123672,0.85001423,49.40867511,4.53770614
2023-04-14,28.72,-0.034806822137,2122023783.84,782813831.28,73886622.0,27256749.0,39.65304417,55.12007686,2.58033827,0.84971837,49.39147752,4.53612671
2023-04-17,28.94,0.766016713092,2138278840.68,788810316.06,73886622.0,27256749.0,39.95679311,55.54230586,2.60010409,0.85622736,49.7698245,4.5708742
2023-04-18,28.95,0.034554250173,2139017706.9,789082883.55,73886622.0,27256749.0,39.97059988,55.56149809,2.60100254,0.85652322,49.78702209,4.57245363
2023-04-19,28.58,-1.278065630397,2111679656.76,778997886.42,73886622.0,27256749.0,39.45974938,54.85138568,2.56776002,0.84557629,49.15071127,4.51401467
2023-04-20,30.07,5.213435969209,2221770723.54,819610442.43,73886622.0,27256749.0,41.51695815,57.71102755,2.70162854,0.88965987,51.71315213,4.74934994
2023-04-21,31.46,4.622547389425,2324473128.12,857497323.54,73886622.0,27256749.0,43.43609922,60.37874715,2.8265126,0.93078482,54.10361709,4.96889089
2023-04-24,33.83,7.533375715194,2499584422.26,922095818.67,73886622.0,27256749.0,59.05239539,64.92730502,3.03944442,1.00090433,74.07461545,5.19616697
2023-04-25,35.51,4.966006503104,2623713947.22,967887156.99,73886622.0,27256749.0,61.98494118,68.15159921,3.19038343,1.05060931,77.75316567,5.45420896
2023-04-26,41.77,17.628836947339,3086244200.94,1138514405.73,73886622.0,27256749.0,72.9121654,80.16593351,3.75281092,1.23581951,91.46014446,6.41572256
2023-04-27,36.92,-11.61120421355,2727894084.24,1006319173.08,73886622.0,27256749.0,64.44618498,70.85770326,3.31706438,1.09232598,80.84052032,5.67077991
2023-04-28,37.2,0.758396533044,2748582338.4,1013951062.8,73886622.0,27256749.0,64.93494261,71.39508563,3.34222088,1.10061015,81.45361202,5.71378691
2023-05-04,41.23,10.833333333333,3046345425.06,1123795761.27,73886622.0,27256749.0,71.96956139,79.12955324,3.70429481,1.21984291,90.27775332,6.33278049
2023-05-05,36.47,-11.544991511036,2694645104.34,994053636.03,73886622.0,27256749.0,63.66068164,69.99405303,3.27663429,1.07901215,79.85519437,5.60166152
2023-05-08,34.76,-4.688785302989,2568298980.72,947444595.24,73886622.0,27256749.0,60.67576895,66.71218216,3.12299994,1.02841959,76.11095575,5.33901164
2023-05-09,33.43,-3.826237054085,2470029773.46,911193119.07,73886622.0,27256749.0,58.3541702,64.15961593,3.00350656,0.98906982,73.19877016,5.1347284
2023-05-10,33.55,0.358959018845,2478896168.1,914463928.95,73886622.0,27256749.0,58.56363776,64.38992266,3.01428792,0.99262017,73.46152374,5.15315997
2023-05-11,33.91,1.07302533532,2505495352.02,924276358.59,73886622.0,27256749.0,59.19204043,65.08084284,3.04663199,1.00327124,74.24978451,5.20845468
2023-05-12,32.62,-3.804187555293,2410181609.64,889115152.38,73886622.0,27256749.0,56.94026419,62.60504552,2.93073239,0.96510492,71.42518344,5.0103153
2023-05-15,32.82,0.613120784795,2424958934.04,894566502.18,73886622.0,27256749.0,57.28937679,62.98889006,2.94870132,0.97102218,71.86310609,5.04103458
2023-05-16,32.87,0.152346130408,2428653265.14,895929339.63,73886622.0,27256749.0,57.37665493,63.0848512,2.95319356,0.97250149,71.97258675,5.0487144
2023-05-17,33.28,1.247337998175,2458946780.16,907104606.72,73886622.0,27256749.0,58.09233575,63.87173252,2.99002986,0.98463187,72.87032817,5.11168893
2023-05-18,33.9,1.862980769231,2504756485.8,924003791.1,73886622.0,27256749.0,59.1745848,65.06165061,3.04573354,1.00297537,74.22788837,5.20691872
2023-05-19,34.24,1.002949852507,2529877937.28,933271085.76,73886622.0,27256749.0,59.76807621,65.71418634,3.07628072,1.01303471,74.97235687,5.2591415
2023-05-22,33.18,-3.095794392523,2451558117.96,904378931.82,73886622.0,27256749.0,57.91777946,63.67981025,2.9810454,0.98167324,72.65136685,5.09632929
2023-05-23,33.49,0.934297769741,2474462970.78,912828524.01,73886622.0,27256749.0,58.45890398,64.27476929,3.00889724,0.99084499,73.33014695,5.14394418
2023-05-24,33.85,1.074947745596,2501062154.7,922640953.65,73886622.0,27256749.0,59.08730665,64.96568948,3.04124131,1.00149606,74.11840771,5.1992389
2023-05-25,35.72,7.106446776612,2639230137.84,973611074.28,73886622.0,27256749.0,62.35150941,68.55463599,3.2092508,1.05682243,78.21298445,5.48646421
2023-05-26,36.6,2.463605823068,2704250365.2,997597013.4,73886622.0,27256749.0,63.88760483,70.24355199,3.28831409,1.08285837,80.13984408,5.62162906
2023-05-29,38.45,5.054644808743,2840940615.9,1048021999.05,73886622.0,27256749.0,67.11689633,73.79411404,3.45452669,1.13759301,84.19062855,5.90578244
2023-05-30,36.8,-4.291287386216,2719027689.6,1003048363.2,73886622.0,27256749.0,64.23671742,70.62739654,3.30628302,1.08877563,80.57776673,5.65234834
2023-05-31,36.25,-1.494565217391,2678390047.5,988057151.25,73886622.0,27256749.0,63.27665778,69.57182403,3.25686846,1.07250317,79.37347946,5.56787031
2023-06-01,35.9,-0.965517241379,2652529729.8,978517289.1,73886622.0,27256749.0,62.66571074,68.90009608,3.22542284,1.06214796,78.60711483,5.51411156
2023-06-02,34.91,-2.757660167131,2579381974.02,951533107.59,73886622.0,27256749.0,60.9376034,67.00006557,3.13647664,1.03285753,76.43939773,5.3620511
2023-06-05,35.52,1.747350329419,2624452813.44,968159724.48,73886622.0,27256749.0,62.00239681,68.17079144,3.19128187,1.05090517,77.7750618,5.45574492
2023-06-06,36.68,3.265765765766,2710161294.96,999777553.32,73886622.0,27256749.0,64.02724986,70.39708981,3.29550166,1.08522527,80.31501314,5.63391677
2023-06-07,39.15,6.733914940022,2892661251.3,1067101723.35,73886622.0,27256749.0,68.33879041,75.13756996,3.51741794,1.15830342,85.72335781,6.01329993
2023-06-08,36.5,-6.768837803321,2696861703.0,994871338.5,73886622.0,27256749.0,63.71304853,70.05162972,3.27932963,1.07989974,79.92088276,5.60626941
2023-06-09,37.27,2.109589041096,2753754401.94,1015859035.23,73886622.0,27256749.0,65.05713202,71.52943122,3.34851,1.10268119,81.60688495,5.72453866
2023-06-12,38.39,3.005097933995,2836507418.58,1046386594.11,73886622.0,27256749.0,67.01216255,73.67896068,3.44913601,1.13581784,84.05925176,5.89656665
2023-06-13,39.0,1.58895545715,2881578258.0,1063013211.0,73886622.0,27256749.0,68.07695596,74.84968655,3.50394124,1.15386548,85.39491583,5.99026047
2023-06-14,39.6,1.538461538462,2925910231.2,1079367260.4,73886622.0,27256749.0,69.12429375,76.00122019,3.55784803,1.17161725,86.70868376,6.08241832
2023-06-15,37.8,-4.545454545455,2792914311.6,1030305112.2,73886622.0,27256749.0,65.98228039,72.54661927,3.39612767,1.11836192,82.76737996,5.80594476
2023-06-16,37.89,0.238095238095,2799564107.58,1032758219.61,73886622.0,27256749.0,66.13938106,72.71934931,3.40421369,1.12102469,82.96444515,5.81976844
2023-06-19,40.92,7.996832937451,3023440572.24,1115346169.08,73886622.0,27256749.0,71.42843687,78.53459419,3.67644297,1.21067116,89.59897322,6.2851656
2023-06-20,39.48,-3.519061583578,2917043836.56,1076096450.52,73886622.0,27256749.0,68.91482619,75.77091346,3.54706668,1.1680669,86.44593018,6.06398675
2023-06-21,37.52,-4.964539007092,2772226057.44,1022673222.48,73886622.0,27256749.0,65.49352276,72.0092369,3.37097117,1.11007776,82.15428825,5.76293777
2023-06-26,34.66,-7.622601279318,2560910318.52,944718920.34,73886622.0,27256749.0,60.50121266,66.52025989,3.11401548,1.02546096,75.89199443,5.323652
2023-06-27,36.3,4.731679169071,2682084378.6,989419988.7,73886622.0,27256749.0,63.36393593,69.66778517,3.2613607,1.07398248,79.48296012,5.57555013
2023-06-28,36.4,0.275482093664,2689473040.8,992145663.6,73886622.0,27256749.0,63.53849223,69.85970744,3.27034516,1.07694111,79.70192144,5.59090977
2023-06-29,38.86,6.758241758242,2871234130.92,1059197266.14,73886622.0,27256749.0,67.83257715,74.58099536,3.49136299,1.14972339,85.08836998,5.96875697
2023-06-30,38.95,0.231600617602,2877883926.9,1061650373.55,73886622.0,27256749.0,67.98967781,74.75372541,3.59960043,1.15238616,85.28543517,5.98258065
2023-07-03,38.51,-1.129653401797,2845373813.22,1049657403.99,73886622.0,27256749.0,67.2216301,73.90926741,3.55893742,1.13936819,84.32200535,5.91499822
2023-07-04,38.59,0.207738249805,2851284742.98,1051837943.91,73886622.0,27256749.0,67.36127514,74.06280523,3.5663307,1.14173509,84.49717441,5.92728594
2023-07-05,37.46,-2.928219746048,2767792860.12,1021037817.54,73886622.0,27256749.0,65.38878898,71.89408354,3.4619007,1.10830258,82.02291146,5.75372198
2023-07-06,37.05,-1.094500800854,2737499345.1,1009862550.45,73886622.0,27256749.0,64.67310816,71.10720222,3.42401017,1.0961722,81.12517004,5.69074745
2023-07-07,36.0,-2.834008097166,2659918392.0,981242964.0,73886622.0,27256749.0,62.84026704,69.09201835,3.32697344,1.06510659,78.82607615,5.5294712
2023-07-10,35.23,-2.138888888889,2603025693.06,960255267.27,73886622.0,27256749.0,61.49618355,67.61421685,3.25581318,1.04232515,77.14007396,5.41120196
2023-07-11,34.85,-1.078626170877,2574948776.7,949897702.65,73886622.0,27256749.0,60.83286962,66.88491221,3.22069512,1.03108235,76.30802094,5.35283532
2023-07-12,33.62,-3.529411764706,2484068231.64,916371901.38,73886622.0,27256749.0,58.68582716,64.52426825,3.10702353,0.99469121,73.61479667,5.16391172
2023-07-13,34.05,1.279000594884,2515839479.1,928092303.45,73886622.0,27256749.0,59.43641924,65.34953402,3.14676238,1.00741332,74.55633036,5.22995818
2023-07-14,35.9,5.433186490455,2652529729.8,978517289.1,73886622.0,27256749.0,62.66571074,68.90009608,3.31773185,1.06214796,78.60711483,5.51411156
2023-07-17,35.38,-1.448467966574,2614108686.36,964343779.62,73886622.0,27256749.0,61.758018,67.90210026,3.26967557,1.04676309,77.46851595,5.43424142
2023-07-18,34.39,-2.7981910684,2540960930.58,937359598.11,73886622.0,27256749.0,60.02991065,66.00206975,3.1781838,1.01747266,75.30079885,5.28218096
2023-07-19,33.95,-1.279441698168,2508450816.9,925366628.55,73886622.0,27256749.0,59.26186295,65.15761175,3.13752079,1.00445469,74.33736903,5.21459854
2023-07-20,33.02,-2.739322533137,2439736258.44,900017851.98,73886622.0,27256749.0,57.63848938,63.37273461,3.05157397,0.97693944,72.30102873,5.07175387
2023-07-21,32.56,-1.393095093882,2405748412.32,887479747.44,73886622.0,27256749.0,56.83553041,62.48989215,3.00906265,0.96332974,71.29380665,5.00109951
2023-07-24,33.0,1.351351351351,2438258526.0,899472717.0,73886622.0,27256749.0,57.60357812,63.33435015,3.04972566,0.97634771,72.25723647,5.06868194
2023-07-25,33.03,0.090909090909,2440475124.66,900290419.47,73886622.0,27256749.0,57.65594501,63.39192684,3.05249813,0.9772353,72.32292487,5.07328983
2023-07-26,32.02,-3.057826218589,2365849636.44,872761102.98,73886622.0,27256749.0,55.89292641,61.45351188,2.95915805,0.94735314,70.11141551,4.91815744
2023-07-27,31.65,-1.155527795128,2338511586.3,862676105.85,73886622.0,27256749.0,55.24706811,60.74339947,2.92496415,0.93640621,69.30125861,4.86132677
2023-07-28,31.96,0.979462875197,2361416439.12,871125698.04,73886622.0,27256749.0,55.78819263,61.33835851,2.95361309,0.94557796,69.98003871,4.90894166
2023-07-31,32.2,0.750938673342,2379149228.4,877667317.8,73886622.0,27256749.0,56.20712774,61.79897197,2.97579291,0.95267867,70.50554589,4.9458048
2023-08-01,31.98,-0.683229813665,2362894171.56,871670833.02,73886622.0,27256749.0,55.82310389,61.37674297,2.95546141,0.94616969,70.02383098,4.91201359
2023-08-02,32.21,0.719199499687,2379888094.62,877939885.29,73886622.0,27256749.0,56.22458337,61.8181642,2.97671707,0.95297454,70.52744202,4.94734076
2023-08-03,32.1,-0.341508848184,2371760566.2,874941642.9,73886622.0,27256749.0,56.03257145,61.6070497,2.96655132,0.94972004,70.28658457,4.93044516
2023-08-04,32.52,1.308411214953,2402792947.44,886389477.48,73886622.0,27256749.0,56.76570789,62.41312324,3.00536601,0.96214629,71.20622212,4.99495565
2023-08-07,32.48,-0.123001230012,2399837482.56,885299207.52,73886622.0,27256749.0,56.69588538,62.33635433,3.00166937,0.96096284,71.11863759,4.9888118
2023-08-08,32.22,-0.800492610837,2380626960.84,878212452.78,73886622.0,27256749.0,56.242039,61.83735642,2.97764123,0.9532704,70.54933815,4.94887673
2023-08-09,31.59,-1.95530726257,2334078388.98,861040700.91,73886622.0,27256749.0,55.14233433,60.6282461,2.9194192,0.93463103,69.16988182,4.85211098
2023-08-10,31.71,0.379867046534,2342944783.62,864311510.79,73886622.0,27256749.0,55.35180189,60.85855283,2.93050911,0.93818139,69.43263541,4.87054255
2023-08-11,31.27,-1.387574897509,2310434669.94,852318541.23,73886622.0,27256749.0,54.58375418,60.01409483,2.8898461,0.92516342,68.46920559,4.80296013
2023-08-14,32.09,2.622321714103,2371021699.98,874669075.41,73886622.0,27256749.0,56.01511582,61.58785747,2.96562716,0.94942418,70.26468843,4.92890919
2023-08-15,32.61,1.620442505453,2409442743.42,888842584.89,73886622.0,27256749.0,56.92280856,62.58585329,3.01368344,0.96480906,71.40328731,5.00877933
2023-08-16,30.83,-5.458448328734,2277924556.26,840325571.67,73886622.0,27256749.0,53.81570647,59.16963683,2.84918309,0.91214545,67.50577577,4.7353777
2023-08-17,31.88,3.405773597146,2355505509.36,868945158.12,73886622.0,27256749.0,55.64854759,61.1848207,2.94621982,0.94321106,69.80486966,4.89665394
2023-08-18,32.06,0.564617314931,2368805101.32,873851372.94,73886622.0,27256749.0,55.96274893,61.53028079,2.96285468,0.94853659,70.19900004,4.9243013
2023-08-21,32.44,1.185277604492,2396882017.68,884208937.56,73886622.0,27256749.0,56.62606286,62.25958542,2.99797274,0.95977938,71.03105306,4.98266794
2023-08-22,31.81,-1.942046855734,2350333445.82,867037185.69,73886622.0,27256749.0,55.52635818,61.0504751,2.9397507,0.94114002,69.65159673,4.88590219
2023-08-23,31.41,-1.257466205596,2320778797.02,856134486.09,73886622.0,27256749.0,54.82813299,60.28278601,2.90278433,0.9293055,68.77575144,4.82446363
2023-08-24,30.84,-1.8147086915,2278663422.48,840598139.16,73886622.0,27256749.0,53.8331621,59.18882905,2.85010725,0.91244131,67.5276719,4.73691366
2023-08-25,29.55,-4.182879377432,2183349680.1,805436932.95,73886622.0,27256749.0,51.58138586,56.71303173,2.7308907,0.87427499,64.70307084,4.53877428
2023-08-28,29.98,1.455160744501,2215120927.56,817157335.02,73886622.0,27256749.0,52.33197794,57.5382975,2.77062955,0.8869971,65.64460453,4.60482074
2023-08-29,32.55,8.572381587725,2405009546.1,887207179.95,73886622.0,27256749.0,61.94038397,62.47069993,3.00813849,0.96303388,54.73770091,5.12336596
2023-08-30,39.06,20.0,2886011455.32,1064648615.94,73886622.0,27256749.0,74.32846076,74.96483991,3.60976619,1.15564065,65.68524109,6.14803915
2023-08-31,39.9,2.150537634409,2948076217.8,1087544285.1,73886622.0,27256749.0,75.92692228,76.57698701,3.68739557,1.18049314,67.09782692,6.28025504
2023-09-01,41.23,3.333333333333,3046345425.06,1123795761.27,73886622.0,27256749.0,78.45781969,79.12955324,3.81030875,1.21984291,69.33442116,6.48959688
2023-09-04,43.21,4.802328401649,3192640936.62,1177764124.29,73886622.0,27256749.0,82.22562185,82.92961425,3.99329229,1.27842377,72.66408775,6.80124863
2023-09-05,39.6,-8.354547558436,2925910231.2,1079367260.4,73886622.0,27256749.0,75.35604317,76.00122019,3.65967079,1.17161725,66.59333199,6.23303508
2023-09-06,43.3,9.343434343434,3199290732.6,1180217231.7,73886622.0,27256749.0,82.39688558,83.10234429,4.00160972,1.28108654,72.81543624,6.81541462
2023-09-07,38.52,-11.039260969977,2846112679.44,1049929971.48,73886622.0,27256749.0,73.30087835,73.92845964,3.55986158,1.13966405,64.7771502,6.06304321
2023-09-08,40.53,5.218068535826,2994624789.66,1104716036.97,73886622.0,27256749.0,77.12576842,77.78609733,3.7456176,1.19913251,68.1572663,6.37941696
2023-09-11,38.95,-3.898346903528,2877883926.9,1061650373.55,73886622.0,27256749.0,74.11913842,74.75372541,3.59960043,1.15238616,65.50025962,6.13072516
2023-09-12,41.85,7.445442875481,3092155130.7,1140694945.65,73886622.0,27256749.0,79.63763653,80.31947133,3.86760663,1.23818641,70.37704403,6.5871848
2023-09-13,41.09,-1.816009557945,3036001297.98,1119979816.41,73886622.0,27256749.0,78.19140944,78.86086206,3.79737052,1.21570083,69.09899018,6.4675609
2023-09-14,41.12,0.073010464833,3038217896.64,1120797518.88,73886622.0,27256749.0,78.24849735,78.91843874,3.800143,1.21658842,69.14943968,6.47228289
2023-09-15,38.9,-5.398832684825,2874189595.8,1060287536.1,73886622.0,27256749.0,74.0239919,74.65776427,3.59497964,1.15090685,65.41617713,6.12285517
2023-09-18,39.4,1.285347043702,2911132906.8,1073915910.6,73886622.0,27256749.0,74.97545709,75.61737564,3.6411876,1.16569999,66.25700203,6.20155511
2023-09-19,37.37,-5.152284263959,2761143064.14,1018584710.13,73886622.0,27256749.0,71.11250841,71.72135349,3.45358327,1.10563982,62.84325294,5.88203336
2023-09-20,37.08,-0.776023548301,2739715943.76,1010680252.92,73886622.0,27256749.0,70.5606586,71.1647789,3.42678265,1.09705979,62.3555745,5.83638739
2023-09-21,39.14,5.555555555556,2891922385.08,1066829155.86,73886622.0,27256749.0,74.48069519,75.11837773,3.61715946,1.15800756,65.81977308,6.16063114
2023-09-22,39.95,2.069494123659,2951770548.9,1088907122.55,73886622.0,27256749.0,76.0220688,76.67294814,3.69201636,1.18197245,67.18190941,6.28812504
2023-09-25,39.79,-0.400500625782,2939948689.38,1084546042.71,73886622.0,27256749.0,75.71759994,76.3658725,3.67722981,1.17723865,66.91284545,6.26294106
2023-09-26,38.2,-3.995978889168,2822468960.4,1041207811.8,73886622.0,27256749.0,72.69194063,73.31430836,3.53028849,1.13019644,64.23902227,6.01267525
2023-09-27,36.99,-3.167539267016,2733066147.78,1008227145.51,73886622.0,27256749.0,70.38939487,70.99204886,3.41846521,1.09439702,62.20422601,5.8222214
2023-09-28,39.18,5.920519059205,2894877849.96,1067919425.82,73886622.0,27256749.0,74.55681241,75.19514664,3.6208561,1.15919101,65.88703907,6.16692713
2023-10-09,47.02,20.010209290454,3474148966.44,1281612337.98,73886622.0,27256749.0,89.47578661,90.24185286,4.23723235,1.39114755,79.07117348,7.40094216
2023-10-10,49.71,5.720969800085,3672903979.62,1354932992.79,73886622.0,27256749.0,94.59466934,95.40456201,4.47964314,1.47073469,83.59481144,7.82434782
2023-10-11,54.11,8.851337759002,3998005116.42,1474862688.39,73886622.0,27256749.0,102.96756302,103.84914203,4.87615148,1.60091438,90.99407055,8.51690728
2023-10-12,52.23,-3.474403991868,3859098267.06,1423620000.27,73886622.0,27256749.0,99.3900539,100.24100329,4.70673428,1.54529215,87.83256893,8.22099551
2023-10-13,51.56,-1.282787669922,3809594230.32,1405357978.44,73886622.0,27256749.0,98.11509055,98.95512406,4.64635687,1.52546933,86.70586356,8.11553759
2023-10-16,47.8,-7.292474786656,3531780531.6,1302872602.2,73886622.0,27256749.0,90.96007231,91.73884659,4.30752247,1.41422486,80.38286033,7.52371406
2023-10-17,52.62,10.083682008368,3887914049.64,1434250132.38,73886622.0,27256749.0,100.13219675,100.98950016,4.74187934,1.5568308,88.48841235,8.28238146
2023-10-18,54.34,3.268719118206,4014999039.48,1481131740.66,73886622.0,27256749.0,103.40523701,104.29056326,4.89687805,1.60771923,91.38085,8.55310925
2023-10-19,52.39,-3.588516746411,3870920126.58,1427981080.11,73886622.0,27256749.0,99.69452277,100.54807893,4.72115276,1.55002595,88.1016329,8.24617949
2023-10-20,50.9,-2.844054208818,3760829059.8,1387368524.1,73886622.0,27256749.0,96.8591565,97.68843706,4.58688062,1.50594238,85.5959747,8.01165368
2023-10-23,54.55,7.170923379175,4030515230.1,1486855657.95,73886622.0,27256749.0,103.80485239,104.69360003,4.91580231,1.61393235,91.73399646,8.58616322
2023-10-24,60.0,9.990834097159,4433197320.0,1635404940.0,73886622.0,27256749.0,114.17582298,115.15336392,5.40693197,1.77517765,100.89898786,9.44399255
2023-10-25,60.24,0.4,4450930109.28,1641946559.76,73886622.0,27256749.0,114.63252627,115.61397737,5.4285597,1.78227836,101.30258381,9.48176852
2023-10-26,60.81,0.946215139442,4493045483.82,1657482906.69,73886622.0,27256749.0,113.33648491,116.70793433,5.47992555,1.79914255,99.01404303,9.17327162
2023-10-27,56.5,-7.087650057556,4174594143.0,1540006318.5,73886622.0,27256749.0,105.30359147,108.43608436,5.0915276,1.67162562,91.99627416,8.52310223
2023-10-30,56.64,0.247787610619,4184938270.08,1543822263.36,73886622.0,27256749.0,105.56452072,108.70477554,5.10414378,1.67576771,92.22422953,8.54422142
2023-10-31,54.15,-4.396186440678,4000960581.3,1475952958.35,73886622.0,27256749.0,100.92370758,103.92591094,4.8797561,1.60209783,88.16988045,8.16860152
2023-11-01,57.2,5.632502308403,4226314778.4,1559086042.8,73886622.0,27256749.0,106.60823774,109.77954027,5.15460848,1.69233603,93.136051,8.62869819
2023-11-02,55.33,-3.269230769231,4088146795.26,1508115922.17,73886622.0,27256749.0,103.12296843,106.19059376,4.98609243,1.63700966,90.09121857,8.34660613
2023-11-03,54.62,-1.283209831918,4035687293.64,1488763630.38,73886622.0,27256749.0,101.79968436,104.82794562,4.9221104,1.61600339,88.93515919,8.23950166
2023-11-06,53.7,-1.684364701575,3967711601.4,1463687421.3,73886622.0,27256749.0,100.08500641,103.06226071,4.83920411,1.588784,87.43716676,8.1007184
2023-11-07,56.54,5.288640595903,4177549607.88,1541096588.46,73886622.0,27256749.0,105.37814269,108.51285327,5.09513223,1.67280908,92.06140426,8.52913629
2023-11-08,58.7,3.820304209409,4337144711.4,1599971166.3,73886622.0,27256749.0,109.40390831,112.65837437,5.28978178,1.73671547,95.57842996,8.85497524
2023-11-09,54.76,-6.712095400341,4046031420.72,1492579575.24,73886622.0,27256749.0,102.06061361,105.0966368,4.93472658,1.62014547,89.16311456,8.26062085
2023-11-10,53.92,-1.533966398831,3983966658.24,1469683906.08,73886622.0,27256749.0,100.49503809,103.48448971,4.85902953,1.59529299,87.79538234,8.1339057
2023-11-13,53.7,-0.408011869436,3967711601.4,1463687421.3,73886622.0,27256749.0,100.08500641,103.06226071,4.83920411,1.588784,87.43716676,8.1007184
2023-11-14,52.81,-1.657355679702,3901952507.82,1439428914.69,73886622.0,27256749.0,98.42624187,101.35415248,4.75900129,1.5624522,85.98802191,7.96646069
2023-11-15,56.41,6.81689074039,4167944347.02,1537553211.09,73886622.0,27256749.0,105.13585124,108.26335431,5.08341721,1.66896286,91.84973142,8.50952561
2023-11-16,57.53,1.985463570289,4250697363.66,1568080769.97,73886622.0,27256749.0,107.22328526,110.41288377,5.1843466,1.70209951,93.67337437,8.67847914
2023-11-17,59.52,3.459064835738,4397731741.44,1622321700.48,73886622.0,27256749.0,110.93220822,114.23213701,5.36367651,1.76097623,96.91359713,8.97867336
2023-11-20,57.43,-3.511424731183,4243308701.46,1565355095.07,73886622.0,27256749.0,107.03690722,110.2209615,5.17533505,1.69914088,93.51054911,8.663394
2023-11-21,51.16,-10.917638864705,3780039581.52,1394455278.84,73886622.0,27256749.0,95.35100424,98.18743497,4.61031066,1.51363481,83.30140506,7.71755593
2023-11-22,49.1,-4.026583268178,3627833140.2,1338306375.9,73886622.0,27256749.0,91.51161666,94.23383614,4.42467266,1.45268705,79.94720462,7.40680212
2023-11-23,49.15,0.10183299389,3631527471.3,1339669213.35,73886622.0,27256749.0,91.60480568,94.32979728,4.42917844,1.45416636,80.02861725,7.41434468
2023-11-24,46.43,-5.534079348932,3430555859.46,1265530856.07,73886622.0,27256749.0,86.53532304,89.10951145,4.18406419,1.37369164,75.59977007,7.00402897
2023-11-27,47.3,1.873788498815,3494837220.6,1289244227.7,73886622.0,27256749.0,88.15681197,90.77923522,4.2624647,1.39943172,77.01634987,7.13526966
2023-11-28,47.34,0.084566596195,3497792685.48,1290334497.66,73886622.0,27256749.0,88.23136319,90.85600413,4.26606932,1.40061517,77.08147997,7.14130371
2023-11-29,48.9,3.295310519645,3613055815.8,1332855026.1,73886622.0,27256749.0,91.13886058,93.84999159,4.40664955,1.44676979,79.62155409,7.37663184
2023-11-30,46.98,-3.926380368098,3471193501.56,1280522068.02,73886622.0,27256749.0,87.56040225,90.16508395,4.23362773,1.3899641,76.49530902,7.08699722
2023-12-01,46.96,-0.042571306939,3469715769.12,1279976933.04,73886622.0,27256749.0,87.52312665,90.12669949,4.23182542,1.38937238,76.46274397,7.08398019
2023-12-04,46.58,-0.809199318569,3441638852.76,1269619368.42,73886622.0,27256749.0,86.8148901,89.39739485,4.19758152,1.37812959,75.84400797,7.02665667
2023-12-05,45.16,-3.048518677544,3336719849.52,1230914784.84,73886622.0,27256749.0,84.16832196,86.67209858,4.06961746,1.33611705,73.53188922,6.81244773
2023-12-06,45.47,0.686448184234,3359624702.34,1239364377.03,73886622.0,27256749.0,84.74609388,87.26705762,4.09755328,1.3452888,74.03664754,6.85921165
2023-12-07,44.66,-1.781394325929,3299776538.52,1217286410.34,73886622.0,27256749.0,83.23643177,85.71248721,4.0245597,1.3213239,72.7177629,6.73702205
2023-12-08,44.88,0.492610837438,3316031595.36,1223282895.12,73886622.0,27256749.0,83.64646346,86.13471621,4.04438511,1.32783289,73.07597848,6.77020935
2023-12-11,45.9,2.272727272727,3391395949.8,1251084779.1,73886622.0,27256749.0,85.54751944,88.0923234,4.13630296,1.35801091,74.73679617,6.92407774
2023-12-12,45.44,-1.002178649237,3357408103.68,1238546674.56,73886622.0,27256749.0,84.69018047,87.20948094,4.09484981,1.34440121,73.98779996,6.85468611
2023-12-13,45.0,-0.968309859155,3324897990.0,1226553705.0,73886622.0,27256749.0,83.8701171,86.36502294,4.05519898,1.33138324,73.2713688,6.78831151
2023-12-14,44.78,-0.488888888889,3308642933.16,1220557220.22,73886622.0,27256749.0,83.46008542,85.94279394,4.03537356,1.32487426,72.91315322,6.75512421
2023-12-15,44.65,-0.290308173292,3299037672.3,1217013842.85,73886622.0,27256749.0,83.21779397,85.69329498,4.02365854,1.32102804,72.70148037,6.73551353
2023-12-18,44.53,-0.26875699888,3290171277.66,1213743032.97,73886622.0,27256749.0,82.99414032,85.46298825,4.01284468,1.31747768,72.50609006,6.71741137
2023-12-19,45.73,2.694812485965,3378835224.06,1246451131.77,73886622.0,27256749.0,85.23067678,87.76605553,4.12098332,1.35298124,74.45999322,6.89843301
2023-12-20,45.1,-1.37765143232,3332286652.2,1229279379.9,73886622.0,27256749.0,84.05649514,86.55694521,4.06421053,1.33434187,73.43419406,6.80339665
2023-12-21,44.9,-0.443458980044,3317509327.8,1223828030.1,73886622.0,27256749.0,83.68373906,86.17310067,4.04618742,1.32842461,73.10854353,6.77322638
2023-12-22,44.41,-1.09131403118,3281304883.02,1210472223.09,73886622.0,27256749.0,82.77048668,85.23268153,4.00203081,1.31392733,72.31069974,6.69930921
2023-12-25,44.21,-0.450349020491,3266527558.62,1205020873.29,73886622.0,27256749.0,82.3977306,84.84883698,3.98400771,1.30801007,71.98504921,6.66913893
2023-12-26,43.49,-1.628590816557,3213329190.78,1185396014.01,73886622.0,27256749.0,81.05580873,83.46699661,3.91912452,1.28670794,70.81270731,6.56052595
2023-12-27,43.88,0.896757875374,3242144973.36,1196026146.12,73886622.0,27256749.0,81.78268308,84.21549348,3.95426958,1.29824659,71.44772584,6.61935798
2023-12-28,44.67,1.800364630811,3300515404.74,1217558977.83,73886622.0,27256749.0,83.25506958,85.73167944,4.02546085,1.32161976,72.73404543,6.73853056
2023-12-29,46.51,4.119095589881,3436466789.22,1267711395.99,73886622.0,27256749.0,86.68442547,89.26304926,4.19127343,1.37605854,75.73003028,7.01609708
2024-01-02,44.4,-4.536658783057,3280566016.8,1210199655.6,73886622.0,27256749.0,82.75184887,58.84947164,3.90412965,0.44847008,72.29441721,6.69780069
2024-01-03,43.14,-2.837837837838,3187468873.08,1175856151.86,73886622.0,27256749.0,80.40348559,57.17941906,3.79333678,0.43574323,70.24281889,6.50772797
2024-01-04,42.89,-0.579508576727,3168997217.58,1169041964.61,73886622.0,27256749.0,79.9375405,56.84805943,3.77135407,0.43321806,69.83575573,6.47001513
2024-01-05,42.22,-1.562135695966,3119493180.84,1150779942.78,73886622.0,27256749.0,78.68880764,55.9600156,3.7124404,0.4264506,68.74482646,6.36894471
2024-01-08,41.53,-1.634296541923,3068511411.66,1131972785.97,73886622.0,27256749.0,77.40279918,55.045463,3.65176811,0.41948114,67.62133214,6.26485727
2024-01-09,42.3,1.854081386949,3125404110.6,1152960482.7,73886622.0,27256749.0,78.83791007,56.06605068,3.71947487,0.42725866,68.87508667,6.38101282
2024-01-10,41.78,-1.229314420804,3086983067.16,1138786973.22,73886622.0,27256749.0,77.86874428,55.37682264,3.67375083,0.42200631,68.0283953,6.30257011
2024-01-11,42.81,2.465294399234,3163086287.82,1166861424.69,73886622.0,27256749.0,79.78843807,56.74202434,3.7643196,0.43241,69.70549552,6.45794702
2024-01-12,41.69,-2.616211165616,3080333271.18,1136333865.81,73886622.0,27256749.0,77.70100404,55.25753317,3.66583705,0.42109724,67.88185256,6.28899349
2024-01-15,41.98,0.695610458143,3101760391.56,1144238323.02,73886622.0,27256749.0,78.24150035,55.64191035,3.691337,0.42402644,68.35404582,6.33274038
2024-01-16,41.51,-1.119580752739,3067033679.22,1131427650.99,73886622.0,27256749.0,77.36552357,55.01895423,3.6500095,0.41927912,67.58876708,6.26184024
2024-01-17,40.23,-3.083594314623,2972458803.06,1096539012.27,73886622.0,27256749.0,74.97988469,53.32239288,3.53745801,0.40635026,65.5046037,6.06875049
2024-01-18,40.0,-0.57171265225,2955464880.0,1090269960.0,73886622.0,27256749.0,74.5512152,53.01754202,3.51723392,0.4040271,65.1301056,6.03405468
2024-01-19,39.29,-1.775,2903005378.38,1070917668.21,73886622.0,27256749.0,73.22793113,52.07648064,3.45480301,0.39685562,63.97404622,5.92695021
2024-01-22,36.8,-6.337490455587,2719027689.6,1003048363.2,73886622.0,27256749.0,68.58711798,48.77613865,3.2358552,0.37170493,59.91969715,5.5513303
2024-01-23,37.09,0.788043478261,2740454809.98,1010952820.41,73886622.0,27256749.0,69.12761429,49.16051583,3.26135515,0.37463413,60.39189041,5.5950772
2024-01-24,37.14,0.134807225667,2744149141.08,1012315657.86,73886622.0,27256749.0,69.22080331,49.22678776,3.26575169,0.37513916,60.47330305,5.60261977
2024-01-25,38.32,3.177167474421,2831335355.04,1044478621.68,73886622.0,27256749.0,71.42006416,50.79080525,3.36951009,0.38705796,62.39464116,5.78062438
2024-01-26,37.81,-1.330897703549,2793653177.82,1030577679.69,73886622.0,27256749.0,70.46953617,50.11483159,3.32466536,0.38190662,61.56423232,5.70369018
2024-01-29,36.45,-3.596932028564,2693167371.9,993508501.05,73886622.0,27256749.0,67.93479485,48.31223516,3.20507941,0.36816969,59.34980873,5.49853232
2024-01-30,35.03,-3.895747599451,2588248368.66,954803917.47,73886622.0,27256749.0,65.28822671,46.43011242,3.0802176,0.35382673,57.03768998,5.28432338
2024-01-31,32.94,-5.966314587496,2433825328.68,897837312.06,73886622.0,27256749.0,61.39292572,43.65994585,2.89644213,0.33271632,53.63464196,4.96904403
2024-02-01,32.55,-1.183970856102,2405009546.1,887207179.95,73886622.0,27256749.0,60.66605137,43.14302482,2.8621491,0.32877705,52.99962343,4.91021199
2024-02-02,30.19,-7.250384024578,2230637118.18,822881252.31,73886622.0,27256749.0,56.26752967,40.01498984,2.6546323,0.30493945,49.1569472,4.55420277
2024-02-05,25.11,-16.826763829082,1855293078.42,684416967.39,73886622.0,27256749.0,46.79952534,33.281762,2.20794359,0.25362801,40.88542379,3.78787782
2024-02-06,24.8,-1.234567901235,1832388225.6,675967375.2,73886622.0,27256749.0,46.22175342,32.87087605,2.18068503,0.2504968,40.38066547,3.7411139
2024-02-07,23.86,-3.790322580645,1762934800.92,650346031.14,73886622.0,27256749.0,44.46979987,31.62496381,2.09803003,0.24100217,38.85010799,3.59931361
2024-02-08,27.3,14.41743503772,2017104780.6,744109247.7,73886622.0,27256749.0,50.88120437,36.18447243,2.40051215,0.2757485,44.45129707,4.11824232
2024-02-19,28.58,4.688644688645,2111679656.76,778997886.42,73886622.0,27256749.0,53.26684326,37.88103377,2.51306363,0.28867736,46.53546045,4.31133207
2024-02-20,34.3,20.01399580126,2534311134.6,934906490.7,73886622.0,27256749.0,63.92766703,45.46254228,3.01602808,0.34645324,55.84906555,5.17420189
2024-02-21,33.83,-1.370262390671,2499584422.26,922095818.67,73886622.0,27256749.0,63.05169026,44.83958616,2.97470058,0.34170592,55.08378681,5.10330174
2024-02-22,35.24,4.167898315105,2603764559.28,960527834.76,73886622.0,27256749.0,65.67962059,46.70845452,3.09868308,0.35594787,57.37962303,5.31600217
2024-02-23,36.69,4.114642451759,2710900161.18,1000050120.81,73886622.0,27256749.0,68.38210214,48.63034041,3.22618281,0.37059386,59.74058936,5.53473665
2024-02-26,39.09,6.541291905151,2888228053.98,1065466318.41,73886622.0,27256749.0,72.85517505,51.81139293,3.43721684,0.39483548,63.64839569,5.89677993
2024-02-27,39.79,1.790739319519,2939948689.38,1084546042.71,73886622.0,27256749.0,74.15982132,52.73919992,3.49876844,0.40190596,64.78817254,6.00237589
2024-02-28,34.68,-12.842422719276,2562388050.96,945264055.32,73886622.0,27256749.0,64.63590358,45.96620893,3.04944181,0.3502915,56.46780155,5.23152541
2024-02-29,37.28,7.497116493656,2754493268.16,1016131602.72,73886622.0,27256749.0,69.48173257,49.41234916,3.27806201,0.37655326,60.70125842,5.62373896
2024-03-01,39.73,6.571888412017,2935515492.06,1082910637.77,73886622.0,27256749.0,74.0479945,52.65967361,3.49349259,0.40129992,64.69047738,5.99332481
2024-03-04,47.68,20.010067958721,3522914136.96,1299601792.32,73886622.0,27256749.0,88.86504852,63.19691008,4.19254283,0.4816003,77.63508587,7.19259318
2024-03-05,44.0,-7.718120805369,3251011368.0,1199296956.0,73886622.0,27256749.0,82.00633672,58.31929622,3.86895731,0.44442981,71.64311616,6.63746014
2024-03-06,46.4,5.454545454545,3428339260.8,1264713153.6,73886622.0,27256749.0,86.47940963,61.50034874,4.07999134,0.46867144,75.55092249,6.99950343
2024-03-07,44.17,-4.806034482759,3263572093.74,1203930603.33,73886622.0,27256749.0,82.32317939,58.54462077,3.88390555,0.44614692,71.91991911,6.66310488
2024-03-08,44.83,1.494226850804,3312337264.26,1221920057.67,73886622.0,27256749.0,83.55327444,59.41941021,3.94193991,0.45281337,72.99456585,6.76266678
2024-03-11,48.01,7.093464198082,3547296722.22,1308596519.49,73886622.0,27256749.0,89.48009604,63.6343048,4.22156001,0.48493353,78.17240924,7.24237413
2024-03-12,48.26,0.52072484899,3565768377.72,1315410706.74,73886622.0,27256749.0,89.94604114,63.96566444,4.24354272,0.4874587,78.5794724,7.28008697
2024-03-13,47.38,-1.823456278492,3500748150.36,1291424767.62,73886622.0,27256749.0,88.30591441,62.79927852,4.16616357,0.4785701,77.14661008,7.14733777
2024-03-14,45.12,-4.769945124525,3333764384.64,1229824514.88,73886622.0,27256749.0,84.09377075,59.80378739,3.96743986,0.45574257,73.46675911,6.80641368
2024-03-15,47.98,6.33865248227,3545080123.56,1307778817.02,73886622.0,27256749.0,89.42418263,63.59454165,4.21892208,0.48463051,78.12356166,7.23784859
2024-03-18,49.65,3.480616923718,3668470782.3,1353297587.85,73886622.0,27256749.0,92.53669587,65.80802403,4.3657666,0.50149864,80.84274357,7.48977037
2024-03-19,48.19,-2.94058408862,3560596314.18,1313502734.31,73886622.0,27256749.0,89.81557651,63.87288374,4.23738756,0.48675165,78.46549472,7.26952737
2024-03-20,48.09,-0.207511931936,3553207651.98,1310777059.41,73886622.0,27256749.0,89.62919848,63.74033989,4.22859448,0.48574158,78.30266945,7.25444224
2024-03-21,46.74,-2.807236431691,3453460712.28,1273980448.26,73886622.0,27256749.0,87.11309496,61.95099784,4.10988783,0.47210567,76.10452839,7.05079289
2024-03-22,45.97,-1.647411210954,3396568013.34,1252992751.53,73886622.0,27256749.0,85.67798407,60.93041016,4.04218108,0.46432814,74.85077386,6.93463734
2024-03-25,44.0,-4.285403524037,3251011368.0,1199296956.0,73886622.0,27256749.0,82.00633672,58.31929622,3.86895731,0.44442981,71.64311616,6.63746014
2024-03-26,43.97,-0.068181818182,3248794769.34,1198479253.53,73886622.0,27256749.0,81.95042331,58.27953306,3.86631938,0.44412679,71.59426858,6.6329346
2024-03-27,42.04,-4.38935637935,3106193588.88,1145873727.96,73886622.0,27256749.0,78.35332718,55.72143666,3.69661285,0.42463248,68.45174098,6.34179147
2024-03-28,43.64,3.805899143673,3224412184.08,1189484526.36,73886622.0,27256749.0,81.33537578,57.84213834,3.8373022,0.44079357,71.05694521,6.58315365
2024-03-29,44.19,1.260311640697,3265049826.18,1204475738.31,73886622.0,27256749.0,82.36045499,58.57112954,3.88566417,0.44634894,71.95248416,6.6661219
2024-04-01,44.92,1.651957456438,3318987060.24,1224373165.08,73886622.0,27256749.0,83.72101467,59.53869968,3.93429371,0.45372243,73.14110859,6.7762434
2024-04-02,43.39,-3.406055209261,3205940528.58,1182670339.11,73886622.0,27256749.0,80.86943069,57.5107787,3.8002895,0.4382684,70.64988205,6.54544081
2024-04-03,41.63,-4.056234155335,3075900073.86,1134698460.87,73886622.0,27256749.0,77.58917722,55.17800685,3.64614086,0.4204912,67.7841574,6.27994241
2024-04-08,41.22,-0.984866682681,3045606558.84,1123523193.78,73886622.0,27256749.0,76.82502726,54.63457705,3.61023123,0.41634993,67.11657382,6.21809334
2024-04-09,40.94,-0.679281901989,3024918304.68,1115891304.06,73886622.0,27256749.0,76.30316876,54.26345425,3.58570758,0.41352174,66.66066308,6.17585496
2024-04-10,39.57,-3.346360527601,2923693632.54,1078549557.93,73886622.0,27256749.0,73.74978964,52.44760344,3.46571688,0.39968381,64.42995696,5.96918859
2024-04-11,39.56,-0.025271670457,2922954766.32,1078276990.44,73886622.0,27256749.0,73.73115183,52.43434905,3.46484103,0.3995828,64.41367444,5.96768008
2024-04-12,38.6,-2.426693629929,2852023609.2,1052110511.4,73886622.0,27256749.0,71.94192267,51.16192804,3.38075996,0.38988615,62.8505519,5.82286276
2024-04-15,36.2,-6.217616580311,2674695716.4,986694313.8,73886622.0,27256749.0,67.46884976,47.98087552,3.17055727,0.36564453,58.94274557,5.46081948
2024-04-16,31.86,-11.988950276243,2354027776.92,868400023.14,73886622.0,27256749.0,59.38004291,42.22847222,2.79044073,0.32180759,51.87612911,4.80612455
2024-04-17,36.85,15.662272441933,2722722020.7,1004411200.65,73886622.0,27256749.0,68.680307,48.84241058,3.22748716,0.37220997,60.00110978,5.55887287
2024-04-18,36.83,-0.054274084125,2721244288.26,1003866065.67,73886622.0,27256749.0,68.6430314,48.81590181,3.22573547,0.37200795,59.96854473,5.55585584
2024-04-19,38.02,3.231061634537,2809169368.44,1036301596.98,73886622.0,27256749.0,70.86093005,50.39317369,3.32996097,0.38402776,61.90616537,5.73536897
2024-04-22,36.77,-3.287743293004,2716811090.94,1002230660.73,73886622.0,27256749.0,45.99243614,48.7363755,3.22048041,0.37140191,176.06571284,3.68271358
2024-04-23,37.56,2.148490617351,2775181522.32,1023763492.44,73886622.0,27256749.0,46.98057932,49.78347195,3.28967212,0.37938145,179.84846816,3.76183634
2024-04-24,40.18,6.975505857295,2968764471.96,1095176174.82,73886622.0,27256749.0,50.25771238,53.25612095,3.5191434,0.40584522,192.39380859,4.02424345
2024-04-25,40.17,-0.024888003982,2968025605.74,1094903607.33,73886622.0,27256749.0,50.24520424,53.24286657,3.51826755,0.40574421,192.34592561,4.0232419
2024-04-26,41.52,3.36071695295,3067772545.44,1131700218.48,73886622.0,27256749.0,51.93380333,55.03220861,3.63650657,0.41938013,198.81012774,4.15845167
2024-04-29,43.1,3.805394990366,3184513408.2,1174765881.9,73886622.0,27256749.0,53.91008968,57.12640152,3.77489,0.4353392,206.37563839,4.31669718
2024-04-30,42.58,-1.206496519722,3146092364.76,1160592372.42,73886622.0,27256749.0,53.25966633,56.43717348,3.72934609,0.43008685,203.88572349,4.26461638
2024-05-06,42.28,-0.704556129638,3123926378.16,1152415347.72,73886622.0,27256749.0,52.88442208,56.03954191,3.70307075,0.42705664,202.44923413,4.23456976
2024-05-07,41.7,-1.371807000946,3081072137.4,1136606433.3,73886622.0,27256749.0,52.15894988,55.27078755,3.65227177,0.42119825,199.67202136,4.17647964
2024-05-08,40.92,-1.870503597122,3023440572.24,1115346169.08,73886622.0,27256749.0,51.18331485,54.23694548,3.58395589,0.41331972,195.93714902,4.09835844
2024-05-09,40.91,-0.024437927664,3022701706.02,1115073601.59,73886622.0,27256749.0,51.1708067,54.2236911,3.58308005,0.41321872,195.88926604,4.09735688
2024-05-10,39.65,-3.079931557077,2929604562.3,1080730097.85,73886622.0,27256749.0,49.59478088,52.55363852,3.47272364,0.40049186,189.85601072,3.9711611
2024-05-13,37.45,-5.548549810845,2767053993.9,1020765250.05,73886622.0,27256749.0,46.84298976,49.63767371,3.28003783,0.37827037,179.3217554,3.75081924
2024-05-14,38.91,3.898531375167,2874928462.02,1060560103.59,73886622.0,27256749.0,48.66917841,51.572814,3.40791114,0.39301736,186.31267029,3.89704611
2024-05-15,38.18,-1.876124389617,2820991227.96,1040662676.82,73886622.0,27256749.0,47.75608409,50.60524385,3.34397449,0.38564387,182.81721284,3.82393268
2024-05-16,39.15,2.540597171294,2892661251.3,1067101723.35,73886622.0,27256749.0,48.96937381,51.89091925,3.42893141,0.39544152,187.46186178,3.9210834
2024-05-17,39.65,1.277139208174,2929604562.3,1080730097.85,73886622.0,27256749.0,49.59478088,52.55363852,3.47272364,0.40049186,189.85601072,3.9711611
2024-05-20,40.21,1.41235813367,2970981070.62,1095993877.29,73886622.0,27256749.0,50.2952368,53.29588411,3.52177093,0.40614824,192.53745753,4.02724811
2024-05-21,40.15,-0.149216612783,2966547873.3,1094358472.35,73886622.0,27256749.0,50.22018795,53.2163578,3.51651586,0.4055422,192.25015966,4.02123879
2024-05-22,40.21,1.926489226869,2970981070.62,1095993877.29,73886622.0,27256749.0,50.2952368,53.29588411,3.52177093,0.40614824,192.53745753,4.02724811
2024-05-23,39.61,-1.492166127829,2926649097.42,1079639827.89,73886622.0,27256749.0,49.54474831,52.50062098,3.46922026,0.40008784,189.6644788,3.96715488
2024-05-24,42.5,7.296137339056,3140181435.0,1158411832.5,73886622.0,27256749.0,53.1596012,56.33113839,3.72233933,0.42927879,203.50265966,4.25660395
2024-05-27,42.53,0.070588235294,3142398033.66,1159229534.97,73886622.0,27256749.0,53.19712562,56.37090155,3.72496687,0.42958181,203.6463086,4.25960861
2024-05-28,40.34,-5.149306371973,2980586331.48,1099537254.66,73886622.0,27256749.0,50.45784264,53.46819112,3.53315691,0.40746133,193.15993625,4.04026831
2024-05-29,42.85,6.222112047595,3166041752.7,1167951694.65,73886622.0,27256749.0,53.59738615,56.79504188,3.75299389,0.43281403,205.17856392,4.29165833
2024-05-30,44.5,3.850641773629,3287954679.0,1212925330.5,73886622.0,27256749.0,55.66122949,58.98201549,3.89750824,0.44948015,213.07925541,4.45691472
2024-05-31,44.04,-1.033707865169,3253966832.88,1200387225.96,73886622.0,27256749.0,55.08585498,58.37231376,3.85721939,0.44483384,210.87663839,4.41084324
2024-06-03,44.5,1.044504995459,3287954679.0,1212925330.5,73886622.0,27256749.0,55.66122949,58.98201549,3.89750824,0.44948015,213.07925541,4.45691472
2024-06-04,42.5,-4.494382022472,3140181435.0,1158411832.5,73886622.0,27256749.0,53.1596012,56.33113839,3.72233933,0.42927879,203.50265966,4.25660395
2024-06-05,37.33,-12.164705882353,2758187599.26,1017494440.17,73886622.0,27256749.0,46.69289206,49.47862109,3.2695277,0.37705829,178.74715965,3.7388006
2024-06-06,35.35,-5.304045004018,2611892087.7,963526077.15,73886622.0,27256749.0,44.21628005,46.85425276,3.09611048,0.35705895,169.26632986,3.54049293
2024-06-07,36.2,2.404526166902,2674695716.4,986694313.8,73886622.0,27256749.0,45.27947208,47.98087552,3.17055727,0.36564453,173.33638305,3.62562501
2024-06-11,37.08,2.430939226519,2739715943.76,1010680252.92,73886622.0,27256749.0,46.38018853,49.14726145,3.24763159,0.37453312,177.55008518,3.71376175
2024-06-12,38.57,4.018338727077,2849807010.54,1051292808.93,73886622.0,27256749.0,48.2439016,51.12216489,3.37813242,0.38958313,184.68464902,3.86299328
2024-06-13,38.75,0.466683951257,2863106602.5,1056199023.75,73886622.0,27256749.0,48.46904815,51.36074383,3.39389763,0.39140125,185.54654263,3.88102125
2024-06-14,39.13,0.98064516129,2891183518.86,1066556588.37,73886622.0,27256749.0,48.94435752,51.86441048,3.42717972,0.39523951,187.36609582,3.91908029
2024-06-17,39.9,1.967799642218,2948076217.8,1087544285.1,73886622.0,27256749.0,49.90748442,52.88499816,3.49461975,0.40301703,191.05308519,3.99619994
2024-06-18,41.2,3.258145363409,3044128826.4,1122978058.8,73886622.0,27256749.0,51.53354281,54.60806828,3.60847954,0.41614791,197.27787242,4.12640195
2024-06-19,40.53,-1.626213592233,2994624789.66,1104716036.97,73886622.0,27256749.0,50.69549733,53.72002445,3.54979796,0.40938046,194.06971285,4.05929784
2024-06-20,38.47,-5.082654823587,2842418348.34,1048567134.03,73886622.0,27256749.0,48.11882019,50.98962103,3.36937398,0.38857306,184.20581923,3.85297774
2024-06-21,38.02,-1.169742656616,2809169368.44,1036301596.98,73886622.0,27256749.0,47.55595382,50.39317369,3.32996097,0.38402776,182.05108518,3.80790781
2024-06-24,36.17,-4.865860073645,2672479117.74,985876611.33,73886622.0,27256749.0,45.24194765,47.94111237,3.16792973,0.36534151,173.19273412,3.62262035
2024-06-25,35.75,-1.161183301078,2641446736.5,974428776.75,73886622.0,27256749.0,44.71660571,47.38442818,3.13114426,0.36109922,171.18164901,3.58055509
2024-06-26,37.95,6.153846153846,2803997304.9,1034393624.55,73886622.0,27256749.0,47.46839683,50.30039299,3.32383006,0.38332071,181.71590433,3.80089694
2024-06-27,37.68,-0.711462450593,2784047916.96,1027034302.32,73886622.0,27256749.0,47.13067701,49.94252458,3.30018226,0.38059353,180.42306391,3.77385498
2024-06-28,39.8,5.626326963907,2940687555.6,1084818610.2,73886622.0,27256749.0,49.782403,52.75245431,3.4858613,0.40200696,190.5742554,3.9861844
2024-07-01,37.4,-6.030150753769,2763359662.8,1019402412.6,73886622.0,27256749.0,46.78044905,49.57140178,3.36436743,0.37776534,179.0823405,3.74581147
2024-07-02,37.15,-0.668449197861,2744888007.3,1012588225.35,73886622.0,27256749.0,46.46774552,49.24004215,3.34187835,0.37524017,177.88526603,3.72077263
2024-07-03,36.4,-2.018842530283,2689473040.8,992145663.6,73886622.0,27256749.0,45.52963491,48.24596323,3.27441108,0.36766466,174.29404263,3.64565609
2024-07-04,36.13,-0.741758241758,2669523652.86,984786341.37,73886622.0,27256749.0,45.19191509,47.88809483,3.25012287,0.36493748,173.0012022,3.61861413
2024-07-05,36.62,1.356213672848,2705728097.64,998142148.38,73886622.0,27256749.0,45.80481402,48.53755972,3.29420148,0.36988681,175.34746816,3.66769027
2024-07-08,35.99,-1.720371381759,2659179525.78,980970396.51,73886622.0,27256749.0,45.01680111,47.70253343,3.23752898,0.36352338,172.3308405,3.60459238
2024-07-09,37.77,4.945818282856,2790697712.94,1029487409.73,73886622.0,27256749.0,47.24325029,50.06181405,3.39765128,0.38150259,180.85401072,3.78286897
2024-07-10,37.79,0.052952078369,2792175445.38,1030032544.71,73886622.0,27256749.0,47.26826657,50.08832282,3.39945041,0.3817046,180.94977667,3.78487208
2024-07-11,40.32,6.694892828791,2979108599.04,1098992119.68,73886622.0,27256749.0,50.43282636,53.44168235,3.62703997,0.40725932,193.0641703,4.0382652
2024-07-12,39.18,-2.827380952381,2894877849.96,1067919425.82,73886622.0,27256749.0,49.00689823,51.9306824,3.52448973,0.39574454,187.60551072,3.92408806
2024-07-15,38.43,-1.914241960184,2839462883.46,1047476864.07,73886622.0,27256749.0,48.06878762,50.93660349,3.45702247,0.38816904,184.01428731,3.84897152
2024-07-16,39.3,2.263856362217,2903744244.6,1071190235.7,73886622.0,27256749.0,49.15699593,52.08973503,3.53528449,0.39695663,188.18010646,3.93610671
2024-07-17,38.5,-2.035623409669,2844634947.0,1049384836.5,73886622.0,27256749.0,48.15634461,51.02938419,3.46331942,0.38887608,184.34946816,3.8559824
2024-07-18,37.75,-1.948051948052,2789219980.5,1028942274.75,73886622.0,27256749.0,47.218234,50.03530528,3.39585215,0.38130058,180.75824476,3.78086586
2024-07-19,38.18,1.139072847682,2820991227.96,1040662676.82,73886622.0,27256749.0,47.75608409,50.60524385,3.43453338,0.38564387,182.81721284,3.82393268
2024-07-22,39.53,3.535882661079,2920738167.66,1077459287.97,73886622.0,27256749.0,49.44468318,52.3945859,3.55597445,0.39927978,189.28141497,3.95914245
2024-07-23,42.76,8.17100935998,3159391956.72,1165498587.24,73886622.0,27256749.0,53.48481287,56.67575241,3.84653346,0.43190497,204.74761711,4.28264435
2024-07-24,44.76,4.67726847521,3307165200.72,1220012085.24,73886622.0,27256749.0,55.98644117,59.32662952,4.02644616,0.45210632,214.32421286,4.48295512
2024-07-25,47.86,6.92582663092,3536213728.92,1304508007.14,73886622.0,27256749.0,59.86396502,63.43548902,4.30531084,0.48341842,229.16793627,4.79343682
2024-07-26,45.79,-4.325114918512,3383268421.38,1248086536.71,73886622.0,27256749.0,57.27477974,60.69183122,4.1191012,0.46251002,219.25615967,4.58611517
2024-07-29,48.43,5.765450971828,3578329103.46,1320044354.07,73886622.0,27256749.0,60.57692908,64.190989,4.35658596,0.48917581,231.89726606,4.85052539
2024-07-30,46.64,-3.696056163535,3446072050.08,1271254773.36,73886622.0,27256749.0,58.33797176,61.81845399,4.19556409,0.4710956,223.32621286,4.67124725
2024-07-31,46.98,0.728987993139,3471193501.56,1280522068.02,73886622.0,27256749.0,58.76324857,62.2691031,4.22614925,0.47452983,224.95423414,4.70530008
2024-08-01,45.0,-4.214559386973,3324897990.0,1226553705.0,73886622.0,27256749.0,56.28663656,59.64473477,4.04803568,0.45453049,215.47340435,4.50699242
2024-08-02,42.29,-6.022222222222,3124665244.38,1152687915.21,73886622.0,27256749.0,52.89693023,56.0527963,3.80425398,0.42715765,202.49711711,4.23557132
2024-08-05,38.84,-8.157956963821,2869756398.48,1058652131.16,73886622.0,27256749.0,48.58162142,51.4800333,3.49390457,0.39231031,185.97748944,3.89003523
2024-08-06,38.62,-0.566426364573,2853501341.64,1052655646.38,73886622.0,27256749.0,48.30644231,51.18843682,3.47411418,0.39008816,184.92406391,3.86800105
2024-08-07,38.44,-0.466079751424,2840201749.68,1047749431.56,73886622.0,27256749.0,48.08129576,50.94985788,3.45792204,0.38827004,184.06217029,3.84997308
2024-08-08,37.47,-2.523413111342,2768531726.34,1021310385.03,73886622.0,27256749.0,46.86800604,49.66418248,3.37066438,0.37847239,179.41752135,3.75282235
2024-08-09,37.89,1.120896717374,2799564107.58,1032758219.61,73886622.0,27256749.0,47.39334798,50.22086667,3.40844604,0.38271467,181.42860646,3.79488761
2024-08-12,39.8,5.040907891264,2940687555.6,1084818610.2,73886622.0,27256749.0,49.782403,52.75245431,3.58026267,0.40200696,190.5742554,3.9861844
2024-08-13,38.75,-2.638190954774,2863106602.5,1056199023.75,73886622.0,27256749.0,48.46904815,51.36074383,3.4858085,0.39140125,185.54654263,3.88102125
2024-08-14,40.23,3.81935483871,2972458803.06,1096539012.27,73886622.0,27256749.0,50.32025309,53.32239288,3.6189439,0.40635026,192.63322349,4.02925122
2024-08-15,41.93,4.225702212279,3098066060.46,1142875485.57,73886622.0,27256749.0,52.44663713,55.57563842,3.77186969,0.42352141,200.77332987,4.19951538
2024-08-16,42.86,2.217982351538,3166780618.92,1168224262.14,73886622.0,27256749.0,53.60989429,56.80829627,3.8555291,0.43291504,205.2264469,4.29265989
2024-08-19,40.55,-5.389640690621,2996102522.1,1105261171.95,73886622.0,27256749.0,50.72051361,53.74653322,3.64772993,0.40958247,194.16547881,4.06130094
2024-08-20,39.8,-1.849568434032,2940687555.6,1084818610.2,73886622.0,27256749.0,49.782403,52.75245431,3.58026267,0.40200696,190.5742554,3.9861844
2024-08-21,39.85,0.125628140704,2944381886.7,1086181447.65,73886622.0,27256749.0,49.84494371,52.81872623,3.58476049,0.402512,190.81367029,3.99119217
2024-08-22,39.61,-0.60225846926,2926649097.42,1079639827.89,73886622.0,27256749.0,49.54474831,52.50062098,3.56317096,0.40008784,189.6644788,3.96715488
2024-08-23,41.39,4.493814693259,3058167284.58,1128156841.11,73886622.0,27256749.0,51.77119749,54.8599016,3.72329326,0.41806704,198.18764902,4.14543147
2024-08-26,42.74,3.26165740517,3157914224.28,1164953452.26,73886622.0,27256749.0,53.45979659,56.64924364,3.84473433,0.43170296,204.65185115,4.28064124
2024-08-27,40.53,-5.170800187178,2994624789.66,1104716036.97,73886622.0,27256749.0,50.69549733,53.72002445,3.6459308,0.40938046,194.06971285,4.05929784
2024-08-28,42.71,5.378731803602,3155697625.62,1164135749.79,73886622.0,27256749.0,53.42227217,56.60948049,3.84203564,0.43139994,204.50820222,4.27763658
2024-08-29,44.43,4.027159915711,3282782615.46,1211017358.07,73886622.0,27256749.0,55.5736725,58.88923479,3.99676056,0.4487731,212.74407456,4.44990385
2024-08-30,46.85,5.446770200315,3461588240.7,1276978690.65,73886622.0,27256749.0,39.19788541,62.09679609,4.21445493,0.47321674,167.4335711,3.69992626
2024-09-02,46.56,-0.618996798292,3440161120.32,1269074233.44,73886622.0,27256749.0,38.95525176,61.71241891,4.18836758,0.47028754,166.39716266,3.67702384
2024-09-03,44.82,-3.737113402062,3311598398.04,1221647490.18,73886622.0,27256749.0,37.49944982,59.40615583,4.03184354,0.45271237,160.17871199,3.53960929
2024-09-04,43.68,-2.543507362784,3227367648.96,1190574796.32,73886622.0,27256749.0,36.54564856,57.89515588,3.9292933,0.44119759,156.10455466,3.44957906
2024-09-05,43.33,-0.801282051282,3201507331.26,1181034934.17,73886622.0,27256749.0,36.25281483,57.43125239,3.89780858,0.43766236,154.85371688,3.42193821
2024-09-06,42.47,-1.984768059081,3137964836.34,1157594130.03,73886622.0,27256749.0,35.53328055,56.29137523,3.82044612,0.42897577,151.78022977,3.35402067
2024-09-09,42.42,-0.117730162468,3134270505.24,1156231292.58,73886622.0,27256749.0,35.49144716,56.22510331,3.8159483,0.42847074,151.60153866,3.35007198
2024-09-10,42.88,1.084394153701,3168258351.36,1168769397.12,73886622.0,27256749.0,35.87631433,56.83480504,3.85732822,0.43311705,153.24549688,3.38639996
2024-09-11,41.73,-2.681902985075,3083288736.06,1137424135.77,73886622.0,27256749.0,34.91414639,55.31055071,3.75387842,0.42150127,149.13560133,3.29558
2024-09-12,40.77,-2.300503235083,3012357578.94,1111257656.73,73886622.0,27256749.0,34.11094532,54.0381297,3.66752033,0.41180462,145.70473199,3.21976508
2024-09-13,39.99,-1.913171449595,2954726013.78,1089997392.51,73886622.0,27256749.0,33.45834446,53.00428763,3.59735438,0.40392609,142.91715066,3.15816545
2024-09-18,40.25,0.650162540635,2973936535.5,1097084147.25,73886622.0,27256749.0,33.67587808,53.34890165,3.62074303,0.40655227,143.84634444,3.17869866
2024-09-19,41.38,2.807453416149,3057428418.36,1127884273.62,73886622.0,27256749.0,34.62131267,54.84664721,3.7223937,0.41796603,147.88476355,3.26793914
2024-09-20,41.64,0.628322861286,3076638940.08,1134971028.36,73886622.0,27256749.0,34.83884629,55.19126124,3.74578235,0.42059221,148.81395733,3.28847235
2024-09-23,41.24,-0.960614793468,3047084291.28,1124068328.76,73886622.0,27256749.0,34.50417918,54.66108582,3.70979981,0.41655194,147.38442844,3.2568828
2024-09-24,42.23,2.400581959263,3120232047.06,1151052510.27,73886622.0,27256749.0,35.33248028,55.97326998,3.7988566,0.42655161,150.92251244,3.33506694
2024-09-25,42.62,0.92351408951,3149047829.64,1161682642.38,73886622.0,27256749.0,35.65878071,56.49019102,3.83393957,0.43049087,152.31630311,3.36586675
2024-09-26,43.88,2.956358517128,3242144973.36,1196026146.12,73886622.0,27256749.0,36.71298211,58.16024359,3.94728457,0.44321773,156.81931911,3.46537384
2024-09-27,45.81,4.398359161349,3384746153.82,1248631671.69,73886622.0,27256749.0,38.32775092,60.71833999,4.12090032,0.46271204,163.71679599,3.61779343
2024-09-30,52.5,14.603798297315,3879047655.0,1430979322.5,73886622.0,27256749.0,43.92505836,69.5855239,4.54422515,0.53028557,187.62566666,4.14612868
2024-10-08,61.84,17.790476190476,4569148704.48,1685557358.16,73886622.0,27256749.0,51.73953541,81.96511996,5.35266444,0.6246259,221.00516621,4.88374472
2024-10-09,54.01,-12.6617076326,3990616454.22,1472137013.49,73886622.0,27256749.0,45.18842671,71.58693611,4.67492572,0.54553759,193.02213821,4.26537924
2024-10-10,53.24,-1.42566191446,3933723755.28,1451149316.76,73886622.0,27256749.0,44.54419252,70.56634842,4.60827708,0.53776007,190.2702951,4.20456935
2024-10-11,50.96,-4.282494365139,3765262257.12,1389003929.04,73886622.0,27256749.0,42.63658998,67.54434853,4.41092787,0.51473053,182.12198044,4.02450891
2024-10-14,56.43,10.733908948195,4169422079.46,1538098346.07,73886622.0,27256749.0,47.21316273,74.7944974,4.88439286,0.56998123,201.67078799,4.45649603
2024-10-15,58.25,3.225234804182,4303895731.5,1587705629.25,73886622.0,27256749.0,48.73589809,77.20679556,5.04192599,0.58836446,208.17514444,4.60022849
2024-10-16,55.8,-4.206008583691,4122873507.6,1520926594.2,73886622.0,27256749.0,46.68606203,73.95947111,4.82986215,0.5636178,199.41927999,4.40674249
2024-10-17,59.67,6.935483870968,4408814734.74,1626410212.83,73886622.0,27256749.0,49.92396633,79.0889183,5.16483647,0.60270743,213.24997199,4.7123714
2024-10-18,61.71,3.418803418803,4559543443.62,1682013980.79,73886622.0,27256749.0,51.6307686,81.79281294,5.34141207,0.62331281,220.54056932,4.87347812
2024-10-21,63.94,3.613676875709,4724310610.68,1742796531.06,73886622.0,27256749.0,53.49653775,84.74854091,5.53443344,0.64583732,228.51019288,5.04958987
2024-10-22,59.82,-6.443540819518,4419897728.04,1630498725.18,73886622.0,27256749.0,50.0494665,79.28773408,5.17781997,0.60422253,213.78604533,4.72421748
2024-10-23,58.38,-2.407221664995,4313500992.36,1591249006.62,73886622.0,27256749.0,48.8446649,77.37910257,5.05317836,0.58967755,208.63974133,4.6104951
2024-10-24,57.84,-0.924974306269,4273602216.48,1576530362.16,73886622.0,27256749.0,48.3928643,76.66336575,5.00643776,0.58422319,206.70987733,4.5678492
2024-10-25,59.15,2.264868603043,4370393691.3,1612236703.35,73886622.0,27256749.0,49.48889909,78.39969026,5.119827,0.59745507,211.39158444,4.67130498
2024-10-28,58.97,-0.304311073542,4357094099.34,1607330488.53,73886622.0,27256749.0,49.33829889,78.16111132,5.1042468,0.59563695,210.74829644,4.65708969
2024-10-29,58.06,-1.543157537731,4289857273.32,1582526846.94,73886622.0,27256749.0,48.57693121,76.95496224,5.02548023,0.58644534,207.49611821,4.58522345
2024-10-30,57.62,-0.757836720634,4257347159.64,1570533877.38,73886622.0,27256749.0,44.94254426,76.37176927,4.98739529,0.58200104,153.33726507,4.04536957
2024-10-31,58.24,1.076015272475,4303156865.28,1587433061.76,73886622.0,27256749.0,45.4261329,77.19354117,5.04106043,0.58826346,154.98719746,4.08889836
2024-11-01,54.16,-7.005494505495,4001699447.52,1476225525.84,73886622.0,27256749.0,42.24380766,71.78575189,4.68790922,0.54705269,144.12957786,3.80245081
2024-11-04,56.18,3.729689807976,4150950423.96,1531284158.82,73886622.0,27256749.0,43.81937065,74.46313776,4.86275369,0.56745606,149.50516403,3.94427044
2024-11-05,58.67,4.432182271271,4334928112.74,1599153463.83,73886622.0,27256749.0,45.76152503,77.76347975,5.0782798,0.59260675,156.13150541,4.11908769
2024-11-06,56.5,-3.698653485597,4174594143.0,1540006318.5,73886622.0,27256749.0,44.06896479,74.8872781,4.89045182,0.57068828,150.35674204,3.96673691
2024-11-07,57.08,1.026548672566,4217448383.76,1555815232.92,73886622.0,27256749.0,44.52135416,75.65603246,4.94065469,0.57654667,151.90022718,4.00745739
2024-11-08,58.67,2.785564120533,4334928112.74,1599153463.83,73886622.0,27256749.0,45.76152503,77.76347975,5.0782798,0.59260675,156.13150541,4.11908769
2024-11-11,62.39,6.340548832453,4609786346.58,1785613092.59,73886622.0,28620181.0,48.66305687,82.69411116,5.40027061,0.63018127,166.03109975,4.38026046
2024-11-12,61.15,-1.987497996474,4518166935.3,1750124068.15,73886622.0,28620181.0,47.69587959,81.05056736,5.29294034,0.61765643,162.73123497,4.29320287
2024-11-13,61.5,0.572363041701,4544027253.0,1760141131.5,73886622.0,28620181.0,47.96887317,81.51447085,5.32323517,0.62119167,163.66264842,4.31777557
2024-11-14,58.68,-4.585365853659,4335666978.96,1679432221.08,73886622.0,28620181.0,45.76932484,77.77673414,5.07914536,0.59270776,156.15811722,4.11978977
2024-11-15,58.98,0.511247443763,4357832965.56,1688018275.38,73886622.0,28620181.0,46.00331935,78.1743657,5.10511236,0.59573796,156.9564716,4.14085209
2024-11-18,54.16,-8.172261783655,4001699447.52,1550069002.96,73886622.0,28620181.0,42.24380766,71.78575189,4.68790922,0.54705269,144.12957786,3.80245081
2024-11-19,56.2,3.766617429838,4152428156.4,1608454172.2,73886622.0,28620181.0,43.83497028,74.48964653,4.86448482,0.56765808,149.55838766,3.94567459
2024-11-20,56.54,0.604982206406,4177549607.88,1618185033.74,73886622.0,28620181.0,44.10016405,74.94029564,4.89391409,0.57109231,150.46318929,3.96954522
2024-11-21,59.0,4.350902016272,4359310698.0,1688590679.0,73886622.0,28620181.0,46.01891898,78.20087447,5.1068435,0.59593997,157.00969523,4.14225624
2024-11-22,55.02,-6.745762711864,4065241942.44,1574682358.62,73886622.0,28620181.0,42.9145919,72.92562904,4.76234795,0.55573928,146.41819375,3.86282946
2024-11-25,54.69,-0.599781897492,4040859357.18,1565237698.89,73886622.0,28620181.0,42.65719795,72.48823432,4.73378425,0.55240605,145.54000393,3.83966091
2024-11-26,52.67,-3.693545437923,3891608380.74,1507424933.27,73886622.0,28620181.0,41.08163496,69.81084845,4.55893978,0.53200268,140.16441776,3.69784129
2024-11-27,54.45,3.379532940953,4023126567.9,1558368855.45,73886622.0,28620181.0,42.47000235,72.17012907,4.71301065,0.54998189,144.90132043,3.82281106
2024-11-28,53.58,-1.597796143251,3958845206.76,1533469297.98,73886622.0,28620181.0,41.79141829,71.01699753,4.63770635,0.5411943,142.58609272,3.76173033
2024-11-29,54.05,0.877192982456,3993571919.1,1546920783.05,73886622.0,28620181.0,42.15800968,71.63995365,4.67838798,0.54594162,143.83684792,3.79472796
2024-12-02,55.72,3.08973172988,4116962577.84,1594716485.32,73886622.0,28620181.0,43.46057908,73.85343603,4.82293762,0.56280975,148.28102065,3.91197488
2024-12-03,54.99,-1.310122038765,4063025343.78,1573823753.19,73886622.0,28620181.0,42.89119245,72.88586589,4.75975125,0.55543626,146.33835832,3.86072323
2024-12-04,53.78,-2.20040007274,3973622531.16,1539193334.18,73886622.0,28620181.0,41.94741462,71.28208524,4.65501768,0.54321444,143.11832897,3.77577188
2024-12-05,54.29,0.94830792116,4011304708.38,1553789626.49,73886622.0,28620181.0,42.34520528,71.9580589,4.69916158,0.54836578,144.47553142,3.81157782
2024-12-06,54.54,0.460489961319,4029776363.88,1560944671.74,73886622.0,28620181.0,42.5402007,72.28941854,4.72080075,0.55089095,145.14082674,3.82912975
2024-12-09,54.89,0.641730839751,4055636681.58,1570961735.09,73886622.0,28620181.0,42.81319428,72.75332203,4.75109559,0.55442619,146.07224019,3.85370246
2024-12-10,55.3,0.746948442339,4085930196.6,1582696009.3,73886622.0,28620181.0,43.13298677,73.29675184,4.78658382,0.55856747,147.16332451,3.88248763
2024-12-11,58.07,5.00904159132,4290596139.54,1661973910.67,73886622.0,28620181.0,45.29353602,76.96821662,5.02634579,0.58654634,154.53479664,4.07696305
2024-12-12,57.26,-1.394868262442,4230747975.72,1638791564.06,73886622.0,28620181.0,44.66175086,75.8946114,4.95623489,0.57836479,152.37923981,4.02009479
2024-12-13,55.71,-2.706950750961,4116223711.62,1594430283.51,73886622.0,28620181.0,43.45277926,73.84018164,4.82207205,0.56270874,148.25440883,3.9112728
2024-12-16,53.82,-3.392568659128,3976577996.04,1540338141.42,73886622.0,28620181.0,41.97861389,71.33510278,4.65847995,0.54361846,143.22477622,3.77858019
2024-12-17,52.18,-3.047194351542,3855403935.96,1493401044.58,73886622.0,28620181.0,40.69944394,69.16138356,4.51652701,0.52705335,138.86043893,3.6634395
2024-12-18,52.36,0.344959754695,3868703527.92,1498552677.16,73886622.0,28620181.0,40.83984064,69.3999625,4.53210721,0.52887147,139.33945156,3.6760769
2024-12-19,55.28,5.576776165011,4084452464.16,1582123605.68,73886622.0,28620181.0,43.11738714,73.27024307,4.78485269,0.55836545,147.11010088,3.88108348
2024-12-20,55.3,0.036179450072,4085930196.6,1582696009.3,73886622.0,28620181.0,43.13298677,73.29675184,4.78658382,0.55856747,147.16332451,3.88248763
2024-12-23,53.28,-3.652802893309,3936679220.16,1524883243.68,73886622.0,28620181.0,41.55742378,70.61936596,4.61173935,0.5381641,141.78773833,3.74066801
2024-12-24,53.79,0.957207207207,3974361397.38,1539479535.99,73886622.0,28620181.0,41.95521444,71.29533963,4.65588325,0.54331544,143.14494079,3.77647395
2024-12-25,55.56,3.290574456219,4105140718.32,1590137256.36,73886622.0,28620181.0,43.33578201,73.64136586,4.80908855,0.56119364,147.85523164,3.90074164
2024-12-26,58.78,5.795536357091,4343055641.16,1682294239.18,73886622.0,28620181.0,45.84732301,77.90927799,5.08780103,0.59371782,156.42423535,4.12681054
2024-12-27,58.45,-0.561415447431,4318673055.9,1672849579.45,73886622.0,28620181.0,45.58992906,77.47188327,5.05923733,0.5903846,155.54604553,4.10364199
2024-12-30,59.23,1.334473909324,4376304621.06,1695173320.63,73886622.0,28620181.0,46.19831477,78.50572534,5.12675153,0.59826313,157.62176692,4.15840402
2024-12-31,57.0,-3.764983960831,4211537454.0,1631350317.0,73886622.0,28620181.0,44.45895562,43.17411756,4.82999839,0.57573862,151.68733268,4.00184078
2025-01-02,56.0,-1.754385964912,4137650832.0,1602730136.0,73886622.0,28620181.0,43.67897395,42.4166769,4.74526158,0.6460766,149.0261514,3.93163304
2025-01-03,50.72,-9.428571428571,3747529467.84,1451615580.32,73886622.0,28620181.0,39.56067069,38.41739022,4.2978512,0.58516081,134.97511427,3.56093621
2025-01-06,52.0,2.523659305994,3842104344.0,1488249412.0,73886622.0,28620181.0,40.55904724,39.38691427,4.40631432,0.59992828,138.3814263,3.65080211
2025-01-07,53.7,3.269230769231,3967711601.4,1536903719.7,73886622.0,28620181.0,41.88501609,40.67456339,4.5503669,0.61954131,142.90543447,3.77015526
2025-01-08,53.8,0.186219739292,3975100263.6,1539765737.8,73886622.0,28620181.0,41.96301426,40.75030745,4.55884059,0.62069502,143.1715526,3.77717603
2025-01-09,54.88,2.007434944238,4054897815.36,1570675533.28,73886622.0,28620181.0,42.80539447,41.56834337,4.65035634,0.63315507,146.04562837,3.85300038
2025-01-10,53.46,-2.587463556851,3949978812.12,1530034876.26,73886622.0,28620181.0,41.69782049,40.49277763,4.53003007,0.61677242,142.26675096,3.7533054
2025-01-13,53.95,0.916573138795,3986183256.9,1544058764.95,73886622.0,28620181.0,42.08001151,40.86392355,4.57155111,0.62242559,143.57072979,3.78770719
2025-01-14,57.48,6.543095458758,4247003032.56,1645088003.88,73886622.0,28620181.0,44.83334683,43.53768908,4.87067206,0.66315149,152.96469969,4.03554049
2025-01-15,56.69,-1.374391092554,4188632601.18,1622478060.89,73886622.0,28620181.0,44.2171613,42.93931096,4.80372998,0.65403719,150.86236648,3.98007638
2025-01-16,58.48,3.157523372729,4320889654.56,1673708184.88,73886622.0,28620181.0,45.61332851,44.29512974,4.95540887,0.67468857,155.62588097,4.10574822
2025-01-17,57.75,-1.24829001368,4266952420.5,1652815452.75,73886622.0,28620181.0,45.04394188,43.74219806,4.893551,0.6662665,153.68321863,4.05449658
2025-01-20,58.95,2.077922077922,4355616366.9,1687159669.95,73886622.0,28620181.0,45.9799199,44.65112685,4.99523518,0.680111,156.87663616,4.13874586
2025-01-21,58.74,-0.356234096692,4340100176.28,1681149431.94,73886622.0,28620181.0,45.81612374,44.49206431,4.97744045,0.67768821,156.3177881,4.12400223
2025-01-22,59.26,0.885257065032,4378521219.72,1696031926.06,73886622.0,28620181.0,46.22171422,44.88593345,5.02150359,0.68368749,157.70160236,4.16051025
2025-01-23,59.7,0.742490718866,4411031333.4,1708624805.7,73886622.0,28620181.0,46.56490615,45.21920734,5.05878779,0.68876381,158.87252212,4.19140165
2025-01-24,59.85,0.251256281407,4422114326.7,1712917832.85,73886622.0,28620181.0,46.68190341,45.33282344,5.07149831,0.69049437,159.27169931,4.20193281
2025-01-27,56.86,-4.99582289056,4201193326.92,1627343491.66,73886622.0,28620181.0,44.34975819,43.06807587,4.81813524,0.65599849,151.3147673,3.99201169
2025-02-05,58.2,2.356665494196,4300201400.4,1665694534.2,73886622.0,28620181.0,45.39493364,44.08304635,4.93168257,0.67145818,154.88075021,4.08609006
2025-02-06,59.49,2.216494845361,4395515142.78,1702614567.69,73886622.0,28620181.0,46.40111,45.0601448,5.04099306,0.68634102,158.31367405,4.17665803
2025-02-07,61.8,3.883005547151,4566193239.6,1768727185.8,73886622.0,28620181.0,48.20286768,46.80983273,5.2367351,0.71299168,164.4610028,4.33883789
2025-02-10,61.84,0.064724919094,4569148704.48,1769871993.04,73886622.0,28620181.0,48.23406694,46.84013035,5.24012457,0.71345316,164.56745005,4.3416462
2025-02-11,60.91,-1.503880983182,4500434146.02,1743255224.71,73886622.0,28620181.0,47.50868398,46.13571054,5.16131933,0.70272368,162.09255146,4.27635301
2025-02-12,61.48,0.935806928255,4542549520.56,1759568727.88,73886622.0,28620181.0,47.95327354,46.56745172,5.20961932,0.70929981,163.60942479,4.31637142
2025-02-13,59.21,-3.692257644763,4374826888.62,1694600917.01,73886622.0,28620181.0,46.18271513,44.84806142,5.01726675,0.68311064,157.5685433,4.15699987
2025-02-14,59.03,-0.304002702246,4361527296.66,1689449284.43,73886622.0,28620181.0,46.04231843,44.7117221,5.00201412,0.68103396,157.08953067,4.14436247
2025-02-17,63.12,6.928680332035,4663723580.64,1806505824.72,73886622.0,28620181.0,49.23244349,47.8096544,5.34858769,0.72822063,167.97376208,4.4315121
2025-02-18,60.49,-4.166666666667,4469401764.78,1731234748.69,73886622.0,28620181.0,47.18109168,45.81758546,5.12572987,0.6978781,160.97485533,4.24686576
2025-02-19,61.4,1.504380889403,4536638590.8,1757279113.4,73886622.0,28620181.0,47.89087501,46.50685646,5.20284037,0.70837685,163.39653029,4.3107548
2025-02-20,68.78,12.019543973941,5081921861.16,1968496049.18,73886622.0,28620181.0,53.64713979,52.09676853,5.82819806,0.79352051,183.0360481,4.82888787
2025-02-21,71.05,3.300378016865,5249644493.1,2033463860.05,73886622.0,28620181.0,55.41769819,53.81615882,6.02055062,0.81970969,189.07692959,4.98825942
2025-02-24,70.7,-0.492610837438,5223784175.4,2023446796.7,73886622.0,28620181.0,55.14470461,53.55105459,5.99089274,0.81567171,188.14551615,4.96368672
2025-02-25,74.31,5.106082036775,5490514880.82,2126765650.11,73886622.0,28620181.0,57.96043846,56.28541537,6.29679264,0.85732058,197.75238055,5.21713663
2025-02-26,84.8,14.116538823846,6265585545.6,2426991348.8,73886622.0,28620181.0,66.14244626,64.23096788,7.18568182,0.97834457,225.66817212,5.95361575
2025-02-27,91.45,7.841981132075,6756931581.9,2617315552.45,73886622.0,28620181.0,71.32932442,69.26794827,7.74918163,1.05506617,243.3650276,6.42049717
2025-02-28,79.23,-13.362493165664,5854037061.06,2267576940.63,73886622.0,28620181.0,61.79794832,60.01202341,6.71369776,0.91408302,210.84539242,5.56255868
2025-03-03,81.9,3.369935630443,6051314341.8,2343992823.9,73886622.0,28620181.0,63.8804994,62.03438997,6.93994505,0.94488703,217.95074643,5.75001333
2025-03-04,83.49,1.941391941392,6168794070.78,2389498911.69,73886622.0,28620181.0,65.12067026,63.23872062,7.07467659,0.96323099,222.18202465,5.86164362
2025-03-05,87.23,4.479578392622,6445130037.06,2496538388.63,73886622.0,28620181.0,68.03780174,66.07154868,7.39159227,1.00637968,232.13484262,6.12422054
2025-03-06,87.67,0.504413619168,6477640150.74,2509131268.27,73886622.0,28620181.0,68.38099368,66.40482257,7.42887647,1.011456,233.30576238,6.15511194
2025-03-07,93.98,7.19744496407,6943864735.56,2689724610.38,73886622.0,28620181.0,73.30267806,71.18427313,7.96356577,1.08425499,250.09781623,6.59812274
2025-03-10,92.5,-1.574803149606,6834512535.0,2647366742.5,73886622.0,28620181.0,72.14830518,70.06326096,7.83815528,1.0671801,246.15926794,6.49421529
2025-03-11,91.1,-1.513513513514,6731071264.2,2607298489.1,73886622.0,28620181.0,71.05633083,69.00284403,7.71952374,1.05102819,242.43361416,6.39592447
2025-03-12,91.05,-0.054884742042,6727376933.1,2605867480.05,73886622.0,28620181.0,71.01733175,68.964972,7.7152869,1.05045134,242.30055509,6.39241408
2025-03-13,84.1,-7.633168588688,6213864910.2,2406957222.1,73886622.0,28620181.0,65.59645909,63.70075942,7.12636605,0.97026861,223.80534523,5.90447034
2025-03-14,86.03,2.294887039239,6356466090.66,2462194171.43,73886622.0,28620181.0,67.10182373,65.16261989,7.2899081,0.99253518,228.94142509,6.03997126
2025-03-17,84.63,-1.627339300244,6253024819.86,2422125918.03,73886622.0,28620181.0,66.00984938,64.10220297,7.17127656,0.97638327,225.21577131,5.94168044
2025-03-18,85.98,1.595179014534,6352771759.56,2460763162.38,73886622.0,28620181.0,67.06282464,65.12474786,7.28567126,0.99195833,228.80836603,6.03646088
2025-03-19,87.68,1.97720400093,6478379016.96,2509417470.08,73886622.0,28620181.0,68.38879349,66.41239698,7.42972384,1.01157137,233.3323742,6.15581402
2025-03-20,82.35,-6.078923357664,6084563321.7,2356871905.35,73886622.0,28620181.0,64.23149115,62.37523827,6.97807662,0.95007872,219.148278,5.78160681
2025-03-21,78.59,-4.565877352763,5806749622.98,2249260024.79,73886622.0,28620181.0,61.29876004,59.52726139,6.6594662,0.90669929,209.14223641,5.51762573
2025-03-24,79.65,1.348772108411,5885069442.3,2279597416.65,73886622.0,28620181.0,62.12554062,60.33014849,6.74928722,0.9189286,211.96308856,5.59204593
2025-03-25,77.24,-3.025737602009,5707002683.28,2210622780.44,73886622.0,28620181.0,60.24578478,58.5047165,6.5450715,0.89112423,205.54964169,5.42284529
2025-03-26,79.06,2.356292076644,5841476335.32,2262711509.86,73886622.0,28620181.0,61.66535143,59.8832585,6.6992925,0.91212172,210.39299161,5.55062336
2025-03-27,83.09,5.097394384012,6139239421.98,2378050839.29,73886622.0,28620181.0,64.80867759,62.93574436,7.04078186,0.95861616,221.11755214,5.83356053
2025-03-28,76.08,-8.436634974124,5621294201.76,2177423370.48,73886622.0,28620181.0,59.34100603,57.62608534,6.4467768,0.87774121,202.46267141,5.34140432
2025-03-31,76.33,0.328601472135,5639765857.26,2184578415.73,73886622.0,28620181.0,59.53600145,57.8154455,6.38043699,0.88062549,203.12796672,5.35895625
2025-04-01,75.8,-0.694353465217,5600605947.6,2169409719.8,73886622.0,28620181.0,59.12261116,57.41400195,6.3361342,0.87451083,201.71754065,5.32174615
2025-04-02,74.25,-2.044854881266,5486081683.5,2125048439.25,73886622.0,28620181.0,57.91363956,56.23996893,6.20656945,0.85662835,197.59270967,5.21292417
2025-04-03,71.34,-3.919191919192,5271071613.48,2041763712.54,73886622.0,28620181.0,55.64389288,54.03581661,5.96332209,0.82305545,189.84867216,5.00861967
2025-04-07,57.07,-20.002803476311,4216709517.54,1633353729.67,73886622.0,28620181.0,44.51355434,43.22713841,4.77049049,0.65842128,151.87361537,4.00675532
2025-04-08,55.0,-3.627124583844,4063764210.0,1574109955.0,73886622.0,28620181.0,42.89899227,41.65923624,4.59745886,0.63453952,146.36497013,3.86142531
2025-04-09,58.8,6.909090909091,4344533373.6,1682866642.8,73886622.0,28620181.0,45.86292264,44.53751075,4.91510147,0.67838043,156.47745897,4.1282147
2025-04-10,62.01,5.459183673469,4581709430.22,1774737423.81,73886622.0,28620181.0,48.36666383,46.96889526,5.18342588,0.71541447,165.01985087,4.35358152
2025-04-11,63.95,3.12852765683,4725049476.9,1830260574.95,73886622.0,28620181.0,49.87982828,48.43833014,5.3455908,0.73779641,170.18254254,4.48978452
2025-04-14,65.81,2.908522283034,4862478593.82,1883494111.61,73886622.0,28620181.0,51.3305942,49.84716977,5.5010685,0.75925538,175.13233971,4.6203709
2025-04-15,66.14,0.501443549613,4886861179.08,1892938771.34,73886622.0,28620181.0,51.58798816,50.09712519,5.52865325,0.76306262,176.01052953,4.64353945
2025-04-16,63.37,-4.18808587844,4682195236.14,1813660869.97,73886622.0,28620181.0,49.42743891,47.99901456,5.2971085,0.7311049,168.6390574,4.44906403
2025-04-17,63.0,-0.583872494871,4654857186.0,1803071403.0,73886622.0,28620181.0,49.13884569,47.71876152,5.26618014,0.72683618,167.65442033,4.42308717
2025-04-18,63.32,0.507936507937,4678500905.04,1812229860.92,73886622.0,28620181.0,49.38843983,47.96114253,5.292929,0.73052805,168.50599834,4.44555365
2025-04-21,69.51,9.775742261529,5135859095.22,1989388781.31,73886622.0,28620181.0,54.21652641,52.64970021,5.81035209,0.80194258,184.97871043,4.88013951
2025-04-22,66.99,-3.625377643505,4949664807.78,1917265925.19,73886622.0,28620181.0,47.00478032,50.74094975,5.59970489,0.77286914,98.17577174,3.82713018
2025-04-23,69.74,4.105090311987,5152853018.28,1995971422.94,73886622.0,28620181.0,48.934369,52.82391156,5.82957783,0.80459611,102.20597583,3.98423733
2025-04-24,68.64,-1.577287066246,5071577734.08,1964489223.84,73886622.0,28620181.0,48.16253353,51.99072683,5.73762865,0.79190532,100.5938942,3.92139447
2025-04-25,69.76,1.631701631702,5154330750.72,1996543826.56,73886622.0,28620181.0,48.94840237,52.83906037,5.83124963,0.80482686,102.23528641,3.98537993
2025-04-28,68.4,-1.949541284404,5053844944.8,1957620380.4,73886622.0,28620181.0,47.99413306,51.80894108,5.71756701,0.78913642,100.24216729,3.9076833
2025-04-29,68.08,-0.46783625731,5030201225.76,1948461922.48,73886622.0,28620181.0,47.7695991,51.56656006,5.69081816,0.78544456,99.77319809,3.88940174
2025-04-30,71.4,4.876615746181,5275504810.8,2043480923.4,73886622.0,28620181.0,50.0991389,54.08126305,5.9683375,0.82374767,104.63875358,4.07907292
2025-05-06,75.5,5.742296918768,5578439961.0,2160823665.5,73886622.0,28620181.0,52.9759802,57.18676975,6.31105716,0.87104971,110.6474215,4.3133054
2025-05-07,74.48,-1.350993377483,5503075606.56,2131631080.88,73886622.0,28620181.0,52.26027822,56.41418028,6.22579519,0.85928188,109.15258216,4.25503293
2025-05-08,74.15,-0.443071965628,5478693021.3,2122186421.15,73886622.0,28620181.0,52.02872758,56.16422486,6.19821044,0.85547465,108.66895767,4.23618007
2025-05-09,71.65,-3.371544167229,5293976466.3,2050635968.65,73886622.0,28620181.0,50.27455605,54.27062322,5.98923504,0.82663194,105.00513577,4.09335539
2025-05-12,73.0,1.884159106769,5393723406.0,5393723406.0,73886622.0,73886622.0,51.22180867,55.29316811,6.10208175,0.842207,106.9835996,4.17048071
2025-05-13,73.79,1.082191780822,5452093837.38,5452093837.38,73886622.0,73886622.0,51.77612688,55.89154623,6.16811798,0.8513213,108.14136732,4.21561331
2025-05-14,72.24,-2.100555630844,5337569573.28,5337569573.28,73886622.0,73886622.0,50.68854053,54.71751321,6.03855323,0.83343882,105.86979774,4.12706201
2025-05-15,70.01,-3.086932447398,5172802406.22,5172802406.22,73886622.0,73886622.0,49.12381953,53.02842054,5.85214717,0.80771113,102.6016686,3.99966239
2025-05-16,71.08,1.528353092415,5251861091.76,5251861091.76,73886622.0,73886622.0,49.87460494,53.83888204,5.94158864,0.8200558,104.16978437,4.06079136
2025-05-19,71.01,-0.098480585256,5246689028.22,5246689028.22,73886622.0,73886622.0,49.82548814,53.7858612,5.93573733,0.81924821,104.06719736,4.05679227
2025-05-20,70.62,-0.549218419941,5217873245.64,5217873245.64,73886622.0,73886622.0,49.55183738,53.49045934,5.90313717,0.81474875,103.49564114,4.03451162
2025-05-21,68.35,-3.214386859247,5050150613.7,5050150613.7,73886622.0,73886622.0,47.95904963,51.77106904,5.7133875,0.78855957,100.16889085,3.90482681
2025-05-22,68.61,0.380395025604,5069361135.42,5069361135.42,73886622.0,73886622.0,48.14148347,51.96800361,5.73512095,0.79155921,100.54992833,3.91968057
2025-05-23,48.39,-0.391107451626,5005523055.3,5005523055.3,103441270.0,103441270.0,47.53524142,51.31357449,5.662899,0.78159117,99.28371071,3.87032033
2025-05-26,48.25,-0.289315974375,4991041277.5,4991041277.5,103441270.0,103441270.0,47.39771437,51.16511612,5.64651533,0.7793299,98.99646708,3.85912288
2025-05-27,46.55,-3.523316062176,4815191118.5,4815191118.5,103441270.0,103441270.0,45.72774309,49.36240737,5.44757075,0.75187164,95.50850865,3.72315378
2025-05-28,46.41,-0.300751879699,4800709340.7,4800709340.7,103441270.0,103441270.0,45.59021604,49.213949,5.43118708,0.74961037,95.22126502,3.71195633
2025-05-29,46.77,0.775694893342,4837948197.9,4837948197.9,103441270.0,103441270.0,45.94385702,49.59569909,5.47331652,0.75542506,95.95989151,3.74074978
2025-05-30,45.01,-3.76309600171,4655891562.7,4655891562.7,103441270.0,103441270.0,44.21494557,47.72936532,5.26735037,0.72699769,92.34882867,3.59998178
2025-06-03,45.22,0.466562986003,4677614229.4,4677614229.4,103441270.0,103441270.0,44.42123614,47.95205287,5.29192587,0.7303896,92.77969412,3.61677796
2025-06-04,46.16,2.078726227333,4774849023.2,4774849023.2,103441270.0,103441270.0,45.34463203,48.94884477,5.40193052,0.7455724,94.70832996,3.69196087
2025-06-05,48.16,4.332755632582,4981731563.2,4981731563.2,103441270.0,103441270.0,47.30930413,51.0696786,5.63598297,0.77787623,98.81181046,3.85192451
2025-06-06,48.46,0.62292358804,5012763944.2,5012763944.2,103441270.0,103441270.0,47.60400494,51.38780367,5.67109084,0.7827218,99.42733253,3.87591906
2025-06-09,48.77,0.639702847709,5044830737.9,5044830737.9,103441270.0,103441270.0,47.90852912,51.71653292,5.70736897,0.78772889,100.06337201,3.90071342
2025-06-10,47.9,-1.78388353496,4954836833.0,4954836833.0,103441270.0,103441270.0,47.05389676,50.7939702,5.60555615,0.77367673,98.27835799,3.83112924
2025-06-11,47.98,0.167014613779,4963112134.6,4963112134.6,103441270.0,103441270.0,47.13248364,50.87880355,5.61491825,0.77496888,98.44249721,3.83752779
2025-06-12,47.67,-0.646102542726,4931045340.9,4931045340.9,103441270.0,103441270.0,46.82795946,50.55007431,5.57864012,0.76996179,97.80645773,3.81273342
2025-06-13,46.39,-2.685126914202,4798640515.3,4798640515.3,103441270.0,103441270.0,45.57056932,49.19274066,5.42884655,0.74928734,95.18023021,3.71035669
2025-06-16,46.98,1.271825824531,4859670864.6,4859670864.6,103441270.0,103441270.0,46.15014759,49.81838664,5.49789203,0.75881697,96.39075696,3.75754596
2025-06-17,47.13,0.319284802043,4875187055.1,4875187055.1,103441270.0,103441270.0,46.297498,49.97744918,5.51544596,0.76123975,96.698518,3.76954324
2025-06-18,47.55,0.8911521324,4918632388.5,4918632388.5,103441270.0,103441270.0,46.71007914,50.42282428,5.56459698,0.76802356,97.5602489,3.8031356
2025-06-19,48.55,2.103049421661,5022073658.5,5022073658.5,103441270.0,103441270.0,47.69241519,51.48324119,5.6816232,0.78417547,99.61198915,3.88311742
2025-06-20,47.26,-2.657054582904,4888634420.2,4888634420.2,103441270.0,103441270.0,46.42520168,50.11530337,5.53065937,0.7633395,96.96524423,3.77994087
2025-06-23,49.05,3.787558188743,5073794293.5,5073794293.5,103441270.0,103441270.0,48.18358321,52.01344965,5.74013631,0.79225143,100.63785928,3.92310833
2025-06-24,50.15,2.242609582059,5187579690.5,5187579690.5,103441270.0,103441270.0,49.26415287,53.17990826,5.86886516,0.81001854,102.89477356,4.01108834
2025-06-25,50.9,1.495513459621,5265160643.0,5265160643.0,103441270.0,103441270.0,50.0009049,53.97522094,5.95663483,0.82213247,104.43357874,4.0710747
2025-06-26,50.01,-1.748526522593,5173097912.7,5173097912.7,103441270.0,103441270.0,49.12662582,53.03144989,5.85248149,0.80775727,102.60752992,3.99989088
2025-06-27,50.84,1.659668066387,5258954166.8,5258954166.8,103441270.0,103441270.0,49.94196474,53.91159593,5.94961325,0.82116336,104.31047433,4.06627579
2025-06-30,50.82,-0.039339103068,5256885341.4,4483917511.92,103441270.0,88231356.0,49.92231802,53.89038759,6.3424808,0.82084032,104.26943952,4.06467616
2025-07-01,49.71,-2.184179456907,5142065531.7,4385980706.76,103441270.0,88231356.0,48.831925,52.71332481,6.20394964,0.80291169,101.99200785,3.97589634
2025-07-02,47.7,-4.043452021726,4934148579.0,4208635681.2,103441270.0,88231356.0,46.85742955,50.58188682,5.95309591,0.77044634,97.86800994,3.81513288
2025-07-03,49.29,3.333333333333,5098620198.3,4348923537.24,103441270.0,88231356.0,48.41934386,52.26794971,6.15153244,0.79612789,101.13027694,3.94230397
2025-07-04,48.16,-2.292554270643,4981731563.2,4249222104.96,103441270.0,88231356.0,47.30930413,51.0696786,6.01050522,0.77787623,98.81181046,3.85192451
2025-07-07,48.32,0.332225913621,4998282166.4,4263339121.92,103441270.0,88231356.0,47.4664779,51.2393453,6.03047368,0.78046053,99.1400889,3.86472161
2025-07-08,49.6,2.649006622517,5130686992.0,4376275257.6,103441270.0,88231356.0,48.72386804,52.59667895,6.19022133,0.80113498,101.76631642,3.96709834
2025-07-09,49.48,-0.241935483871,5118274039.6,4365687494.88,103441270.0,88231356.0,48.60598771,52.46942892,6.17524498,0.79919675,101.52010759,3.95750052
2025-07-10,48.57,-1.839126919968,5024142483.9,4285396960.92,103441270.0,88231356.0,47.71206191,51.50444953,6.06167439,0.78449851,99.65302396,3.88471706
2025-07-11,48.74,0.35001029442,5041727499.8,4300396291.44,103441270.0,88231356.0,47.87905904,51.68472041,6.08289088,0.78724434,100.0018198,3.89831397
2025-07-14,50.35,3.303241690603,5208267944.5,4442448774.6,103441270.0,88231356.0,49.46062008,53.39199164,6.28382346,0.81324892,103.30512161,4.0270847
2025-07-15,51.6,2.482621648461,5337569532.0,4552737969.6,103441270.0,88231356.0,50.68854014,54.71751278,6.43982702,0.83343881,105.86979692,4.12706198
2025-07-16,51.7,0.193798449612,5347913659.0,4561561105.2,103441270.0,88231356.0,50.78677374,54.82355447,6.45230731,0.835054,106.07497094,4.13506016
2025-07-17,52.46,1.47001934236,5426529024.2,4628616935.76,103441270.0,88231356.0,51.53334914,55.62947133,6.54715748,0.84732946,107.63429353,4.19584635
2025-07-18,52.05,-0.781547845978,5384118103.5,4592442079.8,103441270.0,88231356.0,51.13059136,55.19470039,6.49598831,0.84070717,106.79308003,4.1630538
2025-07-21,51.21,-1.613832853026,5297227436.7,4518327740.76,103441270.0,88231356.0,50.30542908,54.30395019,6.39115391,0.82713957,105.06961822,4.09586907
2025-07-22,50.76,-0.878734622144,5250678865.2,4478623630.56,103441270.0,88231356.0,49.86337786,53.82676257,6.33499263,0.8198712,104.14633511,4.05987725
2025-07-23,50.01,-1.477541371158,5173097912.7,4412450113.56,103441270.0,88231356.0,49.12662582,53.03144989,6.24139049,0.80775727,102.60752992,3.99989088
2025-07-24,50.06,0.099980003999,5178269976.2,4416861681.36,103441270.0,88231356.0,49.17574262,53.08447073,6.24763064,0.80856486,102.71011693,4.00388997
2025-07-25,52.72,5.313623651618,5453423754.4,4651557088.32,103441270.0,88231356.0,51.78875651,55.90517973,6.57960622,0.85152896,108.167746,4.21664162
2025-07-28,55.58,5.424886191199,5749265786.6,4903898766.48,103441270.0,88231356.0,54.59823761,58.9379721,6.93654237,0.89772343,114.03572311,4.44538963
2025-07-29,55.75,0.305865419216,5766850802.5,4918898097.0,103441270.0,88231356.0,54.76523474,59.11824298,6.95775885,0.90046926,114.38451896,4.45898654
2025-07-30,56.26,0.914798206278,5819605850.2,4963896088.56,103441270.0,88231356.0,55.26622613,59.6590556,7.0214083,0.90870674,115.43090648,4.49977727
2025-07-31,57.3,1.848560255954,5927184771.0,5055656698.8,103441270.0,88231356.0,56.28785562,60.76188919,7.15120327,0.92550473,117.56471635,4.58295836
2025-08-01,55.92,-2.408376963351,5784435818.4,4933897427.52,103441270.0,88231356.0,54.93223187,59.29851385,6.97897533,0.90321509,114.7333148,4.47258345
2025-08-04,58.88,5.293276108727,6090621977.6,5195062241.28,103441270.0,88231356.0,57.83994658,62.43734792,7.34839177,0.95102475,120.80646594,4.70932964
2025-08-05,58.26,-1.052989130435,6026488390.2,5140358800.56,103441270.0,88231356.0,57.23089823,61.77988943,7.271014,0.94101057,119.53438699,4.65974091
2025-08-06,62.33,6.985925163062,6447494359.1,5499460419.48,103441270.0,88231356.0,61.22900595,66.09578627,7.7789616,1.00674886,127.8849698,4.98526692
2025-08-07,63.12,1.267447457083,6529212962.4,5569163190.72,103441270.0,88231356.0,62.00505142,66.93351564,7.87755585,1.01950887,129.5058446,5.04845256
2025-08-08,68.55,8.602661596958,7090899058.5,6048259453.8,103441270.0,88231356.0,67.33913617,72.69157948,8.55523532,1.10721377,140.64679416,5.48275385
2025-08-11,66.9,-2.407002188184,6920220963.0,5902677716.4,103441270.0,88231356.0,65.71828169,70.94189157,8.34931062,1.08056311,137.26142275,5.35078385
2025-08-12,66.59,-0.463378176383,6888154169.3,5875325996.04,103441270.0,88231356.0,65.41375751,70.61316233,8.31062174,1.07555602,136.62538327,5.32598948
2025-08-13,69.0,3.619162036342,7137447630.0,6087963564.0,103441270.0,88231356.0,67.78118739,73.16876709,8.6113966,1.11448213,141.57007727,5.51874567
2025-08-14,66.0,-4.347826086957,6827123820.0,5823269496.0,103441270.0,88231356.0,64.83417925,69.98751635,8.23698805,1.06602639,135.41485652,5.27880021
2025-08-15,74.41,12.742424242424,7697064900.7,6565295199.96,103441270.0,88231356.0,73.09562542,78.9056226,9.28658002,1.20186399,152.66999203,5.95144732
2025-08-18,89.29,19.997312189222,9236270998.3,7878177777.24,103441270.0,88231356.0,87.71278583,94.68462629,11.14364642,1.44220449,183.19988695,7.14157682
2025-08-19,97.98,9.732332848023,10135175634.6,8644908260.88,103441270.0,88231356.0,96.2492861,103.89964927,12.22818318,1.58256463,201.02950973,7.83661885
2025-08-20,96.74,-1.265564400898,10006908459.8,8535501379.44,103441270.0,88231356.0,95.0311894,102.5847323,12.07342764,1.56253625,198.48535182,7.73744139
2025-08-21,93.05,-3.8143477362,9625210173.5,8209927675.8,103441270.0,88231356.0,91.40636938,98.67179388,11.61290513,1.50293569,190.9144303,7.44230847
2025-08-22,98.32,5.663621708759,10170345666.4,8674906921.92,103441270.0,88231356.0,96.58328036,104.26019102,12.27061614,1.58805628,201.72710141,7.86381267
2025-08-25,117.98,19.995931651749,12204001034.6,10409535380.88,103441270.0,88231356.0,115.89600708,125.10798756,14.72424016,1.90560293,242.06431474,9.43625528
2025-08-26,103.9,-11.934226140024,10747547953.0,9167237888.4,103441270.0,88231356.0,102.41114459,110.17731741,12.96701604,1.67818397,-352.74428689,7.23584921
2025-08-27,101.81,-2.011549566891,10531355698.7,8982834354.36,103441270.0,88231356.0,100.35109365,107.96104605,12.70617809,1.64442646,-345.64866072,7.09029651
2025-08-28,104.24,2.3867989392,10782717984.8,9197236549.44,103441270.0,88231356.0,102.74627249,110.53785916,13.00944901,1.68367562,-353.89859929,7.25952764
2025-08-29,95.9,-8.000767459708,9920017793.0,8461387040.4,103441270.0,88231356.0,94.52578215,101.69398209,11.96859325,1.54896865,-325.58399531,6.67870971
2025-09-01,94.43,-1.532846715328,9767959126.1,8331686947.08,103441270.0,88231356.0,93.07684681,100.13516923,11.78513306,1.52522533,-320.59329174,6.57633533
2025-09-02,90.64,-4.013555014296,9375916712.8,7997290107.84,103441270.0,88231356.0,89.34115635,96.11618912,11.31213026,1.46400957,-307.7261036,6.31239049
2025-09-03,89.9,-0.816416593116,9299370173.0,7931998904.4,103441270.0,88231356.0,88.61176033,95.3314806,11.21977615,1.45205716,-305.21377663,6.26085509
2025-09-04,84.6,-5.895439377086,8751131442.0,7464372717.6,103441270.0,88231356.0,83.38770772,89.71127096,10.55832105,1.36645201,-287.22008346,5.89175017
2025-09-05,86.08,1.749408983452,8904224521.6,7594955124.48,103441270.0,88231356.0,84.84649977,91.28068799,10.74302927,1.39035684,-292.2447374,5.99482098
2025-09-08,84.17,-2.218866171004,8706651695.9,7426433234.52,103441270.0,88231356.0,82.96386949,89.25529168,10.50465583,1.35950668,-285.76021778,5.86180392
2025-09-09,82.11,-2.447427824641,8493562679.7,7244676641.16,103441270.0,88231356.0,80.93338866,87.07083284,10.24756196,1.32623374,-278.7664427,5.7183405
2025-09-10,85.23,3.799780781878,8816299442.1,7519958471.88,103441270.0,88231356.0,84.00868001,90.37933361,10.63694685,1.37662771,-289.35895642,5.93562491
2025-09-11,90.56,6.253666549337,9367641411.2,7990231599.36,103441270.0,88231356.0,89.26230273,96.03135577,11.30214603,1.46271742,-307.45450068,6.3068191
2025-09-12,89.2,-1.501766784452,9226961284.0,7870236955.2,103441270.0,88231356.0,87.92179112,94.58918876,11.13241416,1.44075082,-302.83725112,6.21210538
2025-09-15,87.6,-1.793721973094,9061455252.0,7729066785.6,103441270.0,88231356.0,86.34471863,92.8925217,10.9327296,1.41490775,-297.4051928,6.10067748
2025-09-16,90.31,3.093607305936,9341781093.7,7968173760.36,103441270.0,88231356.0,89.01588515,95.76625154,11.27094532,1.45867944,-306.60574157,6.28940849
2025-09-17,94.87,5.049274720407,9813473284.9,8370508743.72,103441270.0,88231356.0,93.51054174,100.60175267,11.84004631,1.53233217,-322.08710777,6.606978
2025-09-18,95.84,1.022451776115,9913811316.8,8456093159.04,103441270.0,88231356.0,94.46664194,101.63035708,11.96110508,1.54799953,-325.38029313,6.67453116
2025-09-19,91.36,-4.674457429048,9450394427.2,8060816684.16,103441270.0,88231356.0,90.05083897,96.8796893,11.40198831,1.47563895,-310.17052984,6.36253305
2025-09-22,92.35,1.083625218914,9552801284.5,8148165726.6,103441270.0,88231356.0,91.02665257,97.92950204,11.52554313,1.49162935,-313.53161593,6.43147906
2025-09-23,87.38,-5.381700054142,9038698172.6,7709655887.28,103441270.0,88231356.0,86.12787116,92.65922998,10.90527297,1.41135433,-296.65828478,6.08535615
2025-09-24,86.87,-0.583657587549,8985943124.9,7664657895.72,103441270.0,88231356.0,85.62517931,92.11841735,10.84162352,1.40311685,-294.92681619,6.0498385
2025-09-25,90.5,4.178657764476,9361434935.0,7984937718.0,103441270.0,88231356.0,89.20316251,95.96773075,11.29465786,1.46174831,-307.2507985,6.30264055
2025-09-26,86.5,-4.419889502762,8947669855.0,7632012294.0,103441270.0,88231356.0,85.2604813,91.7260631,10.79544647,1.39714065,-293.67065271,6.0240708
2025-09-29,86.15,-0.404624277457,8911465410.5,7601131319.4,103441270.0,88231356.0,84.91549669,91.35491718,10.75176547,1.39148747,-292.48238995,5.99969595
2025-09-30,86.96,0.94022054556,8995252839.2,7672598717.76,103441270.0,88231356.0,85.71388964,92.21385488,10.10867921,1.40457053,-295.23236947,6.05610632
2025-10-09,84.99,-2.265409383625,8791473537.3,7498782946.44,103441270.0,88231356.0,83.77211914,90.12483355,9.87967625,1.37275125,-288.54414767,5.91891072
2025-10-10,86.99,2.35321802565,8998356077.3,7675245658.44,103441270.0,88231356.0,85.74345974,92.24566738,10.11216657,1.40505508,-295.33422057,6.0581956
2025-10-13,91.15,4.782158868835,9428671760.5,8042288099.4,103441270.0,88231356.0,89.84384821,96.65700175,10.59574644,1.47224705,-309.45757219,6.34790813
2025-10-14,89.98,-1.28359846407,9307645474.6,7939057412.88,103441270.0,88231356.0,88.69061395,95.41631396,10.4597396,1.45334931,-305.48537954,6.26642648
2025-10-15,84.32,-6.290286730385,8722167886.4,7439667937.92,103441270.0,88231356.0,83.11172003,89.41435422,9.80179199,1.36192947,-286.26947325,5.87225029
2025-10-16,81.74,-3.059772296015,8455289409.8,7212031039.44,103441270.0,88231356.0,80.56869065,86.67847858,9.50187947,1.32025753,-277.51027922,5.6925728
2025-10-17,82.29,0.672865182285,8512182108.3,7260558285.24,103441270.0,88231356.0,81.11080932,87.26170789,9.56581431,1.32914108,-279.37754926,5.73087614
2025-10-20,82.26,-0.036456434561,8509078870.2,7257911344.56,103441270.0,88231356.0,81.08123921,87.22989538,9.56232696,1.32865653,-279.27569817,5.72878687
2025-10-21,83.31,1.27644055434,8617692203.7,7350554268.36,103441270.0,88231356.0,82.11619303,88.34333314,9.68438437,1.34561604,-282.84048644,5.80191143
2025-10-22,83.8,0.588164686112,8668378426.0,7393787632.8,103441270.0,88231356.0,82.59917148,88.86293743,9.7413445,1.35353047,-284.5040543,5.83603622
2025-10-23,83.08,-0.859188544153,8593900711.6,7330261056.48,103441270.0,88231356.0,81.88948886,88.09943725,9.65764799,1.3419011,-282.05962806,5.78589367
2025-10-24,86.25,3.815599422244,8921809537.5,7609954455.0,103441270.0,88231356.0,85.01406372,91.46095887,10.02614515,1.39310267,-292.8218936,6.00666019
2025-10-27,92.28,6.991304347826,9545560395.6,8141989531.68,103441270.0,88231356.0,90.95765565,97.85527286,10.72710347,1.49049871,-313.29396337,6.42660409
2025-10-28,96.43,4.49718248808,9974841666.1,8508149659.08,103441270.0,88231356.0,95.04818741,102.25600306,11.20952089,1.55752916,-327.38336463,6.7156202
2025-10-29,96.92,0.508140620139,10025527888.4,8551383023.52,103441270.0,88231356.0,95.53116586,102.77560734,11.26648102,1.5654436,-329.04693249,6.749745
2025-10-30,101.29,4.508873297565,10477566238.3,8936954049.24,103441270.0,88231356.0,78.1291066,107.40962926,11.77447237,1.63602747,494.78015985,6.11616685
2025-10-31,99.2,-2.06338236746,10261373984.0,8752550515.2,103441270.0,88231356.0,76.51700439,105.19335791,11.53151998,1.60226997,484.57095327,5.98996694
2025-11-03,102.61,3.4375,10614108714.7,9053419439.16,103441270.0,88231356.0,79.14727642,108.80937959,11.92791598,1.657348,501.22807979,6.19587206
2025-11-04,92.65,-9.706656271319,9583833665.5,8174635133.4,103441270.0,88231356.0,71.46472235,98.24762712,10.77011418,1.49647492,452.57559295,5.59446005
2025-11-05,94.02,1.478683216406,9725548205.4,8295512091.12,103441270.0,88231356.0,72.5214592,99.70039829,10.92937005,1.51860305,459.26775228,5.67718439
2025-11-06,94.3,0.297808976813,9754511761.0,8320216870.8,103441270.0,88231356.0,72.73743462,99.99731503,10.9619187,1.52312558,460.63549288,5.69409156
2025-11-07,97.48,3.372216330859,10083454999.6,8600792582.88,103441270.0,88231356.0,75.19029827,103.36944082,11.33157831,1.57448867,476.16911819,5.88610864
2025-11-10,96.0,-1.518260155929,9930361920.0,8470210176.0,103441270.0,88231356.0,74.04871393,101.80002378,11.15953547,1.55058384,468.9396322,5.7967422
2025-11-11,92.86,-3.270833333333,9605556332.2,8193163718.16,103441270.0,88231356.0,71.62670391,98.47031467,10.79452566,1.49986682,453.60139839,5.60714043
2025-11-12,88.76,-4.415248761577,9181447125.2,7831415158.56,103441270.0,88231356.0,68.46420675,94.12260532,10.3179205,1.43364397,433.57376827,5.35957123
2025-11-13,90.78,2.275799909869,9390398490.6,8009642497.68,103441270.0,88231356.0,70.02231511,96.26464749,10.55273573,1.46627084,443.4410397,5.48154434
2025-11-14,87.74,-3.34875523243,9075937029.8,7741419175.44,103441270.0,88231356.0,67.67743916,93.04098007,10.19935044,1.41716902,428.59128468,5.29798084
2025-11-17,88.28,0.615454752678,9131795315.6,7789064107.68,103441270.0,88231356.0,68.09396318,93.6136052,10.26212283,1.42589105,431.22907011,5.33058752
2025-11-18,86.17,-2.390122338015,8913534235.9,7602895946.52,103441270.0,88231356.0,66.46643416,91.37612551,10.01684554,1.39181051,420.92216777,5.20317995
2025-11-19,84.46,-1.984449344319,8736649664.2,7452020327.76,103441270.0,88231356.0,65.14744144,89.56281259,9.81806631,1.36419074,412.56918058,5.09992548
2025-11-20,84.1,-0.426237272081,8699410807.0,7420257039.6,103441270.0,88231356.0,64.86975876,89.1810625,9.77621805,1.35837605,410.81065696,5.0781877
2025-11-21,80.12,-4.732461355529,8287714552.4,7069096242.72,103441270.0,88231356.0,61.7998225,84.96060318,9.31356231,1.29409143,391.36920137,4.83786443
2025-11-24,81.22,1.372940589116,8401499949.4,7166150734.32,103441270.0,88231356.0,62.64829734,86.12706179,9.44143199,1.31185853,396.74246799,4.90428543
2025-11-25,84.18,3.644422556021,8707686108.6,7427315548.08,103441270.0,88231356.0,64.93146602,89.26589585,9.78551766,1.3596682,411.20143998,5.08301832
2025-11-26,84.55,0.439534331195,8745959378.5,7459961149.8,103441270.0,88231356.0,65.21686211,89.65825011,9.82852837,1.36564441,413.00881148,5.10535993
2025-11-27,84.41,-0.165582495565,8731477600.7,7447608759.96,103441270.0,88231356.0,65.1088744,89.50979174,9.81225405,1.36338314,412.32494118,5.09690635
2025-11-28,86.19,2.108754886862,8915603061.3,7604660573.64,103441270.0,88231356.0,66.48186097,91.39733385,10.01917044,1.39213355,421.01986353,5.20438761
2025-12-01,85.05,-1.322659241211,8797680013.5,7504076827.8,103441270.0,88231356.0,65.60253249,90.18845857,9.88665095,1.37372037,415.4512054,5.13555129
2025-12-02,82.7,-2.763080540858,8554593029.0,7296733141.2,103441270.0,88231356.0,63.78988168,87.69647882,9.61347483,1.33576337,403.97195399,4.99365188
2025-12-03,81.92,-0.943168077388,8473908838.4,7227912683.52,103441270.0,88231356.0,63.18823588,86.86935363,9.5228036,1.32316487,400.16181947,4.94655335
2025-12-04,82.5,0.7080078125,8533904775.0,7279086870.0,103441270.0,88231356.0,63.63561353,87.48439544,9.59022579,1.33253299,402.99499642,4.98157533
2025-12-05,83.93,1.733333333333,8681825791.1,7405257709.08,103441270.0,88231356.0,64.73863083,89.00079163,9.75645637,1.35563022,409.98024302,5.06792264
2025-12-08,87.02,3.681639461456,9001459315.4,7677892599.12,103441270.0,88231356.0,67.12207381,92.27747989,10.11565392,1.40553964,425.07423743,5.25450527
2025-12-09,87.33,0.35623994484,9033526109.1,7705244319.48,103441270.0,88231356.0,67.36118945,92.60620913,10.15168992,1.41054673,426.58852166,5.27322392
2025-12-10,86.59,-0.847360586282,8956979569.3,7639953116.04,103441270.0,88231356.0,66.79039728,91.82150062,10.0656685,1.39859432,422.97377867,5.2285407
2025-12-11,83.1,-4.030488509066,8595969537.0,7332025683.6,103441270.0,88231356.0,64.09841799,88.12064559,9.65997289,1.34222413,405.92586912,5.01780497
2025-12-12,84.39,1.552346570397,8729408775.3,7445844132.84,103441270.0,88231356.0,65.09344759,89.48858341,9.80992915,1.3630601,412.22724543,5.09569869
2025-12-15,82.4,-2.358099300865,8523560648.0,7270263734.4,103441270.0,88231356.0,63.55847945,87.37835375,9.57860128,1.33091779,402.50651763,4.97553706
2025-12-16,81.38,-1.23786407767,8418050552.6,7180267751.28,103441270.0,88231356.0,62.77171187,86.29672849,9.46003121,1.31444284,397.52403404,4.91394667
2025-12-17,87.26,7.225362496928,9026285220.2,7699068124.56,103441270.0,88231356.0,67.3071956,92.53197995,10.14355276,1.4094161,426.24658651,5.26899713
2025-12-18,84.69,-2.945221178088,8760441156.3,7472313539.64,103441270.0,88231356.0,65.32484982,89.80670848,9.8448027,1.36790568,413.69268178,5.11381351
2025-12-19,83.7,-1.168969181722,8658034299.0,7384964497.2,103441270.0,88231356.0,64.56122245,88.75689573,9.72971999,1.35191528,408.85674182,5.05403461
2025-12-22,87.88,4.994026284349,9090418807.6,7753771565.28,103441270.0,88231356.0,67.78542687,93.18943844,10.21562476,1.41943029,429.27515497,5.30643442
2025-12-23,94.15,7.134729176149,9738995570.5,8306982167.4,103441270.0,88231356.0,72.6217335,99.83825249,10.94448192,1.52070279,459.9027747,5.68503415
2025-12-24,95.31,1.232076473712,9858987443.7,8672487264.27,103441270.0,90992417.0,73.51648879,101.06833611,11.07932631,1.53943902,465.56912859,5.75507812
2025-12-25,107.75,13.052145630049,11145796842.5,9804432931.75,103441270.0,90992417.0,83.11196797,114.25992253,12.52541611,1.74036884,526.33588926,6.50623929
2025-12-26,102.7,-4.686774941995,10623418429.0,9344921225.9,103441270.0,90992417.0,79.21669709,108.90481711,11.93837805,1.65880167,501.66771069,6.2013065
2025-12-29,101.0,-1.655306718598,10447568270.0,9190234117.0,103441270.0,90992417.0,77.90541778,107.10210835,11.74076128,1.63134341,493.36357137,6.09865586
2025-12-30,102.44,1.425742574257,10596523698.8,9321263197.48,103441270.0,90992417.0,79.01614848,108.62910871,11.90815431,1.65460217,500.39766586,6.18560699
2025-12-31,100.91,-1.493557204217,10438258555.7,9182044799.47,103441270.0,90992417.0,77.83599711,73.69010921,11.38482072,1.62988974,492.92394047,6.09322141
2026-01-05,100.0,-0.901793677534,10344127000.0,9099241700.0,103441270.0,90992417.0,77.13407701,73.02557647,11.28215312,1.61519149739,488.47878354,6.03827313
2026-01-06,98.29,-1.71,10167242428.3,8943644666.93,103441270.0,90992417.0,75.81508429,71.77683911,11.0892283,1.587571722719,480.12579634,5.93501866
2026-01-07,97.4,-0.90548377251,10075179698.0,8862661415.8,103441270.0,90992417.0,75.128591,71.12691148,10.98881714,1.573196518296,475.77833517,5.88127803
2026-01-08,95.79,-1.652977412731,9908639253.3,8716163624.43,103441270.0,90992417.0,73.88673236,69.9511997,10.80717448,1.547191935185,467.91382675,5.78406183
2026-01-09,95.85,0.062637018478,9914845729.5,8721623169.45,103441270.0,90992417.0,73.93301281,69.99501504,10.81394377,1.548161050163,468.20691402,5.78768479
2026-01-12,96.93,1.12676056338,10026562301.1,8819894979.81,103441270.0,90992417.0,74.76606084,70.78369127,10.93579102,1.565605118299,473.48248488,5.85289814
2026-01-13,93.22,-3.827504384607,9642795189.4,8482313112.74,103441270.0,90992417.0,71.90438658,68.07444238,10.51722314,1.505681513685,455.35992201,5.62887821
2026-01-14,94.78,1.673460630766,9804163570.6,8624261283.26,103441270.0,90992417.0,73.10767819,69.21364137,10.69322473,1.530878501225,462.98019104,5.72307527
2026-01-15,96.8,2.131251318844,10013114936.0,8808065965.6,103441270.0,90992417.0,74.66578654,70.68875802,10.92112422,1.563505369355,472.84746246,5.84504839
2026-01-16,98.0,1.239669421488,10137244460.0,8917256866.0,103441270.0,90992417.0,75.59139547,71.56506494,11.05651006,1.582887667447,478.70920787,5.91750766
2026-01-19,113.68,16.0,11759203573.6,10344017964.56,103441270.0,90992417.0,87.68601874,83.01547533,12.82555167,1.836149694129,555.30268113,6.86430889
2026-01-20,108.54,-4.521463757917,11227515445.8,9876316941.18,103441270.0,90992417.0,83.72132718,79.2619607,12.245649,1.753128851128,530.19487165,6.55394165
2026-01-21,113.57,4.634236226276,11747825033.9,10334008798.69,103441270.0,90992417.0,87.60117126,82.93514719,12.8131413,1.834372983581,554.76535446,6.85766679
2026-01-22,112.85,-0.633970238619,11673347319.5,10268494258.45,103441270.0,90992417.0,87.0458059,82.40936304,12.7319098,1.822743604684,551.24830722,6.81419122
2026-01-23,118.8,5.272485600354,12288822876.0,10809899139.6,103441270.0,90992417.0,91.63528348,86.75438484,13.40319791,1.918847498735,580.31279484,7.17346847
2026-01-26,108.71,-8.493265993266,11245100461.7,9891785652.07,103441270.0,90992417.0,83.85245511,79.38610418,12.26482866,1.755874676654,531.02528558,6.56420672
2026-01-27,112.72,3.688713089872,11659899954.4,10256665244.24,103441270.0,90992417.0,86.9455316,82.31442979,12.717243,1.82064385574,550.6132848,6.80634147
2026-01-28,107.59,-4.551100070972,11129246239.3,9789874145.03,103441270.0,90992417.0,82.98855345,78.56821772,12.13846855,1.737784531936,525.55432321,6.49657806
2026-01-29,104.66,-2.723301422065,10826163318.2,9523266363.22,103441270.0,90992417.0,80.72852499,76.42856833,11.80790146,1.690459420987,511.24189485,6.31965665
2026-01-30,106.17,1.442767055226,10982359635.9,9660664912.89,103441270.0,90992417.0,81.89324956,77.53125453,11.97826197,1.714848812748,518.61792448,6.41083458
2026-02-02,101.1,-4.775360271263,10457912397.0,9199333358.7,103441270.0,90992417.0,77.98255185,73.82885781,11.40625681,1.632958603713,493.85205016,6.10469413
2026-02-03,105.06,3.916913946588,10867539826.2,9559663330.02,103441270.0,90992417.0,81.0370613,76.72067063,11.85303007,1.696920187018,513.19580998,6.34380975
2026-02-04,102.84,-2.113078241005,10637900206.8,9357660164.28,103441270.0,90992417.0,79.32468479,75.09950284,11.60256627,1.661062935768,502.35158099,6.20976008
2026-02-05,99.82,-2.936600544535,10325507571.4,9082863064.94,103441270.0,90992417.0,76.99523567,72.89413043,11.26184525,1.612284152666,487.59952173,6.02740424
2026-02-06,101.08,1.262272089762,10455843571.6,9197513510.36,103441270.0,90992417.0,77.96712504,73.81425269,11.40400038,1.632635565526,493.7543544,6.10348648
2026-02-09,103.25,2.146814404432,10680311127.5,9394967055.25,103441270.0,90992417.0,79.64093451,75.3989077,11.6488231,1.667685220996,504.354344,6.234517
2026-02-10,101.54,-1.65617433414,10503426555.8,9239370022.18,103441270.0,90992417.0,78.32194179,74.15017034,11.45589828,1.640065446325,496.0013568,6.13126253
2026-02-11,100.65,-0.876501871184,10411363825.5,9158386771.05,103441270.0,90992417.0,77.63544851,73.50024271,11.35548712,1.625690242112,491.65389563,6.0775219
2026-02-12,107.5,6.805762543467,11119936525.0,9781684827.5,103441270.0,90992417.0,82.91913278,78.5024947,12.12831461,1.736330859574,525.1146923,6.49114361
2026-02-13,106.3,-1.116279069767,10995807001.0,9672493927.1,103441270.0,90992417.0,81.99352386,77.62618778,11.99292877,1.716948561692,519.2529469,6.41868433
2026-02-24,105.1,-1.128880526811,10871677477.0,9563303026.7,103441270.0,90992417.0,81.06791493,76.74988086,11.85754293,1.6975662636,513.3912015,6.34622506
2026-02-25,109.23,3.929590865842,11298889922.1,9939101708.91,103441270.0,90992417.0,84.25355231,79.76583717,12.32349586,1.764273672431,533.56537526,6.59560574
2026-02-26,114.12,4.476792090085,11804717732.4,10384054628.04,103441270.0,90992417.0,88.02540868,83.33678786,12.87519314,1.843256536742,557.45198777,6.89087729
2026-02-27,112.77,-1.182965299685,11665072017.9,10261214865.09,103441270.0,90992417.0,86.98409864,82.35094258,12.72288408,1.82145145152,550.8575242,6.80936061
2026-03-02,112.3,-0.41677751175,11616454621.0,10218448429.1,103441270.0,90992417.0,86.62156848,82.00772237,12.66985796,1.813860051523,548.56167391,6.78098072
2026-03-03,103.58,-7.764915405165,10714446746.6,9424994552.86,103441270.0,90992417.0,79.89547696,75.6398921,11.6860542,1.673015352851,505.96632399,6.2544433
2026-03-04,103.86,0.270322456073,10743410302.2,9450472429.62,103441270.0,90992417.0,80.11145238,75.84436372,11.71764423,1.677537889135,507.33406458,6.27135047
2026-03-05,104.33,0.452532254959,10792027699.1,9493238865.61,103441270.0,90992417.0,80.47398254,76.18758393,11.77067035,1.685129289132,509.62991486,6.29973035
2026-03-06,102.6,-1.65819994249,10613074302.0,9335821984.2,103441270.0,90992417.0,79.13956301,74.92424145,11.5754891,1.657186476275,501.17923191,6.19526823
2026-03-09,102.4,-0.194931773879,10592386048.0,9317623500.8,103441270.0,90992417.0,78.98529485,74.7781903,11.5529248,1.653956093155,500.20227434,6.18319168
2026-03-10,111.06,8.45703125,11488187446.2,10105617832.02,103441270.0,90992417.0,85.66510592,81.10220522,12.52995926,1.793831676849,542.504537,6.70610613
2026-03-11,110.92,-0.126057986674,11473705668.4,10092878893.64,103441270.0,90992417.0,85.55711821,80.99996942,12.51416424,1.791570408707,541.8206667,6.69765255
2026-03-12,108.65,-2.046520014425,11238893985.5,9886326107.05,103441270.0,90992417.0,83.80617467,79.34228883,12.25805937,1.754905561886,530.73219831,6.56058375
2026-03-13,106.2,-2.254947077773,10985462874.0,9663394685.4,103441270.0,90992417.0,81.91638978,77.55316221,11.98164662,1.715333370132,518.76446812,6.41264606
2026-03-16,111.91,5.376647834275,11576112525.7,10182961386.47,103441270.0,90992417.0,86.32074558,81.72292262,12.62585756,1.80756080469,546.65660666,6.75743146
2026-03-17,108.35,-3.181127691895,11207861604.5,9859028381.95,103441270.0,90992417.0,83.57477244,79.1232121,12.22421291,1.750059987415,529.26676196,6.54246893
2026-03-18,130.02,20.0,13449433925.4,11830834058.34,103441270.0,90992417.0,100.28972692,94.94785452,14.66905549,2.100071984731,635.12011436,7.85096272
2026-03-19,135.25,4.022458083372,13990431767.5,12306724399.25,103441270.0,90992417.0,104.32383915,98.76709217,15.2591121,2.184546500094,660.66755473,8.1667644
2026-03-20,132.6,-1.959334565619,13716312402.0,12065594494.2,103441270.0,90992417.0,102.27978611,96.83191439,14.96013504,2.141743925429,647.72286697,8.00675017
2026-03-23,125.95,-5.015082956259,13028427956.5,11460494921.15,103441270.0,90992417.0,97.15036999,91.97571356,14.20987186,2.034333690877,615.23902787,7.605205
2026-03-24,133.92,6.32790789996,13852854878.4,12185704484.64,103441270.0,90992417.0,103.29795593,97.795852,15.10905946,2.163064453268,654.17078691,8.08645537
2026-03-25,139.42,4.106929510155,14421781863.4,12686162778.14,103441270.0,90992417.0,107.54033016,101.81225871,15.72957788,2.251899985508,681.03712001,8.41856039
2026-03-26,141.5,1.491894993545,14636939705.0,12875427005.5,103441270.0,90992417.0,109.14471896,103.3311907,15.96424667,2.285495968616,691.19747871,8.54415647
2026-03-27,137.4,-2.897526501767,14212830498.0,12502358095.8,103441270.0,90992417.0,105.98222181,100.33714206,15.50167839,2.219273117378,671.16984858,8.29658728
2026-03-30,135.53,-1.360989810771,14019395323.1,12332202276.01,103441270.0,90992417.0,104.53981457,98.97156378,15.29070213,2.189069036378,662.03529533,8.18367157
2026-03-31,148.03,9.223050247178,15312411198.1,13469607488.51,103441270.0,90992417.0,114.18157419,108.09976084,16.31074456,2.390967973421,723.09514327,8.93845571
2026-04-01,153.33,3.580355333378,15860649929.1,13951867298.61,103441270.0,90992417.0,118.26968027,111.97011639,16.89472717,2.476573122751,748.9845188,9.25848419
2026-04-02,150.5,-1.845692297659,15567911135.0,13694358758.5,103441270.0,90992417.0,116.08678589,109.90349258,16.5829025,2.430863203362,735.16056922,9.08760106
2026-04-03,155.0,2.990033222591,16033396850.0,14103824635.0,103441270.0,90992417.0,119.55781936,113.18964352,17.07873679,2.50354682084,757.14211448,9.35932335
2026-04-07,147.19,-5.038709677419,15225520531.3,13393173858.23,103441270.0,90992417.0,113.53364794,107.486346,16.21818883,2.377400364778,718.99192149,8.88773422
2026-04-08,159.24,8.18669746586,16471987834.8,14489632483.08,103441270.0,90992417.0,122.82830422,116.28592796,17.54592288,2.57203094022,777.85361491,9.61534613
2026-04-09,163.33,2.568450138156,16895062629.1,14861791468.61,103441270.0,90992417.0,125.98308797,119.27267404,17.99658116,2.638092272469,797.83239715,9.8623115
2026-04-10,166.75,2.093920284087,17248831772.5,15172985534.75,103441270.0,90992417.0,128.62107341,121.77014876,18.37341522,2.693331821811,814.53837155,10.06882044
2026-04-13,163.68,-1.84107946027,16931267073.6,14893638814.56,103441270.0,90992417.0,126.25305724,119.52826356,18.03514605,2.64374544272,799.54207289,9.88344545
2026-04-14,173.14,5.779569892473,17909821487.8,15754427079.38,103441270.0,90992417.0,133.54994093,126.43648309,19.07749992,2.796542558475,845.75216582,10.45466609
2026-04-15,177.86,2.7261175927,18398064282.2,16183911287.62,103441270.0,90992417.0,137.19066936,129.8832903,19.597575,2.872779597049,868.8083644,10.73967258
2026-04-16,190.07,6.864949960643,19661082188.9,17294928699.19,103441270.0,90992417.0,138.79971319,138.79971319,20.94293872,2.906473056722,147.66634776,10.8090772
2026-04-17,183.59,-3.409270268848,18990782759.3,16705297837.03,103441270.0,90992417.0,134.06765583,134.06765583,20.22893734,2.807383534823,142.63200286,10.44056655
2026-04-20,184.88,0.702652649926,19124221997.6,16822678054.96,103441270.0,90992417.0,135.00968577,135.00968577,20.3710765,2.8271096897,143.63421041,10.51392747
2026-04-21,177.39,-4.051276503678,18349446885.3,16141144851.63,103441270.0,90992417.0,129.54007009,129.54007009,19.54578787,2.712575659051,137.81519139,10.08797919
2026-04-22,187.5,5.699306612549,19395238125.0,17061078187.5,103441270.0,90992417.0,136.92295587,136.92295587,20.65976225,2.867173662947,145.66970171,10.66292406
2026-04-23,181.5,-3.2,18774590505.0,16515123685.5,103441270.0,90992417.0,132.54142128,132.54142128,19.99864985,2.775424105687,141.00827126,10.32171049
2026-04-24,189.05,4.159779614325,19555572093.5,17202116433.85,103441270.0,90992417.0,138.05485231,138.05485231,20.83054961,2.890875631994,146.87390458,10.7510709
2026-04-27,181.39,-4.051838138059,18763211965.3,16505114519.63,103441270.0,90992417.0,129.95484296,132.46109315,19.98652946,2.721261024054,282.74218299,9.29696755
2026-04-28,180.46,-0.512707425988,18667011584.2,16420491571.82,103441270.0,90992417.0,129.28855483,131.78195529,19.88405704,2.707308916709,281.29254283,9.24930131
2026-04-29,184.0,1.961653552034,19033193680.0,16742604728.0,103441270.0,90992417.0,131.82474836,134.3670607,20.27411335,2.760416938276,286.81052798,9.43074056
2026-04-30,178.31,-3.092391304348,18444612853.7,16224857875.27,103441270.0,90992417.0,127.74821131,130.2119054,19.64715843,2.675054045023,277.94122416,9.13910516
2026-05-06,190.01,6.561606191464,19654875712.7,17289469154.17,103441270.0,90992417.0,136.13054585,138.75589784,20.9363276,2.850580556808,296.17863273,9.73877725
2026-05-07,204.05,7.39,21107191144.0,18567002689.0,,,146.19,359.14,22.48,,,
2026-05-08,191.75,-6.03,19834863523.0,17447795960.0,,,137.38,337.49,21.13,,,
2026-05-11,187.99,-1.961,,,,,,,,,,
2026-07-20,99.89,-9.602,10332748460.560469,9089232534.260237,,,71.56656166883963,175.81160938722294,11.007435202086048,,155.7038241324125,5.119764536090206
2026-07-21,107.28,7.398,11097179445.879738,9761666495.899872,,,76.86115462842241,188.8183947848761,11.821780443285528,,167.2230078378738,5.498531779274776
2026-07-22,105.0,-2.13,15205866690.0,13375885215.0,,,105.32,258.73,17.76,,163.66905129545813,5.381672602757751
2026-07-23,104.97,-0.029,15201522156.66,13372063533.51,,,105.28990857142855,258.6560771428572,17.754925714285715,,163.62228870937372,5.380134982014106
2026-07-24,101.43,-3.372,14688867222.54,12921105117.69,,,101.73912,249.93318000000008,17.156160000000003,,158.10430355141256,5.198695734263987
2026-07-27,105.55,4.062,15285516467.900002,13445949375.649998,,,105.87167619047618,260.08525238095245,17.853028571428574,,164.5263653736724,5.409862316391243
2026-07-28,98.09,-7.07,14205175844.0,12495624578.0,,,98.39,241.7,16.59,,152.89806896734748,5.027507291471503
2026-07-29,96.41,-1.713,13961881976.960342,12281610414.56805,,,96.70486186155571,237.5603731267204,16.305860944030993,,150.27936414662014,4.941400529827378
2026-07-30,84.02,-12.851,12167589707.54287,10703255959.257418,,,84.2769680905291,207.03062493628303,14.210335406259556,,130.96641609375607,4.306363162701963
2026-07-31,90.05,7.177,13040840908.881638,11471413938.718525,,,90.3254103374452,221.8889285350189,15.230191660719743,,140.3656958967238,4.615424932174623
2026-08-03,90.29,0.267,13075597175.60159,11501987390.637377,,,90.56614435722295,222.4803038026304,15.270782954429604,,140.73979658539915,4.627725898123784
2026-08-04,95.55,5.826,13837338687.880514,12172055545.19217,,,95.84223162401877,235.4412784177797,16.16040880823733,,148.93883667886683,4.897322068509553
2026-08-05,102.28,7.043,14811962333.819138,13029386092.749924,,,102.59281476195332,252.0244265470488,17.29865633601794,,159.42924349047095,5.24226165533393
2026-08-07,114.33,6.97,16557016558.71668,14564428157.842186,,,114.6796686716281,281.71639310837,19.33667754103374,,178.21221556771164,5.859872654031368
2026-08-10,109.29,-4.408,15827134957.597712,13922385667.546335,,,109.62425425629525,269.2975124885311,18.48426037312672,,170.35610110552966,5.601552369098997
2026-08-11,111.0,1.565,16074773357.977362,14140221512.468142,,,111.33948414721176,273.51106127026213,18.773473340809456,,173.02156851234142,5.689196751486766
2026-08-12,113.25,2.027,16400613358.476904,14426847624.20736,,,113.59636558262822,279.0552044041188,19.154016719339378,,176.52876246867265,5.804518307260147
2026-08-13,111.7,-1.369,16176145802.577225,14229394080.564789,,,112.04162503823022,275.2359058007953,18.89186461412988,,174.1126955209778,5.725074568838485
2026-08-14,114.45,2.462,16574394692.076664,14579714883.801613,,,114.800035681517,282.01208074217567,19.35697318788868,,178.39926591204932,5.86602313700595
2026-08-17,118.22,3.294,17120357715.135897,15059972857.693548,,,118.58156590885925,291.3016005709044,19.99459475991437,,184.27576422999093,6.059250810457347
2026-08-18,118.2,-0.017,17117461359.5759,15057425070.033644,,,118.56150474054444,291.2523192986034,19.991212152105216,,184.2445891726013,6.058225729961584
2026-08-19,106.87,-9.585,15476675934.83821,13614103360.697931,,,107.19685289020292,263.3344785401163,18.074964828218988,,166.58391916138663,5.477517629111629
2026-08-20,108.0,1.057,15640320023.977978,13758053363.482515,,,108.33030889998984,266.1188704251199,18.266082169436235,,168.34530990389965,5.53543467712226
2026-08-21,109.48,1.37,15854650335.417677,13946589650.315426,,,109.814835355286,269.7656845753901,18.51639514731369,,170.65226415073087,5.611290633808751
2026-08-24,106.1,-3.087,15365166245.778366,13516013535.791618,,,106.4244979100826,261.43714955652985,17.94473442756652,,165.3836794518866,5.438052030024739
2026-08-25,113.0,6.503,16364408913.97696,14395000278.458555,,,113.34560097869306,278.439188500357,19.111734121724947,,176.13907425130242,5.791704801063106
2026-08-26,109.76,-2.867,15895199313.25762,13982258677.55408,,,110.09569171169336,270.4556223876034,18.56375165664186,,171.08871495418543,5.6256417607494384
2026-08-27,120.17,0.0,17402752382.235497,15308382154.534197,,,120.5375298195535,296.1065246202469,20.324399021306963,,187.315332325478,6.159196158794277
2026-08-28,112.6,-6.299,16306481802.77704,14344044525.26047,,,112.9443776123968,277.453563054338,19.04408196554185,,175.5155731035102,5.771203191147837
2026-08-31,122.59,8.872,17753211404.995007,15616664461.382605,,,122.96493118564588,302.06955856866165,20.733694566214705,,191.08751426962093,6.283230898781646
2026-09-01,116.23,-5.188,16832170336.916302,14806467985.53308,,,116.58547966153536,286.3981139769601,19.65802528290346,,181.17384601972464,5.957255301128891
2026-09-02,120.44,3.622,17441853182.295444,15342777287.942904,,,120.80835559180348,296.7718217963096,20.370064226730555,,187.7361956002377,6.173034745487082
2026-09-03,127.25,5.654,18428062250.474056,16210298986.140272,,,127.63918340299728,313.5520950147824,21.521842185747783,,198.35130264140025,6.522074654294514
2026-09-04,117.15,-7.937,16965402692.676117,14923666217.888668,,,117.50829340401674,288.66505250280363,19.81362524212458,,182.60789865964668,6.004409003934006
2026-09-07,123.31,5.258,17857480205.15486,15708384817.139153,,,123.68713324497912,303.84368437149567,20.85546844734428,,192.20981633564688,6.320133796629127
2026-09-08,117.2,-4.955,16972643581.576109,14930035687.03843,,,117.5584463248038,288.78825568355603,19.82208176164747,,182.6858363031207,6.006971705173415
2026-09-09,117.3,0.085,16987125359.376087,14942774625.33795,,,117.65875216637784,289.0346620450607,19.838994800693243,,182.8417115900688,6.012097107652231
2026-09-10,110.05,-6.181,15937196468.877563,14019201598.622688,,,110.38657865225818,271.170200835967,18.61279946987461,,171.54075328633482,5.640505427938005
2026-09-11,106.85,-2.908,15473779579.278215,13611555573.03802,,,107.17679172188812,263.2851972678153,18.07158222040983,,166.55274410399707,5.476492548615862
2026-09-14,107.35,0.468,15546188468.278114,13675250264.535624,,,107.67832092975844,264.517229075339,18.156147415638703,,167.33212053873737,5.502119561009947
2026-09-15,107.57,0.205,15578048379.43807,13703275928.794567,,,107.89899378122138,265.05932307064944,18.193356101539404,,167.67504617002308,5.513395446463345
2026-09-16,121.52,12.968,17598256382.535225,15480357821.577724,,,121.8916586808034,299.4330105005607,20.55272504842492,,189.4196486992768,6.228389092258303
2026-09-17,123.88,1.942,17940026338.614742,15780996765.446417,,,124.25887654195132,305.2482006320726,20.9518727699052,,193.0983054712509,6.349348590758383
2026-09-18,123.95,0.057,17950163583.07473,15789914022.256084,,,124.32909063105316,305.4206850851259,20.963711897237246,,193.20741817211456,6.352936372493555
2026-09-21,121.95,-1.614,17660528027.075138,15535135256.265669,,,122.32297379957188,300.49255785503107,20.62545111632176,,190.08991243315344,6.250428322917217
2026-09-22,121.56,-0.32,17604049093.65522,15485453396.897535,,,121.93178101743302,299.5315730451626,20.55949026404324,,189.48199881405603,6.230439253249831
2026-09-23,120.8,-0.625,17493987582.375374,15388637465.821177,,,121.16945662147012,297.6588846977266,20.43095116729536,,188.2973466332508,6.191486194410823
2026-09-24,117.7,-2.566,17045052470.576006,14993730378.536032,,,118.05997553267412,290.02028749107967,19.906646956876354,,183.46521273786112,6.032598717567499
2026-09-25,117.7,-2.566,17045052470.576006,14993730378.536032,,,118.05997553267412,290.02028749107967,19.906646956876354,,183.46521273786112,6.032598717567499
2026-09-28,107.6,-8.581,15582392912.778065,13707097610.284424,,,107.92908553369358,265.1332449791008,18.198430013253148,,167.72180875610752,5.514933067206991
2026-09-29,107.6,0.0,15582392912.778065,13707097610.284424,,,107.92908553369358,265.1332449791008,18.198430013253148,,167.72180875610752,5.514933067206991
2026-09-30,105.8,-1.673,15321720912.378431,13477796720.89305,,,106.1235803853604,260.6979304720155,17.89399531042921,,164.91605359104256,5.422675822588286
2026-10-01,105.8,-1.673,15321720912.378431,13477796720.89305,,,106.1235803853604,260.6979304720155,17.89399531042921,,164.91605359104256,5.422675822588286
2026-10-02,105.8,-1.673,15321720912.378431,13477796720.89305,,,106.1235803853604,260.6979304720155,17.89399531042921,,164.91605359104256,5.422675822588286
2026-10-05,105.8,-1.673,15321720912.378431,13477796720.89305,,,106.1235803853604,260.6979304720155,17.89399531042921,,164.91605359104256,5.422675822588286
2026-10-06,105.8,-1.673,15321720912.378431,13477796720.89305,,,106.1235803853604,260.6979304720155,17.89399531042921,,164.91605359104256,5.422675822588286
2026-10-07,105.8,-1.673,15321720912.378431,13477796720.89305,,,106.1235803853604,260.6979304720155,17.89399531042921,,164.91605359104256,5.422675822588286
2026-10-08,99.78,-5.69,14449917888.819658,12710912635.261898,,,100.08516872260174,245.86426750943016,16.8758303598736,,155.53236131676962,5.114126593363509
2026-10-09,96.5,-3.287,13974915576.980326,12293075459.037615,,,96.79513711897242,237.78213885207467,16.321082679172203,,150.4196519048734,4.9460133920583145
