数据日期,当日收盘价,当日涨跌幅,总市值,流通市值,总股本,流通股本,PE(TTM),PE(静),市净率,PEG值,市现率,市销率
2018-01-02,22.26,-0.313479623824,2527845600.0,1110551400.0,113560000.0,49890000.0,58.18800518,66.26386053,3.85901974,1.51366594,-31.95482301,10.26229212
2018-01-03,22.76,2.246181491465,2584625600.0,1135496400.0,113560000.0,49890000.0,59.49501339,67.7522671,3.94570033,1.54766562,-32.67258633,10.49280182
2018-01-04,22.5,-1.142355008787,2555100000.0,1122525000.0,113560000.0,49890000.0,58.81536912,66.97829568,3.90062642,1.52998579,-32.2993494,10.37293677
2018-01-05,22.93,1.911111111111,2603930800.0,1143977700.0,113560000.0,49890000.0,59.93939617,68.25832533,3.97517173,1.55922552,-32.91662586,10.57117512
2018-01-08,22.53,-1.744439598779,2558506800.0,1124021700.0,113560000.0,49890000.0,58.89378961,67.06760007,3.90582726,1.53202577,-32.3424152,10.38676736
2018-01-09,22.0,-2.352418996893,2498320000.0,1097580000.0,113560000.0,49890000.0,57.50836092,65.48988911,3.81394583,1.4959861,-31.58158608,10.14242707
2018-01-10,21.16,-3.818181818182,2402929600.0,1055672400.0,113560000.0,49890000.0,55.31258714,62.98936607,3.66832245,1.43886663,-30.37574371,9.75517076
2018-01-11,21.46,1.417769376181,2436997600.0,1070639400.0,113560000.0,49890000.0,56.09679206,63.88241001,3.7203308,1.45926645,-30.8064017,9.89347659
2018-01-12,21.21,-1.16495806151,2408607600.0,1058166900.0,113560000.0,49890000.0,55.44328796,63.13820673,3.67699051,1.4422666,-30.44752004,9.77822173
2018-01-15,20.06,-5.421970768505,2278013600.0,1000793400.0,113560000.0,49890000.0,52.43716909,59.71487162,3.47762516,1.36406733,-28.7966644,9.24804941
2018-01-16,20.41,1.744765702891,2317759600.0,1018254900.0,113560000.0,49890000.0,53.35207483,60.75675621,3.53830157,1.38786711,-29.29909873,9.4094062
2018-01-17,20.77,1.763841254287,2358641200.0,1036215300.0,113560000.0,49890000.0,54.29312074,61.82840895,3.60071159,1.41234688,-29.81588832,9.57537319
2018-01-18,21.06,1.396244583534,2391573600.0,1050683400.0,113560000.0,49890000.0,55.0511855,62.69168476,3.65098633,1.4320667,-30.23219104,9.70906882
2018-01-19,20.95,-0.522317188984,2379082000.0,1045195500.0,113560000.0,49890000.0,54.76364369,62.36423531,3.6319166,1.42458677,-30.07428311,9.65835669
2018-01-22,20.56,-1.861575178998,2334793600.0,1025738400.0,113560000.0,49890000.0,53.74417729,61.20327819,3.56430574,1.39806701,-29.51442772,9.47855912
2018-01-23,21.14,2.821011673152,2400658400.0,1054674600.0,113560000.0,49890000.0,55.26030681,62.92982981,3.66485522,1.43750665,-30.34703317,9.74595037
2018-01-24,21.04,-0.473036896878,2389302400.0,1049685600.0,113560000.0,49890000.0,54.99890517,62.63214849,3.64751911,1.43070671,-30.20348051,9.69984843
2018-01-25,20.84,-0.950570342205,2366590400.0,1039707600.0,113560000.0,49890000.0,54.47610189,62.03678587,3.61284687,1.41710684,-29.91637518,9.60764455
2018-01-26,20.64,-0.959692898273,2343878400.0,1029729600.0,113560000.0,49890000.0,53.95329861,61.44142324,3.57817464,1.40350696,-29.62926985,9.51544067
2018-01-29,20.44,-0.968992248062,2321166400.0,1019751600.0,113560000.0,49890000.0,53.43049533,60.84606061,3.5435024,1.38990709,-29.34216453,9.42323679
2018-01-30,20.23,-1.027397260274,2297318800.0,1009274700.0,113560000.0,49890000.0,52.88155188,60.22092985,3.50709655,1.37562722,-29.04070393,9.32642271
2018-01-31,18.8,-7.068709836876,2134928000.0,937932000.0,113560000.0,49890000.0,49.14350842,55.96408706,3.25919008,1.27838813,-26.98790084,8.66716495
2018-02-01,17.56,-6.595744680851,1994113600.0,876068400.0,113560000.0,49890000.0,45.90212808,52.27283876,3.04422222,1.19406891,-25.2078478,8.09550088
2018-02-02,17.27,-1.651480637813,1961181200.0,861600300.0,113560000.0,49890000.0,45.14406332,51.40956295,2.99394748,1.17434909,-24.79154508,7.96180525
2018-02-05,17.24,-0.17371163868,1957774400.0,860103600.0,113560000.0,49890000.0,45.06564283,51.32025856,2.98874664,1.17230911,-24.74847928,7.94797467
2018-02-06,15.68,-9.048723897912,1780620800.0,782275200.0,113560000.0,49890000.0,40.98777724,46.67643006,2.71830321,1.0662301,-22.50905772,7.22878438
2018-02-07,15.85,1.084183673469,1799926000.0,790756500.0,113560000.0,49890000.0,41.43216003,47.18248829,2.74777461,1.07778999,-22.75309725,7.30715768
2018-02-08,16.33,3.028391167192,1854434800.0,814703700.0,113560000.0,49890000.0,42.6868879,48.6113586,2.83098798,1.11042969,-23.44215003,7.528447
2018-02-09,15.74,-3.612982241274,1787434400.0,785268600.0,113560000.0,49890000.0,41.14461822,46.85503884,2.72870488,1.07031006,-22.59518932,7.25644555
2018-02-12,16.18,2.79542566709,1837400800.0,807220200.0,113560000.0,49890000.0,42.29478544,48.16483663,2.8049838,1.10022978,-23.22682104,7.45929409
2018-02-13,16.22,0.247218788628,1841943200.0,809215800.0,113560000.0,49890000.0,42.3993461,48.28390915,2.81191825,1.10294975,-23.2842421,7.47773487
2018-02-14,16.39,1.048088779285,1861248400.0,817697100.0,113560000.0,49890000.0,42.84372888,48.78996739,2.84138965,1.11450965,-23.52828163,7.55610817
2018-02-22,16.78,2.379499694936,1905536800.0,837154200.0,113560000.0,49890000.0,43.86319528,49.95092451,2.9090005,1.1410294,-24.08813702,7.73590574
2018-02-23,17.01,1.370679380215,1931655600.0,848628900.0,113560000.0,49890000.0,44.46441906,50.63559153,2.94887357,1.15666926,-24.41830815,7.8419402
2018-02-26,17.51,2.939447383892,1988435600.0,873573900.0,113560000.0,49890000.0,45.77142726,52.1239981,3.03555416,1.19066894,-25.13607147,8.07244991
2018-02-27,17.63,0.685322672758,2002062800.0,879560700.0,113560000.0,49890000.0,46.08510923,52.48121568,3.0563575,1.19882886,-25.30833467,8.12777224
2018-02-28,17.5,-0.737379466818,1987300000.0,873075000.0,113560000.0,49890000.0,45.74528709,52.09422997,3.03382055,1.18998895,-25.1217162,8.06783971
2018-03-01,18.04,3.085714285714,2048622400.0,900015600.0,113560000.0,49890000.0,47.15685595,53.70170907,3.12743558,1.22670861,-25.89690059,8.3167902
2018-03-02,18.23,1.053215077605,2070198800.0,909494700.0,113560000.0,49890000.0,47.65351907,54.26730357,3.16037421,1.23962849,-26.16965065,8.40438388
2018-03-05,18.43,1.097092704334,2092910800.0,919472700.0,113560000.0,49890000.0,48.17632235,54.86266619,3.19504644,1.25322836,-26.45675598,8.49658777
2018-03-06,18.42,-0.05425935974,2091775200.0,918973800.0,113560000.0,49890000.0,48.15018219,54.83289806,3.19331283,1.25254837,-26.44240071,8.49197757
2018-03-07,17.99,-2.334419109663,2042944400.0,897521100.0,113560000.0,49890000.0,47.02615513,53.55286841,3.11876752,1.22330864,-25.82512426,8.29373923
2018-03-08,18.33,1.889938854919,2081554800.0,914483700.0,113560000.0,49890000.0,47.91492071,54.56498488,3.17771032,1.24642842,-26.31320331,8.45048583
2018-03-09,19.02,3.764320785597,2159911200.0,948907800.0,113560000.0,49890000.0,49.71859203,56.61898595,3.29732953,1.29334799,-27.3037167,8.76858922
2018-03-12,19.18,0.841219768665,2178080800.0,956890200.0,113560000.0,49890000.0,50.13683465,57.09527605,3.32506732,1.30422789,-27.53340096,8.84235233
2018-03-13,19.99,4.22314911366,2270064400.0,997301100.0,113560000.0,49890000.0,52.25418794,59.5064947,3.46548987,1.35930737,-28.69617754,9.21577805
2018-03-14,20.0,0.050025012506,2271200000.0,997800000.0,113560000.0,49890000.0,52.28032811,59.53626283,3.46722348,1.35998737,-28.7105328,9.22038824
2018-03-15,20.1,0.5,2282556000.0,1002789000.0,113560000.0,49890000.0,52.54172975,59.83394414,3.4845596,1.3667873,-28.85408547,9.26649019
2018-03-16,20.01,-0.44776119403,2272335600.0,998298900.0,113560000.0,49890000.0,52.30646827,59.56603096,3.4689571,1.36066736,-28.72488807,9.22499844
2018-03-19,20.54,2.648675662169,2332522400.0,1024740600.0,113560000.0,49890000.0,53.69189697,61.14374192,3.56083852,1.39670703,-29.48571719,9.46933873
2018-03-20,20.96,2.044790652386,2380217600.0,1045694400.0,113560000.0,49890000.0,54.78978386,62.39400344,3.63365021,1.42526676,-30.08863838,9.66296688
2018-03-21,22.03,5.104961832061,2501726800.0,1099076700.0,113560000.0,49890000.0,57.58678141,65.5791935,3.81914667,1.49802609,-31.62465188,10.15625765
2018-03-22,23.19,5.265546981389,2633456400.0,1156949100.0,113560000.0,49890000.0,60.61904044,69.03229675,4.02024563,1.57690535,-33.28986279,10.69104017
2018-03-23,20.87,-10.004312203536,2369997200.0,1041204300.0,113560000.0,49890000.0,62.12609026,62.12609026,3.61804771,1.41914682,-83.21958759,10.34784014
2018-03-26,20.79,-0.383325347389,2360912400.0,1037213100.0,113560000.0,49890000.0,61.88794521,61.88794521,3.60417881,1.41370687,-82.90058582,10.30817425
2018-03-27,21.35,2.693602693603,2424506000.0,1065151500.0,113560000.0,49890000.0,63.55496057,63.55496057,3.70126107,1.45178651,-85.13359823,10.58583551
2018-03-28,21.82,2.201405152225,2477879200.0,1088599800.0,113560000.0,49890000.0,64.95406274,64.95406274,3.78274082,1.48374622,-87.00773365,10.81887263
2018-03-29,22.28,2.108157653529,2530116800.0,1111549200.0,113560000.0,49890000.0,66.32339679,66.32339679,3.86248696,1.51502593,-88.84199384,11.04695153
2018-03-30,22.1,-0.8078994614,2509676000.0,1102569000.0,113560000.0,49890000.0,65.78757042,65.78757042,3.83128195,1.50278604,-88.12423985,10.95770326
2018-04-02,21.04,-4.796380090498,2389302400.0,1049685600.0,113560000.0,49890000.0,62.63214849,62.63214849,3.56789822,1.43070671,-83.89746636,10.43213017
2018-04-03,21.0,-0.190114068441,2384760000.0,1047690000.0,113560000.0,49890000.0,62.51307597,62.51307597,3.56111515,1.42798674,-83.73796547,10.41229722
2018-04-04,20.63,-1.761904761905,2342742800.0,1029230700.0,113560000.0,49890000.0,61.41165511,61.41165511,3.49837169,1.40282697,-82.26258227,10.22884246
2018-04-09,20.85,1.06640814348,2367726000.0,1040206500.0,113560000.0,49890000.0,62.066554,62.066554,3.53567861,1.41778683,-83.13983715,10.33792367
2018-04-10,22.18,6.378896882494,2518760800.0,1106560200.0,113560000.0,49890000.0,66.02571548,66.02571548,3.7612159,1.50822599,-88.44324163,10.99736916
2018-04-11,22.22,0.180342651037,2523303200.0,1108555800.0,113560000.0,49890000.0,66.144788,66.144788,3.76799898,1.51094597,-88.60274251,11.01720211
2018-04-12,21.6,-2.790279027903,2452896000.0,1077624000.0,113560000.0,49890000.0,64.29916385,64.29916385,3.66286129,1.46878636,-86.13047877,10.70979143
2018-04-13,22.8,5.555555555556,2589168000.0,1137492000.0,113560000.0,49890000.0,67.87133962,67.87133962,3.86635359,1.5503856,-90.91550537,11.30477984
2018-04-16,22.78,-0.087719298246,2586896800.0,1136494200.0,113560000.0,49890000.0,67.81180336,67.81180336,3.86296205,1.54902561,-90.83575493,11.29486336
2018-04-17,22.39,-1.71202809482,2542608400.0,1117037100.0,113560000.0,49890000.0,66.65084623,66.65084623,3.79682705,1.52250586,-89.28062128,11.10149213
2018-04-18,23.27,3.93032603841,2642541200.0,1160940300.0,113560000.0,49890000.0,69.2704418,69.2704418,3.94605474,1.5823453,-92.78964079,11.53781697
2018-04-19,22.68,-2.535453373442,2575540800.0,1131505200.0,113560000.0,49890000.0,67.51412205,67.51412205,3.84600436,1.54222567,-90.43700271,11.245281
2018-04-20,21.1,-6.966490299824,2396116000.0,1052679000.0,113560000.0,49890000.0,62.81075728,62.81075728,3.57807284,1.43478667,-84.13671769,10.46187959
2018-04-23,20.48,-2.938388625592,2325708800.0,1021747200.0,113560000.0,49890000.0,60.96513313,60.96513313,3.47293515,1.39262706,-81.66445395,10.15446891
2018-04-24,21.01,2.587890625,2385895600.0,1048188900.0,113560000.0,49890000.0,45.04166437,62.5428441,3.56281092,1.42866673,-166.73345871,8.36211663
2018-04-25,21.86,4.045692527368,2482421600.0,1090595400.0,113560000.0,49890000.0,46.86391162,65.07313527,3.70695129,1.48646619,-173.47898179,8.70042215
2018-04-26,20.86,-4.574565416285,2368861600.0,1040705400.0,113560000.0,49890000.0,44.72009132,62.09632213,3.53737438,1.41846682,-165.54307228,8.30241565
2018-04-27,20.24,-2.972195589645,2298454400.0,1009773600.0,113560000.0,49890000.0,43.39092274,60.25069798,3.43223669,1.37630722,-160.62280839,8.05565162
2018-05-02,20.9,3.260869565217,2373404000.0,1042701000.0,113560000.0,49890000.0,44.80584413,62.21539465,3.54415746,1.4211868,-165.86050866,8.31833591
2018-05-03,21.94,4.976076555024,2491506400.0,1094586600.0,113560000.0,49890000.0,47.03541724,65.31128032,3.72051744,1.49190614,-174.11385455,8.73226267
2018-05-04,22.47,2.415679124886,2551693200.0,1121028300.0,113560000.0,49890000.0,48.17164199,66.88899129,3.81039321,1.52794581,-178.31988659,8.94320612
2018-05-07,22.58,0.489541611037,2564184800.0,1126516200.0,113560000.0,49890000.0,48.40746223,67.21644073,3.82904667,1.53542574,-179.19283663,8.98698684
2018-05-08,23.91,5.890168290523,2715219600.0,1192869900.0,113560000.0,49890000.0,51.25874322,71.17560221,4.05458396,1.6258649,-189.74759627,9.51633549
2018-05-09,23.6,-1.296528649101,2680016000.0,1177404000.0,113560000.0,49890000.0,50.59415893,70.25279014,4.00201512,1.60478509,-187.28746433,9.39295347
2018-05-10,24.83,5.21186440678,2819694800.0,1238768700.0,113560000.0,49890000.0,53.23105789,73.9142703,4.21059472,1.68842432,-197.04863302,9.88250147
2018-05-11,23.63,-4.832863471607,2683422800.0,1178900700.0,113560000.0,49890000.0,50.65847353,70.34209453,4.00710242,1.60682507,-187.52554161,9.40489366
2018-05-14,22.98,-2.750740584003,2609608800.0,1146472200.0,113560000.0,49890000.0,49.26499034,68.40716599,3.89687743,1.56262549,-182.36720043,9.14618944
2018-05-15,23.3,1.392515230635,2645948000.0,1162437000.0,113560000.0,49890000.0,49.95101284,69.35974619,3.95114204,1.58438528,-184.90669148,9.27355152
2018-05-16,22.25,-4.50643776824,2526710000.0,1110052500.0,113560000.0,49890000.0,47.70000153,66.23409239,3.77308629,1.51298595,-176.57398649,8.85564469
2018-05-17,22.35,0.449438202247,2538066000.0,1115041500.0,113560000.0,49890000.0,47.91438356,66.53177371,3.79004398,1.51978588,-177.36757745,8.89544534
2018-05-18,22.59,1.073825503356,2565320400.0,1127015100.0,113560000.0,49890000.0,48.42890043,67.24620886,3.83074244,1.53610573,-179.27219573,8.9909669
2018-05-21,23.01,1.859229747676,2613015600.0,1147968900.0,113560000.0,49890000.0,49.32930495,68.49647038,3.90196474,1.56466547,-182.60527772,9.15812963
2018-05-22,22.97,-0.173837461973,2608473200.0,1145973300.0,113560000.0,49890000.0,49.24355214,68.37739786,3.89518166,1.56194549,-182.28784134,9.14220937
2018-05-23,22.94,-0.130605137135,2605066400.0,1144476600.0,113560000.0,49890000.0,49.17923753,68.28809346,3.89009435,1.55990551,-182.04976405,9.13026918
2018-05-24,22.71,-1.002615518745,2578947600.0,1133001900.0,113560000.0,49890000.0,48.68615886,67.60342644,3.85109167,1.54426566,-180.22450487,9.03872768
2018-05-25,23.18,2.069572875385,2632320800.0,1156450200.0,113560000.0,49890000.0,49.6937544,69.00252862,3.93079281,1.57622536,-183.95438233,9.22579074
2018-05-28,23.0,-0.776531492666,2611880000.0,1147470000.0,113560000.0,49890000.0,49.30786675,68.46670225,3.90026897,1.56398547,-182.52591862,9.15414957
2018-05-29,22.7,-1.304347826087,2577812000.0,1132503000.0,113560000.0,49890000.0,48.66472066,67.57365831,3.8493959,1.54358566,-180.14514577,9.03474762
2018-05-30,20.46,-9.867841409692,2323437600.0,1020749400.0,113560000.0,49890000.0,43.8625632,60.90559687,3.46954361,1.39126708,-162.36870848,8.14321305
2018-05-31,20.84,1.857282502444,2366590400.0,1039707600.0,113560000.0,49890000.0,44.67721492,62.03678587,3.53398284,1.41710684,-165.38435409,8.29445552
2018-06-01,20.01,-3.982725527831,2272335600.0,998298900.0,113560000.0,49890000.0,42.89784407,59.56603096,3.393234,1.36066736,-158.7975492,7.96411012
2018-06-04,20.36,1.749125437281,2312081600.0,1015760400.0,113560000.0,49890000.0,43.64818118,60.60791556,3.45258592,1.38446714,-161.57511753,8.1034124
2018-06-05,20.96,2.94695481336,2380217600.0,1045694400.0,113560000.0,49890000.0,44.93447335,62.39400344,3.55433207,1.42526676,-166.33666323,8.3422163
2018-06-06,21.13,0.81106870229,2399522800.0,1054175700.0,113560000.0,49890000.0,45.2989228,62.90006168,3.58316014,1.43682665,-167.68576785,8.40987741
2018-06-07,20.94,-0.899195456697,2377946400.0,1044696600.0,113560000.0,49890000.0,44.89159695,62.33446718,3.55094053,1.42390677,-166.17794504,8.33425617
2018-06-08,20.52,-2.005730659026,2330251200.0,1023742800.0,113560000.0,49890000.0,43.99119242,61.08420566,3.47971823,1.39534704,-162.84486305,8.16709344
2018-06-11,20.28,-1.169590643275,2302996800.0,1011769200.0,113560000.0,49890000.0,43.47667555,60.36977051,3.43901977,1.37902719,-160.94024477,8.07157188
2018-06-12,20.38,0.791295746785,2314352800.0,1016758200.0,113560000.0,49890000.0,43.69105758,60.66745182,3.45597746,1.38582713,-161.73383572,8.11137253
2018-06-13,19.26,-5.49558390579,2187165600.0,960881400.0,113560000.0,49890000.0,41.28997885,57.3334211,3.26605132,1.30966783,-152.84561707,7.66560525
2018-06-14,19.36,0.519210799585,2198521600.0,965870400.0,113560000.0,49890000.0,41.50436088,57.63110242,3.28300901,1.31646777,-153.63920802,7.7054059
2018-06-15,18.51,-4.390495867769,2101995600.0,923463900.0,113560000.0,49890000.0,39.68211363,55.10081125,3.13886864,1.25866831,-146.89368494,7.36710037
2018-06-19,16.66,-9.994597514857,1891909600.0,831167400.0,113560000.0,49890000.0,35.71604609,49.59370693,2.82515135,1.13286948,-132.21225236,6.63078834
2018-06-20,16.67,0.060024009604,1893045200.0,831666300.0,113560000.0,49890000.0,35.73748429,49.62347507,2.82684712,1.13354947,-132.29161145,6.6347684
2018-06-21,16.03,-3.839232153569,1820366800.0,799736700.0,113560000.0,49890000.0,34.3654393,47.71831466,2.71831789,1.09002987,-127.21262937,6.38004424
2018-06-22,16.27,1.497192763568,1847621200.0,811710300.0,113560000.0,49890000.0,34.87995617,48.43274981,2.75901635,1.10634972,-129.11724765,6.4755658
2018-06-25,16.29,0.122925629994,1849892400.0,812708100.0,113560000.0,49890000.0,34.92283258,48.49228607,2.76240789,1.10770971,-129.27596584,6.48352593
2018-06-26,16.7,2.516881522406,1896452000.0,833163000.0,113560000.0,49890000.0,35.8017989,49.71277946,2.83193443,1.13558945,-132.52968874,6.6467086
2018-06-27,16.74,0.239520958084,1900994400.0,835158600.0,113560000.0,49890000.0,35.88755171,49.83185199,2.8387175,1.13830943,-132.84712512,6.66262886
2018-06-28,16.33,-2.449223416965,1854434800.0,814703700.0,113560000.0,49890000.0,35.00858539,48.6113586,2.76919097,1.11042969,-129.59340222,6.49944619
2018-06-29,17.25,5.633802816901,1958910000.0,860602500.0,113560000.0,49890000.0,36.98090006,51.35002669,2.92520173,1.1729891,-136.89443897,6.86561218
2018-07-02,17.11,-0.811594202899,1943011600.0,853617900.0,113560000.0,49890000.0,36.68076522,50.93327285,2.89388756,1.16346919,-135.78341164,6.80989127
2018-07-03,17.6,2.863822326125,1998656000.0,878064000.0,113560000.0,49890000.0,37.73123717,52.39191129,2.97676336,1.19678888,-139.67200729,7.00491445
2018-07-04,17.61,0.056818181818,1999791600.0,878562900.0,113560000.0,49890000.0,37.75267537,52.42167942,2.97845471,1.19746888,-139.75136639,7.00889452
2018-07-05,17.57,-0.22714366837,1995249200.0,876567300.0,113560000.0,49890000.0,37.66692256,52.30260689,2.97168933,1.1947489,-139.43393001,6.99297426
2018-07-06,18.26,3.927148548662,2073605600.0,910991400.0,113560000.0,49890000.0,39.14615856,54.35660796,3.08839199,1.24166847,-144.90970757,7.26759874
2018-07-09,18.44,0.985761226725,2094046400.0,919971600.0,113560000.0,49890000.0,39.53204621,54.89243433,3.11883616,1.25390835,-146.33817128,7.33923991
2018-07-10,18.76,1.73535791757,2130385600.0,935936400.0,113560000.0,49890000.0,40.21806871,55.84501453,3.17295913,1.27566815,-148.87766232,7.466602
2018-07-11,19.05,1.545842217484,2163318000.0,950404500.0,113560000.0,49890000.0,40.83977659,56.70829034,3.22200807,1.29538797,-151.17907608,7.58202388
2018-07-12,19.08,0.157480314961,2166724800.0,951901200.0,113560000.0,49890000.0,40.9040912,56.79759474,3.2270821,1.29742795,-151.41715336,7.59396408
2018-07-13,18.8,-1.46750524109,2134928000.0,937932000.0,113560000.0,49890000.0,40.30382152,55.96408706,3.1797245,1.27838813,-149.1950987,7.48252226
2018-07-16,18.94,0.744680851064,2150826400.0,944916600.0,113560000.0,49890000.0,40.60395636,56.3808409,3.2034033,1.28790804,-150.30612603,7.53824317
2018-07-17,18.81,-0.686378035903,2136063600.0,938430900.0,113560000.0,49890000.0,40.32525972,55.99385519,3.18141584,1.27906812,-149.2744578,7.48650232
2018-07-18,18.55,-1.382243487507,2106538000.0,925459500.0,113560000.0,49890000.0,39.76786644,55.21988377,3.13744093,1.26138828,-147.21112132,7.38302063
2018-07-19,18.46,-0.485175202156,2096317600.0,920969400.0,113560000.0,49890000.0,39.57492262,54.95197059,3.12221885,1.25526834,-146.49688947,7.34720004
2018-07-20,18.77,1.679306608884,2131521200.0,936435300.0,113560000.0,49890000.0,40.23950691,55.87478266,3.17465047,1.27634814,-148.95702142,7.47058206
2018-07-23,18.73,-0.213106020245,2126978800.0,934439700.0,113560000.0,49890000.0,40.1537541,55.75571014,3.1678851,1.27362817,-148.63958504,7.4546618
2018-07-24,18.89,0.854244527496,2145148400.0,942422100.0,113560000.0,49890000.0,40.49676534,56.23200024,3.19494659,1.28450807,-149.90933056,7.51834284
2018-07-25,18.76,-0.68819481207,2130385600.0,935936400.0,113560000.0,49890000.0,40.21806871,55.84501453,3.17295913,1.27566815,-148.87766232,7.466602
2018-07-26,18.43,-1.759061833689,2092910800.0,919472700.0,113560000.0,49890000.0,39.51060801,54.86266619,3.11714482,1.25322836,-146.25881218,7.33525985
2018-07-27,18.26,-0.922409115572,2073605600.0,910991400.0,113560000.0,49890000.0,39.14615856,54.35660796,3.08839199,1.24166847,-144.90970757,7.26759874
2018-07-30,17.33,-5.093099671413,1967994800.0,864593700.0,113560000.0,49890000.0,37.15240569,51.58817174,2.93109711,1.17842905,-137.52931173,6.8974527
2018-07-31,17.57,1.384881708021,1995249200.0,876567300.0,113560000.0,49890000.0,37.66692256,52.30260689,2.97168933,1.1947489,-139.43393001,6.99297426
2018-08-01,17.6,0.170745589072,1998656000.0,878064000.0,113560000.0,49890000.0,37.73123717,52.39191129,2.97676336,1.19678888,-139.67200729,7.00491445
2018-08-02,16.7,-5.113636363636,1896452000.0,833163000.0,113560000.0,49890000.0,35.8017989,49.71277946,2.82454251,1.13558945,-132.52968874,6.6467086
2018-08-03,16.5,-1.197604790419,1873740000.0,823185000.0,113560000.0,49890000.0,35.37303484,49.11741683,2.79071565,1.12198958,-130.94250684,6.5671073
2018-08-06,16.03,-2.848484848485,1820366800.0,799736700.0,113560000.0,49890000.0,34.3654393,47.71831466,2.71122254,1.09002987,-127.21262937,6.38004424
2018-08-07,16.58,3.431066749844,1882824800.0,827176200.0,113560000.0,49890000.0,35.54454047,49.35556188,2.8042464,1.12742953,-131.5773796,6.59894782
2018-08-08,16.21,-2.231604342581,1840807600.0,808716900.0,113560000.0,49890000.0,34.75132696,48.25414102,2.74166671,1.10226976,-128.64109308,6.45168541
2018-08-09,16.73,3.207896360271,1899858800.0,834659700.0,113560000.0,49890000.0,35.86611351,49.80208385,2.82961654,1.13762943,-132.76776603,6.65864879
2018-08-10,16.79,0.358637178721,1906672400.0,837653100.0,113560000.0,49890000.0,35.99474273,49.98069264,2.83976459,1.14170939,-133.2439206,6.68252918
2018-08-13,16.97,1.072066706373,1927113200.0,846633300.0,113560000.0,49890000.0,36.38063038,50.51651901,2.87020876,1.15394928,-134.67238431,6.75417035
2018-08-14,18.67,10.017678255745,2120165200.0,931446300.0,113560000.0,49890000.0,40.02512488,55.57710135,3.15773704,1.26954821,-148.16343047,7.43078141
2018-08-15,18.32,-1.87466523835,2080419200.0,913984800.0,113560000.0,49890000.0,39.27478778,54.53521675,3.09854005,1.24574843,-145.38586214,7.29147913
2018-08-16,17.26,-5.786026200873,1960045600.0,861101400.0,113560000.0,49890000.0,37.00233827,51.37979482,2.91925771,1.1736691,-136.97379806,6.86959224
2018-08-17,16.49,-4.461181923523,1872604400.0,822686100.0,113560000.0,49890000.0,35.35159664,49.0876487,2.78902431,1.12130958,-130.86314774,6.56312723
2018-08-20,16.34,-0.909642207398,1855570400.0,815202600.0,113560000.0,49890000.0,35.0300236,48.64112673,2.76365417,1.11110968,-129.67276132,6.50342626
2018-08-21,16.36,0.122399020808,1857841600.0,816200400.0,113560000.0,49890000.0,35.0729,48.70066299,2.76703685,1.11246967,-129.83147951,6.51138639
2018-08-22,16.18,-1.100244498778,1837400800.0,807220200.0,113560000.0,49890000.0,34.68701235,48.16483663,2.73659268,1.10022978,-128.4030158,6.43974522
2018-08-23,16.55,2.286773794808,1879418000.0,825679500.0,113560000.0,49890000.0,35.48022586,49.26625749,2.79917237,1.12538955,-131.33930231,6.58700762
2018-08-24,16.46,-0.543806646526,1869197600.0,821189400.0,113560000.0,49890000.0,35.28728203,48.99834431,2.78395028,1.1192696,-130.62507046,6.55118704
2018-08-27,16.7,1.458080194411,1896452000.0,833163000.0,113560000.0,49890000.0,35.8017989,49.71277946,2.82454251,1.13558945,-132.52968874,6.6467086
2018-08-28,16.9,1.197604790419,1919164000.0,843141000.0,113560000.0,49890000.0,36.23056296,50.30814209,2.85836937,1.14918933,-134.11687064,6.7263099
2018-08-29,16.68,-1.301775147929,1894180800.0,832165200.0,113560000.0,49890000.0,35.7589225,49.6532432,2.82115982,1.13422946,-132.37097055,6.63874847
2018-08-30,16.37,-1.858513189448,1858977200.0,816699300.0,113560000.0,49890000.0,42.60895693,48.73043112,2.7687282,1.11314966,-73.06783216,6.18614467
2018-08-31,16.38,0.061087354918,1860112800.0,817198200.0,113560000.0,49890000.0,42.63498562,48.76019926,2.77041954,1.11382965,-73.11246737,6.18992362
2018-09-03,16.08,-1.831501831502,1826044800.0,802231200.0,113560000.0,49890000.0,41.85412507,47.86715531,2.71967925,1.09342984,-71.77341119,6.07655506
2018-09-04,16.23,0.932835820896,1843078800.0,809714700.0,113560000.0,49890000.0,42.24455535,48.31367728,2.7450494,1.10362975,-72.44293928,6.13323934
2018-09-05,16.54,1.910043130006,1878282400.0,825180600.0,113560000.0,49890000.0,43.05144457,49.23648936,2.79748102,1.12470955,-73.82663066,6.25038686
2018-09-06,16.71,1.027811366385,1897587600.0,833661900.0,113560000.0,49890000.0,43.49393221,49.74254759,2.82623385,1.13626945,-74.58542916,6.31462905
2018-09-07,16.58,-0.777977259126,1882824800.0,827176200.0,113560000.0,49890000.0,43.15555931,49.35556188,2.8042464,1.12742953,-74.00517148,6.26550267
2018-09-10,16.12,-2.774427020507,1830587200.0,804226800.0,113560000.0,49890000.0,41.95823981,47.98622784,2.72644463,1.09614982,-71.95195201,6.09167087
2018-09-11,16.27,0.930521091811,1847621200.0,811710300.0,113560000.0,49890000.0,42.34867008,48.43274981,2.75181477,1.10634972,-72.6214801,6.14835515
2018-09-12,16.67,2.458512599877,1893045200.0,831666300.0,113560000.0,49890000.0,43.38981747,49.62347507,2.81946848,1.13354947,-74.40688834,6.29951324
2018-09-13,16.76,0.539892021596,1903265600.0,836156400.0,113560000.0,49890000.0,43.62407564,49.89138825,2.83469057,1.13966941,-74.80860519,6.33352381
2018-09-14,17.15,2.326968973747,1947554000.0,855613500.0,113560000.0,49890000.0,44.63919434,51.05234537,2.90065294,1.16618917,-76.54937822,6.48090294
2018-09-17,17.07,-0.466472303207,1938469200.0,851622300.0,113560000.0,49890000.0,44.43096486,50.81420032,2.88712219,1.16074922,-76.19229658,6.45067132
2018-09-18,17.12,0.292911540715,1944147200.0,854116800.0,113560000.0,49890000.0,44.56110829,50.96304098,2.89557891,1.16414919,-76.41547261,6.46956608
2018-09-19,16.97,-0.876168224299,1927113200.0,846633300.0,113560000.0,49890000.0,44.17067802,50.51651901,2.87020876,1.15394928,-75.74594452,6.4128818
2018-09-20,16.99,0.117855038303,1929384400.0,847631100.0,113560000.0,49890000.0,44.22273539,50.57605527,2.87359145,1.15530927,-75.83521493,6.42043971
2018-09-21,16.97,-0.117716303708,1927113200.0,846633300.0,113560000.0,49890000.0,44.17067802,50.51651901,2.87020876,1.15394928,-75.74594452,6.4128818
2018-09-25,16.94,-0.176782557454,1923706400.0,845136600.0,113560000.0,49890000.0,44.09259196,50.42721461,2.86513474,1.1519093,-75.6120389,6.40154495
2018-09-26,16.8,-0.826446280992,1907808000.0,838152000.0,113560000.0,49890000.0,43.72819038,50.01046077,2.84145594,1.14238939,-74.98714602,6.34863962
2018-09-27,16.1,-4.166666666667,1828316000.0,803229000.0,113560000.0,49890000.0,41.90618244,47.92669158,2.72306194,1.09478983,-71.8626816,6.08411296
2018-09-28,16.27,1.055900621118,1847621200.0,811710300.0,113560000.0,49890000.0,42.34867008,48.43274981,2.75181477,1.10634972,-72.6214801,6.14835515
2018-10-08,15.4,-5.347264904733,1748824000.0,768306000.0,113560000.0,49890000.0,40.08417451,45.84292238,2.58261019,1.04719027,-68.73821718,5.81958631
2018-10-09,15.41,0.064935064935,1749959600.0,768804900.0,113560000.0,49890000.0,40.1102032,45.87269051,2.58428721,1.04787027,-68.78285239,5.82336527
2018-10-10,15.74,2.141466580143,1787434400.0,785268600.0,113560000.0,49890000.0,40.96914979,46.85503884,2.63962886,1.07031006,-70.25581418,5.94807069
2018-10-11,14.19,-9.847522236341,1611416400.0,707939100.0,113560000.0,49890000.0,36.93470366,42.24097848,2.37969082,0.96491104,-63.33735726,5.3623331
2018-10-12,14.28,0.634249471459,1621636800.0,712429200.0,113560000.0,49890000.0,37.16896182,42.50889166,2.39478399,0.97103098,-63.73907411,5.39634367
2018-10-15,14.2,-0.560224089636,1612552000.0,708438000.0,113560000.0,49890000.0,36.96073234,42.27074661,2.38136784,0.96559103,-63.38199247,5.36611206
2018-10-16,13.88,-2.253521126761,1576212800.0,692473200.0,113560000.0,49890000.0,36.12781443,41.3181664,2.32770321,0.94383123,-61.95366587,5.24518559
2018-10-17,14.2,2.305475504323,1612552000.0,708438000.0,113560000.0,49890000.0,36.96073234,42.27074661,2.38136784,0.96559103,-63.38199247,5.36611206
2018-10-18,14.06,-0.985915492958,1596653600.0,701453400.0,113560000.0,49890000.0,36.59633075,41.85399277,2.35788956,0.95607112,-62.75709958,5.31320673
2018-10-19,14.5,3.129445234708,1646620000.0,723405000.0,113560000.0,49890000.0,37.74159288,43.16379055,2.43167842,0.98599084,-64.72104864,5.47948062
2018-10-22,15.12,4.275862068966,1717027200.0,754336800.0,113560000.0,49890000.0,39.35537134,45.0094147,2.53565364,1.02815045,-67.48843141,5.71377565
2018-10-23,14.69,-2.843915343915,1668196400.0,732884100.0,113560000.0,49890000.0,38.23613789,43.72938505,2.4635418,0.99891072,-65.56911756,5.55128071
2018-10-24,14.98,1.974132062628,1701128800.0,747352200.0,113560000.0,49890000.0,38.99096975,44.59266086,2.51217537,1.01863054,-66.86353853,5.66087032
2018-10-25,14.78,-1.335113484646,1678416800.0,737374200.0,113560000.0,49890000.0,38.47039606,43.99729823,2.47863497,1.00503066,-65.97083441,5.58529128
2018-10-26,14.85,0.473612990528,1686366000.0,740866500.0,113560000.0,49890000.0,38.65259685,44.20567515,2.49037411,1.00979062,-66.28328085,5.61174395
2018-10-29,14.84,-0.06734006734,1685230400.0,740367600.0,113560000.0,49890000.0,38.62656817,44.17590702,2.48869709,1.00911063,-66.23864565,5.60796499
2018-10-30,14.91,0.471698113208,1693179600.0,743859900.0,113560000.0,49890000.0,36.59046021,44.38428394,2.50043623,1.01387058,-67.51724348,4.51647504
2018-10-31,15.16,1.67672702884,1721569600.0,756332400.0,113560000.0,49890000.0,37.20398235,45.12848722,2.54236172,1.03087042,-68.64932335,4.59220399
2018-11-01,15.51,2.308707124011,1761315600.0,773793900.0,113560000.0,49890000.0,38.06291334,46.17037182,2.6010574,1.0546702,-70.23423517,4.69822453
2018-11-02,15.61,0.644745325596,1772671600.0,778782900.0,113560000.0,49890000.0,38.30832219,46.46805314,2.6178276,1.06147014,-70.68706712,4.72851612
2018-11-05,15.82,1.345291479821,1796519200.0,789259800.0,113560000.0,49890000.0,38.82368079,47.0931839,2.65304501,1.07575001,-71.63801421,4.79212844
2018-11-06,15.65,-1.074589127686,1777214000.0,780778500.0,113560000.0,49890000.0,38.40648573,46.58712566,2.62453568,1.06419011,-70.8681999,4.74063275
2018-11-07,15.63,-0.127795527157,1774942800.0,779780700.0,113560000.0,49890000.0,38.35740396,46.5275894,2.62118164,1.06283013,-70.77763351,4.73457443
2018-11-08,15.36,-1.727447216891,1744281600.0,766310400.0,113560000.0,49890000.0,37.69480006,45.72384985,2.57590211,1.0444703,-69.55498725,4.65278716
2018-11-09,15.62,1.692708333333,1773807200.0,779281800.0,113560000.0,49890000.0,38.33286308,46.49782127,2.61950462,1.06215013,-70.73235031,4.73154528
2018-11-12,15.96,2.176696542894,1812417600.0,796244400.0,113560000.0,49890000.0,39.16725318,47.50993774,2.67652329,1.08526992,-72.27197894,4.83453666
2018-11-13,16.09,0.814536340852,1827180400.0,802730100.0,113560000.0,49890000.0,39.48628469,47.89692344,2.69832454,1.09410984,-72.86066047,4.87391572
2018-11-14,16.18,0.559353635799,1837400800.0,807220200.0,113560000.0,49890000.0,39.70715266,48.16483663,2.71341772,1.10022978,-73.26820922,4.90117814
2018-11-15,16.97,4.882571075402,1927113200.0,846633300.0,113560000.0,49890000.0,41.64588261,50.51651901,2.84590227,1.15394928,-76.84558161,5.14048165
2018-11-16,17.05,0.471420153212,1936198000.0,850624500.0,113560000.0,49890000.0,41.8422097,50.75466406,2.85931842,1.15938923,-77.20784717,5.16471491
2018-11-19,17.33,1.642228739003,1967994800.0,864593700.0,113560000.0,49890000.0,42.52935449,51.58817174,2.90627497,1.17842905,-78.47577663,5.24953135
2018-11-20,17.22,-0.63473744951,1955503200.0,859105800.0,113560000.0,49890000.0,42.25940475,51.26072229,2.88782776,1.17094912,-77.97766148,5.2162106
2018-11-21,17.34,0.696864111498,1969130400.0,865092600.0,113560000.0,49890000.0,42.55389538,51.61793987,2.90795199,1.17910905,-78.52105982,5.2525605
2018-11-22,17.15,-1.095732410611,1947554000.0,855613500.0,113560000.0,49890000.0,42.08761855,51.05234537,2.87608862,1.16618917,-77.66067912,5.1950065
2018-11-23,16.4,-4.373177842566,1862384000.0,818196000.0,113560000.0,49890000.0,40.24705214,48.81973552,2.75031215,1.11518964,-74.26443951,4.96781962
2018-11-26,16.58,1.09756097561,1882824800.0,827176200.0,113560000.0,49890000.0,40.68878808,49.35556188,2.7804985,1.12742953,-75.07953701,5.02234447
2018-11-27,17.07,2.955367913148,1938469200.0,851622300.0,113560000.0,49890000.0,41.89129147,50.81420032,2.86267246,1.16074922,-77.29841356,5.17077323
2018-11-28,17.53,2.694786174575,1990706800.0,874571700.0,113560000.0,49890000.0,43.0201722,52.18353437,2.93981536,1.19202893,-79.38144052,5.31011451
2018-11-29,17.35,-1.026811180833,1970266000.0,865591500.0,113560000.0,49890000.0,42.57843626,51.647708,2.90962901,1.17978904,-78.56634302,5.25558966
2018-11-30,17.05,-1.729106628242,1936198000.0,850624500.0,113560000.0,49890000.0,41.8422097,50.75466406,2.85931842,1.15938923,-77.20784717,5.16471491
2018-12-03,18.01,5.630498533724,2045215600.0,898518900.0,113560000.0,49890000.0,44.1981347,53.61240468,3.02031231,1.22466862,-81.55503387,5.45551411
2018-12-04,18.0,-0.055524708495,2044080000.0,898020000.0,113560000.0,49890000.0,44.17359382,53.58263654,3.01863529,1.22398863,-81.50975068,5.45248495
2018-12-05,18.48,2.666666666667,2098588800.0,921967200.0,113560000.0,49890000.0,45.35155632,55.01150685,3.09913223,1.25662833,-83.68334403,5.59788455
2018-12-06,18.4,-0.4329004329,2089504000.0,917976000.0,113560000.0,49890000.0,45.15522923,54.7733618,3.08571607,1.25118838,-83.32107847,5.57365129
2018-12-07,18.28,-0.652173913043,2075876800.0,911989200.0,113560000.0,49890000.0,44.86073861,54.41614422,3.06559183,1.24302845,-82.77768013,5.53730139
2018-12-10,18.05,-1.258205689278,2049758000.0,900514500.0,113560000.0,49890000.0,44.29629824,53.7314772,3.02702038,1.2273886,-81.73616665,5.46763074
2018-12-11,18.05,0.0,2049758000.0,900514500.0,113560000.0,49890000.0,44.29629824,53.7314772,3.02702038,1.2273886,-81.73616665,5.46763074
2018-12-12,18.16,0.609418282548,2062249600.0,906002400.0,113560000.0,49890000.0,44.56624798,54.05892665,3.0454676,1.23486853,-82.2342818,5.50095149
2018-12-13,19.08,5.066079295154,2166724800.0,951901200.0,113560000.0,49890000.0,46.82400944,56.79759474,3.1997534,1.29742795,-86.40033572,5.77963405
2018-12-14,18.48,-3.14465408805,2098588800.0,921967200.0,113560000.0,49890000.0,45.35155632,55.01150685,3.09913223,1.25662833,-83.68334403,5.59788455
2018-12-17,19.9,7.683982683983,2259844000.0,992811000.0,113560000.0,49890000.0,48.83636205,59.23858151,3.33726901,1.35318743,-90.1135577,6.02802503
2018-12-18,19.13,-3.869346733668,2172402800.0,954395700.0,113560000.0,49890000.0,46.94671387,56.94643539,3.2081385,1.30082792,-86.62675169,5.79477984
2018-12-19,18.61,-2.718243596445,2113351600.0,928452900.0,113560000.0,49890000.0,45.67058783,55.39849256,3.12093348,1.26546825,-84.27202556,5.63726361
2018-12-20,18.6,-0.053734551316,2112216000.0,927954000.0,113560000.0,49890000.0,45.64604694,55.36872443,3.11925646,1.26478825,-84.22674237,5.63423445
2018-12-21,18.37,-1.236559139785,2086097200.0,916479300.0,113560000.0,49890000.0,45.08160658,54.68405741,3.08068501,1.2491484,-83.18522889,5.56456381
2018-12-24,18.99,3.375068045727,2156504400.0,947411100.0,113560000.0,49890000.0,46.60314148,56.52968155,3.18466023,1.29130801,-85.99278697,5.75237163
2018-12-25,19.0,0.052659294365,2157640000.0,947910000.0,113560000.0,49890000.0,46.62768236,56.55944969,3.18633725,1.291988,-86.03807016,5.75540078
2018-12-26,18.32,-3.578947368421,2080419200.0,913984800.0,113560000.0,49890000.0,44.95890215,54.53521675,3.07229991,1.24574843,-82.95881291,5.54941802
2018-12-27,17.9,-2.292576419214,2032724000.0,893031000.0,113560000.0,49890000.0,43.92818496,53.28495523,3.00186509,1.21718869,-81.05691873,5.42219337
2018-12-28,17.59,-1.731843575419,1997520400.0,877565100.0,113560000.0,49890000.0,43.16741751,52.36214316,2.94987748,1.19610889,-79.65313969,5.32828946
2019-01-02,18.14,3.126776577601,2059978400.0,905004600.0,113560000.0,49890000.0,44.51716621,40.62183209,2.90255395,0.29429549,-82.14371541,5.49489317
2019-01-03,18.23,0.496141124587,2070198800.0,909494700.0,113560000.0,49890000.0,44.73803418,40.82337371,2.91695471,0.29575561,-82.55126416,5.52215559
2019-01-04,19.1,4.772353263851,2168996000.0,952899000.0,113560000.0,49890000.0,46.87309122,42.77160932,3.0561621,0.30987012,-86.49090211,5.78569237
2019-01-07,19.46,1.884816753927,2209877600.0,970859400.0,113560000.0,49890000.0,47.75656309,43.57777577,3.11376515,0.3157106,-88.12109712,5.89474207
2019-01-08,19.15,-1.593011305242,2174674000.0,955393500.0,113560000.0,49890000.0,46.99579564,42.88357688,3.06416252,0.31068129,-86.71731808,5.80083816
2019-01-09,19.28,0.678851174935,2189436800.0,961879200.0,113560000.0,49890000.0,47.31482715,43.17469254,3.08496363,0.31279036,-87.30599962,5.84021722
2019-01-10,19.28,0.0,2189436800.0,961879200.0,113560000.0,49890000.0,47.31482715,43.17469254,3.08496363,0.31279036,-87.30599962,5.84021722
2019-01-11,20.09,4.201244813278,2281420400.0,1002290100.0,113560000.0,49890000.0,49.30263888,44.98856708,3.2145705,0.32593145,-90.9739384,6.08557904
2019-01-14,19.89,-0.995520159283,2258708400.0,992312100.0,113560000.0,49890000.0,48.81182117,44.54069682,3.1825688,0.32268673,-90.0682745,6.02499587
2019-01-15,21.03,5.731523378582,2388166800.0,1049186700.0,113560000.0,49890000.0,51.60948211,47.09355727,3.36497848,0.3411816,-95.23055871,6.37031992
2019-01-16,19.49,-7.322872087494,2213284400.0,972356100.0,113560000.0,49890000.0,47.83018575,43.64495631,3.11856541,0.31619731,-88.25694671,5.90382954
2019-01-17,19.45,-0.205233453053,2208742000.0,970360500.0,113560000.0,49890000.0,47.73202221,43.55538226,3.11216507,0.31554836,-88.07581393,5.89171291
2019-01-18,19.15,-1.542416452442,2174674000.0,955393500.0,113560000.0,49890000.0,46.99579564,42.88357688,3.06416252,0.31068129,-86.71731808,5.80083816
2019-01-21,19.43,1.462140992167,2206470800.0,969362700.0,113560000.0,49890000.0,47.68294044,43.51059524,3.1089649,0.31522389,-87.98524754,5.88565459
2019-01-22,19.3,-0.669068450849,2191708000.0,962877000.0,113560000.0,49890000.0,47.36390892,43.21947957,3.08816379,0.31311483,-87.39656601,5.84627553
2019-01-23,19.13,-0.880829015544,2172402800.0,954395700.0,113560000.0,49890000.0,46.94671387,42.83878985,3.06096235,0.31035682,-86.62675169,5.79477984
2019-01-24,18.88,-1.306847882906,2144012800.0,941923200.0,113560000.0,49890000.0,46.33319174,42.27895204,3.02096023,0.30630093,-85.49467182,5.71905088
2019-01-25,18.89,0.052966101695,2145148400.0,942422100.0,113560000.0,49890000.0,46.35773262,42.30134555,3.02256032,0.30646317,-85.53995502,5.72208004
2019-01-28,18.67,-1.164637374272,2120165200.0,931446300.0,113560000.0,49890000.0,45.81783314,41.80868827,2.98735845,0.30289398,-84.54372473,5.65543856
2019-01-29,18.67,0.0,2120165200.0,931446300.0,113560000.0,49890000.0,45.81783314,41.80868827,2.98735845,0.30289398,-84.54372473,5.65543856
2019-01-30,17.66,-5.409748259239,2005469600.0,881057400.0,113560000.0,49890000.0,43.33920371,39.54694348,2.82574988,0.28650818,-79.97012206,5.34949357
2019-01-31,17.79,0.736126840317,2020232400.0,887543100.0,113560000.0,49890000.0,43.65823522,39.83805915,2.84655098,0.28861724,-80.55880359,5.38887263
2019-02-01,17.94,0.843170320405,2037266400.0,895026600.0,113560000.0,49890000.0,44.0263485,40.17396184,2.87055225,0.29105078,-81.23805151,5.43431
2019-02-11,18.59,3.623188405797,2111080400.0,927455100.0,113560000.0,49890000.0,45.62150606,41.62954017,2.97455777,0.3015961,-84.18145917,5.63120529
2019-02-12,18.79,1.075847229693,2133792400.0,937433100.0,113560000.0,49890000.0,46.11232377,42.07741042,3.00655947,0.30484081,-85.08712307,5.69178846
2019-02-13,18.88,0.478978179883,2144012800.0,941923200.0,113560000.0,49890000.0,46.33319174,42.27895204,3.02096023,0.30630093,-85.49467182,5.71905088
2019-02-14,18.6,-1.483050847458,2112216000.0,927954000.0,113560000.0,49890000.0,45.64604694,41.65193368,2.97615785,0.30175833,-84.22674237,5.63423445
2019-02-15,18.75,0.806451612903,2129250000.0,935437500.0,113560000.0,49890000.0,46.01416022,41.98783637,3.00015913,0.30419187,-84.90599029,5.67967183
2019-02-18,19.3,2.933333333333,2191708000.0,962877000.0,113560000.0,49890000.0,47.36390892,43.21947957,3.08816379,0.31311483,-87.39656601,5.84627553
2019-02-19,19.18,-0.621761658031,2178080800.0,956890200.0,113560000.0,49890000.0,47.0694183,42.95075742,3.06896278,0.311168,-86.85316767,5.80992563
2019-02-20,19.64,2.398331595412,2230318400.0,979839600.0,113560000.0,49890000.0,48.19829903,43.980859,3.14256668,0.31863084,-88.93619463,5.94926692
2019-02-21,19.6,-0.20366598778,2225776000.0,977844000.0,113560000.0,49890000.0,48.10013549,43.89128495,3.13616634,0.3179819,-88.75506185,5.93715028
2019-02-22,21.56,10.0,2448353600.0,1075628400.0,113560000.0,49890000.0,52.91014904,48.28041345,3.44978297,0.34978009,-97.63056804,6.53086531
2019-02-25,23.72,10.018552875696,2693643200.0,1183390800.0,113560000.0,49890000.0,58.21098029,53.1174122,3.79540131,0.38482299,-107.41173812,7.1851635
2019-02-26,24.49,3.246205733558,2781084400.0,1221806100.0,113560000.0,49890000.0,60.10062847,54.84171268,3.91860784,0.39731514,-110.89854412,7.41840869
2019-02-27,24.5,0.040832993058,2782220000.0,1222305000.0,113560000.0,49890000.0,60.12516936,54.86410619,3.92020793,0.39747737,-110.94382731,7.42143785
2019-02-28,24.79,1.183673469388,2815152400.0,1236773100.0,113560000.0,49890000.0,60.83685504,55.51351806,3.96661039,0.40218221,-112.25703996,7.50928344
2019-03-01,24.25,-2.178297700686,2753830000.0,1209832500.0,113560000.0,49890000.0,59.51164722,54.30426837,3.8802058,0.39342148,-109.81174744,7.34570889
2019-03-04,26.22,8.123711340206,2977543200.0,1308115800.0,113560000.0,49890000.0,64.34620166,58.71579038,4.19542252,0.42538191,-118.73253682,7.94245308
2019-03-05,26.12,-0.381388253242,2966187200.0,1303126800.0,113560000.0,49890000.0,64.1007928,58.49185525,4.17942167,0.42375955,-118.27970487,7.9121615
2019-03-06,26.16,0.153139356815,2970729600.0,1305122400.0,113560000.0,49890000.0,64.19895635,58.5814293,4.18582201,0.42440849,-118.46083765,7.92427813
2019-03-07,26.25,0.344036697248,2980950000.0,1309612500.0,113560000.0,49890000.0,64.41982431,58.78297092,4.20022278,0.42586862,-118.86838641,7.95154056
2019-03-08,23.63,-9.980952380952,2683422800.0,1178900700.0,113560000.0,49890000.0,57.99011233,52.91587058,3.78100054,0.38336287,-107.00418936,7.15790108
2019-03-11,25.73,8.887008040626,2921898800.0,1283669700.0,113560000.0,49890000.0,63.14369827,57.61850826,4.11701836,0.41743236,-116.51366028,7.79402432
2019-03-12,28.3,9.988340458609,3213748000.0,1411887000.0,113560000.0,49890000.0,69.45070583,63.37364103,4.52824018,0.45912693,-128.15144135,8.57251801
2019-03-13,26.9,-4.946996466431,3054764000.0,1342041000.0,113560000.0,49890000.0,66.01498187,60.23854924,4.30422829,0.43641393,-121.81179407,8.14843585
2019-03-14,24.73,-8.066914498141,2808338800.0,1233779700.0,113560000.0,49890000.0,60.68960973,55.37915698,3.95700988,0.40120879,-111.98534079,7.49110849
2019-03-15,25.12,1.577031945006,2852627200.0,1253236800.0,113560000.0,49890000.0,61.64670426,56.25250398,4.01941319,0.40753599,-113.75138539,7.60924567
2019-03-18,25.25,0.517515923567,2867390000.0,1259722500.0,113560000.0,49890000.0,61.96573577,56.54361964,4.04021429,0.40964505,-114.34006693,7.64862473
2019-03-19,25.24,-0.039603960396,2866254400.0,1259223600.0,113560000.0,49890000.0,61.94119488,56.52122613,4.03861421,0.40948281,-114.29478373,7.64559557
2019-03-20,25.01,-0.911251980983,2840135600.0,1247748900.0,113560000.0,49890000.0,61.37675452,56.00617534,4.00181225,0.40575139,-113.25327025,7.57592493
2019-03-21,25.58,2.279088364654,2904864800.0,1276186200.0,113560000.0,49890000.0,62.77558499,57.28260556,4.09301709,0.41499883,-115.83441235,7.74858695
2019-03-22,25.63,0.195465207193,2910542800.0,1278680700.0,113560000.0,49890000.0,62.89828942,57.39457313,4.10101752,0.41581,-116.06082833,7.76373274
2019-03-25,25.31,-1.248536870854,2874203600.0,1262715900.0,113560000.0,49890000.0,62.11298108,56.67798072,4.0498148,0.41061846,-114.61176609,7.66679968
2019-03-26,25.75,1.738443303042,2924170000.0,1284667500.0,113560000.0,49890000.0,63.19278004,57.66329528,4.12021853,0.41775683,-116.60422667,7.80008264
2019-03-27,27.08,5.165048543689,3075204800.0,1351021200.0,113560000.0,49890000.0,66.45671781,60.64163247,4.33302982,0.43933418,-122.62689158,8.2029607
2019-03-28,25.61,-5.428360413589,2908271600.0,1277682900.0,113560000.0,49890000.0,62.84920765,57.3497861,4.09781735,0.41548553,-115.97026194,7.75767442
2019-03-29,25.74,0.507614213198,2923034400.0,1284168600.0,113560000.0,49890000.0,57.64090177,57.64090177,4.11861845,0.4175946,-202.01014062,7.16510405
2019-04-01,26.83,4.234654234654,3046814800.0,1338548700.0,113560000.0,49890000.0,60.08179466,60.08179466,4.2379457,0.43527828,-210.56457159,7.46852144
2019-04-02,28.43,5.963473723444,3228510800.0,1418372700.0,113560000.0,49890000.0,63.66475669,63.66475669,4.49067448,0.46123599,-223.12153449,7.91390475
2019-04-03,28.42,-0.035174111854,3227375200.0,1417873800.0,113560000.0,49890000.0,63.64236318,63.64236318,4.48909492,0.46107375,-223.04305347,7.9111211
2019-04-04,28.58,0.562983814215,3245544800.0,1425856200.0,113560000.0,49890000.0,64.00065938,64.00065938,4.5143678,0.46366952,-224.29874976,7.95565944
2019-04-08,29.46,3.079076277117,3345477600.0,1469759400.0,113560000.0,49890000.0,65.9712885,65.9712885,4.65336863,0.47794626,-231.20507936,8.20062026
2019-04-09,29.01,-1.52749490835,3294375600.0,1447308900.0,113560000.0,49890000.0,64.96358043,64.96358043,4.58228866,0.47064566,-227.67343354,8.0753562
2019-04-10,28.33,-2.344019303688,3217154800.0,1413383700.0,113560000.0,49890000.0,63.44082157,63.44082157,4.47487893,0.45961363,-222.33672431,7.88606829
2019-04-11,28.07,-0.917755030004,3544126480.65,1400412300.0,126260295.0,49890000.0,69.8885536,69.8885536,4.9296779,0.50632591,-244.93365139,8.68755941
2019-04-12,27.36,-2.529390808693,3454481671.2,1364990400.0,126260295.0,49890000.0,68.12079894,68.12079894,4.80498708,0.49351895,-238.73832212,8.46781708
2019-04-15,26.59,-2.81432748538,3357261244.05,1326575100.0,126260295.0,49890000.0,66.20365658,66.20365658,4.669759,0.47962971,-232.01944391,8.22950498
2019-04-16,27.33,2.783001128244,3450693862.35,1363493700.0,126260295.0,49890000.0,68.04610509,68.04610509,4.79971845,0.49297781,-238.47654765,8.4585322
2019-04-17,26.67,-2.414928649835,3367362067.65,1330566300.0,126260295.0,49890000.0,66.4028402,66.4028402,4.68380867,0.48107275,-232.71750918,8.25426468
2019-04-18,26.53,-0.524934383202,3349685626.35,1323581700.0,126260295.0,49890000.0,66.05426886,66.05426886,4.65922175,0.47854744,-231.49589495,8.21093521
2019-04-19,25.87,-2.487749717301,3266353831.65,1290654300.0,126260295.0,49890000.0,64.41100397,64.41100397,4.54331198,0.46664237,-225.73685648,8.00666769
2019-04-22,24.76,-4.290684190182,3126204904.2,1235276400.0,126260295.0,49890000.0,61.64733121,61.64733121,4.34837281,0.44662022,-216.05120087,7.66312686
2019-04-23,24.5,-1.050080775444,3093377227.5,1222305000.0,126260295.0,49890000.0,60.99998443,60.99998443,4.30271138,0.44193035,-213.78248874,7.58265784
2019-04-24,24.32,-0.734693877551,3070650374.4,1213324800.0,126260295.0,49890000.0,60.55182128,60.55182128,4.27109962,0.43868351,-212.21184189,7.52694852
2019-04-25,22.27,-8.429276315789,2811816769.65,1111050300.0,126260295.0,49890000.0,55.44774095,55.44774095,3.91107683,0.40170567,-194.32391936,6.89248123
2019-04-26,23.14,3.906600808262,2921663226.3,1154454600.0,126260295.0,49890000.0,53.88744797,57.61386285,4.06386699,0.41739871,-72.88523936,6.81718148
2019-04-29,22.58,-2.420051858254,2850957461.1,1126516200.0,126260295.0,49890000.0,52.58334378,56.21957749,3.9655193,0.40729744,-71.12137877,6.65220216
2019-04-30,21.97,-2.701505757307,2773938681.15,1096083300.0,126260295.0,49890000.0,51.16280172,54.70080237,3.85839057,0.39629428,-69.20003063,6.47249253
2019-05-06,20.1,-8.511606736459,2537831929.5,1002789000.0,126260295.0,49890000.0,46.80802525,50.04488519,3.52997954,0.36256327,-63.30999616,5.92157942
2019-05-07,20.85,3.731343283582,2632527150.75,1040206500.0,126260295.0,49890000.0,48.55459335,51.91223165,3.66169519,0.37609175,-65.67230945,6.14253388
2019-05-08,21.21,1.726618705036,2677980856.95,1058166900.0,126260295.0,49890000.0,49.39294604,52.80855795,3.72491871,0.38258542,-66.80621983,6.24859202
2019-05-09,20.35,-4.054691183404,2569397003.25,1015261500.0,126260295.0,49890000.0,47.39021461,50.66733401,3.57388476,0.36707276,-64.09743392,5.99523091
2019-05-10,21.25,4.422604422604,2683031268.75,1060162500.0,126260295.0,49890000.0,49.48609634,52.90814976,3.73194354,0.38330694,-66.93220987,6.26037626
2019-05-13,21.69,2.070588235294,2738585798.55,1082114100.0,126260295.0,49890000.0,50.51074963,54.00365969,3.80921673,0.39124364,-68.31810033,6.39000287
2019-05-14,20.3,-6.408483171969,2563083988.5,1012767000.0,126260295.0,49890000.0,47.27377674,50.54284425,3.56510371,0.36617086,-63.93994637,5.98050061
2019-05-15,20.49,0.935960591133,2587073444.55,1022246100.0,126260295.0,49890000.0,47.71624066,51.01590535,3.59847168,0.36959808,-64.53839907,6.03647574
2019-05-16,20.44,-0.24402147389,2580760429.8,1019751600.0,126260295.0,49890000.0,47.59980279,50.89141559,3.58969064,0.36869618,-64.38091152,6.02174544
2019-05-17,19.0,-7.045009784736,2398945605.0,947910000.0,126260295.0,49890000.0,44.24639202,47.30611038,3.33679658,0.3427215,-59.84527,5.59751289
2019-05-20,19.65,3.421052631579,2481014796.75,980338500.0,126260295.0,49890000.0,45.76008438,48.92447731,3.45095015,0.35444618,-61.89260819,5.78900675
2019-05-21,20.33,3.460559796438,2566871797.35,1014263700.0,126260295.0,49890000.0,47.34363946,50.6175381,3.57037234,0.366712,-64.0344389,5.98933879
2019-05-22,20.38,0.245941957698,2573184812.1,1016758200.0,126260295.0,49890000.0,47.46007734,50.74202787,3.57915338,0.3676139,-64.19192645,6.00406909
2019-05-23,19.6,-3.827281648675,2474701782.0,977844000.0,126260295.0,49890000.0,45.64364651,48.79998755,3.4421691,0.35354428,-61.73512063,5.77427645
2019-05-24,19.39,-1.071428571429,2448187120.05,967367100.0,126260295.0,49890000.0,45.15460744,48.27713054,3.40528872,0.34975631,-61.07367291,5.7124092
2019-05-27,20.14,3.867973182053,2542882341.3,1004784600.0,126260295.0,49890000.0,46.90117554,50.144477,3.53700438,0.36328479,-63.4359862,5.93336366
2019-05-28,20.35,1.042701092354,2569397003.25,1015261500.0,126260295.0,49890000.0,47.39021461,50.66733401,3.57388476,0.36707276,-64.09743392,5.99523091
2019-05-29,20.38,0.14742014742,2573184812.1,1016758200.0,126260295.0,49890000.0,47.46007734,50.74202787,3.57915338,0.3676139,-64.19192645,6.00406909
2019-05-30,19.82,-2.747791952895,2502479046.9,988819800.0,126260295.0,49890000.0,46.15597315,49.34774251,3.4808057,0.35751263,-62.42806586,5.83908976
2019-05-31,19.92,0.50454086781,2515105076.4,993808800.0,126260295.0,49890000.0,46.3888489,49.59672204,3.49836778,0.35931643,-62.74304097,5.86855035
2019-06-03,19.4,-2.610441767068,2449449723.0,967866000.0,126260295.0,49890000.0,45.17789501,48.30202849,3.40704493,0.34993669,-61.10517042,5.71535526
2019-06-04,19.2,-1.030927835052,2424197664.0,957888000.0,126260295.0,49890000.0,44.71214352,47.80406943,3.37192075,0.34632909,-60.47522021,5.65643408
2019-06-05,19.31,0.572916666667,2438086296.45,963375900.0,126260295.0,49890000.0,44.96830684,48.07794692,3.39123905,0.34831327,-60.82169283,5.68884073
2019-06-06,18.49,-4.246504401864,2334552854.55,922466100.0,126260295.0,49890000.0,43.05872571,46.03631478,3.24722994,0.33352213,-58.23889696,5.44726386
2019-06-10,18.75,1.406165494862,2367380531.25,935437500.0,126260295.0,49890000.0,43.66420265,46.68366156,3.29289136,0.338212,-59.05783224,5.5238614
2019-06-11,19.95,6.4,2518892885.25,995305500.0,126260295.0,49890000.0,46.45871162,49.6714159,3.50363641,0.35985757,-62.8375335,5.87738853
2019-06-12,19.82,-0.452034153692,2502479046.9,988819800.0,126260295.0,49890000.0,46.15597315,49.34774251,3.4808057,0.35751263,-62.42806586,5.83908976
2019-06-13,19.88,0.302724520686,2510054664.6,991813200.0,126260295.0,49890000.0,46.2956986,49.49713023,3.49134295,0.35859491,-62.61705093,5.85676612
2019-06-14,19.27,-3.068410462777,2433035884.65,961380300.0,126260295.0,49890000.0,44.87515654,47.9783551,3.38421422,0.34759175,-60.69570279,5.67705649
2019-06-17,18.76,-2.646600934094,2368643134.2,935936400.0,126260295.0,49890000.0,43.68749023,46.70855951,3.29464757,0.33839238,-59.08932975,5.52680746
2019-06-18,19.55,4.211087420043,2468388767.25,975349500.0,126260295.0,49890000.0,45.52720863,48.67549778,3.43338806,0.35264238,-61.57763308,5.75954615
2019-06-19,19.45,-0.511508951407,2455762737.75,970360500.0,126260295.0,49890000.0,45.29433289,48.42651826,3.41582597,0.35083858,-61.26265797,5.73008556
2019-06-20,20.08,3.239074550129,2535306723.6,1001791200.0,126260295.0,49890000.0,46.7614501,49.99508928,3.52646712,0.36220251,-63.24700114,5.9156873
2019-06-21,20.58,2.490039840637,2598436871.1,1026736200.0,126260295.0,49890000.0,47.92582883,51.23998693,3.61427756,0.37122149,-64.82187666,6.06299027
2019-06-24,20.93,1.700680272109,2642627974.35,1044197700.0,126260295.0,49890000.0,48.74089395,52.11141527,3.67574486,0.37753478,-65.92428953,6.16610235
2019-06-25,20.22,-3.392259913999,2552983164.9,1008775800.0,126260295.0,49890000.0,47.08747614,50.34366062,3.55105404,0.36472782,-63.68796629,5.95693214
2019-06-26,20.18,-0.197823936696,2547932753.1,1006780200.0,126260295.0,49890000.0,46.99432584,50.24406881,3.54402921,0.3640063,-63.56197624,5.9451479
2019-06-27,20.2,0.09910802775,2550457959.0,1007778000.0,126260295.0,49890000.0,47.04090099,50.29386472,3.54754163,0.36436706,-63.62497126,5.95104002
2019-06-28,19.95,-1.237623762376,2518892885.25,995305500.0,126260295.0,49890000.0,46.45871162,49.6714159,3.50363641,0.35985757,-62.8375335,5.87738853
2019-07-01,20.58,3.157894736842,2598436871.1,1026736200.0,126260295.0,49890000.0,47.92582883,51.23998693,2.74302815,0.37122149,-64.82187666,6.06299027
2019-07-02,20.44,-0.680272108844,2580760429.8,1019751600.0,126260295.0,49890000.0,47.59980279,50.89141559,2.7243681,0.36869618,-64.38091152,6.02174544
2019-07-03,20.1,-1.663405088063,2537831929.5,1002789000.0,126260295.0,49890000.0,46.80802525,50.04488519,2.67905082,0.36256327,-63.30999616,5.92157942
2019-07-04,20.15,0.248756218905,2544144944.25,1005283500.0,126260295.0,49890000.0,46.92446312,50.16937495,2.68571513,0.36346517,-63.46748371,5.93630972
2019-07-05,20.33,0.893300248139,2566871797.35,1014263700.0,126260295.0,49890000.0,47.34363946,50.6175381,2.70970663,0.366712,-64.0344389,5.98933879
2019-07-08,19.34,-4.86965076242,2441874105.3,964872600.0,126260295.0,49890000.0,45.03816956,48.15264077,2.57775338,0.34885441,-60.91618536,5.69767891
2019-07-09,19.9,2.895553257497,2512579870.5,992811000.0,126260295.0,49890000.0,46.34227375,49.54692613,2.6523936,0.35895567,-62.68004595,5.86265823
2019-07-10,20.41,2.562814070352,2576972620.95,1018254900.0,126260295.0,49890000.0,47.52994006,50.81672173,2.72036952,0.36815504,-64.28641899,6.01290726
2019-07-11,20.41,0.0,2576972620.95,1018254900.0,126260295.0,49890000.0,47.52994006,50.81672173,2.72036952,0.36815504,-64.28641899,6.01290726
2019-07-12,20.17,-1.175894169525,2546670150.15,1006281300.0,126260295.0,49890000.0,46.97103827,50.21917086,2.68838085,0.36382592,-63.53047873,5.94220184
2019-07-15,20.82,3.222607833416,2628739341.9,1038709800.0,126260295.0,49890000.0,48.48473063,51.83753779,2.77501682,0.37555061,-65.57781692,6.1336957
2019-07-16,20.6,-1.056676272815,2600962077.0,1027734000.0,126260295.0,49890000.0,47.97240398,51.28978283,2.74569388,0.37158225,-64.88487169,6.06888239
2019-07-17,20.65,0.242718446602,2607275091.75,1030228500.0,126260295.0,49890000.0,48.08884186,51.4142726,2.75235818,0.37248415,-65.04235924,6.08361269
2019-07-18,20.07,-2.808716707022,2534044120.65,1001292300.0,126260295.0,49890000.0,46.73816252,49.97019133,2.67505224,0.36202213,-63.21550363,5.91274124
2019-07-19,21.08,5.032386646736,2661567018.6,1051681200.0,126260295.0,49890000.0,49.09020757,52.48488457,2.80967121,0.38024048,-66.39675219,6.21029325
2019-07-22,20.02,-5.028462998102,2527731105.9,998797800.0,126260295.0,49890000.0,46.62172465,49.84570157,2.66838793,0.36112023,-63.05801607,5.89801095
2019-07-23,20.17,0.749250749251,2546670150.15,1006281300.0,126260295.0,49890000.0,46.97103827,50.21917086,2.68838085,0.36382592,-63.53047873,5.94220184
2019-07-24,20.72,2.72682201289,2616113312.4,1033720800.0,126260295.0,49890000.0,48.25185488,51.58855826,2.76168821,0.37374681,-65.26284181,6.10423511
2019-07-25,20.78,0.289575289575,2623688930.1,1036714200.0,126260295.0,49890000.0,48.39158033,51.73794598,2.76968538,0.37482909,-65.45182687,6.12191146
2019-07-26,21.97,5.726660250241,2773938681.15,1096083300.0,126260295.0,49890000.0,51.16280172,54.70080237,2.92829585,0.39629428,-69.20003063,6.47249253
2019-07-29,22.44,2.139280837506,2833281019.8,1119531600.0,126260295.0,49890000.0,52.25731774,55.87100615,2.99094032,0.40477212,-70.68041362,6.61095733
2019-07-30,23.38,4.188948306595,2951965697.1,1166428200.0,126260295.0,49890000.0,54.44634976,58.21141372,3.11622926,0.42172782,-73.64117961,6.88788691
2019-07-31,23.05,-1.411462788708,2910299799.75,1149964500.0,126260295.0,49890000.0,53.6778598,57.38978127,3.07224485,0.41577529,-72.60176176,6.79066695
2019-08-01,23.25,0.867678958785,2935551858.75,1159942500.0,126260295.0,49890000.0,54.14361129,57.88774033,3.09890207,0.41938288,-73.23171197,6.84958814
2019-08-02,22.96,-1.247311827957,2898936373.2,1145474400.0,126260295.0,49890000.0,53.46827162,57.1656997,3.0602491,0.41415187,-72.31828417,6.76415241
2019-08-05,22.47,-2.134146341463,2837068828.65,1121028300.0,126260295.0,49890000.0,52.32718046,55.94570001,2.9949389,0.40531326,-70.77490615,6.6197955
2019-08-06,22.24,-1.023587004895,2808028960.8,1109553600.0,126260295.0,49890000.0,51.79156624,55.3730471,2.9642831,0.40116453,-70.05046341,6.55203614
2019-08-07,21.59,-2.922661870504,2725959769.05,1077125100.0,126260295.0,49890000.0,50.27787388,53.75468016,2.87764713,0.38943985,-68.00312523,6.36054228
2019-08-08,21.89,1.389532190829,2763837857.55,1092092100.0,126260295.0,49890000.0,50.97650113,54.50161875,2.91763296,0.39485124,-68.94805054,6.44892406
2019-08-09,21.24,-2.969392416629,2681768665.8,1059663600.0,126260295.0,49890000.0,49.46280877,52.88325181,2.83099699,0.38312656,-66.90071236,6.2574302
2019-08-12,21.46,1.035781544256,2709545930.7,1070639400.0,126260295.0,49890000.0,49.97513541,53.43100677,2.86031993,0.38709491,-67.59365759,6.3222435
2019-08-13,22.1,2.982292637465,2790352519.5,1102569000.0,126260295.0,49890000.0,51.4655402,55.02447576,2.94562304,0.39863921,-69.60949826,6.51079131
2019-08-14,22.55,2.036199095023,2847169652.25,1125019500.0,126260295.0,49890000.0,52.51348106,56.14488363,3.00560179,0.4067563,-71.02688624,6.64336398
2019-08-15,23.07,2.305986696231,2912825005.65,1150962300.0,126260295.0,49890000.0,53.72443495,57.43957718,3.07491057,0.41613605,-72.66475679,6.79655907
2019-08-16,22.86,-0.910273081925,2886310343.7,1140485400.0,126260295.0,49890000.0,53.23539588,56.91672017,3.04692049,0.41234807,-72.00330906,6.73469182
2019-08-19,24.68,7.961504811899,3116104080.6,1231285200.0,126260295.0,49890000.0,57.47373448,61.44814759,3.28950121,0.44517718,-77.73585598,7.27087463
2019-08-20,25.6,3.727714748784,3232263552.0,1277184000.0,126260295.0,49890000.0,59.61619136,63.73875925,3.41212443,0.46177212,-80.63362695,7.5419121
2019-08-21,25.15,-1.7578125,3175446419.25,1254733500.0,126260295.0,49890000.0,58.56825049,62.61835137,3.35214568,0.45365503,-79.21623898,7.40933943
2019-08-22,24.22,-3.697813121272,3058024344.9,1208335800.0,126260295.0,49890000.0,56.40250604,60.30284176,3.2281896,0.43687972,-76.2869705,7.1353559
2019-08-23,24.38,0.660611065235,3078225992.1,1216318200.0,126260295.0,49890000.0,56.77510724,60.701209,3.24951537,0.43976579,-76.79093066,7.18249285
2019-08-26,23.76,-2.543068088597,2999944609.2,1185386400.0,126260295.0,49890000.0,55.3312776,59.15753593,3.16687799,0.42858225,-74.83808501,6.99983717
2019-08-27,23.83,0.294612794613,3008782829.85,1188878700.0,126260295.0,49890000.0,55.49429063,59.3318216,3.17620801,0.42984491,-75.05856759,7.02045958
2019-08-28,23.8,-0.12589173311,3004995021.0,1187382000.0,126260295.0,49890000.0,55.4244279,59.25712774,3.17220943,0.42930377,-74.96407505,7.01162141
2019-08-29,23.92,0.504201680672,3020146256.4,1193368800.0,126260295.0,49890000.0,55.7038788,59.55590317,3.18820376,0.43146833,-75.34204518,7.04697412
2019-08-30,23.12,-3.344481605351,2919138020.4,1153456800.0,126260295.0,49890000.0,53.84087282,57.56406694,3.08157488,0.41703795,-72.82224434,6.81128937
2019-09-02,24.55,6.185121107266,3099690242.25,1224799500.0,126260295.0,49890000.0,44.15778729,61.1244742,3.27217401,0.44283225,-473.56106561,5.71369267
2019-09-03,25.55,4.073319755601,3225950537.25,1274689500.0,126260295.0,49890000.0,45.95647517,63.61426948,3.40546012,0.46087022,-492.85072205,5.94642965
2019-09-04,25.01,-2.113502935421,3157769977.95,1247748900.0,126260295.0,49890000.0,44.98518372,62.26978003,3.33348562,0.45112972,-482.43430758,5.82075168
2019-09-05,26.65,6.55737704918,3364836861.75,1329568500.0,126260295.0,49890000.0,47.93503183,66.35304429,3.55207485,0.48071199,-514.06934414,6.20244032
2019-09-06,26.42,-0.863039399625,3335796993.9,1318093800.0,126260295.0,49890000.0,47.52133362,65.78039138,3.52141904,0.47656326,-509.63272316,6.14891081
2019-09-09,28.7,8.629825889478,3623670466.5,1431843000.0,126260295.0,49890000.0,51.62234197,71.45712462,3.82531137,0.51768984,-553.61313984,6.67955111
2019-09-10,28.65,-0.174216027875,3617357451.75,1429348500.0,126260295.0,49890000.0,51.53240758,71.33263486,3.81864707,0.51678794,-552.64865702,6.66791426
2019-09-11,26.81,-6.422338568935,3385038508.95,1337550900.0,126260295.0,49890000.0,48.22282189,66.75141154,3.57340062,0.48359807,-517.15568917,6.23967823
2019-09-12,28.01,4.475941812756,3536550862.95,1397418900.0,126260295.0,49890000.0,50.38124734,69.73916588,3.73334396,0.50524364,-540.3032769,6.5189626
2019-09-16,27.97,-0.142806140664,3531500451.15,1395423300.0,126260295.0,49890000.0,50.30929982,69.63957407,3.72801251,0.50452212,-539.53169064,6.50965312
2019-09-17,28.45,1.71612441902,3592105392.75,1419370500.0,126260295.0,49890000.0,51.17267,70.8346758,3.79198984,0.51318034,-548.79072573,6.62136687
2019-09-18,27.8,-2.284710017575,3510036201.0,1386942000.0,126260295.0,49890000.0,50.00352288,69.21630887,3.70535387,0.50145566,-536.25244904,6.47008783
2019-09-19,27.24,-2.014388489209,3439330435.8,1359003600.0,126260295.0,49890000.0,48.99625767,67.82202351,3.63071365,0.4913544,-525.45024144,6.33975513
2019-09-20,26.7,-1.982378854626,3371149876.5,1332063000.0,126260295.0,49890000.0,48.02496622,66.47753406,3.55873915,0.48161389,-515.03382696,6.21407716
2019-09-23,26.73,0.112359550562,3374937685.35,1333559700.0,126260295.0,49890000.0,48.07892686,66.55222792,3.56273773,0.48215503,-515.61251665,6.22105927
2019-09-24,26.33,-1.49644594089,3324433567.35,1313603700.0,126260295.0,49890000.0,47.35945171,65.5563098,3.50942329,0.47493984,-507.89665408,6.12796448
2019-09-25,26.5,0.645651348272,3345897817.5,1322085000.0,126260295.0,49890000.0,47.66522865,65.979575,3.53208193,0.4780063,-511.17589567,6.16752977
2019-09-26,25.47,-3.88679245283,3215849713.65,1270698300.0,126260295.0,49890000.0,45.81258014,63.41508586,3.39479724,0.45942718,-491.30754954,5.92781069
2019-09-27,26.35,3.455045151158,3326958773.25,1314601500.0,126260295.0,49890000.0,47.39542547,65.60610571,3.51208901,0.4753006,-508.28244721,6.13261922
2019-09-30,26.35,0.0,3326958773.25,1314601500.0,126260295.0,49890000.0,47.39542547,65.60610571,3.42571692,0.4753006,-508.28244721,6.13261922
2019-10-08,25.18,-4.440227703985,3179234228.1,1256230200.0,126260295.0,49890000.0,45.29096065,62.69304523,3.27360729,0.45419617,-485.71354917,5.86031697
2019-10-09,26.95,7.029388403495,3402714950.25,1344535500.0,126260295.0,49890000.0,48.47463819,67.09998288,3.50372186,0.48612338,-519.85624107,6.27226141
2019-10-10,26.9,-0.185528756957,3396401935.5,1342041000.0,126260295.0,49890000.0,48.3847038,66.97549311,3.49722145,0.48522149,-518.89175825,6.26062456
2019-10-11,26.03,-3.234200743494,3286555478.85,1298636700.0,126260295.0,49890000.0,46.81984535,64.80937122,3.38411429,0.46952845,-502.10975714,6.05814339
2019-10-14,26.42,1.498271225509,3335796993.9,1318093800.0,126260295.0,49890000.0,47.52133362,65.78039138,3.4348175,0.47656326,-509.63272316,6.14891081
2019-10-15,25.87,-2.081756245269,3266353831.65,1290654300.0,126260295.0,49890000.0,46.53205529,64.41100397,3.36331297,0.46664237,-499.02341211,6.02090548
2019-10-16,24.9,-3.749516814843,3143881345.5,1242261000.0,126260295.0,49890000.0,44.78732805,61.99590255,3.23720499,0.44914554,-480.31244537,5.79515061
2019-10-17,25.61,2.85140562249,3233526154.95,1277682900.0,126260295.0,49890000.0,46.06439644,63.7636572,3.32951083,0.4619525,-494.00810144,5.96039386
2019-10-18,24.73,-3.436157750879,3122417095.35,1233779700.0,126260295.0,49890000.0,44.48155111,61.57263735,3.21510359,0.44607908,-477.03320377,5.75558533
2019-10-21,25.32,2.385766275778,3196910669.4,2875339200.0,126260295.0,113560000.0,45.54277696,63.04161657,3.29180844,0.45672149,-488.41410107,5.89290014
2019-10-22,24.8,-2.053712480253,3131255316.0,2816288000.0,126260295.0,113560000.0,44.60745926,61.74692302,3.22420416,0.44734174,-478.38347972,5.77187692
2019-10-23,24.76,-0.161290322581,3126204904.2,2811745600.0,126260295.0,113560000.0,44.53551175,61.64733121,3.21900383,0.44662022,-477.61189347,5.76256744
2019-10-24,24.55,-0.848142164782,3099690242.25,2787898000.0,126260295.0,113560000.0,44.15778729,61.1244742,3.1917021,0.44283225,-473.56106561,5.71369267
2019-10-25,24.94,1.588594704684,3148931757.3,2832186400.0,126260295.0,113560000.0,44.85927556,62.09549436,3.24240531,0.44986706,-481.08403162,5.80446009
2019-10-28,25.27,1.323175621492,3190597654.65,2869661200.0,126260295.0,113560000.0,45.45284256,62.9171268,3.28530803,0.45581959,-487.44961825,5.88126329
2019-10-29,24.74,-2.097348634745,3123679698.3,2809474400.0,126260295.0,113560000.0,44.49953799,61.5975353,3.21640367,0.44625946,-477.22610034,5.7579127
2019-10-30,24.68,-0.242522231205,3116104080.6,2802660800.0,126260295.0,113560000.0,35.27195375,61.44814759,3.20860317,0.44517718,1167.27736244,4.72897669
2019-10-31,24.85,0.688816855754,3137568330.75,2821966000.0,126260295.0,113560000.0,35.51491291,61.87141278,3.23070457,0.44824364,1175.31776566,4.76155068
2019-11-01,24.88,0.120724346076,3141356139.6,2825372800.0,126260295.0,113560000.0,35.55778806,61.94610664,3.23460482,0.44878478,1176.73666035,4.76729903
2019-11-04,25.14,1.04501607717,3174183816.3,2854898400.0,126260295.0,113560000.0,35.92937266,62.59345342,3.26840696,0.45347465,1189.03374764,4.81711807
2019-11-05,24.8,-1.352426412092,3131255316.0,2816288000.0,126260295.0,113560000.0,35.44345433,61.74692302,3.22420416,0.44734174,1172.95294119,4.75197009
2019-11-06,25.46,2.661290322581,3214587110.7,2891237600.0,126260295.0,113560000.0,36.38670755,63.39018791,3.3100096,0.4592468,1204.1686243,4.87843381
2019-11-07,25.72,1.02120974077,3247414787.4,2920763200.0,126260295.0,113560000.0,36.75829215,64.03753468,3.34381174,0.46393668,1216.46571158,4.92825285
2019-11-08,25.7,-0.077760497667,3244889581.5,2918492000.0,126260295.0,113560000.0,36.72970872,63.98773877,3.34121157,0.46357592,1215.51978179,4.92442062
2019-11-11,24.32,-5.369649805447,3070650374.4,2761779200.0,126260295.0,113560000.0,34.75745199,60.55182128,3.16180021,0.43868351,1150.25062619,4.65999648
2019-11-12,24.31,-0.041118421053,3069387771.45,2760643600.0,126260295.0,113560000.0,34.74316027,60.52692333,3.16050013,0.43850313,1149.7776613,4.65808036
2019-11-13,23.78,-2.180172768408,3002469815.1,2700456800.0,126260295.0,113560000.0,33.98569936,59.20733183,3.09159577,0.42894301,1124.71052183,4.55652616
2019-11-14,23.55,-0.967199327166,2973429947.25,2674338000.0,126260295.0,113560000.0,33.6569899,58.63467892,3.06169387,0.42479427,1113.83232923,4.51245547
2019-11-15,23.0,-2.335456475584,2903986785.0,2611880000.0,126260295.0,113560000.0,32.87094555,57.26529151,2.99018934,0.41487339,1087.81925997,4.40706904
2019-11-18,23.29,1.260869565217,2940602270.55,2644812400.0,126260295.0,113560000.0,33.2854053,57.98733214,3.02789173,0.4201044,1101.53524194,4.46263643
2019-11-19,23.47,0.772863890082,2963329123.65,2665253200.0,126260295.0,113560000.0,33.54265618,58.43549529,3.05129321,0.42335124,1110.04861007,4.49712654
2019-11-20,23.05,-1.789518534299,2910299799.75,2617558000.0,126260295.0,113560000.0,32.94240413,57.38978127,2.99668976,0.41577529,1090.18408445,4.41664962
2019-11-21,23.69,2.776572668113,2991106388.55,2690236400.0,126260295.0,113560000.0,33.85707392,58.98325026,3.07989502,0.42731959,1120.45383777,4.53928111
2019-11-22,23.66,-0.126635711271,2987318579.7,2686829600.0,126260295.0,113560000.0,33.81419877,58.9085564,3.07599478,0.42677845,1119.03494308,4.53353276
2019-11-25,23.66,0.0,3292343299.7,2991854320.0,139152295.0,126452000.0,37.26684911,64.9235044,3.39007392,0.47035532,1233.29571276,4.99643604
2019-11-26,23.66,0.0,3292343299.7,2991854320.0,139152295.0,126452000.0,37.26684911,64.9235044,3.39007392,0.47035532,1233.29571276,4.99643604
2019-11-27,23.66,0.0,3292343299.7,2991854320.0,139152295.0,126452000.0,37.26684911,64.9235044,3.39007392,0.47035532,1233.29571276,4.99643604
2019-11-28,23.66,0.0,3292343299.7,2991854320.0,139152295.0,126452000.0,37.26684911,64.9235044,3.39007392,0.47035532,1233.29571276,4.99643604
2019-11-29,22.71,-4.015215553677,3160148619.45,2871724920.0,139152295.0,126452000.0,35.77050479,62.31668575,3.25395514,0.45146954,1183.77623148,4.79581836
2019-12-02,22.12,-2.59797446059,3078048765.4,2797118240.0,139152295.0,126452000.0,34.84119621,60.69771417,3.16941822,0.43974047,1153.02202731,4.67122422
2019-12-03,22.69,2.576853526221,3157365573.55,2869195880.0,139152295.0,126452000.0,35.7390028,62.26180536,3.25108948,0.45107194,1182.73371608,4.79159483
2019-12-04,23.5,3.569854561481,3270078932.5,2971622000.0,139152295.0,126452000.0,37.01483322,64.48446126,3.36714865,0.46717455,1224.9555896,4.9626478
2019-12-05,23.51,0.042553191489,3271470455.45,2972886520.0,139152295.0,126452000.0,37.03058422,64.51190145,3.36858148,0.46737335,1225.47684729,4.96475956
2019-12-06,23.59,0.340280731604,3282602639.05,2983002680.0,139152295.0,126452000.0,37.15659216,64.73142302,3.38004411,0.46896373,1229.64690887,4.98165368
2019-12-09,24.08,2.077151335312,3350787263.6,3044964160.0,139152295.0,126452000.0,37.92839081,66.07599264,3.45025274,0.47870482,1255.18853606,5.08513017
2019-12-10,23.84,-0.996677740864,3317390712.8,3014615680.0,139152295.0,126452000.0,37.55036698,65.41742793,3.41586484,0.47393368,1242.67835132,5.03444781
2019-12-11,23.84,0.0,3317390712.8,3014615680.0,139152295.0,126452000.0,37.55036698,65.41742793,3.41586484,0.47393368,1242.67835132,5.03444781
2019-12-12,24.35,2.139261744966,3388358383.25,3079106200.0,139152295.0,126452000.0,38.35366762,66.81687794,3.48893913,0.48407236,1269.2624939,5.14214782
2019-12-13,24.49,0.574948665298,3407839704.55,3096809480.0,139152295.0,126452000.0,38.57418152,67.20104069,3.50899874,0.48685552,1276.56010167,5.17171253
2019-12-16,25.2,2.899142507146,3506637834.0,3186590400.0,139152295.0,126452000.0,39.69250201,69.14929463,3.61072961,0.50097016,1313.5693982,5.32164785
2019-12-17,26.3,4.365079365079,3659705358.5,3325687600.0,139152295.0,126452000.0,41.42511123,72.16771622,3.76834083,0.5228379,1370.90774495,5.553942
2019-12-18,26.52,0.836501901141,3690318863.4,3353507040.0,139152295.0,126452000.0,41.77163307,72.77140053,3.79986307,0.52721145,1382.3754143,5.60040083
2019-12-19,26.94,1.58371040724,3748762827.3,3406616880.0,139152295.0,126452000.0,42.43317477,73.92388878,3.8600419,0.53556096,1404.2682376,5.68909496
2019-12-20,26.65,-1.076466221232,3708408661.75,3369945800.0,139152295.0,126452000.0,41.97639598,73.12812309,3.81848985,0.52979582,1389.15176437,5.62785378
2019-12-23,26.61,-0.15009380863,3702842569.95,3364887720.0,139152295.0,126452000.0,41.913392,73.0183623,3.81275853,0.52900063,1387.06673358,5.61940672
2019-12-24,27.73,4.208944006013,3858693140.35,3506513960.0,139152295.0,126452000.0,43.67750321,76.09166428,3.9732354,0.55126597,1445.44759572,5.8559244
2019-12-25,27.42,-1.117922827263,3815555928.9,3467313840.0,139152295.0,126452000.0,43.18922243,75.2410182,3.9288177,0.54510325,1429.28860709,5.79045968
2019-12-26,27.27,-0.54704595186,3794683084.65,3448346040.0,139152295.0,126452000.0,42.95295753,74.82941526,3.90732526,0.54212128,1421.46974163,5.75878321
2019-12-27,27.03,-0.880088008801,3761286533.85,3417997560.0,139152295.0,126452000.0,42.57493371,74.17085054,3.87293736,0.53735014,1408.95955688,5.70810085
2019-12-30,27.79,2.811690714021,3867042278.05,3514101080.0,139152295.0,126452000.0,43.77200916,76.25630546,3.98183238,0.55245876,1448.57514191,5.86859499
2019-12-31,27.6,-0.683699172364,3840603342.0,3490075200.0,139152295.0,126452000.0,43.4727403,42.62350816,2.98028035,0.5486816,1438.67124565,5.82847145
2020-01-02,27.74,0.507246376812,3860084663.3,3507778480.0,139152295.0,126452000.0,43.6932542,42.83971436,2.99539772,0.96337979,1445.96885342,5.85803616
2020-01-03,28.15,1.478010093727,3917137104.25,3559623800.0,139152295.0,126452000.0,44.33904491,43.47288966,3.03967,0.97761864,1467.34041903,5.94461853
2020-01-06,27.86,-1.030195381883,3876782938.7,3522952720.0,139152295.0,126452000.0,43.88226611,43.02503396,3.00835546,0.96754725,1452.22394579,5.88337734
2020-01-07,27.86,0.0,3876782938.7,3522952720.0,139152295.0,126452000.0,43.88226611,43.02503396,3.00835546,0.96754725,1452.22394579,5.88337734
2020-01-08,26.98,-3.158650394831,3754328919.1,3411674960.0,139152295.0,126452000.0,42.49617874,41.66602355,2.91333203,0.93698582,1406.35326839,5.69754202
2020-01-09,28.42,5.33728687917,3954708223.9,3593765840.0,139152295.0,126452000.0,44.76432171,43.88985876,3.06882492,0.98699544,1481.41437686,6.00163618
2020-01-10,28.1,-1.125967628431,3910179489.5,3553301200.0,139152295.0,126452000.0,44.26028994,43.39567316,3.03427094,0.97588219,1464.73413054,5.9340597
2020-01-13,28.8,2.491103202847,4007586096.0,3641817600.0,139152295.0,126452000.0,45.36285944,44.47670416,3.10985776,1.00019242,1501.22216938,6.08188326
2020-01-14,28.04,-2.638888888889,3901830351.8,3545714080.0,139152295.0,126452000.0,44.16578398,43.30301336,3.02779207,0.97379846,1461.60658435,5.92138911
2020-01-15,28.4,1.283880171184,3951925178.0,3591236800.0,139152295.0,126452000.0,44.73281973,43.85897216,3.06666529,0.98630086,1480.37186147,5.99741265
2020-01-16,27.83,-2.007042253521,3872608369.85,3519159160.0,139152295.0,126452000.0,43.83501313,42.97870406,3.00511602,0.96650539,1450.6601727,5.87704205
2020-01-17,27.71,-0.431189363996,3855910094.45,3503984920.0,139152295.0,126452000.0,43.64600122,42.79338446,2.99215828,0.96233792,1444.40508033,5.85170087
2020-01-20,29.0,4.655359076146,4035416555.0,3667108000.0,139152295.0,126452000.0,45.6778793,44.78557016,3.131454,1.0071382,1511.64732333,6.12411856
2020-01-21,28.62,-1.310344827586,3982538682.9,3619056240.0,139152295.0,126452000.0,45.07934157,44.19872476,3.09042115,0.99394122,1491.83953082,6.04387148
2020-01-22,29.56,3.284416491964,4113341840.2,3737921120.0,139152295.0,126452000.0,46.5599349,45.65039497,3.19192345,1.02658639,1540.8377544,6.2423774
2020-01-23,26.6,-10.013531799729,3701451047.0,3363623200.0,139152295.0,126452000.0,41.89764101,41.07917815,2.87229918,0.92378884,1386.54547588,5.61729495
2020-02-03,23.94,-10.0,3331305942.3,3027260880.0,139152295.0,126452000.0,37.70787691,36.97126034,2.58506926,0.83140995,1247.89092829,5.05556546
2020-02-04,25.65,7.142857142857,3569256366.75,3243493800.0,139152295.0,126452000.0,40.40129669,39.61206465,2.76971707,0.89079638,1337.0259946,5.41667727
2020-02-05,25.68,0.116959064327,3573430935.6,3247287360.0,139152295.0,126452000.0,40.44854967,39.65839455,2.7729565,0.89183824,1338.58976769,5.42301257
2020-02-06,26.47,3.076323987539,3683361248.65,3347184440.0,139152295.0,126452000.0,41.6928781,40.87841525,2.85826163,0.91927408,1379.76912581,5.58984201
2020-02-07,29.12,10.011333585191,4052114830.4,3682282240.0,139152295.0,126452000.0,45.86689121,44.97088976,3.14441174,1.01130567,1517.9024157,6.14945974
2020-02-10,32.03,9.993131868132,4457048008.85,4050257560.0,139152295.0,126452000.0,50.45043014,49.46489008,3.45863695,1.11236678,1669.58840573,6.76398336
2020-02-11,29.57,-7.680299719013,4114733363.15,3739185640.0,139152295.0,126452000.0,46.57568589,45.66583827,3.19300326,1.02693368,1541.3590121,6.24448916
2020-02-12,29.8,0.777815353399,4146738391.0,3768269600.0,139152295.0,126452000.0,46.93795873,46.02103417,3.21783893,1.03492133,1553.34793915,6.29305976
2020-02-13,30.01,0.704697986577,4175960372.95,3794824520.0,139152295.0,126452000.0,47.26872958,46.34534347,3.24051498,1.0422144,1564.2943508,6.33740682
2020-02-14,30.0,-0.033322225925,4174568850.0,3793560000.0,139152295.0,126452000.0,47.25297859,46.32990017,3.23943517,1.04186711,1563.7730931,6.33529506
2020-02-17,30.65,2.166666666667,4265017841.75,3875753800.0,139152295.0,126452000.0,48.27679312,47.33371467,3.30962293,1.0644409,1597.65484345,6.47255978
2020-02-18,31.95,4.241435562806,4445915825.25,4040141400.0,139152295.0,126452000.0,50.32442219,49.34134368,3.44999845,1.10958847,1665.41834415,6.74708924
2020-02-19,33.17,3.818466353678,4615681625.15,4194412840.0,139152295.0,126452000.0,52.24604332,51.22542629,3.58173548,1.15195773,1729.01178327,7.00472457
2020-02-20,33.24,0.211034066928,4625422285.8,4203264480.0,139152295.0,126452000.0,52.35630027,51.33352939,3.58929417,1.15438876,1732.66058716,7.01950692
2020-02-21,33.39,0.451263537906,4646295130.05,4222232280.0,139152295.0,126452000.0,52.59256517,51.56517889,3.60549134,1.15959809,1740.47945262,7.0511834
2020-02-24,36.73,10.002994908655,5111063795.35,4644581960.0,139152295.0,126452000.0,57.85339678,56.72324111,3.96614846,1.27559263,1914.57952365,7.75651292
2020-02-25,38.98,6.125782738906,5424156459.1,4929098960.0,139152295.0,126452000.0,61.39737017,60.19798362,4.20910609,1.35373266,2031.86250564,8.23166004
2020-02-26,38.74,-0.615700359159,5390759908.3,4898750480.0,139152295.0,126452000.0,61.01934635,59.82734442,4.18319061,1.34539773,2019.35232089,8.18097768
2020-02-27,42.61,9.989674754775,5929279289.95,5388119720.0,139152295.0,126452000.0,67.11498058,65.80390154,4.60107775,1.47979858,2221.0790499,8.99823075
2020-02-28,38.35,-9.997653133067,5336490513.25,4849434200.0,139152295.0,126452000.0,60.40505762,59.22505572,4.14107796,1.33185345,1999.02327068,8.09861885
2020-03-02,36.63,-4.485006518905,5097148565.85,4631936760.0,139152295.0,126452000.0,57.69588685,56.56880811,3.95535034,1.27211974,1909.36694668,7.73539527
2020-03-03,35.45,-3.221403221403,4932948857.75,4482723400.0,139152295.0,126452000.0,55.83726969,54.7464987,3.82793256,1.23113963,1847.85853835,7.48620699
2020-03-04,36.3,2.397743300423,5051228308.5,4590207600.0,139152295.0,126452000.0,57.17610409,56.05917921,3.91971655,1.2606592,1892.16544265,7.66570702
2020-03-05,36.46,0.440771349862,5073492675.7,4610439920.0,139152295.0,126452000.0,57.42811997,56.30627201,3.93699354,1.26621583,1900.50556581,7.69949526
2020-03-06,36.73,0.740537575425,5111063795.35,4644581960.0,139152295.0,126452000.0,57.85339678,56.72324111,3.96614846,1.27559263,1914.57952365,7.75651292
2020-03-09,33.06,-9.991832289681,4600374872.7,4180503120.0,139152295.0,126452000.0,52.0727824,51.05554999,3.56985755,1.14813755,1723.2779486,6.98149515
2020-03-10,33.87,2.450090744102,4713088231.65,4282929240.0,139152295.0,126452000.0,53.34861282,52.30645729,3.6573223,1.17626797,1765.49982211,7.15254812
2020-03-11,32.64,-3.631532329495,4541930908.8,4127393280.0,139152295.0,126452000.0,51.4112407,50.40693138,3.52450546,1.13355141,1701.38512529,6.89280102
2020-03-12,31.8,-2.573529411765,4425042981.0,4021173600.0,139152295.0,126452000.0,50.0881573,49.10969418,3.43380128,1.10437913,1657.59947869,6.71541276
2020-03-13,31.65,-0.471698113208,4404170136.75,4002205800.0,139152295.0,126452000.0,49.85189241,48.87804468,3.4176041,1.0991698,1649.78061322,6.68373629
2020-03-16,29.52,-6.729857819905,4107775748.4,3732863040.0,139152295.0,126452000.0,46.49693093,45.58862177,3.1876042,1.02519723,1538.75272361,6.23393034
2020-03-17,30.06,1.829268292683,4182917987.7,3801147120.0,139152295.0,126452000.0,47.34748454,46.42255997,3.24591404,1.04395084,1566.90063929,6.34796565
2020-03-18,30.71,2.162341982701,4273366979.45,3883340920.0,139152295.0,126452000.0,48.37129908,47.42637447,3.3161018,1.06652463,1600.78238964,6.48523037
2020-03-19,32.9,7.131227613155,4578110505.5,4160270800.0,139152295.0,126452000.0,51.82076651,50.80845719,3.55258057,1.14258093,1714.93782543,6.94770691
2020-03-20,31.92,-2.978723404255,4441741256.4,4036347840.0,139152295.0,126452000.0,50.27716921,49.29501378,3.44675902,1.1085466,1663.85457106,6.74075394
2020-03-23,28.9,-9.461152882206,4021501325.5,3654462800.0,139152295.0,126452000.0,45.52036937,44.63113716,3.12065588,1.00366531,1506.43474635,6.10300091
2020-03-24,30.14,4.290657439446,4194050171.3,3811263280.0,139152295.0,126452000.0,47.47349249,46.54610637,3.25455253,1.04672915,1571.07070087,6.36485977
2020-03-25,31.91,5.872594558726,4440349733.45,4035083320.0,139152295.0,126452000.0,50.26141822,49.27957048,3.44567921,1.10819931,1663.33331336,6.73864218
2020-03-26,30.52,-4.356001253526,4246928043.4,3859315040.0,139152295.0,126452000.0,48.07203021,47.13295177,3.29558538,1.05992614,1590.87849338,6.44510684
2020-03-27,29.37,-3.768020969856,4086902904.15,3713895240.0,139152295.0,126452000.0,46.26066603,45.35697227,3.17140703,1.0199879,1530.93385815,6.20225386
2020-03-30,27.58,-6.094654409261,3837820296.1,3487546160.0,139152295.0,126452000.0,43.44123831,42.59262156,2.97812073,0.95782316,1437.62873026,5.82424792
2020-03-31,27.62,0.145032632342,3843386387.9,3492604240.0,139152295.0,126452000.0,43.50424228,42.65439476,2.94328617,0.95921232,1439.71376105,5.83269498
2020-04-01,27.27,-1.267197682839,3794683084.65,3448346040.0,139152295.0,126452000.0,42.95295753,42.11387925,2.90598891,0.9470572,1421.46974163,5.75878321
2020-04-02,28.4,4.143747708104,3951925178.0,3591236800.0,139152295.0,126452000.0,44.73281973,43.85897216,3.02640576,0.98630086,1480.37186147,5.99741265
2020-04-03,28.89,1.725352112676,4020109802.55,3653198280.0,139152295.0,126452000.0,45.50461838,44.61569386,3.07862192,1.00331803,1505.91348866,6.10088914
2020-04-07,29.73,2.907580477674,4136997730.35,3759417960.0,139152295.0,126452000.0,46.82770178,45.91293107,3.16813533,1.0324903,1549.69913526,6.2782774
2020-04-08,30.08,1.177262024891,4185701033.6,3803676160.0,139152295.0,126452000.0,47.37898653,46.45344657,3.20543258,1.04464542,1567.94315468,6.35218918
2020-04-09,30.11,0.099734042553,4189875602.45,3807469720.0,139152295.0,126452000.0,47.42623951,46.49977647,3.20862949,1.04568729,1569.50692778,6.35852447
2020-04-10,29.35,-2.524078379276,4084119858.25,3711366200.0,139152295.0,126452000.0,46.22916405,45.32608567,3.12764117,1.01929332,1529.89134275,6.19803033
2020-04-13,30.28,3.168654173765,4213531492.6,3828966560.0,139152295.0,126452000.0,47.69400639,46.76231257,3.2267453,1.0515912,1578.36830864,6.39442448
2020-04-14,30.86,1.915455746367,4294239823.7,3902308720.0,139152295.0,126452000.0,48.60756397,47.65802397,3.28855218,1.07173397,1608.6012551,6.51690685
2020-04-15,31.34,1.555411535969,4361032925.3,3963005680.0,139152295.0,126452000.0,49.36361163,48.39930238,3.3397027,1.08840384,1633.62162459,6.61827157
2020-04-16,31.73,1.244416081685,4415302320.35,4012321960.0,139152295.0,126452000.0,49.97790035,49.00159108,3.38126249,1.10194811,1653.9506748,6.70063041
2020-04-17,32.57,2.647336905137,4532190248.15,4118541640.0,139152295.0,126452000.0,51.30098375,50.29882828,3.4707759,1.13112039,1697.73632141,6.87801867
2020-04-20,34.09,4.666871354007,4743701736.55,4310748680.0,139152295.0,126452000.0,53.69513467,52.64620989,3.63275255,1.18390832,1776.96749146,7.19900695
2020-04-21,34.03,-0.176004693458,4735352598.85,4303161560.0,139152295.0,126452000.0,53.60062871,52.55355009,3.62635874,1.18182459,1773.83994527,7.18633636
2020-04-22,33.83,-0.587716720541,4707522139.85,4277871160.0,139152295.0,126452000.0,53.28560885,52.24468409,3.60504602,1.17487881,1763.41479132,7.14410106
2020-04-23,33.26,-1.684895063553,4628205331.7,4205793520.0,139152295.0,126452000.0,52.38780226,51.36441599,3.54430478,1.15508333,1733.70310255,7.02373045
2020-04-24,32.09,-3.517739025857,4465397146.55,4057844680.0,139152295.0,126452000.0,49.55754988,49.55754988,3.41962538,1.11445052,118.48316747,5.83104722
2020-04-27,31.56,-1.651604861328,4391646430.2,3990825120.0,139152295.0,126452000.0,48.73905498,48.73905498,3.36314669,1.0960442,116.52629372,5.73474136
2020-04-28,30.94,-1.964512040558,4305372007.3,3912424880.0,139152295.0,126452000.0,47.78157037,47.78157037,3.29707726,1.07451228,114.23712065,5.62208167
2020-04-29,32.11,3.781512605042,4468180192.45,4060373720.0,139152295.0,126452000.0,45.58260602,49.58843648,3.42175666,1.11514509,149.06665624,5.30822849
2020-04-30,33.84,5.387729679228,4708913662.8,4279135680.0,139152295.0,126452000.0,48.03847361,52.26012739,3.60611166,1.1752261,157.09796472,5.59422149
2020-05-06,34.6,2.245862884161,4814669407.0,4375239200.0,139152295.0,126452000.0,49.11735186,53.4338182,3.68709998,1.20162006,160.6261696,5.71986004
2020-05-07,33.44,-3.352601156069,4653252744.8,4228554880.0,139152295.0,126452000.0,47.47064295,51.64239539,3.56348622,1.16133454,155.24101478,5.52809594
2020-05-08,33.7,0.777511961722,4689432341.5,4261432400.0,139152295.0,126452000.0,47.83973288,52.04392119,3.59119275,1.17036405,156.44803224,5.57107755
2020-05-11,33.54,-0.474777448071,4667167974.3,4241200080.0,139152295.0,126452000.0,47.61260062,51.79682839,3.57414258,1.16480743,155.70525226,5.54462733
2020-05-12,34.75,3.6076326774,4835542251.25,4394207000.0,139152295.0,126452000.0,49.33028836,53.6654677,3.70308452,1.2068294,161.32252583,5.74465712
2020-05-13,34.5,-0.719424460432,4800754177.5,4362594000.0,139152295.0,126452000.0,48.9753942,53.2793852,3.67644362,1.19814717,160.16193211,5.70332865
2020-05-14,35.0,1.449275362319,4870330325.0,4425820000.0,139152295.0,126452000.0,49.68518252,54.0515502,3.72972541,1.21551163,162.48311954,5.78598559
2020-05-15,36.34,3.828571428571,5056794400.3,4595265680.0,139152295.0,126452000.0,51.58741522,56.12095241,3.87252061,1.26204836,168.70390183,6.00750618
2020-05-18,34.4,-5.338470005504,4786838948.0,4349948800.0,139152295.0,126452000.0,48.83343653,53.12495219,3.66578726,1.19467428,159.69769463,5.68679726
2020-05-19,34.88,1.395348837209,4853632049.6,4410645760.0,139152295.0,126452000.0,49.51483332,53.8662306,3.71693778,1.21134416,161.92603456,5.76614792
2020-05-20,33.15,-4.959862385321,4612898579.25,4191883800.0,139152295.0,126452000.0,47.05896573,51.19453969,3.53258278,1.15126315,153.89472608,5.48015492
2020-05-21,31.92,-3.710407239819,4441741256.4,4036347840.0,139152295.0,126452000.0,45.31288646,49.29501378,3.40150958,1.1085466,148.18460502,5.27681885
2020-05-22,30.64,-4.010025062657,4263626318.8,3874489280.0,139152295.0,126452000.0,43.49582835,47.31827137,3.26510819,1.06409361,142.24236522,5.0652171
2020-05-25,30.17,-1.533942558747,4198224740.15,3914680472.92,139152295.0,129754076.0,42.82862733,46.59243627,3.2150233,1.04777102,140.06044904,4.98751958
2020-05-26,30.8,2.088167053364,4285890686.0,3996425540.8,139152295.0,129754076.0,43.72296062,47.56536417,3.28215836,1.06965023,142.98514519,5.09166732
2020-05-27,30.14,-2.142857142857,4194050171.3,3910787850.64,139152295.0,129754076.0,42.78604003,46.54610637,3.2118264,1.04672915,139.9211778,4.98256016
2020-05-28,30.62,1.592568015926,4260843272.9,3973069807.12,139152295.0,129754076.0,43.46743682,47.28738477,3.26297692,1.06339903,142.14951772,5.06191082
2020-05-29,30.27,-1.143043762247,4212139969.65,3927655880.52,139152295.0,129754076.0,42.97058499,46.74686927,3.22567966,1.05124391,140.52468653,5.00405096
2020-06-01,31.39,3.700033036009,4367990540.05,4072980445.64,139152295.0,129754076.0,44.56051084,48.47651888,3.34503088,1.09014028,145.72414635,5.1892025
2020-06-02,31.5,0.350430073272,4383297292.5,4087253394.0,139152295.0,129754076.0,44.71666427,48.64639518,3.35675287,1.09396046,146.23480758,5.20738703
2020-06-03,31.25,-0.793650793651,4348509218.75,4054814875.0,139152295.0,129754076.0,44.3617701,48.26031268,3.33011197,1.08527824,145.07421387,5.16605856
2020-06-04,31.0,-0.8,4313721145.0,4022376356.0,139152295.0,129754076.0,44.00687594,47.87423018,3.30347108,1.07659601,143.91362016,5.12473009
2020-06-05,31.06,0.193548387097,4322070282.7,4030161600.56,139152295.0,129754076.0,44.09205054,47.96688998,3.30986489,1.07867975,144.19216265,5.13464892
2020-06-08,30.7,-0.99967752338,4271975456.5,3983450133.2,139152295.0,129754076.0,43.58100295,47.41093117,3.271502,1.06617734,142.52090771,5.07513593
2020-06-09,30.95,0.814332247557,4306763530.25,4015888652.2,139152295.0,129754076.0,43.93589711,47.79701367,3.2981429,1.07485957,143.68150142,5.1164644
2020-06-10,31.12,0.549273021002,4330419420.4,4037946845.12,139152295.0,129754076.0,44.17722514,48.05954978,3.31625871,1.08076348,144.47070514,5.14456776
2020-06-11,32.82,5.462724935733,4566978321.9,4258528774.32,139152295.0,129754076.0,46.59050544,50.68491079,3.4974168,1.13980262,152.36274238,5.42560134
2020-06-12,32.93,0.335161486898,4582285074.35,4272801722.68,139152295.0,129754076.0,46.74665887,50.85478709,3.50913879,1.1436228,152.87340361,5.44378587
2020-06-15,33.52,1.791679319769,4664384928.4,4349356627.52,139152295.0,129754076.0,47.58420909,51.76594179,3.57201131,1.16411285,155.61240477,5.54132105
2020-06-16,35.05,4.564439140811,4877287939.75,4547880363.8,139152295.0,129754076.0,49.75616135,54.1287667,3.73505359,1.21724807,162.71523828,5.79425128
2020-06-17,33.6,-4.13694721826,4675517112.0,4359736953.6,139152295.0,129754076.0,47.69777522,51.88948819,3.5805364,1.16689116,155.98379476,5.55454616
2020-06-18,33.85,0.744047619048,4710305185.75,4392175472.6,139152295.0,129754076.0,48.05266938,52.27557069,3.60717729,1.17557339,157.14438847,5.59587463
2020-06-19,33.2,-1.92023633678,4619856194.0,4307835323.2,139152295.0,129754076.0,47.12994456,51.27175619,3.53791096,1.1529996,154.12684482,5.48842061
2020-06-22,34.35,3.463855421687,4779881333.25,4457052510.6,139152295.0,129754076.0,48.7624577,53.04773569,3.66045908,1.19293784,159.46557589,5.67853157
2020-06-23,34.85,1.455604075691,4849457480.75,4521929548.6,139152295.0,129754076.0,49.47224602,53.8199007,3.71374087,1.21030229,161.78676331,5.76118851
2020-06-24,34.44,-1.176470588235,4792405039.8,4468730377.44,139152295.0,129754076.0,48.8902196,53.18672539,3.67004981,1.19606344,159.88338962,5.69340982
2020-06-29,33.7,-2.148664343786,4689432341.5,4372712361.2,139152295.0,129754076.0,47.83973288,52.04392119,3.59119275,1.17036405,156.44803224,5.57107755
2020-06-30,34.16,1.364985163205,4753442397.2,4432399236.16,139152295.0,129754076.0,48.49273814,52.75431299,3.5799297,1.18633935,158.58352467,5.64712193
2020-07-01,34.93,2.254098360656,4860589664.35,4532309874.68,139152295.0,129754076.0,49.58581215,53.9434471,3.66062484,1.2130806,162.1581533,5.77441362
2020-07-02,34.64,-0.830231892356,4820235498.8,4494681192.64,139152295.0,129754076.0,49.17413493,53.4955914,3.63023316,1.20300922,160.81186459,5.72647259
2020-07-03,35.31,1.934180138568,4913467536.45,4581616423.56,139152295.0,129754076.0,50.12525128,54.5302925,3.70044841,1.22627759,163.92225574,5.83723289
2020-07-06,36.39,3.058623619371,5063752015.05,4721750825.64,139152295.0,129754076.0,51.65839405,56.19816891,3.8136312,1.2637848,168.93602057,6.01577187
2020-07-07,38.16,4.863973619126,5310051577.2,4951415540.16,139152295.0,129754076.0,54.17104471,58.93163302,3.99912522,1.32525496,177.15302404,6.30837743
2020-07-08,38.28,0.314465408805,5326749852.6,4966986029.28,139152295.0,129754076.0,54.34139391,59.11695262,4.01170108,1.32942243,177.71010902,6.32821509
2020-07-09,39.06,2.037617554859,5435288642.7,5068194208.56,139152295.0,129754076.0,55.44866369,60.32153002,4.09344421,1.35651097,181.3311614,6.45715991
2020-07-10,40.74,4.301075268817,5669064498.3,5286181056.24,139152295.0,129754076.0,57.83355245,62.91600443,4.26950632,1.41485553,189.13035114,6.73488722
2020-07-13,41.2,1.12911143839,5733074554.0,5345867931.2,139152295.0,129754076.0,58.48655771,63.62639623,4.31771381,1.43083083,191.26584357,6.8109316
2020-07-14,40.1,-2.669902912621,5580007029.5,5203138447.6,139152295.0,129754076.0,56.9250234,61.92763323,4.20243504,1.39262903,186.15923124,6.62908634
2020-07-15,38.75,-3.366583541147,5392151431.25,5027970445.0,139152295.0,129754076.0,55.00859493,59.84278772,4.06095656,1.34574501,179.8920252,6.40591261
2020-07-16,36.72,-5.238709677419,5109672272.4,4764569670.72,139152295.0,129754076.0,52.12685434,56.70779781,3.84821483,1.27524534,170.46800427,6.07032545
2020-07-17,36.3,-1.143790849673,5051228308.5,4710072958.8,139152295.0,129754076.0,51.53063215,56.05917921,3.8041993,1.2606592,168.51820683,6.00089362
2020-07-20,37.12,2.258953168044,5165333190.4,4816471301.12,139152295.0,129754076.0,52.694685,57.32552981,3.89013438,1.2891369,172.32495421,6.136451
2020-07-21,37.53,1.104525862069,5222385631.35,4869670472.28,139152295.0,129754076.0,53.27671143,57.95870511,3.93310192,1.30337575,174.22832789,6.20422969
2020-07-22,38.75,3.250732747136,5392151431.25,5027970445.0,139152295.0,129754076.0,55.00859493,59.84278772,4.06095656,1.34574501,179.8920252,6.40591261
2020-07-23,38.29,-1.187096774194,5328141375.55,4968283570.04,139152295.0,129754076.0,54.35558967,59.13239592,4.01274907,1.32976972,177.75653277,6.32986823
2020-07-24,34.71,-9.349699660486,4829976159.45,4503763977.96,139152295.0,129754076.0,49.27350529,53.6036945,3.63756908,1.20544024,161.13683083,5.73804456
2020-07-27,34.33,-1.094785364448,4777098287.35,4454457429.08,139152295.0,129754076.0,48.73406617,53.01684909,3.59774551,1.19224326,159.37272839,5.67522529
2020-07-28,34.48,0.436935624818,4797971131.6,4473920540.48,139152295.0,129754076.0,48.94700266,53.24849859,3.61346534,1.1974526,160.06908462,5.70002237
2020-07-29,35.52,3.016241299304,4942689518.4,4608864779.52,139152295.0,129754076.0,50.42336237,54.8546018,3.72245618,1.23357066,164.89715446,5.8719488
2020-07-30,35.35,-0.478603603604,4919033628.25,4586806586.6,139152295.0,129754076.0,50.18203434,54.5920657,3.70464037,1.22766674,164.10795073,5.84384544
2020-07-31,37.57,6.280056577086,5227951723.15,4874860635.32,139152295.0,129754076.0,53.33349449,58.02047831,3.93729388,1.30476491,174.41402289,6.21084224
2020-08-03,39.8,5.935586904445,5538261341.0,5164212224.8,139152295.0,129754076.0,56.49915041,61.46433422,4.17099538,1.38221036,184.76651879,6.57949218
2020-08-04,38.79,-2.537688442211,5397717523.05,5033160608.04,139152295.0,129754076.0,55.065378,59.90456092,4.06514851,1.34713417,180.0777202,6.41252517
2020-08-05,39.53,1.907708172209,5500690221.35,5129178624.28,139152295.0,129754076.0,56.11586471,61.04736512,4.14269968,1.37283356,183.51307758,6.53485744
2020-08-06,39.83,0.758917278017,5542435909.85,5168104847.08,139152295.0,129754076.0,56.5417377,61.51066413,4.17413934,1.38325223,184.90579003,6.5844516
2020-08-07,43.81,9.992467988953,6096262043.95,5684526069.56,139152295.0,129754076.0,62.19165275,67.65709755,4.59123888,1.52147327,203.38244191,7.24240082
2020-08-10,48.19,9.997717416115,6705749096.05,6252848922.44,139152295.0,129754076.0,68.40939844,74.42126297,5.05025797,1.67358586,223.71604373,7.96647558
2020-08-11,46.7,-3.091927785848,6498412176.5,6059515349.2,139152295.0,129754076.0,66.29422924,72.12021126,4.89410764,1.6218398,216.79890521,7.72015791
2020-08-12,45.5,-2.569593147752,6331429422.5,5903810458.0,139152295.0,129754076.0,64.59073727,70.26701526,4.76834899,1.58016511,211.2280554,7.52178126
2020-08-13,44.88,-1.362637362637,6245154999.6,5823362930.88,139152295.0,129754076.0,63.71059975,69.30953065,4.70337368,1.55863319,208.34978299,7.41928666
2020-08-14,48.18,7.352941176471,6704357573.1,6251551381.68,139152295.0,129754076.0,68.39520268,74.40581967,5.04920998,1.67323858,223.66961998,7.96482244
2020-08-17,49.2,2.117061021171,6846292914.0,6383900539.2,139152295.0,129754076.0,69.84317085,75.98103628,5.15610484,1.70866206,228.40484232,8.1334426
2020-08-18,48.88,-0.650406504065,6801764179.6,6342379234.88,139152295.0,129754076.0,69.38890633,75.48685068,5.1225692,1.69754881,226.91928237,8.08054216
2020-08-19,48.09,-1.61620294599,6691833866.55,6239873514.84,139152295.0,129754076.0,68.26744078,74.26682997,5.03977808,1.67011297,223.25180624,7.9499442
2020-08-20,46.52,-3.264711998336,6473364763.4,6036159615.52,139152295.0,129754076.0,66.03870545,71.84223186,4.87524384,1.6155886,215.96327774,7.69040141
2020-08-21,41.87,-9.995700773861,5826306591.65,5432803162.12,139152295.0,129754076.0,58.44922807,64.66109734,4.38792906,1.45409919,679.88750632,6.73257951
2020-08-24,40.68,-2.84213040363,5660715360.6,5278395811.68,139152295.0,129754076.0,56.78802479,62.82334463,4.26321839,1.4127718,660.56421679,6.54123082
2020-08-25,40.25,-1.057030481809,5600879873.75,5222601559.0,139152295.0,129754076.0,56.18775806,62.15928273,4.21815487,1.39783837,653.58185167,6.47208801
2020-08-26,38.91,-3.329192546584,5414415798.45,5048731097.16,139152295.0,129754076.0,54.3171594,60.08988052,4.07772438,1.35130164,631.82285338,6.25661974
2020-08-27,39.3,1.002313030069,5468685193.5,5099335186.8,139152295.0,129754076.0,54.86158737,60.69216922,4.11859594,1.36484591,638.15569616,6.31933066
2020-08-28,39.75,1.145038167939,5531303726.25,5157724521.0,139152295.0,129754076.0,55.48977348,61.38711772,4.16575543,1.38047392,645.46282246,6.39168941
2020-08-31,39.54,-0.528301886792,5502081744.3,5130476165.04,139152295.0,129754076.0,55.19661996,61.06280842,4.14374767,1.37318085,642.05283019,6.35792199
2020-09-01,39.37,-0.429944360142,5478425854.15,5108417972.12,139152295.0,129754076.0,54.95930521,60.80027232,4.12593186,1.36727693,639.29236025,6.33058646
2020-09-02,39.5,0.330200660401,5496515652.5,5125286002.0,139152295.0,129754076.0,55.1407812,61.00103522,4.13955571,1.37179169,641.40330785,6.3514901
2020-09-03,38.33,-2.962025316456,5333707467.35,4973473733.08,139152295.0,129754076.0,53.5074973,59.19416912,4.01694103,1.33115888,622.40477949,6.16335736
2020-09-04,38.99,1.721888859901,5425547982.05,5059111423.24,139152295.0,129754076.0,54.42883693,60.21342692,4.08610829,1.35407995,633.12189805,6.26948352
2020-09-07,39.81,2.103103359836,5539652863.95,5165509765.56,139152295.0,129754076.0,55.57353163,61.47977753,4.17204337,1.38255765,646.43710596,6.40133724
2020-09-08,37.07,-6.882692790756,5158375575.65,4809983597.32,139152295.0,129754076.0,51.74857618,57.24831331,3.88489444,1.28740046,601.94482587,5.96075286
2020-09-09,36.1,-2.616671162665,5023397849.5,4684122143.6,139152295.0,129754076.0,50.39448611,55.7503132,3.78323953,1.25371342,586.1939092,5.80477956
2020-09-10,34.75,-3.739612188366,4835542251.25,4508954141.0,139152295.0,129754076.0,48.50992776,53.6654677,3.64176104,1.2068294,564.27253032,5.58770332
2020-09-11,35.06,0.892086330935,4878679462.7,4549177904.56,139152295.0,129754076.0,48.9426782,54.14421,3.67424869,1.21759536,569.30632843,5.63755045
2020-09-14,36.7,4.67769537935,5106889226.5,4761974589.2,139152295.0,129754076.0,51.23206759,56.67691121,3.84611885,1.27455076,595.93674425,5.90125789
2020-09-15,37.3,1.634877384196,5190380603.5,4839827034.8,139152295.0,129754076.0,52.06964908,57.60350921,3.90899818,1.2953881,605.67957931,5.99773622
2020-09-16,37.53,0.616621983914,5222385631.35,4869670472.28,139152295.0,129754076.0,52.39072198,57.95870511,3.93310192,1.30337575,609.41433275,6.03471958
2020-09-17,37.9,0.985877964295,5273871980.5,4917679480.4,139152295.0,129754076.0,52.90723057,58.53010721,3.97187751,1.31622545,615.42241437,6.09421455
2020-09-18,38.3,1.055408970976,5329532898.5,4969581110.8,139152295.0,129754076.0,53.46561822,59.14783922,4.01379706,1.33011701,621.91763774,6.15853344
2020-09-21,37.65,-1.697127937337,5239083906.75,4885240961.4,139152295.0,129754076.0,52.55823828,58.14402471,3.94567779,1.30754322,611.36289976,6.05401525
2020-09-22,37.37,-0.74369189907,5200121264.15,4848909820.12,139152295.0,129754076.0,52.16736692,57.71161231,3.9163341,1.29781913,606.8162434,6.00899203
2020-09-23,37.4,0.0802782981,5204295833.0,4852802442.4,139152295.0,129754076.0,52.20924599,57.75794221,3.91947807,1.29886099,607.30338515,6.01381594
2020-09-24,36.03,-3.663101604278,5013657188.85,4675039358.28,139152295.0,129754076.0,50.29676827,55.6422101,3.7759036,1.2512824,585.05724511,5.79352376
2020-09-25,36.05,0.055509297807,5016440234.75,4677634439.8,139152295.0,129754076.0,50.32468765,55.6730967,3.77799958,1.25197697,585.38200628,5.7967397
2020-09-28,35.8,-0.693481276006,4981652161.0,4645195920.8,139152295.0,129754076.0,49.97569536,55.2870142,3.75179986,1.24329475,581.32249167,5.7565404
2020-09-29,36.44,1.787709497207,5070709629.8,4728238529.44,139152295.0,129754076.0,50.86911562,56.27538541,3.81887115,1.26552125,591.71484906,5.85945061
2020-09-30,36.65,0.576289791438,5099931611.75,4755486885.4,139152295.0,129754076.0,51.16226914,56.59969471,3.73522631,1.27281432,595.12484133,5.89321803
2020-10-09,37.73,2.946793997271,5250216090.35,4895621287.48,139152295.0,129754076.0,52.66991581,58.26757111,3.84529574,1.31032153,612.66194443,6.06687903
2020-10-12,38.79,2.809435462497,5397717523.05,5033160608.04,139152295.0,129754076.0,54.14964311,59.90456092,3.95332684,1.34713417,629.87428637,6.23732408
2020-10-13,38.25,-1.39211136891,5322575283.75,4963093407.0,139152295.0,129754076.0,53.39581977,59.07062272,3.89829213,1.32838056,621.10573482,6.15049358
2020-10-14,38.35,0.261437908497,5336490513.25,4976068814.6,139152295.0,129754076.0,53.53541668,59.22505572,3.90848374,1.33185345,622.72954066,6.1665733
2020-10-15,37.57,-2.033898305085,5227951723.15,4874860635.32,139152295.0,129754076.0,52.44656075,58.02047831,3.82898916,1.30476491,610.06385509,6.04115147
2020-10-16,37.2,-0.984828320468,5176465374.0,4826851627.2,139152295.0,129754076.0,51.93005217,57.44907621,3.79128019,1.29191521,604.05577347,5.9816565
2020-10-19,36.56,-1.720430107527,5087407905.2,4743809018.56,139152295.0,129754076.0,51.03663191,56.46070501,3.72605386,1.26968872,593.66341607,5.87874628
2020-10-20,37.35,2.160831509847,5197338218.25,4846314738.6,139152295.0,129754076.0,52.13944754,57.68072571,3.80656761,1.29712455,606.49148223,6.00577608
2020-10-21,36.9,-1.204819277108,5134719685.5,4787925404.4,139152295.0,129754076.0,51.51126142,56.98577721,3.76070535,1.28149654,599.18435594,5.93341734
2020-10-22,36.11,-2.140921409214,5024789372.45,4685419684.36,139152295.0,129754076.0,50.4084458,55.7657565,3.6801916,1.25406071,586.35628978,5.80638753
2020-10-23,35.55,-1.550816948214,4946864087.25,4612757401.8,139152295.0,129754076.0,49.62670308,54.9009317,3.62311856,1.23461252,577.26297706,5.71634109
2020-10-26,35.89,0.956399437412,4994175867.55,4656873787.64,139152295.0,129754076.0,50.10133259,55.4260039,3.65777005,1.24642035,582.78391693,5.77101215
2020-10-27,35.92,0.083588743383,4998350436.4,4660766409.92,139152295.0,129754076.0,50.14321166,55.4723338,3.66082753,1.24746222,583.27105868,5.77583606
2020-10-28,35.67,-0.695991091314,4963562362.65,4628327890.92,139152295.0,129754076.0,49.79421938,55.0862513,3.6353485,1.23877999,579.21154407,5.73563676
2020-10-29,33.93,-4.878048780488,4721437369.35,4402555798.68,139152295.0,129754076.0,47.36523306,52.39911709,3.45801443,1.1783517,550.95732241,5.4558496
2020-10-30,33.55,-1.119952844091,4668559497.25,4353249249.8,139152295.0,129754076.0,40.6645068,51.81227169,3.4192863,1.16515472,73.75254255,5.04720144
2020-11-02,36.0,7.302533532042,5009482620.0,4671146736.0,139152295.0,129754076.0,43.63404605,55.5958802,3.66898082,1.25024053,79.1383467,5.41577502
2020-11-03,36.87,2.416666666667,5130545116.65,4784032782.12,139152295.0,129754076.0,44.68853549,56.93944731,3.75764786,1.28045468,81.05085675,5.54665625
2020-11-04,37.9,2.793599132086,5273871980.5,4917679480.4,139152295.0,129754076.0,45.93695403,58.53010721,3.86262148,1.31622545,83.31509278,5.70160759
2020-11-05,37.96,0.158311345646,5282221118.2,4925464724.96,139152295.0,129754076.0,46.00967744,58.62276701,3.86873645,1.31830918,83.44699002,5.71063389
2020-11-06,37.36,-1.580611169652,5198729741.2,4847612279.36,139152295.0,129754076.0,45.28244334,57.69616901,3.80758677,1.29747184,82.12801758,5.62037097
2020-11-09,37.91,1.472162740899,5275263503.45,4918977021.16,139152295.0,129754076.0,45.9490746,58.54555051,3.86364064,1.31657274,83.33707565,5.70311198
2020-11-10,37.6,-0.817726193616,5232126292.0,4878753257.6,139152295.0,129754076.0,45.57333698,58.06680821,3.83204664,1.30580678,82.65560656,5.65647613
2020-11-11,36.49,-2.952127659574,5077667244.55,4734726233.24,139152295.0,129754076.0,44.2279539,56.35260191,3.71891973,1.26725769,80.21550753,5.48948974
2020-11-12,36.76,0.739928747602,5115238364.2,4769759833.76,139152295.0,129754076.0,44.55520924,56.76957101,3.74643709,1.2766345,80.80904513,5.53010805
2020-11-13,37.7,2.557127312296,5246041521.5,4891728665.2,139152295.0,129754076.0,45.69454267,58.22124121,3.84223825,1.30927967,82.8754353,5.67151995
2020-11-16,40.16,6.525198938992,5588356167.2,5210923692.16,139152295.0,129754076.0,48.67620248,62.02029303,4.09295194,1.39471277,88.28322232,6.04159791
2020-11-17,39.19,-2.415338645418,5453378441.05,5085062238.44,139152295.0,129754076.0,47.50050735,60.52229292,3.99409329,1.36102573,86.15088354,5.89567287
2020-11-18,39.38,0.484817555499,5479817377.1,5109715512.88,139152295.0,129754076.0,47.73079815,60.81571562,4.01345736,1.36762422,86.56855814,5.92425612
2020-11-19,40.45,2.717115286948,5628710332.75,5248552374.2,139152295.0,129754076.0,49.02769896,62.46814873,4.12250762,1.40478415,88.92072567,6.08522499
2020-11-20,40.33,-0.296662546354,5612012057.35,5232981885.08,139152295.0,129754076.0,48.88225214,62.28282913,4.11027768,1.40061668,88.65693118,6.06717241
2020-11-23,41.59,3.124225142574,5787343949.05,5396472020.84,139152295.0,129754076.0,50.40944375,64.22868494,4.23869201,1.4443751,91.42677332,6.25672453
2020-11-24,40.58,-2.428468381823,5646800131.1,5265420404.08,139152295.0,129754076.0,49.18526635,62.66891163,4.13575672,1.40929891,89.20650303,6.10478196
2020-11-25,39.72,-2.119270576639,5527129157.4,5153831898.72,139152295.0,129754076.0,48.14289747,61.34078782,4.04810884,1.37943205,87.31597586,5.97540511
2020-11-26,39.15,-1.435045317221,5447812349.25,5079872075.4,139152295.0,129754076.0,47.45202508,60.46051972,3.99001665,1.35963658,86.06295204,5.88965534
2020-11-27,38.4,-1.915708812261,5343448128.0,4982556518.4,139152295.0,129754076.0,46.54298245,59.30227222,3.91357955,1.3335899,84.41423648,5.77682669
2020-11-30,38.68,0.729166666667,5382410770.6,5018887659.68,139152295.0,129754076.0,46.88235837,59.73468462,3.94211606,1.34331399,85.02975696,5.81894939
2020-12-01,39.31,1.628748707342,5470076716.45,5100632727.56,139152295.0,129754076.0,47.64595417,60.70761252,4.00632323,1.3651932,86.41467803,5.91372545
2020-12-02,38.34,-2.467565504961,5335098990.3,4974771273.84,139152295.0,129754076.0,46.47025904,59.20961242,3.90746458,1.33150616,84.28233924,5.7678004
2020-12-03,38.43,0.234741784038,5347622696.85,4986449140.68,139152295.0,129754076.0,46.57934416,59.34860212,3.91663703,1.33463177,84.48018511,5.78133984
2020-12-04,38.51,0.208170699974,5358754880.45,4996829466.76,139152295.0,129754076.0,46.6763087,59.47214852,3.92479032,1.33741008,84.6560481,5.79337489
2020-12-07,37.77,-1.921578810699,5255782182.15,4900811450.52,139152295.0,129754076.0,45.77938665,58.32934431,3.84937238,1.31171069,83.02931542,5.68205063
2020-12-08,36.88,-2.356367487424,5131936639.6,4785330322.88,139152295.0,129754076.0,44.70065606,56.95489061,3.75866702,1.28080196,81.07283962,5.54816063
2020-12-09,36.21,-1.816702819957,5038704601.95,4698395091.96,139152295.0,129754076.0,43.88857798,55.9201895,3.69038321,1.2575336,79.59998706,5.44736704
2020-12-10,35.67,-1.49130074565,4963562362.65,4628327890.92,139152295.0,129754076.0,43.23406729,55.0862513,3.6353485,1.23877999,78.41291186,5.36613042
2020-12-11,34.93,-2.074572469863,4860589664.35,4532309874.68,139152295.0,129754076.0,42.33714524,53.9434471,3.55993056,1.2130806,76.78617918,5.25480615
2020-12-14,35.7,2.204408817635,4967736931.5,4632220513.2,139152295.0,129754076.0,43.270429,55.1325812,3.63840598,1.23982186,78.47886048,5.37064356
2020-12-15,37.65,5.46218487395,5239083906.75,4885240961.4,139152295.0,129754076.0,45.63393983,58.14402471,3.83714245,1.30754322,82.76552093,5.66399804
2020-12-16,36.94,-1.885790172643,5140285777.3,4793115567.44,139152295.0,129754076.0,44.77337947,57.04755041,3.76478199,1.2828857,81.20473687,5.55718693
2020-12-17,37.22,0.757985923119,5179248419.9,4829446708.72,139152295.0,129754076.0,45.11275539,57.47996281,3.79331851,1.29260979,81.82025734,5.59930962
2020-12-18,37.0,-0.591080064481,5148634915.0,4800900812.0,139152295.0,129754076.0,44.84610288,57.14021021,3.77089696,1.28496943,81.33663411,5.56621322
2020-12-21,37.31,0.837837837838,5191772126.45,4841124575.56,139152295.0,129754076.0,45.2218405,57.61895251,3.80249096,1.29573539,82.01810321,5.61284906
2020-12-22,35.94,-3.671937818279,5001133482.3,4663361491.44,139152295.0,129754076.0,43.56132264,55.5032204,3.66286586,1.2481568,79.00644946,5.40674873
2020-12-23,36.29,0.973845297718,5049836785.55,4708775418.04,139152295.0,129754076.0,43.98554253,56.04373591,3.6985365,1.26031191,79.77585005,5.4594021
2020-12-24,36.26,-0.082667401488,5045662216.7,4704882795.76,139152295.0,129754076.0,43.94918083,55.997406,3.69547902,1.25927004,79.70990143,5.45488895
2020-12-25,35.76,-1.378929950359,4976086069.2,4640005757.76,139152295.0,129754076.0,43.34315241,55.225241,3.64452095,1.24190559,78.61075773,5.37966986
2020-12-28,33.29,-6.907158836689,4632379900.55,4319513190.04,139152295.0,129754076.0,40.34937203,51.41074589,3.3927881,1.1561252,73.18098783,5.00808751
2020-12-29,33.42,0.390507659958,4650469698.9,4336381219.92,139152295.0,129754076.0,40.50693942,51.61150879,3.4060372,1.16063996,73.46676519,5.02764448
2020-12-30,33.8,1.137043686415,4703347571.0,4385687768.8,139152295.0,129754076.0,40.96752101,52.19835419,3.44476533,1.17383694,74.30211441,5.08481099
2020-12-31,35.35,4.585798816568,4919033628.25,4586806586.6,139152295.0,129754076.0,42.84620911,40.93968288,3.50180247,1.22766674,77.70945989,5.3179902
2021-01-04,34.56,-2.234794908062,4809103315.2,4484300866.56,139152295.0,129754076.0,41.88868421,40.02476493,3.42354437,0.92246622,75.97281284,5.19914402
2021-01-05,34.05,-1.475694444444,4738135644.75,4418126287.8,139152295.0,129754076.0,41.27053522,39.4341217,3.37302331,0.90885344,74.85168626,5.12242054
2021-01-06,32.44,-4.728340675477,4514100449.8,4209222225.44,139152295.0,129754076.0,39.31912372,37.56954208,3.21353528,0.86587975,71.31244353,4.88021505
2021-01-07,30.58,-5.733662145499,4255277181.1,3967879644.08,139152295.0,129754076.0,37.064698,35.41543147,3.02928202,0.81623313,67.22362895,4.60040001
2021-01-08,30.07,-1.667756703728,4184309510.65,3901705065.32,139152295.0,129754076.0,36.44654902,34.82478824,2.97876097,0.80262035,66.10250237,4.52367653
2021-01-11,30.39,1.064183571666,4228838245.05,3943226369.64,139152295.0,129754076.0,36.83440721,35.19538791,3.01046045,0.81116171,66.80595434,4.57181675
2021-01-12,29.87,-1.71108917407,4156479051.65,3875754250.12,139152295.0,129754076.0,36.20413765,34.59316344,2.95894879,0.79728201,65.66284489,4.49358889
2021-01-13,30.34,1.573485102109,4221880630.3,3936738665.84,139152295.0,129754076.0,36.77380436,35.13748171,3.00550741,0.80982712,66.69603997,4.56429484
2021-01-14,31.24,2.966381015162,4347117695.8,4053517334.24,139152295.0,129754076.0,37.86465552,36.1797933,3.09466221,0.83384968,68.67449864,4.69968921
2021-01-15,30.83,-1.312419974392,4290065254.85,4000318163.08,139152295.0,129754076.0,37.36771221,35.70496247,3.05404725,0.82290607,67.7732008,4.63800955
2021-01-18,30.83,0.0,4290065254.85,4000318163.08,139152295.0,129754076.0,37.36771221,35.70496247,3.05404725,0.82290607,67.7732008,4.63800955
2021-01-19,31.13,0.973078170613,4331810943.35,4039244385.88,139152295.0,129754076.0,37.73132926,36.05239966,3.08376551,0.83091359,68.43268703,4.68314101
2021-01-20,30.74,-1.252810793447,4277541548.3,3988640296.24,139152295.0,129754076.0,37.2586271,35.60073131,3.04513177,0.82050381,67.57535494,4.62447012
2021-01-21,31.38,2.081977878985,4366599017.1,4071682904.88,139152295.0,129754076.0,38.03434347,36.34193066,3.10853074,0.83758652,68.98225888,4.72075056
2021-01-22,32.53,3.664754620778,4526624156.35,4220900092.28,139152295.0,129754076.0,39.42820883,37.67377324,3.22245076,0.86828201,71.5102894,4.89375449
2021-01-25,31.0,-4.703350753151,4313721145.0,4022376356.0,139152295.0,129754076.0,37.57376188,35.90184354,3.0708876,0.82744366,68.14690966,4.66358405
2021-01-26,30.5,-1.612903225806,4244144997.5,3957499318.0,139152295.0,129754076.0,36.96773346,35.32278155,3.02135715,0.8140978,67.04776596,4.58836495
2021-01-27,30.5,0.0,4244144997.5,3957499318.0,139152295.0,129754076.0,36.96773346,35.32278155,3.02135715,0.8140978,67.04776596,4.58836495
2021-01-28,30.09,-1.344262295082,4187092556.55,3904300146.84,139152295.0,129754076.0,36.47079016,34.84795072,2.98074219,0.80315419,66.14646812,4.52668529
2021-01-29,30.18,0.299102691924,4199616263.1,3915978013.68,139152295.0,129754076.0,36.57987527,34.95218188,2.98965767,0.80555644,66.34431399,4.54022473
2021-02-01,30.6,1.391650099404,4258060227.0,3970474725.6,139152295.0,129754076.0,37.08893914,35.43859395,3.03126324,0.81676697,67.2675947,4.60340877
2021-02-02,31.5,2.941176470588,4383297292.5,4087253394.0,139152295.0,129754076.0,38.17979029,36.48090554,3.12041804,0.84078953,69.24605337,4.73880315
2021-02-03,31.82,1.015873015873,4427826026.9,4128774698.32,139152295.0,129754076.0,38.56764848,36.85150521,3.15211753,0.84933088,69.94950534,4.78694337
2021-02-04,31.83,0.031426775613,4429217549.85,4130072239.08,139152295.0,129754076.0,38.57976905,36.86308645,3.15310814,0.8495978,69.97148821,4.78844775
2021-02-05,30.73,-3.455859252278,4276150025.35,3987342755.48,139152295.0,129754076.0,37.24650653,35.58915007,3.04414116,0.82023689,67.55337206,4.62296573
2021-02-08,29.96,-2.50569476082,4169002758.2,3887432116.96,139152295.0,129754076.0,36.31322277,34.6973946,2.96786427,0.79968426,65.86069076,4.50712832
2021-02-09,30.89,3.104138851802,4298414392.55,4008103407.64,139152295.0,129754076.0,37.44043562,35.77444991,3.0599909,0.82450757,67.90509805,4.64703585
2021-02-10,30.9,0.032372936225,4299805915.5,4009400948.4,139152295.0,129754076.0,37.45255619,35.78603115,3.06098151,0.82477449,67.92708092,4.64854023
2021-02-18,32.86,6.343042071197,4572544413.7,4263718937.36,139152295.0,129754076.0,39.82818759,38.05595416,3.25514085,0.87709028,72.23572424,4.94339909
2021-02-19,33.24,1.156421180767,4625422285.8,4313025486.24,139152295.0,129754076.0,40.28876918,38.49604127,3.29278399,0.88723314,73.07107346,5.0005656
2021-02-22,33.05,-0.571600481348,4598983349.75,4288372211.8,139152295.0,129754076.0,40.05847839,38.27599771,3.27396242,0.88216171,72.65339885,4.97198235
2021-02-23,33.15,0.302571860817,4612898579.25,4301347619.4,139152295.0,129754076.0,40.17968407,38.39181011,3.28386851,0.88483088,72.87322759,4.98702617
2021-02-24,33.1,-0.150829562594,4605940964.5,4294859915.6,139152295.0,129754076.0,40.11908123,38.33390391,3.27891547,0.8834963,72.76331322,4.97950426
2021-02-25,33.0,-0.302114803625,4592025735.0,4281884508.0,139152295.0,129754076.0,39.99787554,38.21809151,3.26900938,0.88082712,72.54348448,4.96446044
2021-02-26,32.83,-0.515151515152,4568369844.85,4259826315.08,139152295.0,129754076.0,39.79182588,38.02121044,3.25216903,0.87628953,72.16977562,4.93888594
2021-03-01,33.31,1.462077368261,4635162946.45,4322108271.56,139152295.0,129754076.0,40.37361316,38.57710995,3.29971825,0.88910156,73.22495358,5.01109628
2021-03-02,33.54,0.690483338337,4667167974.3,4351951709.04,139152295.0,129754076.0,40.65238624,38.84347847,3.32250226,0.89524066,73.73055968,5.04569706
2021-03-03,34.0,1.371496720334,4731178030.0,4411638584.0,139152295.0,129754076.0,41.20993238,39.3762155,3.36807027,0.90751885,74.74177189,5.11489863
2021-03-04,34.79,2.323529411765,4841108343.05,4514144304.04,139152295.0,129754076.0,42.16745728,40.29113345,3.44632837,0.92860532,76.47841894,5.23374481
2021-03-05,34.19,-1.724633515378,4757616966.05,4436291858.44,139152295.0,129754076.0,41.44022318,39.59625906,3.38689184,0.91259028,75.15944649,5.14348189
2021-03-08,33.12,-3.129570049722,4608724010.4,4297454997.12,139152295.0,129754076.0,40.14332236,38.35706639,3.28089669,0.88403013,72.80727897,4.98251302
2021-03-09,30.95,-6.55193236715,4306763530.25,4015888652.2,139152295.0,129754076.0,37.51315903,35.84393734,3.06593455,0.82610907,68.03699529,4.65606214
2021-03-10,31.55,1.938610662359,4390254907.25,4093741097.8,139152295.0,129754076.0,38.24039313,36.53881174,3.12537109,0.84212411,69.35596774,4.74632505
2021-03-11,31.75,0.633914421553,4418085366.25,4119691913.0,139152295.0,129754076.0,38.4828045,36.77043653,3.14518327,0.84746246,69.79562522,4.77641269
2021-03-12,32.14,1.228346456693,4472354761.3,4170296002.64,139152295.0,129754076.0,38.95550667,37.22210489,3.18381701,0.85787223,70.65295731,4.83508359
2021-03-15,31.0,-3.546981953951,4313721145.0,4022376356.0,139152295.0,129754076.0,37.57376188,35.90184354,3.0708876,0.82744366,68.14690966,4.66358405
2021-03-16,32.4,4.516129032258,4508534358.0,4204032062.4,139152295.0,129754076.0,39.27064144,37.52321712,3.20957284,0.86481208,71.22451203,4.87419752
2021-03-17,35.18,8.58024691358,4895377738.1,4564748393.68,139152295.0,129754076.0,42.64015944,40.7428018,3.48496212,0.9390151,77.33575103,5.2924157
2021-03-18,33.76,-4.036384309267,4697781479.2,4380497605.76,139152295.0,129754076.0,40.91903874,39.09826574,3.34429565,0.90111284,74.21418291,5.07879347
2021-03-19,33.77,0.029620853081,4699173002.15,4381795146.52,139152295.0,129754076.0,40.93115931,39.10984698,3.34528626,0.90137976,74.23616578,5.08029785
2021-03-22,33.75,-0.059224163459,4696389956.25,4379200065.0,139152295.0,129754076.0,40.90691817,39.0866845,3.34330505,0.90084592,74.19220004,5.07728908
2021-03-23,34.11,1.066666666667,4746484782.45,4425911532.36,139152295.0,129754076.0,41.34325863,39.50360914,3.37896697,0.91045494,74.9835835,5.13144683
2021-03-24,33.76,-1.026092055116,4697781479.2,4380497605.76,139152295.0,129754076.0,40.91903874,39.09826574,3.34429565,0.90111284,74.21418291,5.07879347
2021-03-25,33.82,0.177725118483,4706130616.9,4388282850.32,139152295.0,129754076.0,40.99176215,39.16775318,3.35023931,0.90271434,74.34608015,5.08781976
2021-03-26,34.08,0.768775872265,4742310213.6,4422018910.08,139152295.0,129754076.0,41.30689693,39.46886542,3.37599514,0.90965419,74.91763488,5.12693369
2021-03-29,32.42,-4.870892018779,4511317403.9,4206627143.92,139152295.0,129754076.0,39.29488258,37.5463796,3.21155406,0.86534592,71.26847778,4.87720628
2021-03-30,32.18,-0.740283775447,4477920853.1,4175486165.68,139152295.0,129754076.0,39.00398894,37.26842985,3.18777945,0.8589399,70.7408888,4.84110112
2021-03-31,32.16,-0.062150403978,4475137807.2,4172891084.16,139152295.0,129754076.0,38.9797478,37.24526737,3.13224052,0.85840607,70.69692306,4.83809235
2021-04-01,31.97,-0.5907960199,4448698871.15,4148237809.72,139152295.0,129754076.0,38.749457,37.02522381,3.11373537,0.85333464,70.27924845,4.8095091
2021-04-02,32.58,1.908038786362,4533581771.1,4227387796.08,139152295.0,129754076.0,39.48881167,37.73167944,3.17314665,0.8696166,71.62020377,4.9012764
2021-04-06,32.63,0.153468385513,4540539385.85,4233875499.88,139152295.0,129754076.0,39.54941452,37.78958564,3.17801642,0.87095118,71.73011814,4.90879831
2021-04-07,32.48,-0.459699662887,4519666541.6,4214412388.48,139152295.0,129754076.0,39.36760599,37.61586704,3.16340709,0.86694742,71.40037503,4.88623258
2021-04-08,32.17,-0.954433497537,4476529330.15,4174188624.92,139152295.0,129754076.0,38.99186837,37.25684861,3.13321448,0.85867299,70.71890593,4.83959674
2021-04-09,32.45,0.870376126826,4515491972.75,4210519766.2,139152295.0,129754076.0,39.33124429,37.58112332,3.16048523,0.86614667,71.3344264,4.88171943
2021-04-12,32.49,0.123266563945,4521058064.55,4215709929.24,139152295.0,129754076.0,39.37972656,37.62744828,3.16438105,0.86721434,71.4223579,4.88773696
2021-04-13,31.77,-2.216066481994,4420868412.15,4122286994.52,139152295.0,129754076.0,38.50704564,36.79359901,3.09425626,0.84799629,69.83959097,4.77942146
2021-04-14,31.57,-0.629524708845,4393037953.15,4096336179.32,139152295.0,129754076.0,38.26463427,36.56197422,3.07477715,0.84265795,69.39993348,4.74933382
2021-04-15,31.57,0.0,4393037953.15,4096336179.32,139152295.0,129754076.0,38.26463427,36.56197422,3.07477715,0.84265795,69.39993348,4.74933382
2021-04-16,31.47,-0.316756414317,4379122723.65,4083360771.72,139152295.0,129754076.0,38.14342859,36.44616182,3.0650376,0.83998877,69.18010474,4.73429
2021-04-19,31.94,1.493485859549,4444524302.3,4144345187.44,139152295.0,129754076.0,38.7130953,36.99048009,3.1108135,0.85253389,70.21329983,4.80499595
2021-04-20,31.88,-0.187852222918,4436175164.6,4136559942.88,139152295.0,129754076.0,38.64037189,36.92099265,3.10496977,0.85093238,70.08140258,4.79596966
2021-04-21,31.84,-0.125470514429,4430609072.8,4131369779.84,139152295.0,129754076.0,38.59188962,36.87466769,3.10107395,0.84986472,69.99347109,4.78995213
2021-04-22,31.93,0.282663316583,4443132779.35,4143047646.68,139152295.0,129754076.0,38.70097473,36.97889885,3.10983955,0.85226697,70.19131695,4.80349157
2021-04-23,31.73,-0.626370184779,4415302320.35,4117096831.48,139152295.0,129754076.0,38.45856336,36.74727405,3.09036044,0.84692862,69.75165947,4.77340393
2021-04-26,32.2,1.481248030255,4480703899.0,4178081247.2,139152295.0,129754076.0,39.02823008,37.29159233,3.13613634,0.85947374,70.78485455,4.84410988
2021-04-27,32.34,0.434782608696,4500185220.3,4196246817.84,139152295.0,129754076.0,39.19791803,37.45372968,3.14977172,0.86321058,71.09261479,4.86517123
2021-04-28,33.1,2.350030921459,4605940964.5,4294859915.6,139152295.0,129754076.0,40.11908123,38.33390391,3.22379233,0.8834963,72.76331322,4.97950426
2021-04-29,32.31,-2.38670694864,4496010651.45,4192354195.56,139152295.0,129754076.0,35.39348869,37.41898596,3.14684985,0.86240983,58.87794514,4.50989052
2021-04-30,32.17,-0.433302383163,4476529330.15,4174188624.92,139152295.0,129754076.0,35.24012786,37.25684861,3.13321448,0.85867299,58.6228256,4.49034906
2021-05-06,32.54,1.150139881878,4528015679.3,4222197633.04,139152295.0,129754076.0,35.64543862,37.68535448,3.16925083,0.86854893,59.2970701,4.54199435
2021-05-07,32.25,-0.891210817455,4487661513.75,4184568951.0,139152295.0,129754076.0,35.32776262,37.34949853,3.14100612,0.86080832,58.7686082,4.50151561
2021-05-10,30.42,-5.674418604651,4233012813.9,3947118991.92,139152295.0,129754076.0,33.32311748,35.23013163,2.96277228,0.81196246,55.43383136,4.24608077
2021-05-11,30.99,1.873767258383,4312329622.05,4021078815.24,139152295.0,129754076.0,33.94751515,35.8902623,3.01828774,0.82717674,56.47253234,4.32564244
2021-05-12,30.62,-1.193933526944,4260843272.9,3973069807.12,139152295.0,129754076.0,33.54220438,35.46175643,2.98225139,0.8173008,55.79828784,4.27399714
2021-05-13,30.38,-0.783801436969,4227446722.1,3941928828.88,139152295.0,129754076.0,33.2793001,35.18380667,2.95887646,0.81089479,55.36094006,4.24049749
2021-05-14,31.02,2.106649111257,4316504190.9,4024971437.52,139152295.0,129754076.0,33.98037818,35.92500602,3.02120961,0.8279775,56.52720081,4.3298299
2021-05-17,30.68,-1.096067053514,4269192410.6,3980855051.68,139152295.0,129754076.0,33.60793045,35.53124387,2.98809512,0.81890231,55.90762479,4.28237206
2021-05-18,30.48,-0.651890482399,4241361951.6,3954904236.48,139152295.0,129754076.0,33.38884355,35.29961907,2.96861602,0.81356396,55.54316831,4.25445568
2021-05-19,31.52,3.412073490814,4386080338.4,4089848475.52,139152295.0,129754076.0,34.52809543,36.50406802,3.06990738,0.84132336,57.43834203,4.39962084
2021-05-20,31.09,-1.36421319797,4326244851.55,4034054222.84,139152295.0,129754076.0,34.0570586,36.0060747,3.0280273,0.82984592,56.65476058,4.33960063
2021-05-21,31.17,0.257317465423,4337377035.15,4044434548.92,139152295.0,129754076.0,34.14469336,36.09872462,3.03581894,0.83198126,56.80054318,4.35076718
2021-05-24,31.91,2.374077638755,4440349733.45,4140452565.16,139152295.0,129754076.0,34.95531489,36.95573637,3.10789164,0.85173314,58.14903217,4.45405777
2021-05-25,32.51,1.880288310874,4523841110.45,4218305010.76,139152295.0,129754076.0,35.61257559,37.65061076,3.16632896,0.86774818,59.24240163,4.5378069
2021-05-26,32.21,-0.922792986773,4482095421.95,4179378787.96,139152295.0,129754076.0,35.28394524,37.30317357,3.1371103,0.85974066,58.6957169,4.49593233
2021-05-27,32.34,0.403601366035,4500185220.3,4196246817.84,139152295.0,129754076.0,35.42635172,37.45372968,3.14977172,0.86321058,58.93261362,4.51407798
2021-05-28,32.6,0.803957946815,4536364817.0,4229982877.6,139152295.0,129754076.0,35.71116469,37.75484192,3.17509456,0.87015043,59.40640705,4.55036927
2021-05-31,33.9,3.98773006135,4717262800.5,4398663176.4,139152295.0,129754076.0,37.13522954,39.2604031,3.30170876,0.90484968,61.7753742,4.73182571
2021-06-01,33.86,-0.117994100295,4711696708.7,4393473013.36,139152295.0,129754076.0,37.09141216,39.21407814,3.29781294,0.90378201,61.7024829,4.72624243
2021-06-02,33.12,-2.185469580626,4608724010.4,4297454997.12,139152295.0,129754076.0,36.28079063,38.35706639,3.22574024,0.88403013,60.35399391,4.62295184
2021-06-03,35.43,6.974637681159,4930165811.85,4597186912.68,139152295.0,129754076.0,38.81124432,41.0323328,3.45072393,0.94568803,64.56346631,4.94538598
2021-06-04,35.88,1.270110076207,4992784344.6,4655576246.88,139152295.0,129754076.0,39.30418985,41.55348859,3.49455193,0.95769931,65.3834934,5.00819783
2021-06-07,35.96,0.222965440357,5003916528.2,4665956572.96,139152295.0,129754076.0,39.39182461,41.64613851,3.50234357,0.95983465,65.52927599,5.01936438
2021-06-08,37.21,3.476084538376,5177856896.95,4828149167.96,139152295.0,129754076.0,40.76111773,43.09379349,3.62408799,0.99319931,67.80712902,5.19384173
2021-06-09,36.6,-1.639344262295,5092973997.0,4748999181.6,139152295.0,129754076.0,40.09290269,42.38733786,3.56467671,0.97691735,66.69553674,5.10869678
2021-06-10,37.4,2.185792349727,5204295833.0,4852802442.4,139152295.0,129754076.0,40.96925029,43.31383705,3.64259314,0.99827074,68.15336268,5.22036229
2021-06-11,36.16,-3.31550802139,5031746987.2,4691907388.16,139152295.0,129754076.0,39.61091151,41.87776331,3.52182268,0.96517299,65.89373248,5.04728076
2021-06-15,36.14,-0.055309734513,5028963941.3,4689312306.64,139152295.0,129754076.0,39.58900282,41.85460083,3.51987477,0.96463916,65.85728683,5.04448912
2021-06-16,36.3,0.442722744881,5051228308.5,4710072958.8,139152295.0,129754076.0,39.76427234,42.03990067,3.53545805,0.96890984,66.14885202,5.06682222
2021-06-17,37.05,2.066115702479,5155592529.75,4807388515.8,139152295.0,129754076.0,40.58584821,42.90849365,3.60850471,0.98892863,67.51556384,5.17150863
2021-06-18,38.95,5.128205128205,6487836570.35,5053921260.2,166568333.0,129754076.0,51.07353786,53.99637243,4.54096957,1.24447526,84.96209535,6.50786551
2021-06-21,38.89,-0.1540436457,6477842470.37,5046136015.64,166568333.0,129754076.0,50.99486232,53.91319445,4.53397449,1.24255823,84.83121665,6.49784056
2021-06-22,36.1,-7.17408074055,6013116821.3,4684122143.6,166568333.0,129754076.0,47.33644973,50.04541835,4.2087035,1.15341609,78.74535667,6.03168023
2021-06-23,36.63,1.468144044321,6101398037.79,4752891803.88,166568333.0,129754076.0,48.031417,50.78015717,4.27049333,1.1703499,79.90145193,6.12023398
2021-06-24,35.97,-1.801801801802,5991462938.01,4667254113.72,166568333.0,129754076.0,47.16598606,49.86519939,4.19354751,1.14926252,78.46178613,6.0099595
2021-06-25,35.65,-0.889630247428,5938161071.45,4625732809.4,166568333.0,129754076.0,46.74638318,49.42158349,4.15624044,1.13903833,77.76376635,5.95649308
2021-06-28,36.5,2.384291725105,6079744154.5,4736023774.0,166568333.0,129754076.0,47.86095333,50.59993822,4.25533734,1.16619633,79.6178814,6.09851325
2021-06-29,36.25,-0.684931506849,6038102071.25,4703585255.0,166568333.0,129754076.0,47.53313858,50.2533633,4.22619119,1.15820868,79.07255344,6.05674261
2021-06-30,36.27,0.055172413793,6041433437.91,4706180336.52,166568333.0,129754076.0,47.55936376,50.28108929,2.68733021,1.15884769,79.11617968,6.06008426
2021-07-01,35.13,-3.143093465674,5851545538.29,4558260689.88,166568333.0,129754076.0,46.0645285,48.70070766,2.60286491,1.12242403,76.62948421,5.86961015
2021-07-02,34.75,-1.08169655565,5788249571.75,4508954141.0,166568333.0,129754076.0,45.56625008,48.17391378,2.57470981,1.11028281,75.80058571,5.80611878
2021-07-05,36.42,4.805755395683,6066418687.86,4725643447.92,166568333.0,129754076.0,47.75605261,50.48903424,2.69844407,1.16364028,79.44337645,6.08514665
2021-07-06,36.18,-0.658978583196,6026442287.94,4694502469.68,166568333.0,129754076.0,47.44135045,50.15632232,2.6806619,1.15597214,78.91986162,6.04504683
2021-07-07,35.82,-0.995024875622,5966477688.06,4647791002.32,166568333.0,129754076.0,46.96929721,49.65725444,2.65398865,1.14446993,78.13458936,5.98489711
2021-07-08,35.85,0.083752093802,5971474738.05,4651683624.6,166568333.0,129754076.0,47.00863498,49.69884343,2.65621142,1.14542845,78.20002872,5.98990959
2021-07-09,37.1,3.486750348675,6179685154.3,4905756447.2,166568333.0,132230632.0,48.64770872,51.43171802,2.74882688,1.18536668,80.92666849,6.19876278
2021-07-12,39.06,5.283018867925,6506159086.98,5164928485.92,166568333.0,132230632.0,51.21777635,54.14886539,2.89404792,1.24798982,85.20203965,6.52624459
2021-07-13,38.8,-0.665642601126,6462851320.4,5130548521.6,166568333.0,132230632.0,50.87684901,53.78842747,2.87478391,1.23968267,84.63489858,6.48280313
2021-07-14,38.28,-1.340206185567,6376235787.24,5061788592.96,166568333.0,132230632.0,50.19499434,53.06755164,2.83625588,1.22306837,83.50061644,6.3959202
2021-07-15,38.16,-0.313479623824,6356247587.28,5045920917.12,166568333.0,132230632.0,50.03764326,52.90119568,2.82736479,1.2192343,83.23885902,6.37587029
2021-07-16,36.9,-3.301886792453,6146371487.7,4879310320.8,166568333.0,132230632.0,48.38545692,51.15445809,2.73400841,1.17897656,80.49040613,6.16534627
2021-07-19,36.42,-1.30081300813,6066418687.86,4815839617.44,166568333.0,132230632.0,47.75605261,50.48903424,2.69844407,1.16364028,79.44337645,6.08514665
2021-07-20,35.86,-1.537616694124,5973140421.38,4741790463.52,166568333.0,132230632.0,47.02174757,49.71270642,2.65695234,1.14574795,78.22184183,5.99158041
2021-07-21,37.98,5.911879531511,6326265287.34,5022119403.36,166568333.0,132230632.0,49.80161664,52.65166174,2.81402817,1.21348319,82.84622289,6.34579543
2021-07-22,37.8,-0.473933649289,6296282987.4,4998317889.6,166568333.0,132230632.0,49.56559002,52.4021278,2.80069154,1.20773209,82.45358676,6.31572057
2021-07-23,37.45,-0.925925925926,6237984070.85,4952037168.4,166568333.0,132230632.0,49.10664937,51.91692291,2.77475921,1.19654938,81.69012763,6.25724168
2021-07-26,37.94,1.308411214953,6319602554.02,5016830178.08,166568333.0,132230632.0,49.74916628,52.59620975,2.81106447,1.21220517,82.75897042,6.33911213
2021-07-27,38.09,0.395361096468,6344587803.97,5036664772.88,166568333.0,132230632.0,49.94585513,52.8041547,2.82217833,1.21699776,83.08616719,6.36417451
2021-07-28,35.87,-5.828301391441,5974806104.71,4743112769.84,166568333.0,132230632.0,47.03486016,49.72656942,2.65769327,1.14606746,78.24365495,5.99325124
2021-07-29,37.2,3.707833844438,6196341987.6,4918979510.4,166568333.0,132230632.0,48.77883462,51.57034799,2.75623612,1.18856174,81.14479967,6.21547104
2021-07-30,38.25,2.822580645161,6371238737.25,5057821674.0,166568333.0,132230632.0,50.15565657,53.02596265,2.8340331,1.22210985,83.43517708,6.39090772
2021-08-02,42.08,10.013071895425,7009195452.64,5564264994.56,166568333.0,132230632.0,55.17777852,58.33549042,3.11780688,1.34448059,91.78960135,7.03083391
2021-08-03,43.1,2.423954372624,7179095152.3,5699140239.2,166568333.0,132230632.0,56.51526269,59.74951609,3.19338109,1.37707019,94.0145394,7.20125811
2021-08-04,44.0,2.088167053364,7329006652.0,5818147808.0,166568333.0,132230632.0,57.69539579,60.9971858,3.26006422,1.40582571,95.97772004,7.35163241
2021-08-05,42.39,-3.659090909091,7060831635.87,5605256490.48,166568333.0,132230632.0,55.58426881,58.76524332,3.14077551,1.35438527,92.46580801,7.0826295
2021-08-06,41.54,-2.005189903279,6919248552.82,5492860453.28,166568333.0,132230632.0,54.46969866,57.58688859,3.077797,1.32722727,90.61169297,6.94060933
2021-08-09,42.8,3.033220991815,7129124652.4,5659471049.6,166568333.0,132230632.0,56.121885,59.33362618,3.17115338,1.36748501,93.36014586,7.15113334
2021-08-10,44.08,2.990654205607,7342332118.64,5828726258.56,166568333.0,132230632.0,57.80029651,61.10808977,3.26599161,1.40838176,96.15222499,7.36499901
2021-08-11,43.96,-0.2722323049,7322343918.68,5812858582.72,166568333.0,132230632.0,57.64294543,60.94173381,3.25710053,1.40454769,95.89046757,7.34494911
2021-08-12,44.78,1.865332120109,7458929951.74,5921287700.96,166568333.0,132230632.0,58.71817781,62.07849954,3.31785627,1.43074717,97.67914326,7.4819568
2021-08-13,43.27,-3.372041089772,7207411768.91,5721619446.64,166568333.0,132230632.0,56.73817672,59.98518703,3.2059768,1.38250178,94.38536241,7.22966215
2021-08-16,42.12,-2.657730529235,7015858185.96,5569554219.84,166568333.0,132230632.0,55.23022888,58.3909424,3.12077057,1.34575861,91.87685382,7.03751721
2021-08-17,40.45,-3.964862298196,6737689069.85,5348729064.4,166568333.0,132230632.0,53.04042636,56.07582194,2.99703632,1.29240114,88.23406308,6.75848934
2021-08-18,40.27,-0.44499381953,6707706769.91,5324927550.64,166568333.0,132230632.0,52.80439974,55.826288,2.98369969,1.28665003,87.84142696,6.72841448
2021-08-19,40.6,0.819468587037,6762674319.8,5368563659.2,166568333.0,132230632.0,53.23711521,56.28376689,3.00815017,1.29719372,88.56125986,6.78355172
2021-08-20,39.99,-1.502463054187,6661067636.67,5287902973.68,166568333.0,132230632.0,52.43724722,55.43812409,2.96295383,1.27770387,87.23065965,6.68163137
2021-08-23,43.02,7.576894223556,7165769685.66,5688561788.64,166568333.0,132230632.0,56.41036197,59.63861211,3.1874537,1.37451414,93.84003446,7.18789151
2021-08-24,42.48,-1.255230125523,7075822785.84,5617157247.36,166568333.0,132230632.0,55.70228212,58.89001029,3.14744382,1.35726082,92.66212608,7.09766693
2021-08-25,41.1,-3.248587570621,6845958486.3,5434678975.2,166568333.0,132230632.0,50.87262788,56.97691673,3.04519636,1.31316902,101.76888162,6.34838061
2021-08-26,40.58,-1.265206812652,6759342953.14,5365919046.56,166568333.0,132230632.0,50.22898392,56.2560409,3.00666832,1.29655471,100.48129479,6.26806046
2021-08-27,38.53,-5.05174963036,6417877870.49,5094846250.96,166568333.0,132230632.0,47.69154141,53.41412656,2.85477897,1.23105601,95.40523136,5.95141374
2021-08-30,37.13,-3.633532312484,6184682204.29,4909723366.16,166568333.0,132230632.0,45.95865384,51.47330701,2.75104965,1.1863252,91.93865145,5.7351672
2021-08-31,35.98,-3.097225962833,5993128621.34,4757658139.36,166568333.0,132230632.0,44.53521049,49.87906238,2.66584343,1.14958202,89.09110366,5.55753611
2021-09-01,35.19,-2.195664257921,5861539638.27,4653195940.08,166568333.0,132230632.0,43.55736679,48.78388564,2.60731046,1.12434106,87.13496214,5.43551128
2021-09-02,33.99,-3.410059676044,5661657638.67,4494519181.68,166568333.0,132230632.0,42.07203459,47.12032603,2.51839961,1.08600036,84.16360794,5.2501571
2021-09-03,34.18,0.558987937629,5693305621.94,4519643001.76,166568333.0,132230632.0,42.30721218,47.38372297,2.53247716,1.09207097,84.63407235,5.27950485
2021-09-06,34.88,2.0479812756,5809903455.04,4612204444.16,166568333.0,132230632.0,43.17365597,48.35413274,2.58434182,1.11443638,86.36736231,5.38762812
2021-09-07,35.24,1.032110091743,5869868054.92,4659807471.68,166568333.0,132230632.0,43.61925563,48.85320062,2.61101507,1.12593859,87.25876857,5.44323437
2021-09-08,35.45,0.595913734393,5904847404.85,4687575904.4,166568333.0,132230632.0,43.87918876,49.14432356,2.62657447,1.13264822,87.77875556,5.47567135
2021-09-09,36.7,3.526093088858,6113057821.1,4852864194.4,166568333.0,132230632.0,45.42640981,50.87719815,2.71918993,1.17258645,90.87391619,5.66874862
2021-09-10,37.34,1.743869209809,6219661554.22,4937491798.88,166568333.0,132230632.0,46.21858698,51.76442995,2.76660905,1.19303482,92.45863843,5.76760418
2021-09-13,35.92,-3.802892340653,5983134521.36,4749724301.44,166568333.0,132230632.0,44.46094388,49.7958844,2.66139789,1.14766499,88.94253595,5.5482684
2021-09-14,36.18,0.723830734967,6026442287.94,4784104265.76,166568333.0,132230632.0,44.78276585,50.15632232,2.6806619,1.15597214,89.58632937,5.58842848
2021-09-15,36.01,-0.469872857933,5998125671.33,4761625058.32,166568333.0,132230632.0,44.57234379,49.92065138,2.6680662,1.15054054,89.16538752,5.56216997
2021-09-16,35.35,-1.832824215496,5888190571.55,4674352841.2,166568333.0,132230632.0,43.75541108,49.00569359,2.61916524,1.12945316,87.5311427,5.46022517
2021-09-17,35.45,0.2828854314,5904847404.85,4687575904.4,166568333.0,132230632.0,43.87918876,49.14432356,2.62657447,1.13264822,87.77875556,5.47567135
2021-09-22,37.42,5.557122708039,6232987020.86,4948070249.44,166568333.0,132230632.0,46.31760913,51.87533392,2.77253644,1.19559087,92.65672871,5.77996113
2021-09-23,36.4,-2.725815072154,6063087321.2,4813195004.8,166568333.0,132230632.0,45.05507676,50.46130825,2.69696222,1.16300127,90.13107764,5.62241008
2021-09-24,36.57,0.467032967033,6091403937.81,4835674212.24,166568333.0,132230632.0,45.26549882,50.69697919,2.70955793,1.16843287,90.55201948,5.64866858
2021-09-27,36.1,-1.285206453377,6013116821.3,4773525815.2,166568333.0,132230632.0,44.68374371,50.04541835,2.67473451,1.15341609,89.38823908,5.57607153
2021-09-28,35.0,-3.047091412742,5829891655.0,4628072120.0,166568333.0,132230632.0,43.32218919,48.5204887,2.59323291,1.11827045,86.66449773,5.40616353
2021-09-29,35.0,0.0,5829891655.0,4628072120.0,166568333.0,132230632.0,43.32218919,48.5204887,2.59323291,1.11827045,86.66449773,5.40616353
2021-09-30,35.5,1.428571428571,5913175821.5,4694187436.0,166568333.0,132230632.0,43.94107761,49.21363854,2.57299517,1.13424574,87.90256198,5.48339444
2021-10-08,35.47,-0.084507042254,5908178771.51,4690220517.04,166568333.0,132230632.0,43.9039443,49.17204955,2.57082081,1.13328723,87.82827813,5.47876059
2021-10-11,35.16,-0.873978009586,5856542588.28,4649229021.12,166568333.0,132230632.0,43.52023348,48.74229665,2.5483524,1.12338255,87.06067829,5.43087742
2021-10-12,34.26,-2.559726962457,5706631088.58,4530221452.32,166568333.0,132230632.0,42.40623433,47.49462694,2.48312154,1.09462702,84.83216263,5.29186179
2021-10-13,34.26,0.0,5706631088.58,4530221452.32,166568333.0,132230632.0,42.40623433,47.49462694,2.48312154,1.09462702,84.83216263,5.29186179
2021-10-14,34.53,0.788091068301,5751604538.49,4565923722.96,166568333.0,132230632.0,42.74043408,47.86892785,2.5026908,1.10325368,85.50071733,5.33356648
2021-10-15,34.02,-1.476976542137,5666654688.66,4498486100.64,166568333.0,132230632.0,42.10916789,47.16191502,2.46572664,1.08695888,84.23789179,5.25479096
2021-10-18,34.31,0.852439741329,5714959505.23,4536832983.92,166568333.0,132230632.0,42.46812317,47.56394192,2.48674547,1.09622455,84.95596906,5.29958488
2021-10-19,33.95,-1.04925677645,5654994905.35,4489229956.4,166568333.0,132230632.0,42.02252351,47.06487404,2.46065313,1.08472234,84.0645628,5.24397863
2021-10-20,34.36,1.20765832106,5723287921.88,4543444515.52,166568333.0,132230632.0,42.53001201,47.63325691,2.49036941,1.09782208,85.07977548,5.30730797
2021-10-21,34.13,-0.669383003492,5684977205.29,4513031470.16,166568333.0,132230632.0,42.24532334,47.31440798,2.4736993,1.09047344,84.51026593,5.27178176
2021-10-22,34.0,-0.380896571931,5663323322.0,4495841488.0,166568333.0,132230632.0,42.08441235,47.13418902,2.46427707,1.08631987,84.18836922,5.25170172
2021-10-25,33.77,-0.676470588235,5625012605.41,4465428442.64,166568333.0,132230632.0,41.79972368,46.8153401,2.44760696,1.07897123,83.61885966,5.2161755
2021-10-26,33.37,-1.184483269174,5558385272.21,4412536189.84,166568333.0,132230632.0,41.30461295,46.26082023,2.41861546,1.066191,82.62840826,5.15439078
2021-10-27,32.83,-1.618219958046,5468438372.39,4341131648.56,166568333.0,132230632.0,40.63621346,45.5122184,2.37947694,1.04893768,81.29129887,5.0709814
2021-10-28,32.86,0.091379835516,5473435422.38,4345098567.52,166568333.0,132230632.0,40.67334676,45.55380739,2.38165131,1.0498962,81.36558272,5.07561525
2021-10-29,34.53,5.082166768107,5751604538.49,4565923722.96,166568333.0,132230632.0,39.49938845,47.86892785,2.5026908,1.10325368,110.94170146,5.37347988
2021-11-01,35.41,2.548508543296,5898184671.53,4682286679.12,166568333.0,132230632.0,40.50603374,49.08887157,2.56647209,1.13137019,113.7690602,5.51042348
2021-11-02,35.29,-0.338887319966,5878196471.57,4666419003.28,166568333.0,132230632.0,40.36876393,48.92251561,2.55777464,1.12753612,113.38351128,5.49174935
2021-11-03,34.96,-0.935109096061,5823228921.68,4622782894.72,166568333.0,132230632.0,39.99127194,48.46503671,2.53385665,1.11699243,112.32325175,5.4403955
2021-11-04,35.33,1.058352402746,5884859204.89,4671708228.56,166568333.0,132230632.0,40.41452053,48.97796759,2.56067379,1.12881415,113.51202758,5.49797406
2021-11-05,36.3,2.745542032267,6046430487.9,4799971941.6,166568333.0,132230632.0,41.52411818,50.32267828,2.63097816,1.15980621,116.62854801,5.64892325
2021-11-08,35.6,-1.928374655647,5929832654.8,4707410499.2,166568333.0,132230632.0,40.72337761,49.35226851,2.58024305,1.1374408,114.37951265,5.53999084
2021-11-09,35.29,-0.870786516854,5878196471.57,4666419003.28,166568333.0,132230632.0,40.36876393,48.92251561,2.55777464,1.12753612,113.38351128,5.49174935
2021-11-10,35.71,1.190138849532,5948155171.43,4721955868.72,166568333.0,132230632.0,40.84920827,49.50476147,2.58821571,1.14095537,114.73293249,5.55710879
2021-11-11,35.42,-0.812097451694,5899850354.86,4683608985.44,166568333.0,132230632.0,40.51747289,49.10273457,2.56719687,1.1316897,113.80118927,5.51197965
2021-11-12,35.9,1.355166572558,5979803154.7,4747079688.8,166568333.0,132230632.0,41.06655214,49.76815841,2.60198667,1.14702598,115.34338495,5.58667616
2021-11-15,35.62,-0.779944289694,5933164021.46,4710055111.84,166568333.0,132230632.0,40.74625591,49.3799945,2.58169262,1.13807981,114.4437708,5.5431032
2021-11-16,35.34,-0.78607523863,5886524888.22,4673030534.88,166568333.0,132230632.0,40.42595968,48.99183059,2.56139857,1.12913365,113.54415666,5.49953024
2021-11-17,37.19,5.234861346916,6194676304.27,4917657204.08,166568333.0,132230632.0,42.54220262,51.55648499,2.69548424,1.18824223,119.48803583,5.78742302
2021-11-18,36.67,-1.39822532939,6108060771.11,4848897275.44,166568333.0,132230632.0,41.94736677,50.83560916,2.65779529,1.17162793,117.81732385,5.7065018
2021-11-19,36.67,0.0,6108060771.11,4848897275.44,166568333.0,132230632.0,41.94736677,50.83560916,2.65779529,1.17162793,117.81732385,5.7065018
2021-11-22,36.68,0.027270248159,6109726454.44,4850219581.76,166568333.0,132230632.0,41.95880592,50.84947216,2.65852008,1.17194743,117.84945292,5.70805798
2021-11-23,38.24,4.252998909487,6369573053.92,5056499367.68,166568333.0,132230632.0,43.74331348,53.01209966,2.77158691,1.22179035,122.86158887,5.95082162
2021-11-24,37.88,-0.941422594142,6309608454.04,5008896340.16,166568333.0,132230632.0,43.33150404,52.51303177,2.74549457,1.21028814,121.70494211,5.89479925
2021-11-25,38.85,2.560718057022,6471179737.05,5137160053.2,166568333.0,132230632.0,44.44110169,53.85774246,2.81579894,1.2412802,124.82146254,6.04574843
2021-11-26,37.89,-2.471042471042,6311274137.37,5010218646.48,166568333.0,132230632.0,43.34294319,52.52689477,2.74621935,1.21060764,121.73707119,5.89635542
2021-11-29,38.07,0.475059382423,6341256437.31,5034020160.24,166568333.0,132230632.0,43.54884791,52.77642871,2.75926553,1.21635875,122.31539457,5.92436661
2021-11-30,41.18,8.169162069871,6859283952.94,5445257425.76,166568333.0,132230632.0,47.10642388,57.08782071,2.9846744,1.31572506,132.30753739,6.40833772
2021-12-01,40.98,-0.485672656629,6825970286.34,5418811299.36,166568333.0,132230632.0,46.87764086,56.81056077,2.97017865,1.30933495,131.66495585,6.37721418
2021-12-02,40.31,-1.634943875061,6714369503.23,5330216775.92,166568333.0,132230632.0,46.11121774,55.88173999,2.9216179,1.28792806,129.51230772,6.27295031
2021-12-03,39.67,-1.587695360953,6607765770.11,5245589171.44,166568333.0,132230632.0,45.37911207,54.99450819,2.87523151,1.26747968,127.45604682,6.17335496
2021-12-06,38.94,-1.840181497353,6486170887.02,5149060810.08,166568333.0,132230632.0,44.54405405,53.98250943,2.82232203,1.24415575,125.11062423,6.05975403
2021-12-07,37.99,-2.439650744735,6327930970.67,5023441709.68,166568333.0,132230632.0,43.4573347,52.66552474,2.75346723,1.2138027,122.05836196,5.91191719
2021-12-08,39.79,4.738088970782,6627753970.07,5261456847.28,166568333.0,132230632.0,45.51638188,55.16086415,2.88392895,1.27131375,127.84159574,6.19202909
2021-12-09,39.31,-1.20633324956,6547801170.23,5197986143.92,166568333.0,132230632.0,44.96730264,54.49544031,2.84913916,1.25597747,126.29940006,6.11733259
2021-12-10,38.58,-1.85703383363,6426206287.14,5101457782.56,166568333.0,132230632.0,44.13224461,53.48344155,2.79622968,1.23265354,123.95397747,6.00373165
2021-12-13,38.85,0.699844479005,6471179737.05,5137160053.2,166568333.0,132230632.0,44.44110169,53.85774246,2.81579894,1.2412802,124.82146254,6.04574843
2021-12-14,38.08,-1.981981981982,6342922120.64,5035342466.56,166568333.0,132230632.0,43.56028706,52.79029171,2.75999031,1.21667825,122.34752364,5.92592279
2021-12-15,38.46,0.997899159664,6406218087.18,5085590106.72,166568333.0,132230632.0,43.9949748,53.31708558,2.78753223,1.22881947,123.56842855,5.98505752
2021-12-16,39.88,3.692147685907,6642745120.04,5273357604.16,166568333.0,132230632.0,45.61933424,55.28563113,2.89045204,1.2741893,128.13075743,6.20603469
2021-12-17,38.42,-3.660982948847,6399555353.86,5080300881.44,166568333.0,132230632.0,43.9492182,53.2616336,2.78463308,1.22754145,123.43991225,5.97883281
2021-12-20,36.02,-6.246746486205,5999791354.66,5750473053.4,166568333.0,159646670.0,41.20382195,49.93451437,2.61068412,1.15086005,115.72893387,5.60535029
2021-12-21,36.39,1.027207107163,6061421637.87,5809542321.3,166568333.0,159646670.0,41.62707054,50.44744525,2.63750125,1.16268176,116.9177097,5.66292884
2021-12-22,36.4,0.027480076944,6063087321.2,5811138788.0,166568333.0,159646670.0,41.63850969,50.46130825,2.63822604,1.16300127,116.94983878,5.66448502
2021-12-23,36.14,-0.714285714286,6019779554.62,5769630653.8,166568333.0,159646670.0,41.34109176,50.10087033,2.61938156,1.15469412,116.11448279,5.62402441
2021-12-24,35.34,-2.213613724405,5886524888.22,5641913317.8,166568333.0,159646670.0,40.42595968,48.99183059,2.56139857,1.12913365,113.54415666,5.49953024
2021-12-27,37.73,6.762874929259,6284623204.09,6023468859.1,166568333.0,159646670.0,43.15991678,52.30508682,2.73462276,1.20549555,121.22300596,5.87145659
2021-12-28,38.86,2.994964219454,6472845420.38,6203869596.2,166568333.0,159646670.0,44.45254084,53.87160545,2.81652373,1.24159971,124.85359162,6.04730461
2021-12-29,39.62,1.955738548636,6599437353.46,6325201065.4,166568333.0,159646670.0,45.32191632,54.92519321,2.87160757,1.26588215,127.29540144,6.16557408
2021-12-30,39.38,-0.605754669359,6559460953.54,6286885864.6,166568333.0,159646670.0,45.04737669,54.59248129,2.85421267,1.25821401,126.5243036,6.12822583
2021-12-31,39.69,0.78720162519,6611097136.77,6336376332.3,166568333.0,159646670.0,45.40199037,41.46438965,2.81113572,1.26811869,127.52030498,6.17646732
2022-01-04,39.3,-0.98261526833,6546135486.9,6274114131.0,166568333.0,159646670.0,44.95586348,41.05695423,2.78351307,1.31668523,126.26727099,6.11577641
2022-01-05,38.7,-1.526717557252,6446194487.1,6178326129.0,166568333.0,159646670.0,44.26951442,40.4301305,2.74101668,1.29658316,124.33952639,6.02240578
2022-01-06,39.4,1.808785529716,6562792320.2,6290078798.0,166568333.0,159646670.0,45.07025499,41.16142485,2.7905958,1.32003557,126.58856175,6.13133818
2022-01-07,38.6,-2.030456852792,6429537653.8,6162361462.0,166568333.0,159646670.0,44.15512291,40.32565988,2.73393395,1.29323282,124.01823563,6.006844
2022-01-10,39.19,1.528497409326,6527812970.27,6256552997.3,166568333.0,159646670.0,44.83003282,40.94203654,2.77572206,1.31299985,125.91385115,6.09865846
2022-01-11,40.13,2.398571064047,6684387203.29,6406620867.1,166568333.0,159646670.0,45.90531302,41.92406038,2.84229973,1.34449308,128.93398435,6.24493912
2022-01-12,40.77,1.594816845253,6790990936.41,6508794735.9,166568333.0,159646670.0,46.63741868,42.59267236,2.8876292,1.36593529,130.99024525,6.34453446
2022-01-13,41.62,2.084866323277,6932574019.46,6644494405.4,166568333.0,159646670.0,47.60974652,43.48067264,2.94783241,1.39441321,133.72121676,6.47680952
2022-01-14,41.3,-0.768861124459,6879272152.9,6593407471.0,166568333.0,159646670.0,47.24369369,43.14636666,2.92516768,1.38369211,132.69308631,6.42701185
2022-01-17,42.85,3.753026634383,7137453069.05,6840859809.5,166568333.0,159646670.0,49.01676209,44.76566129,3.03495,1.43562244,137.67309318,6.66821932
2022-01-18,43.11,0.606767794632,7180760835.63,6882367943.7,166568333.0,159646670.0,49.31418002,45.0372849,3.0533651,1.44433334,138.50844917,6.70867992
2022-01-19,42.45,-1.530967292971,7070825735.85,6777001141.5,166568333.0,159646670.0,48.55919605,44.3477788,3.00661908,1.42222107,136.38793011,6.60597223
2022-01-20,41.8,-1.531213191991,6962556319.4,6673230806.0,166568333.0,159646670.0,47.81565124,43.66871976,2.96058133,1.40044383,134.29954014,6.50482071
2022-01-21,40.35,-3.468899521531,6721032236.55,6441743134.5,166568333.0,159646670.0,46.15697434,42.15389575,2.85788174,1.35186384,129.64082403,6.27917501
2022-01-24,41.7,3.345724907063,6945899486.1,6657266139.0,166568333.0,159646670.0,47.70125973,43.56424914,2.9534986,1.39709349,133.97824937,6.48925894
2022-01-25,40.33,-3.285371702638,6717700869.89,6438550201.1,166568333.0,159646670.0,46.13409604,42.13300163,2.85646519,1.35119377,129.57656588,6.27606266
2022-01-26,40.32,-0.024795437639,6716035186.56,6436953734.4,166568333.0,159646670.0,46.12265689,42.12255457,2.85575692,1.35085874,129.5444368,6.27450648
2022-01-27,38.94,-3.422619047619,6486170887.02,6216641329.8,166568333.0,159646670.0,44.54405405,40.68085999,2.75801524,1.30462399,125.11062423,6.05975403
2022-01-28,38.28,-1.694915254237,6376235787.24,6111274527.6,166568333.0,159646670.0,43.78907008,39.99135389,2.71126922,1.28251172,122.99010518,5.95704633
2022-02-07,38.4,0.313479623824,6396223987.2,6130432128.0,166568333.0,159646670.0,43.92633989,40.11671863,2.71976849,1.28653213,123.3756541,5.97572046
2022-02-08,38.18,-0.572916666667,6359578953.94,6095309860.6,166568333.0,159646670.0,43.67467857,39.88688327,2.70418649,1.27916137,122.66881441,5.94148456
2022-02-09,39.8,4.243059193295,6629419653.4,6353937466.0,166568333.0,159646670.0,45.52782104,41.57930733,2.81892672,1.33343695,127.87372482,6.19358527
2022-02-10,38.6,-3.015075376884,6429537653.8,6162361462.0,166568333.0,159646670.0,44.15512291,40.32565988,2.73393395,1.29323282,124.01823563,6.006844
2022-02-11,37.37,-3.186528497409,6224658604.21,5965996057.9,166568333.0,159646670.0,42.74810734,39.04067123,2.64681637,1.25202359,120.06635921,5.81543421
2022-02-14,36.99,-1.016858442601,6161362637.67,5905330323.3,166568333.0,159646670.0,42.3134196,38.64368287,2.61990199,1.23929228,118.8454543,5.75629947
2022-02-15,37.45,1.243579345769,6237984070.85,5978767791.5,166568333.0,159646670.0,42.83962055,39.12424773,2.65248255,1.25470386,120.32339182,5.82788363
2022-02-16,37.7,0.667556742323,6279626154.1,6018679459.0,166568333.0,159646670.0,43.12559932,39.38542428,2.67018938,1.26307972,121.12661873,5.86678806
2022-02-17,37.21,-1.299734748011,6198007670.93,5940452590.7,166568333.0,159646670.0,42.56508092,38.87351824,2.635484,1.24666304,119.55229398,5.79053537
2022-02-18,37.75,1.451222789573,6287954570.75,6026661792.5,166568333.0,159646670.0,43.18279508,39.43765959,2.67373074,1.26475489,121.28726412,5.87456894
2022-02-21,38.72,2.569536423841,6449525853.76,6181519062.4,166568333.0,159646670.0,44.29239273,40.45102462,2.74243323,1.29725323,124.40378455,6.02551813
2022-02-22,37.97,-1.936983471074,6324599604.01,6061784059.9,166568333.0,159646670.0,43.4344564,39.66749496,2.68931275,1.27212565,121.9941038,5.90880484
2022-02-23,39.15,3.107716618383,6521150236.95,6250167130.5,166568333.0,159646670.0,44.78427622,40.90024829,2.77288897,1.31165971,125.78533484,6.09243375
2022-02-24,38.63,-1.328224776501,6434534703.79,6167150862.1,166568333.0,159646670.0,44.18944037,40.35700106,2.73605877,1.29423792,124.11462286,6.01151254
2022-02-25,39.99,3.520579860212,6661067636.67,6384270333.3,166568333.0,159646670.0,45.7451649,41.77780151,2.83238391,1.3398026,128.48417727,6.22315263
2022-02-28,40.43,1.100275068767,6734357703.19,6454514868.1,166568333.0,159646670.0,46.24848755,42.23747225,2.86354792,1.35454412,129.89785664,6.29162443
2022-03-01,40.62,0.469948058372,6766005686.46,6484847735.4,166568333.0,159646670.0,46.46583142,42.43596643,2.87700511,1.36090977,130.5083091,6.3211918
2022-03-02,39.6,-2.511078286558,6596105986.8,6322008132.0,166568333.0,159646670.0,45.29903802,41.37036609,2.80476126,1.32673626,127.23114329,6.16246172
2022-03-03,39.89,0.732323232323,6644410803.37,6368305666.3,166568333.0,159646670.0,45.63077339,41.67333089,2.82530118,1.33645226,128.16288651,6.20759086
2022-03-04,38.79,-2.757583354224,6461185637.07,6192694329.3,166568333.0,159646670.0,44.37246678,40.52415406,2.74739114,1.29959847,124.62868808,6.03641137
2022-03-07,36.78,-5.181747873163,6126383287.74,5871804522.6,166568333.0,159646670.0,42.07319743,38.42429457,2.60502826,1.23225656,118.17074369,5.72361975
2022-03-08,35.86,-2.501359434475,5973140421.38,5724929586.2,166568333.0,159646670.0,41.02079554,37.46316485,2.53986714,1.20143339,115.21486864,5.58045145
2022-03-09,34.97,-2.481873954267,5824894605.01,5582844049.9,166568333.0,159646670.0,40.0027111,36.53337632,2.47683084,1.17161533,112.35538083,5.44195168
2022-03-10,35.43,1.315413211324,5901516038.19,5656281518.1,166568333.0,159646670.0,40.52891204,37.01394118,2.5094114,1.18702691,113.83331835,5.51353583
2022-03-11,35.15,-0.790290714084,5854876904.95,5611580450.5,166568333.0,159646670.0,40.20861581,36.72142344,2.48957975,1.17764595,112.9337042,5.46996287
2022-03-14,33.55,-4.551920341394,5588367572.15,5356145778.5,166568333.0,159646670.0,38.37835165,35.04989349,2.37625607,1.12404044,107.79305195,5.22097452
2022-03-15,30.75,-8.345752608048,5121976239.75,4909135102.5,166568333.0,159646670.0,35.17538937,32.12471609,2.17793961,1.03023081,98.79691051,4.7852449
2022-03-16,31.19,1.430894308943,5195266306.27,4979379637.3,166568333.0,159646670.0,35.67871201,32.58438683,2.20910363,1.04497232,100.21058988,4.8537167
2022-03-17,32.38,3.815325424816,5393482622.54,5169359174.6,166568333.0,159646670.0,37.03997098,33.82758722,2.29338812,1.08484142,104.03394999,5.03890178
2022-03-18,32.21,-0.525015441631,5365166005.93,5142219240.7,166568333.0,159646670.0,36.84550542,33.64998717,2.28134748,1.07914583,103.48775569,5.01244677
2022-03-21,32.0,-0.651971437442,5330186656.0,5108693440.0,166568333.0,159646670.0,36.60528324,33.43059886,2.26647374,1.07211011,102.81304508,4.97976705
2022-03-22,32.57,1.78125,5425130605.81,5199692041.9,166568333.0,159646670.0,37.25731485,34.0260814,2.30684531,1.09120707,104.64440244,5.06846915
2022-03-23,34.62,6.294135707706,5766595688.46,5526967715.4,166568333.0,159646670.0,39.60234081,36.16772914,2.45204128,1.15988912,111.23086315,5.38748548
2022-03-24,34.1,-1.502021952629,5679980155.3,5443951447.0,166568333.0,159646670.0,39.00750496,35.62448191,2.41521108,1.14246734,109.56015116,5.30656426
2022-03-25,33.86,-0.703812316716,5640003755.38,5405636246.2,166568333.0,159646670.0,38.73296533,35.37375242,2.39821253,1.13442651,108.78905332,5.26921601
2022-03-28,33.95,0.2658003544,5654994905.35,5420004446.5,166568333.0,159646670.0,38.83591769,35.46777598,2.40458699,1.13744182,109.07821501,5.2832216
2022-03-29,33.16,-2.326951399116,5523405922.28,5293883577.2,166568333.0,159646670.0,34.64245807,34.64245807,2.34863342,1.1109741,111.66307208,4.84146774
2022-03-30,33.01,-0.452352231604,5498420672.33,5269936576.7,166568333.0,159646670.0,34.48575214,34.48575214,2.33800932,1.10594858,111.15796168,4.81956725
2022-03-31,32.11,-2.726446531354,5348509172.63,5126254573.7,166568333.0,159646670.0,33.54551655,33.54551655,2.24435502,1.07579549,108.12729929,4.68816433
2022-04-01,31.57,-1.681719090626,5258562272.81,5040045371.9,166568333.0,159646670.0,32.98137519,32.98137519,2.20661127,1.05770363,106.30890186,4.60932257
2022-04-06,30.67,-2.850807728857,5108650773.11,4896363368.9,166568333.0,159646670.0,32.0411396,32.0411396,2.14370503,1.02755053,103.27823947,4.47791965
2022-04-07,28.98,-5.510270622758,4827150290.34,4626560496.6,166568333.0,159646670.0,30.27558609,30.27558609,2.02558108,0.97092972,97.58732898,4.23117416
2022-04-08,28.88,-0.345065562457,4810493457.04,4610595829.6,166568333.0,159646670.0,30.17111547,30.17111547,2.01859149,0.96757937,97.25058871,4.21657383
2022-04-11,27.54,-4.639889196676,4587291890.82,4396669291.8,166568333.0,159646670.0,28.77120915,28.77120915,1.92493109,0.92268476,92.73826915,4.02092948
2022-04-12,28.15,2.214960058097,4688898573.95,4494053760.5,166568333.0,159646670.0,29.40847994,29.40847994,1.96756754,0.94312186,94.79238477,4.10999146
2022-04-13,27.93,-0.781527531083,4652253540.69,4458931493.1,166568333.0,159646670.0,29.17864457,29.17864457,1.95219046,0.9357511,94.05155619,4.07787075
2022-04-14,28.06,0.46544933763,4673907423.98,4479685560.2,166568333.0,159646670.0,29.31445638,29.31445638,1.96127692,0.94010655,94.48931853,4.09685117
2022-04-15,27.39,-2.387740555952,4562306640.87,4372722291.3,166568333.0,159646670.0,28.61450321,28.61450321,1.91444671,0.91765925,92.23315875,3.99902899
2022-04-18,27.45,0.219058050383,4572300740.85,4382301091.5,166568333.0,159646670.0,28.67718559,28.67718559,1.91864046,0.91966945,92.43520291,4.00778919
2022-04-19,26.91,-1.967213114754,4482353841.03,4296091889.7,166568333.0,159646670.0,28.11304423,28.11304423,1.88089671,0.9015776,90.61680548,3.92894743
2022-04-20,26.39,-1.932367149758,4395738307.87,4213075621.3,166568333.0,159646670.0,27.569797,27.569797,1.84455088,0.88415581,88.8657561,3.85302574
2022-04-21,25.47,-3.48616900341,4242495441.51,4242495441.51,166568333.0,166568333.0,26.60866728,26.60866728,1.78024672,0.85333264,85.76774565,3.71870275
2022-04-22,24.77,-2.748331370239,4125897608.41,4125897608.41,166568333.0,166568333.0,25.87737293,25.87737293,1.73131964,0.82988023,83.41056379,3.61650048
2022-04-25,22.29,-10.012111425111,3712808142.57,3712808142.57,166568333.0,166568333.0,23.28650152,23.28650152,1.55797799,0.7467917,75.05940521,3.25441242
2022-04-26,21.26,-4.62090623598,3541242759.58,3541242759.58,166568333.0,166568333.0,22.21045412,22.21045412,1.48598529,0.71228315,71.59098047,3.10402908
2022-04-27,22.84,7.431796801505,3804420725.72,3804420725.72,166568333.0,166568333.0,23.86108994,23.86108994,1.5964207,0.76521859,76.91147667,3.33471421
2022-04-28,22.1,-3.239929947461,3681160159.3,3681160159.3,166568333.0,166568333.0,23.08800734,23.08800734,1.54469778,0.74042604,74.4195987,3.2266718
2022-04-29,23.74,7.420814479638,3954332225.42,3954332225.42,166568333.0,166568333.0,23.71238168,24.80132553,1.65932694,0.79537169,40.30705083,3.29002777
2022-05-05,25.17,6.023588879528,4192524941.61,4192524941.61,166568333.0,166568333.0,25.14071806,26.29525542,1.75927797,0.84328161,42.73498186,3.48820552
2022-05-06,24.49,-2.701628923321,4079258475.17,4079258475.17,166568333.0,166568333.0,24.46150915,25.58485519,1.71174881,0.82049927,41.58044123,3.39396715
2022-05-09,24.4,-0.367496937526,4064267325.2,4064267325.2,166568333.0,166568333.0,24.37161386,25.49083163,1.70545819,0.81748396,41.42763438,3.38149442
2022-05-10,25.35,3.893442622951,4222507241.55,4222507241.55,166568333.0,166568333.0,25.32050866,26.48330254,1.77185922,0.84931223,43.04059555,3.51315097
2022-05-11,25.32,-0.118343195266,4217510191.56,4217510191.56,166568333.0,166568333.0,25.29054356,26.45196135,1.76976235,0.84830712,42.98965994,3.50899339
2022-05-12,25.35,0.118483412322,4222507241.55,4222507241.55,166568333.0,166568333.0,25.32050866,26.48330254,1.77185922,0.84931223,43.04059555,3.51315097
2022-05-13,25.39,0.157790927022,4229169974.87,4229169974.87,166568333.0,166568333.0,25.36046212,26.52509078,1.77465506,0.85065237,43.10850971,3.5186944
2022-05-16,25.16,-0.905868452147,4190859258.28,4190859258.28,166568333.0,166568333.0,25.1307297,26.28480835,1.75857902,0.84294657,42.71800332,3.48681966
2022-05-17,25.52,1.430842607313,4250823858.16,4250823858.16,166568333.0,166568333.0,25.49031089,26.66090259,1.78374151,0.85500781,43.32923071,3.53671056
2022-05-18,26.42,3.526645768025,4400735357.86,4400735357.86,166568333.0,166568333.0,26.38926386,27.60113819,1.84664776,0.88516091,44.85729919,3.66143781
2022-05-19,26.46,0.151400454201,4407398091.18,4407398091.18,166568333.0,166568333.0,26.42921732,27.64292643,1.84944359,0.88650105,44.92521335,3.66698125
2022-05-20,26.72,0.98261526833,4450705857.76,4450705857.76,166568333.0,166568333.0,26.68891485,27.91455005,1.86761651,0.89521194,45.36665535,3.70301356
2022-05-23,26.82,0.374251497006,4467362691.06,4467362691.06,166568333.0,166568333.0,26.78879851,28.01902067,1.87460609,0.89856229,45.53644074,3.71687215
2022-05-24,25.5,-4.565868263473,4247492491.5,4247492491.5,166568333.0,166568333.0,25.47033415,26.64000847,1.7823436,0.85433774,43.29527363,3.53393884
2022-05-25,28.05,10.0,4672241740.65,4672241740.65,166568333.0,166568333.0,28.01736757,29.30400931,1.96057796,0.93977152,47.624801,3.88733273
2022-05-26,27.2,-3.030303030303,4530658657.6,4530658657.6,166568333.0,166568333.0,27.16835643,28.41600903,1.9011665,0.91129359,46.18162521,3.76953477
2022-05-27,26.7,-1.838235294118,4447374491.1,4447374491.1,166568333.0,166568333.0,26.66893811,27.89365593,1.86621859,0.89454187,45.33269827,3.70024185
2022-05-30,28.07,5.131086142322,4675573107.31,4675573107.31,166568333.0,166568333.0,28.0373443,29.32490344,1.96197587,0.94044159,47.65875807,3.89010444
2022-05-31,27.95,-0.427502671892,4655584907.35,4655584907.35,166568333.0,166568333.0,27.91748391,29.19953869,1.95358838,0.93642117,47.45501561,3.87347414
2022-06-01,28.47,1.860465116279,4742200440.51,4742200440.51,166568333.0,166568333.0,28.43687896,29.74278592,1.98993421,0.95384296,48.33789962,3.94553878
2022-06-02,29.29,2.880224798033,4878786473.57,4878786473.57,166568333.0,166568333.0,29.25592499,30.59944502,2.04724878,0.98131578,49.73013979,4.05917917
2022-06-06,29.85,1.911915329464,4972064740.05,4972064740.05,166568333.0,166568333.0,29.81527351,31.1844805,2.08639045,1.00007771,50.68093796,4.13678723
2022-06-07,29.32,-1.77554438861,4883783523.56,4883783523.56,166568333.0,166568333.0,29.28589009,30.63078621,2.04934566,0.98232089,49.78107541,4.06333674
2022-06-08,29.07,-0.852660300136,4842141440.31,4842141440.31,166568333.0,166568333.0,29.03618094,30.36960965,2.0318717,0.97394503,49.35661194,4.02869028
2022-06-09,28.68,-1.341589267286,4777179790.44,4777179790.44,166568333.0,166568333.0,28.64663465,29.96217423,2.00461233,0.96087869,48.69444893,3.9746418
2022-06-10,29.92,4.323570432357,4983724523.36,4983724523.36,166568333.0,166568333.0,29.88519207,31.25760994,2.09128316,1.00242295,50.79978773,4.14648824
2022-06-13,30.25,1.102941176471,5038692073.25,5038692073.25,166568333.0,166568333.0,30.21480816,31.60236299,2.11434878,1.01347909,51.36007951,4.19222157
2022-06-14,29.78,-1.553719008264,4960404956.74,4960404956.74,166568333.0,166568333.0,29.74535495,31.11135107,2.08149774,0.99773247,50.56208819,4.12708623
2022-06-15,29.9,0.402955003358,4980393156.7,4980393156.7,166568333.0,166568333.0,29.86521534,31.23671581,2.08988524,1.00175288,50.76583065,4.14371653
2022-06-16,29.69,-0.702341137124,4945413806.77,4945413806.77,166568333.0,166568333.0,29.65545965,31.01732751,2.07520711,0.99471716,50.40928134,4.1146135
2022-06-17,29.98,0.976759851802,4993718623.34,4993718623.34,166568333.0,166568333.0,29.94512227,31.32029231,2.0954769,1.00443316,50.90165896,4.15480339
2022-06-20,30.07,0.300200133422,5008709773.31,5008709773.31,166568333.0,166568333.0,30.03501757,31.41431587,2.10176753,1.00744847,51.05446581,4.16727612
2022-06-21,29.59,-1.596275357499,4928756973.47,4928756973.47,166568333.0,166568333.0,29.55557598,30.91285688,2.06821753,0.99136682,50.23949595,4.10075492
2022-06-22,28.93,-2.230483271375,4818821873.69,4818821873.69,166568333.0,166568333.0,28.89634381,30.22335078,2.02208629,0.96925455,49.1189124,4.00928826
2022-06-23,29.98,3.629450397511,4993718623.34,4993718623.34,166568333.0,166568333.0,29.94512227,31.32029231,2.0954769,1.00443316,50.90165896,4.15480339
2022-06-24,30.47,1.634422948632,5075337106.51,5075337106.51,166568333.0,166568333.0,30.43455222,31.83219835,2.12972586,1.02084984,51.73360736,4.22271045
2022-06-27,30.48,0.032819166393,5077002789.84,5077002789.84,166568333.0,166568333.0,30.44454059,31.84264542,2.13042482,1.02118488,51.7505859,4.22409631
2022-06-28,30.58,0.328083989501,5093659623.14,5093659623.14,166568333.0,166568333.0,30.54442425,31.94711604,2.1374144,1.02453522,51.92037128,4.2379549
2022-06-29,29.8,-2.550686723349,4963736323.4,4963736323.4,166568333.0,166568333.0,29.76533168,31.13224519,2.08289566,0.99840254,50.59604527,4.12985794
2022-06-30,30.36,1.879194630872,5057014589.88,5057014589.88,166568333.0,166568333.0,30.32468019,31.71728067,2.1175691,1.01716447,51.54684343,4.20746601
2022-07-01,29.86,-1.646903820817,4973730423.38,4973730423.38,166568333.0,166568333.0,29.82526188,31.19492756,2.08269477,1.00041275,50.6979165,4.13817309
2022-07-04,29.62,-0.80375083724,4933754023.46,4933754023.46,166568333.0,166568333.0,29.58554108,30.94419807,2.06595509,0.99237192,50.29043157,4.10491249
2022-07-05,28.67,-3.20729237002,4775514107.11,4775514107.11,166568333.0,166568333.0,28.63664628,29.95172717,1.99969387,0.96054365,48.67747039,3.97325595
2022-07-06,28.9,0.80223229857,4813824823.7,4813824823.7,166568333.0,166568333.0,28.86637871,30.1920096,2.01573606,0.96824944,49.06797678,4.00513069
2022-07-07,29.63,2.525951557093,4935419706.79,4935419706.79,166568333.0,166568333.0,29.59552945,30.95464513,2.06665258,0.99270695,50.30741011,4.10629835
2022-07-08,29.2,-1.451231859602,4863795323.6,4863795323.6,166568333.0,166568333.0,29.1660297,30.50542146,2.03666066,0.97830047,49.57733294,4.04670644
2022-07-11,28.39,-2.77397260274,4728874973.87,4728874973.87,166568333.0,166568333.0,28.35697202,29.65920943,1.98016425,0.95116269,48.20207131,3.93445191
2022-07-12,28.07,-1.127157449806,4675573107.31,4675573107.31,166568333.0,166568333.0,28.0373443,29.32490344,1.95784468,0.94044159,47.65875807,3.89010444
2022-07-13,28.39,1.140007125045,4728874973.87,4728874973.87,166568333.0,166568333.0,28.35697202,29.65920943,1.98016425,0.95116269,48.20207131,3.93445191
2022-07-14,29.19,2.817893624516,4862129640.27,4862129640.27,166568333.0,166568333.0,29.15604133,30.4949744,2.03596317,0.97796544,49.56035441,4.04532058
2022-07-15,28.88,-1.062007536828,4810493457.04,4810493457.04,166568333.0,166568333.0,28.84640198,30.17111547,2.01434109,0.96757937,49.03401971,4.00235897
2022-07-18,28.91,0.103878116343,4815490507.03,4815490507.03,166568333.0,166568333.0,28.87636707,30.20245666,2.01643355,0.96858448,49.08495532,4.00651655
2022-07-19,29.8,3.078519543411,4963736323.4,4963736323.4,166568333.0,166568333.0,29.76533168,31.13224519,2.07850985,0.99840254,50.59604527,4.12985794
2022-07-20,30.63,2.785234899329,5101988039.79,5101988039.79,166568333.0,166568333.0,30.59436608,31.99935135,2.13640123,1.0262104,52.00526398,4.24488419
2022-07-21,31.7,3.493307215149,5280216156.1,5280216156.1,166568333.0,166568333.0,31.66312128,33.117187,2.21103229,1.06205908,53.82196761,4.39317103
2022-07-22,31.29,-1.293375394322,5211923139.57,5211923139.57,166568333.0,166568333.0,31.25359826,32.68885745,2.18243534,1.04832267,53.12584753,4.33635084
2022-07-25,30.46,-2.652604666027,5073671423.18,5073671423.18,166568333.0,166568333.0,30.42456386,31.82175129,2.12454396,1.02051481,51.71662882,4.22132459
2022-07-26,30.69,0.75508864084,5111982139.77,5111982139.77,166568333.0,166568333.0,30.65429628,32.06203372,2.14058615,1.0282206,52.10713521,4.25319934
2022-07-27,31.21,1.694362984686,5198597672.93,5198597672.93,166568333.0,166568333.0,31.17369133,32.60528095,2.17685545,1.04564239,52.99001922,4.32526397
2022-07-28,31.4,0.608779237424,5230245656.2,5230245656.2,166568333.0,166568333.0,31.36347029,32.80377513,2.1901077,1.05200804,53.31261145,4.35159528
2022-07-29,32.23,2.643312101911,5368497372.59,5368497372.59,166568333.0,166568333.0,32.1925047,33.67088129,2.24799908,1.0798159,54.72183016,4.46662153
2022-08-01,32.01,-0.682593856655,5331852339.33,5331852339.33,166568333.0,166568333.0,31.97276064,33.44104592,2.23265437,1.07244514,54.34830231,4.43613264
2022-08-02,30.79,-3.811308965948,5128638973.07,5128638973.07,166568333.0,166568333.0,30.75417995,32.16650434,2.14756102,1.03157095,52.27692059,4.26705792
2022-08-03,31.07,0.909386164339,5175278106.31,5175278106.31,166568333.0,166568333.0,31.0338542,32.45902208,2.16709064,1.04095191,52.75231968,4.30586196
2022-08-04,31.28,0.675893144512,5210257456.24,5210257456.24,166568333.0,166568333.0,31.2436099,32.67841039,2.18173786,1.04798763,53.10886899,4.33496498
2022-08-05,32.29,3.228900255754,5378491472.57,5378491472.57,166568333.0,166568333.0,32.2524349,33.73356366,2.252184,1.08182611,54.8237014,4.47493668
2022-08-08,33.12,2.570455249303,5516743188.96,5516743188.96,166568333.0,166568333.0,33.0814693,34.60066982,2.31007538,1.10963396,56.23292011,4.58996292
2022-08-09,32.12,-3.019323671498,5350174855.96,5350174855.96,166568333.0,166568333.0,32.08263267,33.55596361,2.24032673,1.07613052,54.53506624,4.45137708
2022-08-10,32.24,0.373599003736,5370163055.92,5370163055.92,166568333.0,166568333.0,32.20249306,33.68132835,2.24869656,1.08015094,54.7388087,4.46800738
2022-08-11,32.2,-0.124069478908,5363500322.6,5363500322.6,166568333.0,166568333.0,32.1625396,33.6395401,2.24590662,1.0788108,54.67089455,4.46246395
2022-08-12,31.8,-1.242236024845,5296872989.4,5296872989.4,166568333.0,166568333.0,31.76300494,33.22165762,2.21800716,1.06540942,53.991753,4.40702962
2022-08-15,31.82,0.062893081761,5300204356.06,5300204356.06,166568333.0,166568333.0,31.78298168,33.24255174,2.21940213,1.06607949,54.02571008,4.40980133
2022-08-16,31.8,-0.062853551226,5296872989.4,5296872989.4,166568333.0,166568333.0,31.76300494,33.22165762,2.21800716,1.06540942,53.991753,4.40702962
2022-08-17,31.73,-0.220125786164,5285213206.09,5285213206.09,166568333.0,166568333.0,31.69308638,33.14852818,2.21312475,1.06306418,53.87290323,4.39732861
2022-08-18,32.3,1.796407185629,5380157155.9,5380157155.9,166568333.0,166568333.0,32.26242326,33.74401073,2.25288148,1.08216114,54.84067994,4.47632253
2022-08-19,31.19,-3.43653250774,5195266306.27,5195266306.27,166568333.0,166568333.0,31.1537146,32.58438683,2.17546048,1.04497232,52.95606214,4.32249226
2022-08-22,31.07,-0.384738698301,5175278106.31,5175278106.31,166568333.0,166568333.0,31.0338542,32.45902208,2.16709064,1.04095191,52.75231968,4.30586196
2022-08-23,31.3,0.74026392018,5213588822.9,5213588822.9,166568333.0,166568333.0,31.26358663,32.69930451,2.18313283,1.0486577,53.14282607,4.3377367
2022-08-24,29.79,-4.82428115016,4962070640.07,4962070640.07,166568333.0,166568333.0,29.75534331,31.12179813,2.07781236,0.99806751,50.57906673,4.12847208
2022-08-25,29.53,-0.872776099362,4918762873.49,4918762873.49,166568333.0,166568333.0,29.09168559,30.85017451,2.05967771,0.98935661,62.21671209,4.26956009
2022-08-26,29.4,-0.440230274297,4897108990.2,4897108990.2,166568333.0,166568333.0,28.96361518,30.7143627,2.05061039,0.98500116,61.94281529,4.25076419
2022-08-29,29.0,-1.360544217687,4830481657.0,4830481657.0,166568333.0,166568333.0,28.56955239,30.29648022,2.02271093,0.97159979,61.1000559,4.19293067
2022-08-30,27.9,-3.793103448276,4647256490.7,4647256490.7,166568333.0,166568333.0,27.48587971,29.14730338,1.94598741,0.934746,58.78246757,4.03388847
2022-08-31,25.41,-8.924731182796,4232501341.53,4232501341.53,166568333.0,166568333.0,25.03283883,26.54598491,1.77231327,0.85132243,53.53629036,3.67387477
2022-09-01,25.39,-0.078709169618,4229169974.87,4229169974.87,166568333.0,166568333.0,25.01313569,26.52509078,1.77091829,0.85065237,53.49415239,3.67098309
2022-09-02,26.55,4.568727845609,4422389241.15,4422389241.15,166568333.0,166568333.0,26.15591779,27.73694999,1.85182673,0.88951636,55.93815463,3.83870032
2022-09-05,26.13,-1.581920903955,4352430541.29,4352430541.29,166568333.0,166568333.0,25.74215186,27.29817338,1.8225323,0.87544491,55.05325726,3.77797511
2022-09-06,26.09,-0.153080750096,4345767807.97,4345767807.97,166568333.0,166568333.0,25.70274558,27.25638513,1.81974235,0.87410477,54.96898133,3.77219176
2022-09-07,25.99,-0.383288616328,4329110974.67,4329110974.67,166568333.0,166568333.0,25.60422988,27.15191451,1.81276748,0.87075443,54.75829148,3.75773338
2022-09-08,25.64,-1.346671796845,4270812058.12,4270812058.12,166568333.0,166568333.0,25.25942494,26.78626734,1.78835546,0.85902823,54.02087701,3.70712904
2022-09-09,25.7,0.234009360374,4280806158.1,4280806158.1,166568333.0,166568333.0,25.31853436,26.84894971,1.79254037,0.86103843,54.14729092,3.71580407
2022-09-13,26.08,1.47859922179,4344102124.64,4344102124.64,166568333.0,166568333.0,25.69289401,27.24593807,1.81904486,0.87376974,54.94791234,3.77074592
2022-09-14,25.75,-1.265337423313,4289134574.75,4289134574.75,166568333.0,166568333.0,25.36779221,26.90118502,1.79602781,0.8627136,54.25263584,3.72303326
2022-09-15,24.68,-4.155339805825,4110906458.44,4110906458.44,166568333.0,166568333.0,24.31367424,25.78334937,1.72139675,0.82686492,51.99825447,3.56832858
2022-09-16,24.73,0.202593192869,4119234875.09,4119234875.09,166568333.0,166568333.0,24.36293209,25.83558468,1.72488418,0.82854009,52.10359939,3.57555777
2022-09-19,24.13,-2.426202992317,4019293875.29,4019293875.29,166568333.0,166568333.0,23.7718379,25.20876095,1.68303499,0.80843803,50.83946031,3.48880748
2022-09-20,24.62,2.030667219229,4100912358.46,4100912358.46,166568333.0,166568333.0,24.25456482,25.720667,1.71721183,0.82485472,51.87184056,3.55965355
2022-09-21,24.62,0.0,4100912358.46,4100912358.46,166568333.0,166568333.0,24.25456482,25.720667,1.71721183,0.82485472,51.87184056,3.55965355
2022-09-22,24.4,-0.89358245329,4064267325.2,4064267325.2,166568333.0,166568333.0,24.03783028,25.49083163,1.70186713,0.81748396,51.4083229,3.52784511
2022-09-23,23.67,-2.991803278689,3942672442.11,3942672442.11,166568333.0,166568333.0,23.31866569,24.7281961,1.65095061,0.79302645,49.87028701,3.42229893
2022-09-26,23.04,-2.661596958175,3837734392.32,3837734392.32,166568333.0,166568333.0,22.69801679,24.07003118,1.60700896,0.77191928,48.54294096,3.33121112
2022-09-27,23.94,3.90625,3987645892.02,3987645892.02,166568333.0,166568333.0,23.58465807,25.01026677,1.66978275,0.80207238,50.4391496,3.46133656
2022-09-28,23.18,-3.174603174603,3861053958.94,3861053958.94,166568333.0,166568333.0,22.83593877,24.21629005,1.61677377,0.77660976,48.83790675,3.35145286
2022-09-29,23.13,-0.215703192407,3852725542.29,3852725542.29,166568333.0,166568333.0,22.78668092,24.16405474,1.61328634,0.77493459,48.73256183,3.34422367
2022-09-30,22.75,-1.642888024211,3789429575.75,3789429575.75,166568333.0,166568333.0,22.41232127,23.76706638,1.5794031,0.76220328,47.9319404,3.28928182
2022-10-10,22.49,-1.142857142857,3746121809.17,3746121809.17,166568333.0,166568333.0,22.15618046,23.49544276,1.56135278,0.75349239,47.3841468,3.25169002
2022-10-11,23.1,2.712316585149,3847728492.3,3847728492.3,166568333.0,166568333.0,22.75712621,24.13271355,1.60370161,0.77392949,48.66935487,3.33988615
2022-10-12,24.44,5.800865800866,4070930058.52,4070930058.52,166568333.0,166568333.0,24.07723656,25.53261988,1.69673019,0.8188241,51.49259883,3.53362846
2022-10-13,24.9,1.882160392799,4147551491.7,4147551491.7,166568333.0,166568333.0,24.53040877,26.01318474,1.72866537,0.83423568,52.46177214,3.60013702
2022-10-14,25.25,1.40562248996,4205850408.25,4205850408.25,166568333.0,166568333.0,24.87521372,26.37883191,1.75296388,0.84596188,53.1991866,3.65074136
2022-10-17,26.05,3.168316831683,4339105074.65,4339105074.65,166568333.0,166568333.0,25.6633393,27.21459689,1.80850333,0.87276464,54.88470539,3.76640841
2022-10-18,25.8,-0.959692898273,4297462991.4,4297462991.4,166568333.0,166568333.0,25.41705006,26.95342033,1.79114725,0.86438878,54.35798077,3.73026245
2022-10-19,25.86,0.232558139535,4307457091.38,4307457091.38,166568333.0,166568333.0,25.47615947,27.01610271,1.79531271,0.86639898,54.48439468,3.73893748
2022-10-20,25.85,-0.038669760247,4305791408.05,4305791408.05,166568333.0,166568333.0,25.4663079,27.00565564,1.79461847,0.86606395,54.46332569,3.73749164
2022-10-21,26.51,2.553191489362,4415726507.83,4415726507.83,166568333.0,166568333.0,26.11651151,27.69516174,1.84043851,0.88817622,55.85387869,3.83291696
2022-10-24,26.7,0.716710675217,4447374491.1,4447374491.1,166568333.0,166568333.0,26.30369134,27.89365593,1.85362913,0.89454187,56.2541894,3.86038789
2022-10-25,26.55,-0.561797752809,4422389241.15,4422389241.15,166568333.0,166568333.0,26.15591779,27.73694999,1.84321548,0.88951636,55.93815463,3.83870032
2022-10-26,27.73,4.444444444444,4618939874.09,4618939874.09,166568333.0,166568333.0,27.31840302,28.96970333,1.92513617,0.92905042,58.42429483,4.00930922
2022-10-27,28.16,1.550667147494,4690564257.28,4690564257.28,166568333.0,166568333.0,27.74202053,29.418927,1.95498863,0.9434569,59.33026118,4.07148026
2022-10-28,26.15,-7.137784090909,4355761907.95,4355761907.95,166568333.0,166568333.0,26.76040169,27.31906751,1.81544576,0.87611498,51.42969869,3.78007445
2022-10-31,28.77,10.019120458891,4792170940.41,4792170940.41,166568333.0,166568333.0,29.44155857,30.05619779,1.99733746,0.963894,56.58250215,4.15880467
2022-11-01,30.36,5.526590198123,5057014589.88,5057014589.88,166568333.0,166568333.0,31.06867286,31.71728067,2.10772211,1.01716447,59.70958517,4.38864476
2022-11-02,30.6,0.790513833992,5096990989.8,5096990989.8,166568333.0,166568333.0,31.31427502,31.96801016,2.12438395,1.02520529,60.1815977,4.4233376
2022-11-03,30.06,-1.764705882353,5007044089.98,5007044089.98,166568333.0,166568333.0,30.76167017,31.40386881,2.08689482,1.00711343,59.11956951,4.3452787
2022-11-04,29.57,-1.630073186959,4925425606.81,4925425606.81,166568333.0,166568333.0,30.26023243,30.89196276,2.05287691,0.99069675,58.15587726,4.27444748
2022-11-07,30.74,3.95671288468,5120310556.42,5120310556.42,166568333.0,166568333.0,31.45754295,32.11426903,2.13410335,1.02989577,60.45693834,4.44357509
2022-11-08,30.37,-1.203643461288,5058680273.21,5058680273.21,166568333.0,166568333.0,31.07890629,31.72772773,2.10841636,1.0174995,59.72925236,4.39009029
2022-11-09,29.66,-2.337833388212,4940416756.78,4940416756.78,166568333.0,166568333.0,30.35233324,30.98598632,2.05912509,0.99371206,58.33288195,4.2874573
2022-11-10,30.83,3.944706675657,5135301706.39,5135301706.39,166568333.0,166568333.0,31.54964376,32.20829259,2.14035154,1.03291108,60.63394304,4.45658491
2022-11-11,30.2,-2.043464158287,5030363656.6,5030363656.6,166568333.0,166568333.0,30.90493809,31.55012768,2.09661422,1.01180392,59.39491015,4.3655162
2022-11-14,30.33,0.430463576159,5052017539.89,5052017539.89,166568333.0,166568333.0,31.03797259,31.68593948,2.10563938,1.01615936,59.6505836,4.38430815
2022-11-15,31.0,2.209033959776,5163618323.0,5163618323.0,166568333.0,166568333.0,31.72361195,32.38589265,2.15215367,1.03860667,60.96828525,4.48115901
2022-11-16,30.86,-0.451612903226,5140298756.38,5140298756.38,166568333.0,166568333.0,31.58034402,32.23963378,2.14243427,1.03391619,60.69294461,4.46092152
2022-11-17,31.53,2.171095268957,5251899539.49,5251899539.49,166568333.0,166568333.0,32.26598338,32.93958694,2.18894856,1.05636349,62.01064626,4.55777237
2022-11-18,32.39,2.727561052965,5395148305.87,5395148305.87,166568333.0,166568333.0,33.14605778,33.83803429,2.24865347,1.08517645,63.70202449,4.6820884
2022-11-21,31.99,-1.234949058351,5328520972.67,5328520972.67,166568333.0,166568333.0,32.73672085,33.4201518,2.22088374,1.07177508,62.91533694,4.62426699
2022-11-22,31.49,-1.562988433886,5245236806.17,5245236806.17,166568333.0,166568333.0,32.22504969,32.89779869,2.18617159,1.05502335,61.9319775,4.55199023
2022-11-23,30.63,-2.731025722452,5101988039.79,5101988039.79,166568333.0,166568333.0,31.34497529,31.99935135,2.12646668,1.0262104,60.24059927,4.42767421
2022-11-24,30.99,1.175318315377,5161952639.67,5161952639.67,166568333.0,166568333.0,31.71337853,32.37544559,2.15145943,1.03827163,60.94861806,4.47971347
2022-11-25,30.0,-3.194578896418,4997049990.0,4997049990.0,166568333.0,166568333.0,30.70026963,31.34118643,2.08272936,1.00510323,59.00156637,4.33660549
2022-11-28,29.34,-2.2,4887114890.22,4887114890.22,166568333.0,166568333.0,30.0248637,30.65168033,2.03690931,0.98299096,57.70353191,4.24120017
2022-11-29,29.4,0.204498977505,4897108990.2,4897108990.2,166568333.0,166568333.0,30.08626424,30.7143627,2.04107477,0.98500116,57.82153505,4.24987338
2022-11-30,29.06,-1.156462585034,4840475756.98,4840475756.98,166568333.0,166568333.0,29.73832785,30.35916259,2.01747051,0.97360999,57.15285063,4.20072519
2022-12-01,29.98,3.165863730213,4993718623.34,4993718623.34,166568333.0,166568333.0,30.67980278,31.32029231,2.08134087,1.00443316,58.962232,4.33371442
2022-12-02,29.39,-1.967978652435,4895443306.87,4895443306.87,166568333.0,166568333.0,30.07603081,30.70391564,2.04038053,0.98466613,57.80186786,4.24842785
2022-12-05,29.12,-0.918679823069,4850469856.96,4850469856.96,166568333.0,166568333.0,29.79972839,30.42184496,2.02163597,0.9756202,57.27085376,4.2093984
2022-12-06,28.89,-0.789835164835,4812159140.37,4812159140.37,166568333.0,166568333.0,29.56435965,30.18156253,2.00566837,0.96791441,56.81850842,4.17615109
2022-12-07,28.86,-0.103842159917,4807162090.38,4807162090.38,166568333.0,166568333.0,29.53365938,30.15022135,2.00358565,0.96690931,56.75950685,4.17181448
2022-12-08,28.56,-1.039501039501,4757191590.48,4757191590.48,166568333.0,166568333.0,29.22665669,29.83680948,1.98275835,0.95685827,56.16949119,4.12844843
2022-12-09,28.44,-0.420168067227,4737203390.52,4737203390.52,166568333.0,166568333.0,29.10385561,29.71144474,1.97442743,0.95283786,55.93348492,4.11110201
2022-12-12,28.55,0.386779184248,4755525907.15,4755525907.15,166568333.0,166568333.0,29.21642326,29.82636242,1.98206411,0.95652324,56.149824,4.12700289
2022-12-13,27.65,-3.152364273205,4605614407.45,4605614407.45,166568333.0,166568333.0,28.29541517,28.88612683,1.91958223,0.92637014,54.37977701,3.99690473
2022-12-14,27.89,0.867992766727,4645590807.37,4645590807.37,166568333.0,166568333.0,28.54101733,29.13685632,1.93624406,0.93441097,54.85178954,4.03159757
2022-12-15,29.02,4.051631409107,4833813023.66,4833813023.66,166568333.0,166568333.0,29.69739415,30.31737434,2.01469354,0.97226986,57.07418187,4.19494305
2022-12-16,28.7,-1.102687801516,4780511157.1,4780511157.1,166568333.0,166568333.0,29.36992461,29.98306835,1.99247776,0.96154875,56.44483183,4.14868592
2022-12-19,27.56,-3.97212543554,4590623257.48,4590623257.48,166568333.0,166568333.0,28.20331437,28.79210327,1.91333404,0.92335483,54.20277231,3.98389491
2022-12-20,27.26,-1.088534107402,4540652757.58,4540652757.58,166568333.0,166568333.0,27.89631167,28.47869141,1.89250675,0.9133038,53.61275664,3.94052886
2022-12-21,26.51,-2.751283932502,4415726507.83,4415726507.83,166568333.0,166568333.0,27.12880493,27.69516174,1.84043851,0.88817622,52.13771749,3.83211372
2022-12-22,26.07,-1.659751037344,4342436441.31,4342436441.31,166568333.0,166568333.0,26.67853431,27.23549101,1.80989181,0.8734347,51.27236118,3.76851017
2022-12-23,25.99,-0.306866129651,4329110974.67,4329110974.67,166568333.0,166568333.0,26.59666692,27.15191451,1.80433787,0.87075443,51.11502367,3.75694589
2022-12-26,26.32,1.26971912274,4384078524.56,4384078524.56,166568333.0,166568333.0,26.93436989,27.49666756,1.82724789,0.88181057,51.7640409,3.80464855
2022-12-27,26.7,1.44376899696,4447374491.1,4447374491.1,166568333.0,166568333.0,27.32323997,27.89365593,1.85362913,0.89454187,52.51139407,3.85957889
2022-12-28,26.1,-2.247191011236,4347433491.3,4347433491.3,166568333.0,166568333.0,26.70923458,27.2668322,1.81197454,0.87443981,51.33136274,3.77284678
2022-12-29,26.08,-0.07662835249,4344102124.64,4344102124.64,166568333.0,166568333.0,26.68876773,27.24593807,1.81058606,0.87376974,51.29202837,3.76995571
2022-12-30,26.13,0.191717791411,4352430541.29,4352430541.29,166568333.0,166568333.0,26.73993485,27.29817338,1.81405727,0.87544491,51.39036431,3.77718338
2023-01-03,27.97,7.041714504401,4658916274.01,4658916274.01,166568333.0,166568333.0,28.62288472,23.38482256,1.87382008,2.08096103,55.00912705,4.04316185
2023-01-04,28.59,2.216660707901,4762188640.47,4762188640.47,166568333.0,166568333.0,29.25735696,23.90318474,1.91535632,2.12708888,56.22849275,4.13278503
2023-01-05,29.53,3.287862889122,4918762873.49,4918762873.49,166568333.0,166568333.0,30.21929874,24.68908868,1.97833061,2.19702464,58.0772085,4.26866534
2023-01-06,30.28,2.539790044023,5043689123.24,5043689123.24,166568333.0,166568333.0,30.98680548,25.31613969,2.02857605,2.25282446,59.55224766,4.37708048
2023-01-09,31.0,2.377807133421,5163618323.0,5163618323.0,166568333.0,166568333.0,31.72361195,25.91810867,2.07681168,2.30639228,60.96828525,4.48115901
2023-01-10,31.64,2.064516129032,5270222056.12,5270222056.12,166568333.0,166568333.0,32.37855104,26.4531922,2.11968779,2.35400812,62.22698533,4.57367326
2023-01-11,31.07,-1.801517067004,5175278106.31,5175278106.31,166568333.0,166568333.0,31.79524591,25.97663343,2.08150125,2.31160026,61.10595557,4.49127775
2023-01-12,31.92,2.735757965883,5316861189.36,5316861189.36,166568333.0,166568333.0,32.66508689,26.68729125,2.13844609,2.37484005,62.77766662,4.61414824
2023-01-13,31.96,0.125313283208,5323523922.68,5323523922.68,166568333.0,166568333.0,32.70602058,26.72073397,2.14112585,2.37781604,62.85633538,4.61993038
2023-01-16,32.08,0.375469336671,5343512122.64,5343512122.64,166568333.0,166568333.0,32.82882166,26.82106213,2.14916512,2.38674401,63.09234164,4.63727681
2023-01-17,32.09,0.031172069825,5345177805.97,5345177805.97,166568333.0,166568333.0,32.83905508,26.82942281,2.14983506,2.38748801,63.11200883,4.63872234
2023-01-18,32.18,0.280461202867,5360168955.94,5360168955.94,166568333.0,166568333.0,32.93115589,26.90466894,2.15586451,2.39418398,63.28901353,4.65173216
2023-01-19,34.9,8.452454940957,5813234821.7,5813234821.7,166568333.0,166568333.0,35.714647,29.17877395,2.33808799,2.59655131,68.63848888,5.04491772
2023-01-20,35.8,2.578796561605,5963146321.4,5963146321.4,166568333.0,166568333.0,36.63565509,29.93123517,2.39838252,2.66351108,70.40853587,5.17501589
2023-01-30,34.6,-3.351955307263,5763264321.8,5763264321.8,166568333.0,166568333.0,35.40764431,28.92795355,2.31798981,2.57423138,68.04847322,5.00155167
2023-01-31,34.9,0.867052023121,5813234821.7,5813234821.7,166568333.0,166568333.0,35.714647,29.17877395,2.33808799,2.59655131,68.63848888,5.04491772
2023-02-01,35.05,0.429799426934,5838220071.65,5838220071.65,166568333.0,166568333.0,35.86814835,29.30418416,2.34813707,2.60771127,68.93349671,5.06660075
2023-02-02,35.24,0.542082738944,5869868054.92,5869868054.92,166568333.0,166568333.0,36.06258339,29.46303708,2.36086592,2.62184722,69.3071733,5.09406592
2023-02-03,35.6,1.021566401816,5929832654.8,5929832654.8,166568333.0,166568333.0,36.43098663,29.76402157,2.38498373,2.64863113,70.0151921,5.14610518
2023-02-06,36.3,1.966292134831,6046430487.9,6046430487.9,166568333.0,166568333.0,37.14732625,30.34926918,2.43187948,2.70071096,71.39189531,5.24729265
2023-02-07,35.49,-2.231404958678,5911510138.17,5911510138.17,166568333.0,166568333.0,36.31841897,29.67205409,2.3776144,2.64044716,69.79885302,5.1302043
2023-02-08,35.25,-0.676246830093,5871533738.25,5871533738.25,166568333.0,166568333.0,36.07281681,29.47139776,2.36153586,2.62259122,69.32684049,5.09551145
2023-02-09,38.78,10.014184397163,6459519953.74,6459519953.74,166568333.0,166568333.0,39.68521521,32.42271788,2.59802441,2.88522234,76.26935813,5.60578537
2023-02-10,38.78,0.0,6459519953.74,6459519953.74,166568333.0,166568333.0,39.68521521,32.42271788,2.59802441,2.88522234,76.26935813,5.60578537
2023-02-13,38.5,-0.72202166065,6412880820.5,6412880820.5,166568333.0,166568333.0,39.39867936,32.18861883,2.57926612,2.86439041,75.71867685,5.56531038
2023-02-14,37.88,-1.61038961039,6309608454.04,6309608454.04,166568333.0,166568333.0,38.76420712,31.67025666,2.53772988,2.81826256,74.49931114,5.4756872
2023-02-15,37.65,-0.607180570222,6271297737.45,6271297737.45,166568333.0,166568333.0,38.52883838,31.47796101,2.52232128,2.80115062,74.0469658,5.44243989
2023-02-16,36.95,-1.859229747676,6154699904.35,6154699904.35,166568333.0,166568333.0,37.81249876,30.8927134,2.47542553,2.7490708,72.67026258,5.34125243
2023-02-17,35.98,-2.625169147497,5993128621.34,5993128621.34,166568333.0,166568333.0,36.81985671,30.08172742,2.41044142,2.67690304,70.76254527,5.20103552
2023-02-20,36.81,2.30683713174,6131380337.73,6131380337.73,166568333.0,166568333.0,37.66923083,30.77566388,2.46604638,2.73865483,72.39492194,5.32101494
2023-02-21,35.69,-3.042651453409,5944823804.77,5944823804.77,166568333.0,166568333.0,36.52308744,29.83926769,2.39101319,2.65532711,70.1921968,5.159115
2023-02-22,35.39,-0.84057158868,5894853304.87,5894853304.87,166568333.0,166568333.0,36.21608474,29.58844728,2.37091501,2.63300719,69.60218113,5.11574895
2023-02-23,35.63,0.678157671659,5934829704.79,5934829704.79,166568333.0,166568333.0,36.4616869,29.78910361,2.38699355,2.65086313,70.07419366,5.15044179
2023-02-24,38.01,6.679764243615,6331262337.33,6331262337.33,166568333.0,166568333.0,38.89724162,31.7789455,2.54643909,2.82793453,74.75498459,5.49447916
2023-02-27,38.3,0.762957116548,6379567153.9,6379567153.9,166568333.0,166568333.0,39.19401089,32.02140523,2.56586733,2.84951046,75.32533307,5.53639968
2023-02-28,39.48,3.080939947781,6576117786.84,6576117786.84,166568333.0,166568333.0,40.40155483,33.00796549,2.64492016,2.93730217,77.64606135,5.70697283
2023-03-01,39.9,1.063829787234,6646076486.7,6646076486.7,166568333.0,166568333.0,40.83135861,33.35911406,2.67305761,2.96855006,78.47208328,5.7676853
2023-03-02,40.31,1.027568922306,6714369503.23,6714369503.23,166568333.0,166568333.0,41.25092896,33.70190195,2.70052512,2.99905396,79.27843802,5.82695225
2023-03-03,39.27,-2.580004961548,6541138436.91,6541138436.91,166568333.0,166568333.0,40.18665294,32.83239121,2.63085144,2.92167822,77.23305038,5.67661659
2023-03-06,40.64,3.488668194551,6769337053.12,6769337053.12,166568333.0,166568333.0,41.58863192,33.9778044,2.72263312,3.02360588,79.92745525,5.87465491
2023-03-07,39.81,-2.042322834646,6631085336.73,6631085336.73,166568333.0,166568333.0,40.7392578,33.28386794,2.66702816,2.96185408,78.29507858,5.75467549
2023-03-08,40.27,1.155488570711,6707706769.91,6707706769.91,166568333.0,166568333.0,41.20999527,33.66845923,2.69784536,2.99607797,79.19976926,5.82117011
2023-03-09,42.01,4.320834368016,6997535669.33,6997535669.33,166568333.0,166568333.0,42.9906109,35.12321759,2.81441479,3.12553354,82.62186011,6.07269322
2023-03-10,43.59,3.761009283504,7260713635.47,7260713635.47,166568333.0,166568333.0,44.60749177,36.44420506,2.92026519,3.24308514,85.72927594,6.30108778
2023-03-13,45.72,4.88644184446,7615504184.76,7615504184.76,166568333.0,166568333.0,46.78721091,38.22502995,3.06296225,3.40155661,89.91838715,6.60898677
2023-03-14,45.11,-1.334208223972,7513897501.63,7513897501.63,166568333.0,166568333.0,46.1629721,37.71502845,3.02209596,3.35617276,88.71868864,6.52080912
2023-03-15,44.38,-1.618266459765,7392302618.54,7392302618.54,166568333.0,166568333.0,45.4159322,37.1046988,2.9731904,3.30186095,87.28298385,6.41528506
2023-03-16,45.24,1.937809824245,7535551384.92,7535551384.92,166568333.0,166568333.0,46.2960066,37.8237173,3.03080517,3.36584473,88.97436209,6.53960108
2023-03-17,46.37,2.497789566755,7723773601.21,7723773601.21,166568333.0,166568333.0,47.45238342,38.76847416,3.10650831,3.44991645,91.19675442,6.70294656
2023-03-20,46.65,0.603838688807,7770412734.45,7770412734.45,166568333.0,166568333.0,47.73891927,39.00257321,3.1252666,3.47074838,91.74743571,6.74342154
2023-03-21,45.79,-1.843515541265,7627163968.07,7627163968.07,166568333.0,166568333.0,46.85884488,38.28355471,3.06765183,3.40676459,90.05605747,6.61910552
2023-03-22,48.77,6.507971172745,8123537600.41,8123537600.41,166568333.0,166568333.0,49.90840499,40.77503741,3.26729373,3.62847585,95.91687973,7.04987499
2023-03-23,48.28,-1.004716013943,8041919117.24,8041919117.24,166568333.0,166568333.0,49.40696726,40.36536408,3.2344667,3.59201997,94.95318748,6.97904377
2023-03-24,49.11,1.719138359569,8180170833.63,8180170833.63,166568333.0,166568333.0,50.25634138,41.05930054,3.29007166,3.65377177,96.58556415,7.09902319
2023-03-27,49.26,0.305436774588,8205156083.58,8205156083.58,166568333.0,166568333.0,50.40984273,41.18471074,3.30012075,3.66493173,96.88057198,7.12070622
2023-03-28,47.4,-3.775883069428,7895338984.2,7895338984.2,166568333.0,166568333.0,48.50642601,39.62962422,3.17551205,3.52654819,93.22247487,6.85183668
2023-03-29,46.55,-1.793248945148,7753755901.15,7753755901.15,166568333.0,166568333.0,47.63658504,38.91896641,3.11856721,3.46330841,91.55076382,6.72896619
2023-03-30,45.53,-2.19119226638,7583856201.49,7583856201.49,166568333.0,166568333.0,46.59277587,38.06617702,3.05023341,3.38742066,89.54471057,6.5815216
2023-03-31,47.8,4.98572369866,7961966317.4,7961966317.4,166568333.0,166568333.0,48.91576294,39.96405143,3.14813096,3.55630809,94.00916242,6.90965808
2023-04-03,46.05,-3.661087866109,7670471734.65,7670471734.65,166568333.0,166568333.0,47.12491388,38.50093239,3.03287512,3.42610853,90.56740438,6.65668943
2023-04-04,44.92,-2.453854505972,7482249518.36,7482249518.36,166568333.0,166568333.0,45.96853706,37.55617553,2.95845278,3.34203681,88.34501205,6.49334396
2023-04-06,43.96,-2.137132680321,7322343918.68,7322343918.68,166568333.0,166568333.0,44.98612843,36.75355023,2.89522672,3.27061305,86.45696193,6.35457258
2023-04-07,44.73,1.751592356688,7450601535.09,7450601535.09,166568333.0,166568333.0,45.77410202,37.39732261,2.94593929,3.32790086,87.97133546,6.46587879
2023-04-10,44.16,-1.274312541918,7355657585.28,7355657585.28,166568333.0,166568333.0,45.19079689,36.92076383,2.90839881,3.285493,86.8503057,6.38348328
2023-04-11,44.32,0.36231884058,7382308518.56,7382308518.56,166568333.0,166568333.0,45.35453167,37.05453472,2.91893649,3.29739696,87.16498072,6.40661185
2023-04-12,46.04,3.880866425993,7668806051.32,7668806051.32,166568333.0,166568333.0,47.11468046,38.49257171,3.03221652,3.42536453,90.54773719,6.65524389
2023-04-13,45.2,-1.824500434405,7528888651.6,7528888651.6,166568333.0,166568333.0,46.25507291,37.79027458,2.97689371,3.36286874,88.89569334,6.53381894
2023-04-14,44.85,-0.774336283186,7470589735.05,7470589735.05,166568333.0,166568333.0,45.8969031,37.49765077,2.95384255,3.33682883,88.20734173,6.48322521
2023-04-17,46.69,4.102564102564,7777075467.77,7777075467.77,166568333.0,166568333.0,47.77985297,39.03601593,3.07502583,3.47372437,91.82610447,6.74920368
2023-04-18,47.55,1.84193617477,7920324234.15,7920324234.15,166568333.0,166568333.0,39.75503443,39.75503443,3.13166584,3.53770816,71.43773535,6.38385861
2023-04-19,46.3,-2.628811777077,7712113817.9,7712113817.9,166568333.0,166568333.0,38.7099494,38.7099494,3.04934024,3.44470847,69.55977175,6.21603899
2023-04-20,48.08,3.844492440605,8008605450.64,8008605450.64,166568333.0,166568333.0,40.19815048,40.19815048,3.1665719,3.57714002,72.23399192,6.45501414
2023-04-21,45.45,-5.470049916805,7570530734.85,7570530734.85,166568333.0,166568333.0,37.99929158,37.99929158,2.99335883,3.38146868,68.2827565,6.10192164
2023-04-24,44.25,-2.640264026403,7370648735.25,7370648735.25,166568333.0,166568333.0,36.99600996,36.99600996,2.91432626,3.29218898,66.47991145,5.9408148
2023-04-25,43.35,-2.033898305085,7220737235.55,7220737235.55,166568333.0,166568333.0,36.24354874,36.24354874,2.85505182,3.2252292,65.12777765,5.81998467
2023-04-26,41.83,-3.506343713956,6967553369.39,6967553369.39,166568333.0,166568333.0,34.97272534,34.97272534,2.75494389,3.11214158,62.84417392,5.615916
2023-04-27,44.3,5.904852976333,7378977151.9,7378977151.9,166568333.0,166568333.0,35.02519661,37.03781336,2.91761928,3.29590897,40.90414481,5.7519332
2023-04-28,44.5,0.451467268623,7412290818.5,7412290818.5,166568333.0,166568333.0,35.18332391,37.20502696,2.93079138,3.31078892,41.08881363,5.7779013
2023-05-04,42.18,-5.213483146067,7025852285.94,7025852285.94,166568333.0,166568333.0,33.34904724,35.26534915,2.77799506,3.13818149,38.94665526,5.47667139
2023-05-05,42.86,1.612138454244,7139118752.38,7139118752.38,166568333.0,166568333.0,33.88668006,35.83387541,2.82278019,3.18877332,39.57452927,5.56496291
2023-05-08,43.99,2.636490900607,7327340968.67,7327340968.67,166568333.0,166568333.0,34.78009929,36.77863227,2.89720253,3.27284504,40.61790813,5.71168265
2023-05-09,42.66,-3.023414412366,7105805085.78,7105805085.78,166568333.0,166568333.0,33.72855276,35.6666618,2.80960809,3.17389337,39.38986044,5.53899482
2023-05-10,41.57,-2.555086732302,6924245602.81,6924245602.81,166568333.0,166568333.0,32.86675898,34.75534766,2.73782017,3.09279765,38.38341534,5.39746869
2023-05-11,41.95,0.914120760164,6987541569.35,6987541569.35,166568333.0,166568333.0,33.16720085,35.07305351,2.76284715,3.12106955,38.73428611,5.44680808
2023-05-12,42.15,0.476758045292,7020855235.95,7020855235.95,166568333.0,166568333.0,33.32532815,35.24026711,2.77601925,3.1359495,38.91895494,5.47277617
2023-05-15,42.71,1.328588374852,7114133502.43,7114133502.43,166568333.0,166568333.0,33.76808458,35.7084652,2.81290112,3.17761336,39.43602765,5.54548684
2023-05-16,43.13,0.983376258487,7184092202.29,7184092202.29,166568333.0,166568333.0,34.10015191,36.05961377,2.84056252,3.20886126,39.82383218,5.60001984
2023-05-17,43.13,0.0,7184092202.29,7184092202.29,166568333.0,166568333.0,34.10015191,36.05961377,2.84056252,3.20886126,39.82383218,5.60001984
2023-05-18,43.94,1.878043125435,7319012552.02,7319012552.02,166568333.0,166568333.0,34.74056747,36.73682887,2.89390951,3.26912506,40.57174092,5.70519063
2023-05-19,44.13,0.432407828858,7350660535.29,7350660535.29,166568333.0,166568333.0,34.8907884,36.89568179,2.906423,3.28326101,40.74717631,5.72986032
2023-05-22,43.49,-1.4502605937,7244056802.17,7244056802.17,166568333.0,166568333.0,34.38478105,36.36059826,2.86427229,3.23564517,40.15623607,5.64676241
2023-05-23,42.46,-2.368360542653,7072491419.18,7072491419.18,166568333.0,166568333.0,33.57042546,35.4994482,2.796436,3.15901342,39.20519162,5.51302672
2023-05-24,43.34,2.072538860104,7219071552.22,7219071552.22,166568333.0,166568333.0,34.26618557,36.23518806,2.85439322,3.2244852,40.01773445,5.62728634
2023-05-25,43.53,0.438394093216,7250719535.49,7250719535.49,166568333.0,166568333.0,34.41640651,36.39404098,2.86690671,3.23862116,40.19316983,5.65195603
2023-05-26,46.39,6.570181484034,7727104967.87,7727104967.87,166568333.0,166568333.0,36.67762688,38.78519552,3.05526768,3.45140445,42.83393403,6.0232998
2023-05-29,47.58,2.56520801897,7925321284.14,7925321284.14,166568333.0,166568333.0,37.6184843,39.78011647,3.13364166,3.53994015,43.93271354,6.17780997
2023-05-30,47.74,0.336275746112,7951972217.42,7951972217.42,166568333.0,166568333.0,37.74498614,39.91388735,3.14417933,3.55184411,44.08044861,6.19858445
2023-05-31,47.89,0.314201927105,7976957467.37,7976957467.37,166568333.0,166568333.0,37.86358161,40.03929755,3.15405841,3.56300407,44.21895022,6.21806052
2023-06-01,46.86,-2.150762163291,7805392084.38,7805392084.38,166568333.0,166568333.0,37.04922603,39.17814749,3.08622211,3.48637233,43.26790577,6.08432483
2023-06-02,46.89,0.064020486556,7810389134.37,7810389134.37,166568333.0,166568333.0,37.07294512,39.20322953,3.08819792,3.48860432,43.2956061,6.08822004
2023-06-05,48.12,2.623160588612,8015268183.96,8015268183.96,166568333.0,166568333.0,38.04542801,40.2315932,3.16920632,3.58011601,44.43131937,6.24792383
2023-06-06,46.59,-3.179551122195,7760418634.47,7760418634.47,166568333.0,166568333.0,36.83575417,38.95240913,3.06843978,3.4662844,43.01860286,6.0492679
2023-06-07,49.55,6.353294698433,8253460900.15,8253460900.15,166568333.0,166568333.0,39.17603819,41.42717047,3.2633868,3.68650766,45.75170147,6.43359571
2023-06-08,46.73,-5.6912209889,7783738201.09,7783738201.09,166568333.0,166568333.0,36.94644328,39.06945865,3.07766025,3.47670036,43.14787104,6.06744556
2023-06-09,47.28,1.17697410657,7875350784.24,7875350784.24,166568333.0,166568333.0,37.38129335,39.52929606,3.11388351,3.51762022,43.65571031,6.13885783
2023-06-12,47.01,-0.571065989848,7830377334.33,7830377334.33,166568333.0,166568333.0,37.1678215,39.3035577,3.09610118,3.49753229,43.40640739,6.1038009
2023-06-13,48.8,3.807700489258,8128534650.4,8128534650.4,166568333.0,166568333.0,38.58306082,40.80011945,3.21399144,3.63070784,45.05919338,6.33621535
2023-06-14,49.3,1.024590163934,8211818816.9,8211818816.9,166568333.0,166568333.0,38.97837907,41.21815347,3.24692168,3.66790772,45.52086544,6.40113559
2023-06-15,48.89,-0.831643002028,8143525800.37,8143525800.37,166568333.0,166568333.0,38.65421811,40.87536558,3.21991889,3.63740382,45.14229435,6.347901
2023-06-16,48.53,-0.736346901207,8083561200.49,8083561200.49,166568333.0,166568333.0,38.36958897,40.57438109,3.19620911,3.61061991,44.80989047,6.30115842
2023-06-19,50.21,3.461776220894,8363395999.93,8363395999.93,166568333.0,166568333.0,39.69785828,41.97897536,3.30685472,3.73561149,46.3611086,6.51929043
2023-06-20,50.39,0.35849432384,8393378299.87,8393378299.87,166568333.0,166568333.0,39.84017284,42.12946761,3.31870961,3.74900345,46.52731054,6.54266171
2023-06-21,49.46,-1.845604286565,8238469750.18,8238469750.18,166568333.0,166568333.0,39.10488091,41.35192435,3.25745936,3.67981168,45.6686005,6.42191007
2023-06-26,47.58,-3.80105135463,7925321284.14,7925321284.14,166568333.0,166568333.0,37.6184843,39.78011647,3.13364166,3.53994015,43.93271354,6.17780997
2023-06-27,47.18,-0.84068936528,7858693950.94,7858693950.94,166568333.0,166568333.0,37.3022297,39.44568926,3.10729746,3.51018025,43.56337589,6.12587378
2023-06-28,46.8,-0.805426027978,7795397984.4,7795397984.4,166568333.0,166568333.0,37.00178784,39.12798341,3.08227048,3.48190834,43.21250513,6.0765344
2023-06-29,49.39,5.534188034188,8226809966.87,8226809966.87,166568333.0,166568333.0,39.04953635,41.29339959,3.25284913,3.6746037,45.60396641,6.41282124
2023-06-30,51.13,3.522980360397,8516638866.29,8516638866.29,166568333.0,166568333.0,40.42524385,42.74815794,3.28950422,3.80405926,47.21058519,6.63874367
2023-07-03,50.0,-2.210052806571,8328416650.0,8328416650.0,166568333.0,166568333.0,39.53182461,41.80340108,3.21680444,3.71998755,46.16720633,6.49202393
2023-07-04,50.26,0.52,8371724416.58,8371724416.58,166568333.0,166568333.0,39.7373901,42.02077877,3.23353183,3.73933148,46.4072758,6.52578245
2023-07-05,49.89,-0.736171906088,8310094133.37,8310094133.37,166568333.0,166568333.0,39.4448546,41.7114336,3.20972747,3.71180357,46.06563848,6.47774148
2023-07-06,49.88,-0.020044097013,8308428450.04,8308428450.04,166568333.0,166568333.0,39.43694823,41.70307292,3.20908411,3.71105958,46.05640504,6.47644307
2023-07-07,47.9,-3.969526864475,7978623150.7,7978623150.7,166568333.0,166568333.0,37.87148798,40.04765823,3.08169866,3.56374807,44.22818367,6.21935892
2023-07-10,48.21,0.647181628392,8030259333.93,8030259333.93,166568333.0,166568333.0,38.11658529,40.30683932,3.10164284,3.58681199,44.51442034,6.25960947
2023-07-11,48.78,1.182327317984,8125203283.74,8125203283.74,166568333.0,166568333.0,38.56724809,40.78339809,3.13831441,3.62921985,45.0407265,6.33361854
2023-07-12,47.07,-3.505535055351,7840371434.31,7840371434.31,166568333.0,166568333.0,37.21525969,39.35372178,3.0282997,3.50199628,43.46180804,6.11159133
2023-07-13,46.27,-1.699596345868,7707116767.91,7707116767.91,166568333.0,166568333.0,36.5827505,38.68486736,2.97683083,3.44247648,42.72313274,6.00771894
2023-07-14,47.71,3.11216771126,7946975167.43,7946975167.43,166568333.0,166568333.0,37.72126705,39.88880531,3.0694748,3.54961212,44.05274828,6.19468923
2023-07-17,48.51,1.676797317124,8080229833.83,8080229833.83,166568333.0,166568333.0,38.35377624,40.55765973,3.12094367,3.60913192,44.79142358,6.29856161
2023-07-18,48.83,0.659657802515,8133531700.39,8133531700.39,166568333.0,166568333.0,38.60677992,40.8252015,3.14153122,3.63293984,45.0868937,6.34011057
2023-07-19,48.33,-1.02396067991,8050247533.89,8050247533.89,166568333.0,166568333.0,38.21146167,40.40716748,3.10936317,3.59573996,44.62522164,6.27519033
2023-07-20,46.77,-3.227808814401,7790400934.41,7790400934.41,166568333.0,166568333.0,36.97806874,39.10290137,3.00899888,3.47967635,43.1848048,6.07263918
2023-07-21,45.23,-3.292709001497,7533885701.59,7533885701.59,166568333.0,166568333.0,35.76048854,37.81535662,2.9099213,3.36510073,41.76285485,5.87268485
2023-07-24,44.95,-0.619058147247,7487246568.35,7487246568.35,166568333.0,166568333.0,35.53911033,37.58125757,2.89190719,3.3442688,41.50431849,5.83632951
2023-07-25,44.25,-1.557285873192,7370648735.25,7370648735.25,166568333.0,166568333.0,34.98566478,36.99600996,2.84687193,3.29218898,40.8579776,5.74544118
2023-07-26,43.71,-1.220338983051,7280701835.43,7280701835.43,166568333.0,166568333.0,34.55872108,36.54453322,2.81213044,3.25201311,40.35937177,5.67532732
2023-07-27,43.59,-0.274536719286,7260713635.47,7260713635.47,166568333.0,166568333.0,34.4638447,36.44420506,2.80441011,3.24308514,40.24857048,5.65974646
2023-07-28,43.18,-0.940582702455,7192420618.94,7192420618.94,166568333.0,166568333.0,34.13968374,36.10141717,2.77803232,3.21258124,39.86999939,5.60651186
2023-07-31,42.39,-1.829550717925,7060831635.87,7060831635.87,166568333.0,166568333.0,33.51508091,35.44092344,2.72720681,3.15380544,39.14055753,5.50393789
2023-08-01,43.45,2.500589761736,7237394068.85,7237394068.85,166568333.0,166568333.0,34.35315559,36.32715554,2.79540306,3.23266918,40.1193023,5.64156879
2023-08-02,43.61,0.368239355581,7264045002.13,7264045002.13,166568333.0,166568333.0,34.47965743,36.46092642,2.80569684,3.24457314,40.26703736,5.66234327
2023-08-03,42.91,-1.605136436597,7147447169.03,7147447169.03,166568333.0,166568333.0,33.92621188,35.87567881,2.76066157,3.19249331,39.62069647,5.57145493
2023-08-04,43.03,0.279655092053,7167435368.99,7167435368.99,166568333.0,166568333.0,34.02108826,35.97600697,2.7683819,3.20142128,39.73149777,5.58703579
2023-08-07,42.05,-2.27748082733,7004198402.65,7004198402.65,166568333.0,166568333.0,33.2462645,35.15666031,2.70533254,3.12850953,38.82662052,5.45979212
2023-08-08,41.69,-0.856123662307,6944233802.77,6944233802.77,166568333.0,166568333.0,32.96163536,34.85567582,2.68217154,3.10172562,38.49421664,5.41304955
2023-08-09,40.93,-1.822979131686,6817641869.69,6817641869.69,166568333.0,166568333.0,32.36075163,34.22026412,2.63327612,3.04518181,37.7924751,5.31437079
2023-08-10,41.06,0.317615440997,6839295752.98,6839295752.98,166568333.0,166568333.0,32.46353437,34.32895297,2.64163981,3.05485377,37.91250984,5.33125005
2023-08-11,40.16,-2.191914271797,6689384253.28,6689384253.28,166568333.0,166568333.0,31.75196153,33.57649175,2.58373733,2.987894,37.08150013,5.21439362
2023-08-14,42.0,4.581673306773,6995869986.0,6995869986.0,166568333.0,166568333.0,33.20673267,35.11485691,2.70211573,3.12478954,38.78045332,5.4533001
2023-08-15,41.12,-2.095238095238,6849289852.96,6849289852.96,166568333.0,166568333.0,32.51097256,34.37911705,2.64549997,3.05931776,37.96791049,5.33904048
2023-08-16,40.11,-2.456225680934,6681055836.63,6681055836.63,166568333.0,166568333.0,31.7124297,33.53468835,2.58052052,2.98417401,37.03533292,5.20790159
2023-08-17,41.34,3.066566940912,6885934886.22,6885934886.22,166568333.0,166568333.0,32.68491259,34.56305201,2.65965391,3.0756857,38.17104619,5.36760538
2023-08-18,40.9,-1.064344460571,6812644819.7,6812644819.7,166568333.0,166568333.0,32.33703253,34.19518208,2.63134603,3.04294981,37.76477478,5.31047557
2023-08-21,40.44,-1.124694376528,6736023386.52,6736023386.52,166568333.0,166568333.0,31.97333975,33.81059079,2.60175143,3.00872593,37.34003648,5.25074895
2023-08-22,42.06,4.005934718101,7005864085.98,7005864085.98,166568333.0,166568333.0,33.25417086,35.16502099,2.7059759,3.12925352,38.83585397,5.46109053
2023-08-23,40.26,-4.279600570613,6706041086.58,6706041086.58,166568333.0,166568333.0,31.83102518,33.66009855,2.59017094,2.99533397,37.17383454,5.22737767
2023-08-24,39.91,-0.869349230005,6647742170.03,6647742170.03,166568333.0,166568333.0,31.55430241,33.36747474,2.56765331,2.96929406,36.85066409,5.1819335
2023-08-25,39.23,-1.703833625658,6534475703.59,6534475703.59,166568333.0,166568333.0,31.01666959,32.79894849,2.52390477,2.91870223,36.22279009,5.09364197
2023-08-28,38.9,-0.841192964568,6479508153.7,6479508153.7,166568333.0,166568333.0,30.75575955,32.52304604,2.50267386,2.89415031,35.91808653,5.05079462
2023-08-29,40.92,5.192802056555,6815976186.36,6815976186.36,166568333.0,166568333.0,32.35284526,34.21190344,2.63263276,3.04443781,37.78324166,5.31307238
2023-08-30,43.33,5.88954056696,7217405868.89,7217405868.89,166568333.0,166568333.0,30.54040113,36.22682738,2.78768273,3.22374121,33.63162971,5.02342625
2023-08-31,42.85,-1.107777521348,7137453069.05,7137453069.05,166568333.0,166568333.0,30.20208143,35.82551473,2.75680141,3.18802933,33.25906608,4.96777786
2023-09-01,41.58,-2.963827304551,6925911286.14,6925911286.14,166568333.0,166568333.0,29.30694389,34.76370834,2.67509458,3.09354164,32.2733248,4.82054151
2023-09-04,41.71,0.31265031265,6947565169.43,6947565169.43,166568333.0,166568333.0,29.39857214,34.87239718,2.68345827,3.10321361,32.37422745,4.83561295
2023-09-05,41.23,-1.150803164709,6867612369.59,6867612369.59,166568333.0,166568333.0,29.06025245,34.47108453,2.65257694,3.06750173,32.00166381,4.77996456
2023-09-06,41.32,0.21828765462,6882603519.56,6882603519.56,166568333.0,166568333.0,29.12368739,34.54633065,2.65836719,3.07419771,32.07151949,4.79039863
2023-09-07,39.97,-3.267182962246,6657736270.01,6657736270.01,166568333.0,166568333.0,28.17216324,33.41763882,2.57151347,2.97375804,31.02368427,4.63388754
2023-09-08,40.03,0.150112584438,6667730369.99,6667730369.99,166568333.0,166568333.0,28.2144532,33.4678029,2.57537364,2.97822203,31.07025473,4.64084359
2023-09-11,41.77,4.346739945041,6957559269.41,6957559269.41,166568333.0,166568333.0,29.44086211,34.92256126,2.68731843,3.1076776,32.4207979,4.84256899
2023-09-12,41.53,-0.574575053866,6917582869.49,6917582869.49,166568333.0,166568333.0,29.27170226,34.72190494,2.67187777,3.08982166,32.23451608,4.8147448
2023-09-13,39.97,-3.756320732001,6657736270.01,6657736270.01,166568333.0,166568333.0,28.17216324,33.41763882,2.57151347,2.97375804,31.02368427,4.63388754
2023-09-14,38.91,-2.651988991744,6481173837.03,6481173837.03,166568333.0,166568333.0,27.42504057,32.53140672,2.50331722,2.89489431,30.20093958,4.51099736
2023-09-15,38.27,-1.644821382678,6374570103.91,6374570103.91,166568333.0,166568333.0,26.97394764,31.99632319,2.46214212,2.84727847,29.70418807,4.43679951
2023-09-18,38.65,0.99294486543,6437866070.45,6437866070.45,166568333.0,166568333.0,27.24178407,32.31402904,2.48658983,2.87555037,29.99913428,4.48085448
2023-09-19,37.64,-2.61319534282,6269632054.12,6269632054.12,166568333.0,166568333.0,26.52990303,31.46960033,2.42161038,2.80040662,29.2151983,4.363761
2023-09-20,37.73,0.239107332625,6284623204.09,6284623204.09,166568333.0,166568333.0,26.59333798,31.54484646,2.42740063,2.8071026,29.28505398,4.37419507
2023-09-21,37.47,-0.689106811556,6241315437.51,6241315437.51,166568333.0,166568333.0,26.41008147,31.32746877,2.41067325,2.78775867,29.08324868,4.3440522
2023-09-22,39.55,5.551107552709,6587777570.15,6587777570.15,166568333.0,166568333.0,27.8761335,33.06649025,2.54449231,2.94251015,30.69769109,4.58519521
2023-09-25,40.25,1.769911504425,6704375403.25,6704375403.25,166568333.0,166568333.0,28.36951639,33.65173787,2.58952758,2.99458997,31.24101306,4.6663491
2023-09-26,42.22,4.894409937888,7032515019.26,7032515019.26,166568333.0,166568333.0,29.75803682,35.29879187,2.71626967,3.14115748,32.77007631,4.89473936
2023-09-27,42.53,0.734249171009,7084151202.49,7084151202.49,166568333.0,166568333.0,29.97653496,35.55797296,2.73621386,3.16422141,33.01069032,4.93067894
2023-09-28,42.61,0.188102515871,7097476669.13,7097476669.13,166568333.0,166568333.0,30.03292158,35.6248584,2.74136075,3.17017339,33.07278426,4.93995367
2023-10-09,41.7,-2.135648908707,6945899486.1,6945899486.1,166568333.0,166568333.0,29.39152382,34.8640365,2.60428876,3.10246961,32.3664657,4.8344536
2023-10-10,41.31,-0.935251798561,6880937836.23,6880937836.23,166568333.0,166568333.0,29.11663906,34.53796997,2.5799321,3.07345371,32.06375775,4.78923929
2023-10-11,41.2,-0.266279351247,6862615319.6,6862615319.6,166568333.0,166568333.0,29.03910746,34.44600249,2.57306227,3.06526974,31.97837858,4.77648653
2023-10-12,41.15,-0.121359223301,6854286902.95,6854286902.95,166568333.0,166568333.0,29.00386583,34.40419909,2.56993963,3.06154975,31.93956987,4.77068983
2023-10-13,40.68,-1.142162818955,6775999786.44,6775999786.44,166568333.0,166568333.0,28.67259446,34.01124712,2.54058673,3.02658187,31.57476798,4.71620078
2023-10-16,40.1,-1.425762045231,6679390153.3,6679390153.3,166568333.0,166568333.0,28.26379149,33.52632767,2.50436401,2.98343001,31.12458692,4.64895898
2023-10-17,40.21,0.274314214464,6697712669.93,6697712669.93,166568333.0,166568333.0,28.34132309,33.61829515,2.51123384,2.99161398,31.20996609,4.66171174
2023-10-18,39.5,-1.765729917931,6579449153.5,6579449153.5,166568333.0,166568333.0,27.84089187,33.02468685,2.46689223,2.93879016,30.65888238,4.5793985
2023-10-19,39.14,-0.911392405063,6519484553.62,6519484553.62,166568333.0,166568333.0,27.58715209,32.72370237,2.44440916,2.91200625,30.37945966,4.53766221
2023-10-20,38.05,-2.78487480838,6337925070.65,6337925070.65,166568333.0,166568333.0,26.81888444,31.81238822,2.37633543,2.83091052,29.53342974,4.411294
2023-10-23,36.42,-4.283837056505,6066418687.86,6066418687.86,166568333.0,166568333.0,25.67000713,30.44959735,2.27453709,2.70963893,28.26826573,4.22232135
2023-10-24,36.97,1.510159253158,6158031271.01,6158031271.01,166568333.0,166568333.0,26.05766512,30.90943476,2.30888622,2.75055879,28.69516156,4.28608513
2023-10-25,38.08,3.002434406275,6342922120.64,6342922120.64,166568333.0,166568333.0,26.84002942,31.83747026,2.37820902,2.83314251,29.55671496,4.41477202
2023-10-26,38.28,0.525210084034,6376235787.24,6376235787.24,166568333.0,166568333.0,26.98099596,32.00468387,2.39069961,2.84802247,29.71194981,4.43795885
2023-10-27,38.55,0.705329153605,6421209237.15,6421209237.15,166568333.0,166568333.0,25.13731924,32.23042223,2.40756191,2.8681104,23.07944087,4.23503911
2023-10-30,40.98,6.303501945525,6825970286.34,6825970286.34,166568333.0,166568333.0,26.72185065,34.26206753,2.55932262,3.04890179,24.53425388,4.50199488
2023-10-31,39.82,-2.830649097121,6632751020.06,6632751020.06,166568333.0,166568333.0,25.96544882,33.29222862,2.48687718,2.96259808,23.83977524,4.37455921
2023-11-01,39.75,-0.175791059769,6621091236.75,6621091236.75,166568333.0,166568333.0,25.91980388,33.23370386,2.48250547,2.9573901,23.79786705,4.36686912
2023-11-02,38.48,-3.194968553459,6409549453.84,6409549453.84,166568333.0,166568333.0,25.0916743,32.17189747,2.4031902,2.86290242,23.03753268,4.22734903
2023-11-03,39.65,3.040540540541,6604434403.45,6604434403.45,166568333.0,166568333.0,25.85459683,33.15009706,2.47626017,2.94995012,23.7379982,4.35588329
2023-11-06,41.45,4.539722572509,6904257402.85,6904257402.85,166568333.0,166568333.0,27.0283238,34.6550195,2.58867552,3.08386968,24.81563746,4.5536283
2023-11-07,41.86,0.989143546441,6972550419.38,6972550419.38,166568333.0,166568333.0,27.29567272,34.99780738,2.61428123,3.11437357,25.06109974,4.59867022
2023-11-08,41.39,-1.122790253225,6894263302.87,6894263302.87,166568333.0,166568333.0,26.98919957,34.60485541,2.58492834,3.07940569,24.77971615,4.5470368
2023-11-09,40.83,-1.352983812515,6800985036.39,6800985036.39,166568333.0,166568333.0,26.62404007,34.13665732,2.54995468,3.03774183,24.4444506,4.48551613
2023-11-10,40.65,-0.440852314475,6771002736.45,6771002736.45,166568333.0,166568333.0,26.50666737,33.98616508,2.53871314,3.02434987,24.33668668,4.46574163
2023-11-13,41.13,1.180811808118,6850955536.29,6850955536.29,166568333.0,166568333.0,26.81966123,34.38747773,2.56869057,3.06006176,24.62405715,4.51847363
2023-11-14,41.66,1.288597131048,6939236752.78,6939236752.78,166568333.0,166568333.0,27.16525861,34.83059378,2.60179064,3.09949362,24.94136204,4.57669856
2023-11-15,41.85,0.456072971675,6970884736.05,6970884736.05,166568333.0,166568333.0,27.28915201,34.9894467,2.6136567,3.11362958,25.05511285,4.59757164
2023-11-16,41.55,-0.716845878136,6920914236.15,6920914236.15,166568333.0,166568333.0,27.09353085,34.7386263,2.59492081,3.09130965,24.87550631,4.56461414
2023-11-17,41.25,-0.72202166065,6870943736.25,6870943736.25,166568333.0,166568333.0,26.89790969,34.48780589,2.57618492,3.06898973,24.69589977,4.53165664
2023-11-20,41.44,0.460606060606,6902591719.52,6902591719.52,166568333.0,166568333.0,27.02180309,34.64665882,2.58805099,3.08312568,24.80965058,4.55252972
2023-11-21,40.06,-3.330115830116,6672727419.98,6672727419.98,166568333.0,166568333.0,26.12194575,33.49288495,2.50186589,2.98045402,23.98346048,4.40092521
2023-11-22,39.98,-0.199700449326,6659401953.34,6659401953.34,166568333.0,166568333.0,26.06978011,33.4259995,2.49686965,2.97450204,23.9355654,4.39213654
2023-11-23,40.19,0.525262631316,6694381303.27,6694381303.27,166568333.0,166568333.0,26.20671492,33.60157379,2.50998478,2.99012599,24.06128998,4.41520679
2023-11-24,38.32,-4.652898731028,6382898520.56,6382898520.56,166568333.0,166568333.0,24.98734301,32.03812659,2.39319773,2.85099846,22.94174252,4.20977169
2023-11-27,39.11,2.061586638831,6514487503.63,6514487503.63,166568333.0,166568333.0,25.50247874,32.69862033,2.44253557,2.90977426,23.41470642,4.29655978
2023-11-28,38.62,-1.252876502173,6432869020.46,6432869020.46,166568333.0,166568333.0,25.18296418,32.28894699,2.41193362,2.87331838,23.12134907,4.24272919
2023-11-29,38.23,-1.009839461419,6367907370.59,6367907370.59,166568333.0,166568333.0,24.92865667,31.96288047,2.38757696,2.84430248,22.88786056,4.19988444
2023-11-30,37.9,-0.863196442584,6312939820.7,6312939820.7,166568333.0,166568333.0,24.71347339,31.68697802,2.36696748,2.81975056,22.69029336,4.16363119
2023-12-01,38.77,2.295514511873,6457854270.41,6457854270.41,166568333.0,166568333.0,25.28077476,32.4143572,2.42130156,2.88447834,23.21115234,4.25920795
2023-12-04,38.51,-0.670621614651,6414546503.83,6414546503.83,166568333.0,166568333.0,25.11123642,32.19697951,2.40506379,2.86513441,23.05549333,4.23064478
2023-12-05,37.24,-3.297844715658,6203004720.92,6203004720.92,166568333.0,166568333.0,24.28310683,31.13517312,2.32574852,2.77064672,22.29515896,4.09112468
2023-12-06,36.97,-0.725026852846,6158031271.01,6158031271.01,166568333.0,166568333.0,24.10704779,30.90943476,2.30888622,2.75055879,22.13351308,4.06146293
2023-12-07,37.85,2.380308358128,6304611404.05,6304611404.05,166568333.0,166568333.0,24.68086986,31.64517462,2.36384483,2.81603057,22.66035894,4.15813827
2023-12-08,38.24,1.030383091149,6369573053.92,6369573053.92,166568333.0,166568333.0,24.93517737,31.97124115,2.38820149,2.84504648,22.89384744,4.20098302
2023-12-11,38.7,1.202928870293,6446194487.1,6446194487.1,166568333.0,166568333.0,25.23512982,32.35583244,2.41692986,2.87927036,23.16924414,4.25151786
2023-12-12,38.65,-0.129198966408,6437866070.45,6437866070.45,166568333.0,166568333.0,25.20252629,32.31402904,2.41380721,2.87555037,23.13930972,4.24602494
2023-12-13,38.37,-0.724450194049,6391226937.21,6391226937.21,166568333.0,166568333.0,25.01994654,32.07992999,2.39632038,2.85471844,22.97167695,4.21526461
2023-12-14,38.27,-0.260620276257,6374570103.91,6374570103.91,166568333.0,166568333.0,24.95473949,31.99632319,2.39007508,2.84727847,22.9118081,4.20427877
2023-12-15,37.94,-0.862294225242,6319602554.02,6319602554.02,166568333.0,166568333.0,24.73955621,31.72042074,2.3694656,2.82272655,22.7142409,4.16802552
2023-12-18,36.8,-3.004744333158,6129714654.4,6129714654.4,166568333.0,166568333.0,23.9961958,30.7673032,2.29826922,2.73791083,22.03173603,4.04278701
2023-12-19,37.45,1.766304347826,6237984070.85,6237984070.85,166568333.0,166568333.0,24.42004165,31.31074741,2.33886365,2.78627067,22.42088355,4.11419493
2023-12-20,36.6,-2.269692923899,6096400987.8,6096400987.8,166568333.0,166568333.0,23.86578169,30.60008959,2.28577862,2.72303088,21.91199834,4.02081534
2023-12-21,36.79,0.51912568306,6128048971.07,6128048971.07,166568333.0,166568333.0,23.98967509,30.75894251,2.29764469,2.73716684,22.02574915,4.04168843
2023-12-22,35.77,-2.772492525143,5958149271.41,5958149271.41,166568333.0,166568333.0,23.32456314,29.90615313,2.23394266,2.66127909,21.4150869,3.92963292
2023-12-25,36.3,1.481688565837,6046430487.9,6046430487.9,166568333.0,166568333.0,23.67016053,30.34926918,2.26704273,2.70071096,21.73239179,3.98785784
2023-12-26,35.45,-2.341597796143,5904847404.85,5904847404.85,166568333.0,166568333.0,23.11590057,29.63861137,2.21395771,2.63747117,21.22350659,3.89447825
2023-12-27,35.86,1.156558533145,5973140421.38,5973140421.38,166568333.0,166568333.0,23.38324949,29.98139925,2.23956343,2.66797507,21.46896886,3.93952017
2023-12-28,36.8,2.621305075293,6129714654.4,6129714654.4,166568333.0,166568333.0,23.9961958,30.7673032,2.29826922,2.73791083,22.03173603,4.04278701
2023-12-29,37.73,2.527173913043,6284623204.09,6284623204.09,166568333.0,166568333.0,24.6026214,31.54484646,2.35635048,2.8071026,22.58851632,4.14495527
2024-01-02,37.77,0.106016432547,6291285937.41,6291285937.41,166568333.0,166568333.0,24.62870422,28.65605879,2.31040219,-2.59033457,22.61246386,4.1493496
2024-01-03,37.7,-0.185332274292,6279626154.1,6279626154.1,166568333.0,166568333.0,24.58305928,28.60294986,2.30612027,-2.58553384,22.57055566,4.14165952
2024-01-04,37.34,-0.954907161804,6219661554.22,6219661554.22,166568333.0,166568333.0,24.34831389,28.32981825,2.28409896,-2.56084439,22.35502781,4.10211052
2024-01-05,37.76,1.12479914301,6289620254.08,6289620254.08,166568333.0,166568333.0,24.62218351,28.6484718,2.30979049,-2.58964875,22.60647697,4.14825102
2024-01-08,36.12,-4.343220338983,6016448187.96,6016448187.96,166568333.0,166568333.0,23.55278783,27.40420555,2.2094712,-2.4771746,21.62462787,3.96808334
2024-01-09,36.57,1.24584717608,6091403937.81,6091403937.81,166568333.0,166568333.0,23.84621957,27.74562007,2.23699783,-2.50803641,21.89403768,4.01751959
2024-01-10,35.35,-3.336067815149,5888190571.55,5888190571.55,166568333.0,166568333.0,23.05069352,26.82000737,2.16237007,-2.42436661,21.16363774,3.88349241
2024-01-11,36.95,4.526166902405,6154699904.35,6154699904.35,166568333.0,166568333.0,24.09400638,28.03392566,2.26024255,-2.53409749,22.12153931,4.05926576
2024-01-12,36.97,0.054127198917,6158031271.01,6158031271.01,166568333.0,166568333.0,24.10704779,28.04909964,2.26146595,-2.53546913,22.13351308,4.06146293
2024-01-15,36.43,-1.460643765215,6068084371.19,6068084371.19,166568333.0,166568333.0,23.7549297,27.63940222,2.22843399,-2.49843496,21.8102213,4.00213942
2024-01-16,36.48,0.137249519627,6076412787.84,6076412787.84,166568333.0,166568333.0,23.78753323,27.67733716,2.23149251,-2.50186405,21.84015572,4.00763234
2024-01-17,35.48,-2.741228070175,5909844454.84,5909844454.84,166568333.0,166568333.0,23.13546269,26.91863823,2.17032221,-2.43328225,21.24146724,3.897774
2024-01-18,35.99,1.437429537768,5994794304.67,5994794304.67,166568333.0,166568333.0,23.46801866,27.30557468,2.20151906,-2.46825897,21.54679837,3.95380175
2024-01-19,36.39,1.111419838844,6061421637.87,6061421637.87,166568333.0,166568333.0,23.72884688,27.60905426,2.22598718,-2.49569169,21.78627376,3.99774509
2024-01-22,34.58,-4.973893926903,5759932955.14,5759932955.14,166568333.0,166568333.0,22.5485992,26.23580918,2.11526894,-2.37155863,20.70264761,3.79890149
2024-01-23,34.39,-0.549450549451,5728284971.87,5728284971.87,166568333.0,166568333.0,22.4247058,26.09165639,2.10364658,-2.35852809,20.5888968,3.7780284
2024-01-24,34.36,-0.087234661239,5723287921.88,5723287921.88,166568333.0,166568333.0,22.40514368,26.06889542,2.10181147,-2.35647063,20.57093614,3.77473265
2024-01-25,35.0,1.86263096624,5829891655.0,5829891655.0,166568333.0,166568333.0,22.82246883,26.55446274,2.14096046,-2.40036298,20.95409677,3.84504199
2024-01-26,34.18,-2.342857142857,5693305621.94,5693305621.94,166568333.0,166568333.0,22.28777099,25.93232961,2.09080082,-2.34412591,20.46317222,3.75495815
2024-01-29,32.1,-6.085430076068,5346843489.3,5346843489.3,166568333.0,166568333.0,20.93146427,24.35423583,1.9635666,-2.20147577,19.21790018,3.5264528
2024-01-30,31.55,-1.713395638629,5255230906.15,5255230906.15,166568333.0,166568333.0,20.57282547,23.93695141,1.92992293,-2.16375578,18.88862152,3.46603071
2024-01-31,31.3,-0.792393026941,5213588822.9,5213588822.9,166568333.0,166568333.0,20.40980784,23.74727668,1.91463036,-2.14661033,18.7389494,3.43856613
2024-02-01,30.23,-3.418530351438,5035360706.59,5035360706.59,166568333.0,166568333.0,19.71209236,22.93546882,1.84917814,-2.0732278,18.09835273,3.3210177
2024-02-02,29.08,-3.804168044988,4843807123.64,4843807123.64,166568333.0,166568333.0,18.96221124,22.06296504,1.77883229,-1.99435873,17.40986097,3.19468061
2024-02-05,27.79,-4.436038514443,4628933974.07,4628933974.07,166568333.0,166568333.0,18.12104025,21.08424341,1.69992261,-1.90588821,16.63755284,3.05296334
2024-02-06,29.88,7.520690896006,4977061790.04,4977061790.04,166568333.0,166568333.0,19.48386767,22.66992419,1.82776853,-2.04922417,17.88881176,3.28256728
2024-02-07,30.04,0.53547523427,5003712723.32,5003712723.32,166568333.0,166568333.0,19.58819896,22.79131602,1.83755578,-2.06019726,17.98460191,3.30014461
2024-02-08,32.92,9.587217043941,5483429522.36,5483429522.36,166568333.0,166568333.0,21.46616211,24.97636895,2.01372624,-2.25771284,19.70882473,3.61653664
2024-02-19,34.03,3.371810449575,5668320371.99,5668320371.99,166568333.0,166568333.0,22.18996041,25.81852477,2.08162527,-2.33383864,20.37336895,3.7384794
2024-02-20,33.8,-0.675874228622,5630009655.4,5630009655.4,166568333.0,166568333.0,22.03998418,25.64402402,2.0675561,-2.31806482,20.2356706,3.71321198
2024-02-21,33.71,-0.266272189349,5615018505.43,5615018505.43,166568333.0,166568333.0,21.98129783,25.57574111,2.06205078,-2.31189246,20.18178863,3.70332473
2024-02-22,34.55,2.491842183328,5754935905.15,5754935905.15,166568333.0,166568333.0,22.52903709,26.21304822,2.11343383,-2.36950117,20.68468696,3.79560574
2024-02-23,35.5,2.749638205499,5913175821.5,5913175821.5,166568333.0,166568333.0,23.1485041,26.93381221,2.17154561,-2.43465388,21.25344101,3.89997117
2024-02-26,36.39,2.507042253521,6061421637.87,6061421637.87,166568333.0,166568333.0,23.72884688,27.60905426,2.22598718,-2.49569169,21.78627376,3.99774509
2024-02-27,37.31,2.528167078868,6214664504.23,6214664504.23,166568333.0,166568333.0,24.32875177,28.30705728,2.28226385,-2.55878694,22.33706716,4.09881477
2024-02-28,34.36,-7.906727418923,5723287921.88,5723287921.88,166568333.0,166568333.0,22.40514368,26.06889542,2.10181147,-2.35647063,20.57093614,3.77473265
2024-02-29,35.48,3.25960419092,5909844454.84,5909844454.84,166568333.0,166568333.0,23.13546269,26.91863823,2.17032221,-2.43328225,21.24146724,3.897774
2024-03-01,37.32,5.186020293123,6216330187.56,6216330187.56,166568333.0,166568333.0,24.33527248,28.31464427,2.28287556,-2.55947276,22.34305404,4.09991335
2024-03-04,37.41,0.24115755627,6231321337.53,6231321337.53,166568333.0,166568333.0,24.39395883,28.38292717,2.28838088,-2.56564512,22.39693601,4.1098006
2024-03-05,36.69,-1.924619085806,6111392137.77,6111392137.77,166568333.0,166568333.0,23.92446804,27.83666394,2.24433827,-2.51626623,21.9658803,4.03070259
2024-03-06,36.97,0.763150722268,6158031271.01,6158031271.01,166568333.0,166568333.0,24.10704779,28.04909964,2.26146595,-2.53546913,22.13351308,4.06146293
2024-03-07,38.65,4.544225047336,6437866070.45,6437866070.45,166568333.0,166568333.0,25.20252629,29.32371385,2.36423205,-2.65068655,23.13930972,4.24602494
2024-03-08,39.38,1.888745148771,6559460953.54,6559460953.54,166568333.0,166568333.0,25.67853779,29.87756407,2.40888637,-2.70075127,23.57635231,4.32622153
2024-03-11,41.5,5.38344337227,6912585819.5,6912585819.5,166568333.0,166568333.0,27.06092733,31.48600582,2.53856741,-2.84614468,24.84557189,4.55912122
2024-03-12,40.69,-1.951807228916,6777665469.77,6777665469.77,166568333.0,166568333.0,26.53275019,30.87145968,2.48901946,-2.79059342,24.36063422,4.47013596
2024-03-13,41.42,1.794052592775,6899260352.86,6899260352.86,166568333.0,166568333.0,27.00876168,31.4253099,2.53367378,-2.84065814,24.79767681,4.55033255
2024-03-14,41.76,0.82085948817,6955893586.08,6955893586.08,166568333.0,166568333.0,27.23046567,31.68326754,2.55447168,-2.86397595,25.00123089,4.58768439
2024-03-15,42.75,2.370689655172,7120796235.75,7120796235.75,166568333.0,166568333.0,27.8760155,32.43437949,2.61503028,-2.93187193,25.59393248,4.69644415
2024-03-18,42.69,-0.140350877193,7110802135.77,7110802135.77,166568333.0,166568333.0,27.83689127,32.38885755,2.61136006,-2.92775702,25.55801118,4.68985265
2024-03-19,42.32,-0.866713516046,7049171852.56,7049171852.56,166568333.0,166568333.0,27.59562517,32.10813894,2.58872705,-2.90238176,25.33649644,4.64920506
2024-03-20,42.0,-0.756143667297,6995869986.0,6995869986.0,166568333.0,166568333.0,27.38696259,31.86535529,2.56915256,-2.88043558,25.14491613,4.61405039
2024-03-21,42.9,2.142857142857,7145781485.7,7145781485.7,166568333.0,166568333.0,27.97382608,32.54818433,2.62420582,-2.9421592,25.68373576,4.7129229
2024-03-22,43.77,2.027972027972,7290695935.41,7290695935.41,166568333.0,166568333.0,28.54112745,33.2082524,2.67742398,-3.00182537,26.20459473,4.80849966
2024-03-25,42.2,-3.586931688371,7029183652.6,7029183652.6,166568333.0,166568333.0,27.5173767,32.01709507,2.58138662,-2.89415194,25.26465382,4.63602206
2024-03-26,41.89,-0.734597156398,6977547469.37,6977547469.37,166568333.0,166568333.0,27.31523484,31.7818984,2.56242382,-2.87289158,25.07906039,4.60196597
2024-03-27,40.5,-3.318214370972,6746017486.5,6746017486.5,166568333.0,166568333.0,26.40885679,30.72730688,2.47739711,-2.77756288,24.24688341,4.44926288
2024-03-28,41.76,3.111111111111,6955893586.08,6955893586.08,166568333.0,166568333.0,27.23046567,31.68326754,2.55447168,-2.86397595,25.00123089,4.58768439
2024-03-29,41.06,-1.676245210728,6839295752.98,6839295752.98,166568333.0,166568333.0,26.77401629,31.15217829,2.51165247,-2.81596869,24.58214895,4.51078355
2024-04-01,41.67,1.485630784218,6940902436.11,6940902436.11,166568333.0,166568333.0,27.17177932,31.61498464,2.50984146,-2.85780359,24.94734893,4.57779714
2024-04-02,40.99,-1.631869450444,6827635969.67,6827635969.67,166568333.0,166568333.0,26.72837135,31.09906936,2.46888412,-2.81116796,24.54024076,4.50309347
2024-04-03,40.2,-1.927299341303,6696046986.6,6696046986.6,166568333.0,166568333.0,26.21323563,30.4996972,2.42130134,-2.75698834,24.06727686,4.41630538
2024-04-08,39.21,-2.462686567164,6531144336.93,6531144336.93,166568333.0,166568333.0,25.56768579,29.74858526,2.36167227,-2.68909236,23.47457527,4.30754562
2024-04-09,39.7,1.249681203775,6612762820.1,6612762820.1,166568333.0,166568333.0,25.88720036,30.12034773,2.39118565,-2.72269744,23.76793262,4.3613762
2024-04-10,38.78,-2.317380352645,6459519953.74,6459519953.74,166568333.0,166568333.0,25.28729546,29.42234471,2.33577278,-2.65960219,23.21713922,4.26030653
2024-04-11,38.47,-0.799381124291,6407883770.51,6407883770.51,166568333.0,166568333.0,25.0851536,29.18714804,2.31710106,-2.63834183,23.03154579,4.22625044
2024-04-12,38.18,-0.753834156486,6359578953.94,6359578953.94,166568333.0,166568333.0,24.89605314,28.96712535,2.29963396,-2.61845311,22.85792613,4.19439152
2024-04-15,37.03,-3.012048192771,6168025370.99,6168025370.99,166568333.0,166568333.0,24.14617202,28.09462158,2.23036787,-2.53958404,22.16943438,4.06805443
2024-04-16,33.33,-9.991898460708,5551722538.89,5551722538.89,166568333.0,166568333.0,25.28743552,25.28743552,2.00751178,-2.28583138,17.64064515,3.93729033
2024-04-17,33.75,1.260126012601,5621681238.75,5621681238.75,166568333.0,166568333.0,25.60608907,25.60608907,2.03280896,-2.31463573,17.86293951,3.98690515
2024-04-18,32.89,-2.548148148148,5478432472.37,5478432472.37,166568333.0,166568333.0,24.95360798,24.95360798,1.98100997,-2.25565539,17.40776534,3.8853129
2024-04-19,32.0,-2.705989662511,5330186656.0,5330186656.0,166568333.0,166568333.0,24.27836593,24.27836593,1.92740405,-2.19461759,16.93671301,3.78017673
2024-04-22,32.95,2.96875,5488426572.35,5488426572.35,166568333.0,166568333.0,24.99912992,24.99912992,1.98462386,-2.25977029,17.43952168,3.89240073
2024-04-23,33.27,0.971168437026,5541728438.91,5541728438.91,166568333.0,166568333.0,23.8380557,25.24191358,2.0038979,-2.28171647,19.30102271,3.68432711
2024-04-24,35.46,6.582506762849,5906513088.18,5906513088.18,166568333.0,166568333.0,25.40719733,26.90346425,2.13580461,-2.43191061,20.57151384,3.9268482
2024-04-25,34.55,-2.566271855612,5754935905.15,5754935905.15,166568333.0,166568333.0,24.75517957,26.21304822,2.08099406,-2.36950117,20.04359287,3.8260746
2024-04-26,35.54,2.865412445731,5919838554.82,5919838554.82,166568333.0,166568333.0,25.46451757,26.96416016,2.14062312,-2.43739716,20.61792447,3.93570741
2024-04-29,36.01,1.322453573438,5998125671.33,5998125671.33,166568333.0,166568333.0,25.80127399,27.32074866,2.16893187,-2.4696306,20.89058695,3.98775532
2024-04-30,35.79,-0.610941405165,5961480638.07,5961480638.07,166568333.0,166568333.0,25.64364333,27.1538349,2.15568097,-2.45454261,20.7629577,3.96339247
2024-05-06,36.21,1.173512154233,6031439337.93,6031439337.93,166568333.0,166568333.0,25.9445746,27.47248845,2.18097814,-2.48334696,21.00661354,4.00990336
2024-05-07,37.4,3.286384976526,6229655654.2,6229655654.2,166568333.0,166568333.0,26.7972132,28.37534018,2.25265348,-2.5649593,21.69697173,4.14168422
2024-05-08,36.78,-1.657754010695,6126383287.74,6126383287.74,166568333.0,166568333.0,26.35298132,27.90494684,2.21531003,-2.52243859,21.33728931,4.07302529
2024-05-09,36.6,-0.489396411093,6096400987.8,6096400987.8,166568333.0,166568333.0,26.22401078,27.76838103,2.20446838,-2.51009386,21.23286538,4.05309205
2024-05-10,34.51,-5.710382513661,5748273171.83,5748273171.83,166568333.0,166568333.0,24.72651945,26.18270026,2.0785848,-2.3667579,20.02038755,3.82164499
2024-05-13,33.99,-1.5068096204,5661657638.67,5661657638.67,166568333.0,166568333.0,24.35393788,25.78817681,2.04726449,-2.33109537,19.71871842,3.76406007
2024-05-14,34.96,2.853780523683,5823228921.68,5823228921.68,166568333.0,166568333.0,25.04894581,26.52411478,2.10568892,-2.39761971,20.28144737,3.87147809
2024-05-15,35.08,0.343249427918,5843217121.64,5843217121.64,166568333.0,166568333.0,25.13492618,26.61515865,2.11291669,-2.40584953,20.35106332,3.88476691
2024-05-16,34.6,-1.368301026226,5763264321.8,5763264321.8,166568333.0,166568333.0,24.79100473,26.25098316,2.08400563,-2.37293026,20.07259951,3.83161161
2024-05-17,34.87,0.780346820809,5808237771.71,5808237771.71,166568333.0,166568333.0,24.98446054,26.45583188,2.1002681,-2.39144735,20.2292354,3.86151147
2024-05-20,35.01,0.401491253226,5831557338.33,5831557338.33,166568333.0,166568333.0,25.08477097,26.56204973,2.10870049,-2.4010488,20.31045402,3.8770151
2024-05-21,34.79,-0.628391888032,5794912305.07,5794912305.07,166568333.0,166568333.0,24.9271403,26.39513596,2.09544959,-2.38596081,20.18282477,3.85265225
2024-05-22,35.22,1.235987352688,5866536688.26,5866536688.26,166568333.0,166568333.0,25.2352366,26.7213765,2.12134908,-2.41545098,20.43228193,3.90027054
2024-05-23,34.64,-1.646791595684,5769927055.12,5769927055.12,166568333.0,166568333.0,24.81966485,26.28133112,2.08641488,-2.37567354,20.09580483,3.83604122
2024-05-24,34.35,-0.837182448037,5721622238.55,5721622238.55,166568333.0,166568333.0,24.61187897,26.06130843,2.06894778,-2.35578481,19.92756628,3.80392655
2024-05-27,34.5,0.436681222707,5746607488.5,5746607488.5,166568333.0,166568333.0,24.71935442,26.17511327,2.07798249,-2.36607208,20.01458622,3.82053759
2024-05-28,33.62,-2.550724637681,5600027355.46,5600027355.46,166568333.0,166568333.0,24.08883176,25.50745821,2.02497888,-2.3057201,19.50406924,3.72308619
2024-05-29,33.38,-0.713860797145,5560050955.54,5560050955.54,166568333.0,166568333.0,23.91687103,25.32537046,2.01052335,-2.28926047,19.36483733,3.69650854
2024-05-30,33.45,0.209706411025,5571710738.85,5571710738.85,166568333.0,166568333.0,23.96702624,25.37847939,2.01473955,-2.29406119,19.40544664,3.70426035
2024-05-31,34.19,2.212257100149,5694971305.27,5694971305.27,166568333.0,166568333.0,24.49723848,25.9399166,2.05931076,-2.34481173,19.83474501,3.78620812
2024-06-03,34.07,-0.35097981866,5674983105.31,5674983105.31,166568333.0,166568333.0,24.41125812,25.84887273,2.052083,-2.33658191,19.76512906,3.77291929
2024-06-04,33.64,-1.262107425888,5603358722.12,5603358722.12,166568333.0,166568333.0,24.10316182,25.52263219,2.02618351,-2.30709174,19.5156719,3.725301
2024-06-05,33.53,-0.326991676576,5585036205.49,5585036205.49,166568333.0,166568333.0,24.02434649,25.4391753,2.01955806,-2.29954774,19.45185727,3.71311957
2024-06-06,31.81,-5.12973456606,5298538672.73,5298538672.73,166568333.0,166568333.0,22.79196128,24.13421313,1.91596009,-2.18158704,18.45402863,3.52264639
2024-06-07,31.64,-0.534423137378,5270222056.12,5270222056.12,166568333.0,166568333.0,22.67015577,24.00523431,1.90572075,-2.16992814,18.35540603,3.50382056
2024-06-11,32.41,2.433628318584,5398479672.53,5398479672.53,166568333.0,166568333.0,23.2218631,24.5894325,1.95209891,-2.22273612,18.80210839,3.58909053
2024-06-12,33.4,3.054612773835,5563382322.2,5563382322.2,166568333.0,166568333.0,23.93120109,25.34054444,2.01172798,-2.2906321,19.37643999,3.69872334
2024-06-13,34.4,2.994011976048,5729950655.2,5729950655.2,166568333.0,166568333.0,24.64770412,26.09924338,2.07195935,-2.3592139,19.95657293,3.80946356
2024-06-14,34.3,-0.290697674419,5713293821.9,5713293821.9,166568333.0,166568333.0,24.57605382,26.02337348,2.06593622,-2.35235572,19.89855963,3.79838954
2024-06-17,22.81,-1.298139333622,5607343545.81,5607343545.81,245828301.0,245828301.0,24.12030276,25.54078258,2.02762443,-2.30873242,19.52955045,3.72795024
2024-06-18,23.17,1.578255151249,5695841734.17,5695841734.17,245828301.0,245828301.0,24.50098268,25.9438813,2.05962551,-2.34517011,19.83777659,3.78678681
2024-06-19,23.09,-0.345274061286,5676175470.09,5676175470.09,245828301.0,245828301.0,24.41638715,25.85430381,2.05251416,-2.33707285,19.76928189,3.77371201
2024-06-20,22.63,-1.992204417497,5563094451.63,5563094451.63,245828301.0,245828301.0,23.9299628,25.33923322,2.01162388,-2.29051358,19.37543738,3.69853196
2024-06-21,22.66,0.132567388422,5570469300.66,5570469300.66,245828301.0,245828301.0,23.96168613,25.37282478,2.01429064,-2.29355005,19.40112289,3.703435
2024-06-24,20.99,-7.369814651368,5159936037.99,5159936037.99,245828301.0,245828301.0,22.19575427,23.50289463,1.86584115,-2.12451966,17.9712961,3.43049871
2024-06-25,20.62,-1.762744163888,5068979566.62,5068979566.62,245828301.0,245828301.0,21.80449991,23.08859872,1.83295115,-2.08706982,17.65450812,3.37002779
2024-06-26,21.55,4.5101842871,5297599886.55,5297599886.55,245828301.0,245828301.0,22.78792304,24.12993707,1.91562062,-2.18120051,18.45075897,3.52202226
2024-06-27,20.76,-3.665893271462,5103395528.76,5103395528.76,245828301.0,245828301.0,21.9525421,23.24535933,1.84539601,-2.10124003,17.77437384,3.39290868
2024-06-28,21.02,1.252408477842,5167310887.02,5167310887.02,245828301.0,245828301.0,22.2274776,23.53648619,1.86850791,-2.12755614,17.99698161,3.43540176
2024-07-01,20.89,-0.618458610847,5135353207.89,5135353207.89,245828301.0,245828301.0,22.09000985,23.39092276,1.84187504,-2.11439808,17.88567772,3.41415522
2024-07-02,20.62,-1.292484442317,5068979566.62,5068979566.62,245828301.0,245828301.0,21.80449991,23.08859872,1.81806909,-2.08706982,17.65450812,3.37002779
2024-07-03,19.97,-3.152279340446,4909191170.97,4909191170.97,245828301.0,245828301.0,21.11716116,22.3607816,1.76075848,-2.02127955,17.09798871,3.2637951
2024-07-04,19.2,-3.855783675513,4719903379.2,4719903379.2,245828301.0,245828301.0,20.30292911,21.49859823,1.69286744,-1.94334338,16.43872725,3.13795022
2024-07-05,18.93,-1.40625,4653529737.93,4653529737.93,245828301.0,245828301.0,20.01741917,21.19627419,1.66906149,-1.91601511,16.20755765,3.0938228
2024-07-08,18.35,-3.063919704173,4510949323.35,4510949323.35,245828301.0,245828301.0,19.40410152,20.54683737,1.61792279,-1.85730995,15.7109711,2.99903055
2024-07-09,17.53,-4.468664850136,4309370116.53,4309370116.53,245828301.0,245828301.0,18.53699726,19.62866807,1.54562324,-1.77431299,15.00890045,2.86501393
2024-07-10,17.68,0.855675984027,4346244361.68,4346244361.68,245828301.0,245828301.0,18.69561389,19.79662587,1.55884877,-1.78949536,15.13732801,2.88952916
2024-07-11,18.4,4.072398190045,4523240738.4,4523240738.4,245828301.0,245828301.0,19.45697373,20.6028233,1.62233129,-1.86237074,15.75378028,3.0072023
2024-07-12,17.97,-2.336956521739,4417534568.97,4417534568.97,245828301.0,245828301.0,19.00227272,20.12134428,1.58441812,-1.81884795,15.38562129,2.93692529
2024-07-15,17.29,-3.78408458542,4250371324.29,4250371324.29,245828301.0,245828301.0,18.28321064,19.35993559,1.5244624,-1.7500212,14.80341636,2.82578955
2024-07-16,17.37,0.462695199537,4270037588.37,4270037588.37,245828301.0,245828301.0,18.36780618,19.44951309,1.53151601,-1.75811846,14.87191106,2.83886434
2024-07-17,17.2,-0.97869890616,4228246777.2,4228246777.2,245828301.0,245828301.0,18.18804066,19.25916091,1.51652708,-1.74091178,14.72635983,2.81108041
2024-07-18,17.03,-0.988372093023,4186455966.03,4186455966.03,245828301.0,245828301.0,18.00827514,19.06880874,1.50153815,-1.72370509,14.5808086,2.78329648
2024-07-19,17.25,1.291837933059,4240538192.25,4240538192.25,245828301.0,245828301.0,18.24091287,19.31514685,1.52093559,-1.74597257,14.76916902,2.81925215
2024-07-22,17.59,1.971014492754,4324119814.59,4324119814.59,245828301.0,245828301.0,18.60044391,19.69585119,1.55091345,-1.78038594,15.06027148,2.87482002
2024-07-23,16.88,-4.036384309267,4149581720.88,4149581720.88,245828301.0,245828301.0,17.84965851,18.90085094,1.48831262,-1.70852272,14.45238104,2.75878124
2024-07-24,16.58,-1.777251184834,4075833230.58,4075833230.58,245828301.0,245828301.0,17.53242524,18.56493535,1.46186157,-1.67815798,14.19552593,2.70975077
2024-07-25,16.67,0.542822677925,4097957777.67,4097957777.67,245828301.0,245828301.0,17.62759522,18.66571002,1.46979688,-1.6872674,14.27258246,2.72445991
2024-07-26,17.12,2.699460107978,4208580513.12,4208580513.12,245828301.0,245828301.0,18.10344512,19.16958342,1.50947347,-1.73281451,14.65786513,2.79800562
2024-07-29,16.94,-1.051401869159,4164331418.94,4164331418.94,245828301.0,245828301.0,17.91310516,18.96803406,1.49360283,-1.71459567,14.50375207,2.76858733
2024-07-30,17.38,2.597402597403,4272495871.38,4272495871.38,245828301.0,245828301.0,18.37838062,19.46071027,1.53239771,-1.75913062,14.8804729,2.84049869
2024-07-31,18.4,5.868814729574,4523240738.4,4523240738.4,245828301.0,245828301.0,19.45697373,20.6028233,1.62233129,-1.86237074,15.75378028,3.0072023
2024-08-01,18.48,0.434782608696,4542907002.48,4542907002.48,245828301.0,245828301.0,19.54156927,20.6924008,1.62938491,-1.870468,15.82227498,3.02027709
2024-08-02,17.91,-3.084415584416,4402784870.91,4402784870.91,245828301.0,245828301.0,18.93882606,20.05416116,1.57912791,-1.812775,15.33425027,2.92711919
2024-08-05,17.1,-4.522613065327,4203663947.1,4203663947.1,245828301.0,245828301.0,18.08229624,19.14718905,1.50771006,-1.7307902,14.64074146,2.79473692
2024-08-06,17.66,3.27485380117,4341327795.66,4341327795.66,245828301.0,245828301.0,18.67446501,19.7742315,1.55708536,-1.78747105,15.12020434,2.88626047
2024-08-07,17.61,-0.283125707814,4329036380.61,4329036380.61,245828301.0,245828301.0,18.62159279,19.71824556,1.55267685,-1.78241026,15.07739515,2.87808872
2024-08-08,17.33,-1.590005678592,4260204456.33,4260204456.33,245828301.0,245828301.0,18.32550841,19.40472434,1.5279892,-1.75406983,14.83766371,2.83232695
2024-08-09,17.1,-1.32717830352,4203663947.1,4203663947.1,245828301.0,245828301.0,18.08229624,19.14718905,1.50771006,-1.7307902,14.64074146,2.79473692
2024-08-12,16.77,-1.929824561404,4122540607.77,4122540607.77,245828301.0,245828301.0,17.73333965,18.77768189,1.4786139,-1.69738898,14.35820083,2.7408034
2024-08-13,16.94,1.013714967203,4164331418.94,4164331418.94,245828301.0,245828301.0,17.91310516,18.96803406,1.49360283,-1.71459567,14.50375207,2.76858733
2024-08-14,16.64,-1.770956316411,4090582928.64,4090582928.64,245828301.0,245828301.0,17.5958719,18.63211847,1.46715178,-1.68423093,14.24689695,2.71955686
2024-08-15,16.82,1.081730769231,4134832022.82,4134832022.82,245828301.0,245828301.0,17.78621186,18.83366782,1.48302241,-1.70244977,14.40101002,2.74897514
2024-08-16,16.81,-0.059453032105,4132373739.81,4132373739.81,245828301.0,245828301.0,17.77563741,18.82247064,1.48214071,-1.70143762,14.39244818,2.7473408
2024-08-19,16.69,-0.713860797145,4102874343.69,4102874343.69,245828301.0,245828301.0,17.64874411,18.6881044,1.47156029,-1.68929172,14.28970614,2.72772861
2024-08-20,16.02,-4.014379868185,3938169382.02,3938169382.02,245828301.0,245828301.0,16.94025648,17.9378929,1.41248627,-1.62147713,13.71606305,2.61822722
2024-08-21,15.91,-0.686641697878,3911128268.91,3911128268.91,245828301.0,245828301.0,16.82393761,17.81472384,1.40278755,-1.6103434,13.62188284,2.60024938
2024-08-22,15.5,-2.576995600251,3810338665.5,3810338665.5,245828301.0,245828301.0,16.39038548,17.3556392,1.36663778,-1.56884492,13.27084752,2.53324107
2024-08-23,14.74,-4.903225806452,3623509156.74,3623509156.74,245828301.0,245828301.0,17.24290093,16.50465302,1.29962844,-1.49192091,10.75912658,2.62274267
2024-08-26,14.56,-1.221166892809,3579260062.56,3579260062.56,245828301.0,245828301.0,17.03233633,16.30310366,1.28375781,-1.47370206,10.62773968,2.5907146
2024-08-27,14.13,-2.953296703297,3473553893.13,3473553893.13,245828301.0,245828301.0,16.5293209,15.82162463,1.24584463,-1.43017927,10.313871,2.51420312
2024-08-28,14.1,-0.212314225053,3466179044.1,3466179044.1,245828301.0,245828301.0,16.4942268,15.78803307,1.24319952,-1.4271428,10.29197318,2.5088651
2024-08-29,14.73,4.468085106383,3621050873.73,3621050873.73,245828301.0,245828301.0,17.23120289,16.49345583,1.29874674,-1.49090875,10.7518273,2.62096333
2024-08-30,15.07,2.308214528174,3704632496.07,3704632496.07,245828301.0,245828301.0,17.62893602,16.87416017,1.3287246,-1.52532212,11.00000254,2.68146079
2024-09-02,14.22,-5.640345056403,3495678440.22,3495678440.22,245828301.0,245828301.0,16.6346032,15.92239931,1.25377995,-1.43928869,10.37956444,2.53021715
2024-09-03,14.57,2.461322081575,3581718345.57,3581718345.57,245828301.0,245828301.0,17.04403436,16.31430084,1.28463951,-1.47471422,10.63503896,2.59249394
2024-09-04,14.54,-0.205902539465,3574343496.54,3574343496.54,245828301.0,245828301.0,17.00894026,16.28070928,1.2819944,-1.47167775,10.61314114,2.58715593
2024-09-05,14.63,0.618982118294,3596468043.63,3596468043.63,245828301.0,245828301.0,17.11422256,16.38148396,1.28992972,-1.48078717,10.67883459,2.60316996
2024-09-06,14.14,-3.349282296651,3476012176.14,3476012176.14,245828301.0,245828301.0,16.54101893,15.83282182,1.24672633,-1.43119143,10.32117027,2.51598245
2024-09-09,14.0,-0.990099009901,3441596214.0,3441596214.0,245828301.0,245828301.0,16.37724647,15.67606121,1.23438251,-1.41702122,10.21898047,2.49107174
2024-09-10,14.28,2.0,3510428138.28,3510428138.28,245828301.0,245828301.0,16.7047914,15.98958243,1.25907016,-1.44536164,10.42336007,2.54089317
2024-09-11,14.24,-0.280112044818,3500595006.24,3500595006.24,245828301.0,245828301.0,16.65799927,15.94479369,1.25554335,-1.44131301,10.39416299,2.53377582
2024-09-12,14.2,-0.280898876404,3490761874.2,3490761874.2,245828301.0,245828301.0,16.61120713,15.90000494,1.25201654,-1.43726438,10.3649659,2.52665847
2024-09-13,13.67,-3.732394366197,3360472874.67,3360472874.67,245828301.0,245828301.0,15.99121137,15.30655405,1.20528635,-1.38362,9.9781045,2.43235362
2024-09-18,13.64,-0.219458668617,3353098025.64,3353098025.64,245828301.0,245828301.0,15.95611727,15.27296249,1.20264124,-1.38058353,9.95620668,2.4270156
2024-09-19,14.23,4.325513196481,3498136723.23,3498136723.23,245828301.0,245828301.0,16.64630123,15.9335965,1.25466165,-1.44030085,10.38686372,2.53199649
2024-09-20,14.07,-1.124385101897,3458804195.07,3458804195.07,245828301.0,245828301.0,16.4591327,15.75444151,1.24055442,-1.42410632,10.27007537,2.50352709
2024-09-23,14.5,3.056147832267,3564510364.5,3564510364.5,245828301.0,245828301.0,16.96214813,16.23592054,1.2784676,-1.46762912,10.58394405,2.58003858
2024-09-24,14.87,2.551724137931,3638654813.87,3638654813.87,244697701.0,244697701.0,17.31497334,16.57363968,1.30506067,-1.49815689,10.80409791,2.63370529
2024-09-25,14.98,0.739744451917,3665571560.98,3665571560.98,244697701.0,244697701.0,17.4430599,16.69624226,1.31471478,-1.50923942,10.88402063,2.65318798
2024-09-26,15.48,3.337783711615,3787920411.48,3787920411.48,244697701.0,244697701.0,18.02527151,17.25352672,1.35859712,-1.55961457,11.24730569,2.74174566
2024-09-27,16.81,8.59173126615,4113368353.81,4113368353.81,244697701.0,244697701.0,19.5739544,18.73590337,1.47532413,-1.69361246,12.21364397,2.97730908
2024-09-30,18.49,9.994051160024,4524460491.49,4524460491.49,244697701.0,244697701.0,21.53018541,20.60837913,1.6078677,-1.86287295,13.4342818,3.27486287
2024-10-08,20.34,10.005408328826,4977151238.34,4977151238.34,244697701.0,244697701.0,23.68436838,22.67033162,1.76874143,-2.049261,14.77843655,3.60252627
2024-10-09,20.79,2.212389380531,5087265203.79,5087265203.79,244697701.0,244697701.0,24.20835883,23.17188762,1.80787288,-2.09459863,15.10539311,3.68222818
2024-10-10,19.91,-4.232804232804,4871931226.91,4871931226.91,244697701.0,244697701.0,23.18366639,22.19106698,1.73134916,-2.00593837,14.46601139,3.52636667
2024-10-11,18.34,-7.885484681065,4487755836.34,4487755836.34,244697701.0,244697701.0,21.35552193,20.4411938,1.59482388,-1.84776041,13.32529628,3.24829556
2024-10-14,18.79,2.453653217012,4597869801.79,4597869801.79,244697701.0,244697701.0,21.87951238,20.94274981,1.63395533,-1.89309804,13.65225284,3.32799747
2024-10-15,18.19,-3.193187865886,4451051181.19,4451051181.19,244697701.0,244697701.0,21.18085845,20.27400846,1.58178007,-1.83264787,13.21631076,3.22172826
2024-10-16,17.82,-2.034084661902,4360513031.82,4360513031.82,244697701.0,244697701.0,20.75002185,19.86161796,1.54960532,-1.79537026,12.94747981,3.15619558
2024-10-17,17.85,0.16835016835,4367853962.85,4367853962.85,244697701.0,244697701.0,20.78495455,19.89505503,1.55221409,-1.79839276,12.96927691,3.16150904
2024-10-18,18.63,4.36974789916,4558718169.63,4558718169.63,244697701.0,244697701.0,21.69320467,20.76441878,1.62004193,-1.87697799,13.53600162,3.29965902
2024-10-21,19.12,2.630166398282,4678620043.12,4678620043.12,244697701.0,244697701.0,22.26377205,21.31055755,1.66265173,-1.92634564,13.89202098,3.38644554
2024-10-22,20.16,5.439330543933,4933105652.16,4933105652.16,244697701.0,244697701.0,23.4747722,22.46970921,1.75308885,-2.03112595,14.64765393,3.57064551
2024-10-23,19.76,-1.984126984127,4835226571.76,4835226571.76,244697701.0,244697701.0,23.00900291,22.02388165,1.71830534,-1.99082583,14.35702587,3.49979937
2024-10-24,19.42,-1.720647773279,4752029353.42,4752029353.42,244697701.0,244697701.0,22.61309901,21.64492822,1.68873936,-1.95657073,14.10999203,3.43958015
2024-10-25,19.55,0.669412976313,4783840054.55,4783840054.55,244697701.0,244697701.0,22.76447403,21.78982218,1.700044,-1.96966827,14.20444614,3.46260514
2024-10-28,19.9,1.790281329923,4869484249.9,4869484249.9,244697701.0,244697701.0,23.17202216,22.17992129,1.73047957,-2.00493087,14.45874569,3.52459551
2024-10-29,20.15,1.256281407035,4930658675.15,4930658675.15,244697701.0,244697701.0,28.70590358,22.45856352,1.75221926,-2.03011844,11.13458012,3.621609
2024-10-30,19.91,-1.191066997519,4871931226.91,4871931226.91,244697701.0,244697701.0,28.36399704,22.19106698,1.73134916,-2.00593837,11.00195981,3.57847321
2024-10-31,20.58,3.365143144149,5035878686.58,5035878686.58,244697701.0,244697701.0,29.31848614,22.93782815,1.78961153,-2.07344107,11.37219151,3.69889396
2024-11-01,22.64,10.009718172983,5539955950.64,5539955950.64,244697701.0,244697701.0,32.25318397,25.23384011,1.9687466,-2.28098668,12.51051583,4.06914282
2024-11-04,24.9,9.982332155477,6092972754.9,6092972754.9,244697701.0,244697701.0,35.47280393,27.75276584,2.16527343,-2.50868234,13.75935708,4.47533817
2024-11-05,27.39,10.0,6702270030.39,6702270030.39,244697701.0,244697701.0,39.02008432,30.52804243,2.38180077,-2.75955058,15.13529278,4.92287199
2024-11-06,30.13,10.003650967506,7372741731.13,7372741731.13,244697701.0,244697701.0,42.92351736,33.58196124,2.62006781,-3.03560639,16.64937465,5.41533892
2024-11-07,31.21,3.584467308331,7637015248.21,7637015248.21,244697701.0,244697701.0,44.46209681,34.78569566,2.71398328,-3.14441671,17.24616604,5.60944998
2024-11-08,34.33,9.99679589875,8400472075.33,8400472075.33,244697701.0,244697701.0,48.90688188,38.26315066,2.98529465,-3.45875763,18.97023006,6.17021524
2024-11-11,31.77,-7.45703466356,7774045960.77,7774045960.77,244697701.0,244697701.0,45.25987874,35.40985425,2.7626802,-3.20083687,17.55561343,5.71010015
2024-11-12,30.5,-3.997481901165,7463279880.5,7463279880.5,244697701.0,244697701.0,43.45062328,33.99435173,2.65224255,-3.072884,16.85383096,5.48183993
2024-11-13,29.89,-2.0,7314014282.89,7314014282.89,244697701.0,244697701.0,42.58161082,33.3144647,2.5991977,-3.01142632,16.51675434,5.37220313
2024-11-14,31.44,5.185680829709,7693295719.44,7693295719.44,244697701.0,244697701.0,44.78975725,35.04204651,2.7339838,-3.16758927,17.3732605,5.65078844
2024-11-15,30.45,-3.148854961832,7451044995.45,7451044995.45,244697701.0,244697701.0,43.37939275,33.93862329,2.64789462,-3.06784648,16.82620172,5.47285331
2024-11-18,33.5,10.016420361248,8197372983.5,8197372983.5,244697701.0,244697701.0,47.72445508,37.33805846,2.91311887,-3.37513488,18.51158482,6.0210373
2024-11-19,34.0,1.492537313433,8319721834.0,8319721834.0,244697701.0,244697701.0,48.43676038,37.89534292,2.95659826,-3.42551003,18.78787713,6.11090353
2024-11-20,35.25,3.676470588235,8625593960.25,8625593960.25,244697701.0,244697701.0,50.21752363,39.28855405,3.06529672,-3.5514479,19.47860791,6.3355691
2024-11-21,31.96,-9.333333333333,7820538523.96,7820538523.96,244697701.0,244697701.0,45.53055476,35.62162234,2.77920236,-3.21997943,17.6606045,5.74424932
2024-11-22,29.75,-6.914893617021,7279756604.75,7279756604.75,244697701.0,244697701.0,42.38216533,33.15842505,2.58702348,-2.99732127,16.43939249,5.34704059
2024-11-25,30.24,1.647058823529,7399658478.24,7399658478.24,244697701.0,244697701.0,43.08022453,33.70456382,2.62963327,-3.04668892,16.71015895,5.43510949
2024-11-26,27.79,-8.101851851852,6800149110.79,6800149110.79,244697701.0,244697701.0,39.58992856,30.97386999,2.41658428,-2.7998507,15.35632663,4.99476497
2024-11-27,28.86,3.850305865419,7061975650.86,7061975650.86,244697701.0,244697701.0,41.1142619,32.16645872,2.50963017,-2.90765351,15.94759218,5.1870787
2024-11-28,28.8,-0.2079002079,7047293788.8,7047293788.8,244697701.0,244697701.0,41.02878526,32.09958459,2.50441264,-2.90160849,15.9144371,5.17629476
2024-11-29,29.69,3.090277777778,7265074742.69,7265074742.69,244697701.0,244697701.0,42.2966887,33.09155092,2.58180595,-2.99127626,16.40623741,5.33625664
2024-12-02,30.19,1.684068710003,7387423593.19,7387423593.19,244697701.0,244697701.0,43.008994,33.64883537,2.62528534,-3.0416514,16.68252972,5.42612287
2024-12-03,31.29,3.643590592912,7656591064.29,7656591064.29,244697701.0,244697701.0,44.57606566,34.87486117,2.72093998,-3.15247673,17.29037281,5.62382857
2024-12-04,30.84,-1.43815915628,7546477098.84,7546477098.84,244697701.0,244697701.0,43.93499089,34.37330516,2.68180854,-3.1071391,17.04170973,5.54294897
2024-12-05,33.92,9.987029831388,8300146017.92,8300146017.92,244697701.0,244697701.0,48.32279153,37.8061774,2.94964156,-3.41745,18.74367036,6.09652493
2024-12-06,37.31,9.994103773585,9129671224.31,9129671224.31,244697701.0,244697701.0,53.15222147,41.58456601,3.24443179,-3.7589935,20.61693223,6.70581796
2024-12-09,41.04,9.997319753417,10042393649.04,10042393649.04,244697701.0,244697701.0,58.466019,45.74190804,3.56878801,-4.1347921,22.67807287,7.37622003
2024-12-10,36.94,-9.990253411306,9039133074.94,9039133074.94,244697701.0,244697701.0,52.62511554,41.17217551,3.21225705,-3.7217159,20.41247592,6.63931695
2024-12-11,37.0,0.162425554954,9053814937.0,9053814937.0,244697701.0,244697701.0,52.71059218,41.23904964,3.21747457,-3.72776091,20.445631,6.6501009
2024-12-12,36.18,-2.216216216216,8853162822.18,8853162822.18,244697701.0,244697701.0,51.54241149,40.32510314,3.14616838,-3.64514567,19.99251161,6.50272029
2024-12-13,34.42,-4.864566058596,8422494868.42,8422494868.42,244697701.0,244697701.0,49.03509683,38.36346186,2.99312094,-3.46782515,19.01996267,6.18639116
2024-12-16,33.55,-2.527600232423,8209607868.55,8209607868.55,244697701.0,244697701.0,47.79568561,37.39378691,2.91746681,-3.3801724,18.53921405,6.03002392
2024-12-17,31.6,-5.812220566319,7732447351.6,7732447351.6,244697701.0,244697701.0,45.01769494,35.22037753,2.7478972,-3.18370932,17.46167404,5.67954563
2024-12-18,31.57,-0.094936708861,7725106420.57,7725106420.57,244697701.0,244697701.0,44.97495663,35.18694047,2.74528844,-3.18068681,17.4450965,5.67415366
2024-12-19,32.3,2.312321824517,7903735742.3,7903735742.3,244697701.0,244697701.0,46.01492236,36.00057577,2.80876834,-3.25423453,17.84848327,5.80535835
2024-12-20,33.67,4.241486068111,8238971592.67,8238971592.67,244697701.0,244697701.0,47.96663888,37.52753518,2.92790186,-3.39226243,18.60552421,6.05159182
2024-12-23,31.05,-7.781407781408,7597863616.05,7597863616.05,244697701.0,244697701.0,44.23415911,34.60736463,2.70006988,-3.12829666,17.1577525,5.58069278
2024-12-24,31.63,1.867954911433,7739788282.63,7739788282.63,244697701.0,244697701.0,45.06043326,35.2538146,2.75050597,-3.18673183,17.47825158,5.68493761
2024-12-25,30.51,-3.540942143535,7465726857.51,7465726857.51,244697701.0,244697701.0,43.46486939,34.00549742,2.65311214,-3.0738915,16.8593568,5.48363726
2024-12-26,31.0,1.606030809571,7585628731.0,7585628731.0,244697701.0,244697701.0,44.16292858,34.55163619,2.69572194,-3.12325914,17.13012327,5.57170616
2024-12-27,31.44,1.41935483871,7693295719.44,7693295719.44,244697701.0,244697701.0,44.78975725,35.04204651,2.7339838,-3.16758927,17.3732605,5.65078844
2024-12-30,30.87,-1.812977099237,7553818029.87,7553818029.87,244697701.0,244697701.0,43.97772921,34.40674223,2.6844173,-3.11016161,17.05828727,5.54834094
2024-12-31,29.9,-3.142209264658,7316461259.9,7316461259.9,244697701.0,244697701.0,42.59585692,38.15936745,2.52433854,-3.01243382,16.52228018,5.37400046
2025-01-02,29.11,-2.642140468227,7123150076.11,7123150076.11,244697701.0,244697701.0,41.47041455,37.15114336,2.45764197,1.78721572,16.08573833,5.23201182
2025-01-03,27.34,-6.080384747509,6690035145.34,6690035145.34,244697701.0,244697701.0,38.94885379,34.8922109,2.30820788,1.67854613,15.10766355,4.91388537
2025-01-06,27.1,-0.87783467447,6631307697.1,6631307697.1,244697701.0,244697701.0,38.60694725,34.58591498,2.28794563,1.66381127,14.97504324,4.87074958
2025-01-07,28.26,4.280442804428,6915157030.26,6915157030.26,244697701.0,244697701.0,40.25949554,36.06634529,2.38587984,1.73502976,15.6160414,5.07923923
2025-01-08,27.99,-0.955414012739,6849088650.99,6849088650.99,244697701.0,244697701.0,39.87485068,35.72176237,2.36308481,1.71845304,15.46684356,5.03071147
2025-01-09,30.79,10.003572704537,7534242213.79,7534242213.79,244697701.0,244697701.0,43.86376036,39.29521484,2.59947771,1.89035974,17.0140805,5.53396234
2025-01-10,30.82,0.097434231893,7541583144.82,7541583144.82,244697701.0,244697701.0,43.90649868,39.33350183,2.60201049,1.8922016,17.03065803,5.53935432
2025-01-13,30.31,-1.65476963011,7416787317.31,7416787317.31,244697701.0,244697701.0,43.17994727,38.68262299,2.55895321,1.86089002,16.74883988,5.44769076
2025-01-14,32.42,6.961398878258,7933099466.42,7933099466.42,244697701.0,244697701.0,46.18587563,41.37547467,2.73709215,1.990434,17.91479343,5.82692625
2025-01-15,31.81,-1.881554595928,7783833868.81,7783833868.81,244697701.0,244697701.0,45.31686317,40.59697253,2.68559227,1.9529829,17.57771681,5.71728945
2025-01-16,31.78,-0.09430996542,7776492937.78,7776492937.78,244697701.0,244697701.0,45.27412485,40.55868553,2.68305949,1.95114104,17.56113927,5.71189748
2025-01-17,31.37,-1.290119572058,7676166880.37,7676166880.37,244697701.0,244697701.0,44.69003451,40.03542999,2.64844481,1.92596899,17.33457958,5.63820717
2025-01-20,31.48,0.350653490596,7703083627.48,7703083627.48,244697701.0,244697701.0,44.84674167,40.17581563,2.65773168,1.93272246,17.39536388,5.65797774
2025-01-21,30.98,-1.588310038119,7580734776.98,7580734776.98,244697701.0,244697701.0,44.13443637,39.53769911,2.61551866,1.90202484,17.11907157,5.56811151
2025-01-22,32.24,4.067140090381,7889053880.24,7889053880.24,244697701.0,244697701.0,45.92944573,41.14575273,2.72189547,1.97938285,17.8153282,5.79457441
2025-01-23,32.6,1.116625310174,7977145052.6,7977145052.6,244697701.0,244697701.0,46.44230554,41.60519662,2.75228884,2.00148514,18.01425866,5.85927809
2025-01-24,35.86,10.0,8774859557.86,8774859557.86,244697701.0,244697701.0,51.0865361,45.76571628,3.02751773,2.20163366,19.81568453,6.4452059
2025-01-27,36.03,0.474065811489,8816458167.03,8816458167.03,244697701.0,244697701.0,51.3287199,45.98267589,3.04187015,2.21207085,19.90962391,6.47576042
2025-02-05,36.85,2.275881210103,9017110281.85,9017110281.85,244697701.0,244697701.0,52.49690059,47.02918697,3.1110995,2.26241495,20.3627433,6.62314103
2025-02-06,37.35,1.356852103121,9139459132.35,9139459132.35,244697701.0,244697701.0,53.20920589,47.66730348,3.15331252,2.29311258,20.63903561,6.71300726
2025-02-07,36.97,-1.017402945114,9046474005.97,9046474005.97,244697701.0,244697701.0,52.66785386,47.18233493,3.12123063,2.26978238,20.42905346,6.64470893
2025-02-10,35.94,-2.786042737355,8794435373.94,8794435373.94,244697701.0,244697701.0,51.20050494,45.86781492,3.03427181,2.20654528,19.8598913,6.4595845
2025-02-11,35.44,-1.391207568169,8672086523.44,8672086523.44,244697701.0,244697701.0,50.48819964,45.22969841,2.99205879,2.17584765,19.58359899,6.36971827
2025-02-12,35.85,1.156884875847,8772412580.85,8772412580.85,244697701.0,244697701.0,51.07228999,45.75295395,3.02667346,2.2010197,19.81015868,6.44340858
2025-02-13,34.48,-3.821478382148,8437176730.48,8437176730.48,244697701.0,244697701.0,49.12057347,44.0045147,2.91100979,2.11690821,19.05311775,6.19717511
2025-02-14,34.72,0.696055684455,8495904178.72,8495904178.72,244697701.0,244697701.0,49.46248001,44.31081063,2.93127204,2.13164307,19.18573806,6.2403109
2025-02-17,35.5,2.246543778802,8686768385.5,8686768385.5,244697701.0,244697701.0,50.57367628,45.30627239,2.99712435,2.17953137,19.61675406,6.38050222
2025-02-18,33.03,-6.957746478873,8082365064.03,8082365064.03,244697701.0,244697701.0,47.0548881,42.15397682,2.78859204,2.0278851,18.25187005,5.93656305
2025-02-19,34.5,4.450499545867,8442070684.5,8442070684.5,244697701.0,244697701.0,49.14906568,44.03003936,2.91269831,2.11813612,19.06416944,6.20076976
2025-02-20,35.44,2.724637681159,8672086523.44,8672086523.44,244697701.0,244697701.0,50.48819964,45.22969841,2.99205879,2.17584765,19.58359899,6.36971827
2025-02-21,35.18,-0.733634311512,8608465121.18,8608465121.18,244697701.0,244697701.0,50.11780089,44.89787782,2.97010802,2.15988489,19.43992698,6.32298783
2025-02-24,34.09,-3.098351335986,8341744627.09,8341744627.09,244697701.0,244697701.0,48.56497534,43.50678382,2.87808364,2.09296406,18.83760975,6.12707945
2025-02-25,33.65,-1.290701085362,8234077638.65,8234077638.65,244697701.0,244697701.0,47.93814667,42.94524129,2.84093618,2.06595015,18.59447251,6.04799717
2025-02-26,37.02,10.01485884101,9058708891.02,9058708891.02,244697701.0,244697701.0,52.73908439,47.24614659,3.12545193,2.27285215,20.45668269,6.65369555
2025-02-27,35.15,-5.05132360886,8601124190.15,8601124190.15,244697701.0,244697701.0,50.07506257,44.85959083,2.96757524,2.15804303,19.42334945,6.31759586
2025-02-28,31.83,-9.445234708393,7788727822.83,7788727822.83,244697701.0,244697701.0,45.34535538,40.62249719,2.68728079,1.9542108,17.5887685,5.7208841
2025-03-03,32.12,0.91109016651,7859690156.12,7859690156.12,244697701.0,244697701.0,45.75849245,40.99260476,2.71176434,1.97201542,17.74901804,5.77300651
2025-03-04,32.4,0.871731008717,7928205512.4,7928205512.4,244697701.0,244697701.0,46.15738342,41.34995001,2.73540363,1.98920609,17.90374174,5.8233316
2025-03-05,32.47,0.216049382716,7945334351.47,7945334351.47,244697701.0,244697701.0,46.25710616,41.43928632,2.74131346,1.99350376,17.94242266,5.83591287
2025-03-06,35.72,10.009239297813,8740601879.72,8740601879.72,244697701.0,244697701.0,50.88709061,45.58704365,3.01569808,2.19303832,19.73832268,6.42004336
2025-03-07,35.26,-1.287793952968,8628040937.26,8628040937.26,244697701.0,244697701.0,50.23176974,44.99997646,2.9768621,2.16479651,19.48413375,6.33736643
2025-03-10,34.6,-1.871809415769,8466540454.6,8466540454.6,244697701.0,244697701.0,49.29152674,44.15766267,2.92114092,2.12427564,19.1194279,6.218743
2025-03-11,34.53,-0.202312138728,8449411615.53,8449411615.53,244697701.0,244697701.0,49.191804,44.06832635,2.91523109,2.11997797,19.08074698,6.20616173
2025-03-12,34.59,0.173761946134,8464093477.59,8464093477.59,244697701.0,244697701.0,49.27728064,44.14490034,2.92029666,2.12366169,19.11390206,6.21694568
2025-03-13,36.58,5.753107834634,8951041902.58,8951041902.58,244697701.0,244697701.0,52.11225573,46.68460406,3.08830447,2.24583824,20.21354545,6.57461327
2025-03-14,38.75,5.932203389831,9482035913.75,9482035913.75,244697701.0,244697701.0,55.20366073,49.45402972,3.27150898,2.37906593,21.41265408,6.9646327
2025-03-17,38.43,-0.825806451613,9403732649.43,9403732649.43,244697701.0,244697701.0,54.74778534,49.04563515,3.24449264,2.35941945,21.235827,6.90711831
2025-03-18,38.02,-1.066874837367,9303406592.02,9303406592.02,244697701.0,244697701.0,54.16369499,48.52237961,3.20987797,2.3342474,21.00926731,6.83342801
2025-03-19,35.78,-5.891635981063,8755283741.78,8755283741.78,244697701.0,244697701.0,50.97256725,45.66361764,3.02076364,2.19672204,19.77147776,6.4308273
2025-03-20,35.0,-2.17998882057,8564419535.0,8564419535.0,244697701.0,244697701.0,49.86137098,44.66815588,2.95491133,2.14883374,19.34046175,6.29063599
2025-03-21,33.58,-4.057142857143,8216948799.58,8216948799.58,244697701.0,244697701.0,47.83842393,42.85590498,2.83502636,2.06165249,18.55579159,6.0354159
2025-03-24,33.32,-0.774270399047,8153327397.32,8153327397.32,244697701.0,244697701.0,47.46802517,42.52408439,2.81307559,2.04568972,18.41211959,5.98868546
2025-03-25,32.89,-1.290516206483,8048107385.89,8048107385.89,244697701.0,244697701.0,46.85544262,41.97530419,2.77677239,2.01928977,18.1745082,5.9114005
2025-03-26,33.79,2.736394040742,8268335316.79,8268335316.79,244697701.0,244697701.0,48.13759216,43.12391392,2.85275583,2.07454549,18.67183436,6.07315971
2025-03-27,33.61,-0.532701982835,8224289730.61,8224289730.61,244697701.0,244697701.0,47.88116225,42.89419197,2.83755914,2.06349434,18.57236913,6.04080787
2025-03-28,32.82,-2.35049092532,8030978546.82,8030978546.82,244697701.0,244697701.0,46.75571987,41.88596788,2.77086257,2.0149921,18.13582728,5.89881923
2025-03-31,32.69,-0.396099939062,7999167845.69,7999167845.69,244697701.0,244697701.0,46.5705205,41.72005759,2.71320367,2.00701072,18.06399128,5.87545401
2025-04-01,32.65,-0.122361578464,7989379937.65,7989379937.65,244697701.0,244697701.0,46.51353607,41.66900827,2.70988375,2.00455491,18.04188789,5.86826471
2025-04-02,32.78,0.398162327718,8021190638.78,8021190638.78,244697701.0,244697701.0,46.69873545,41.83491856,2.72067349,2.01253629,18.11372389,5.89162993
2025-04-03,31.79,-3.020134228188,7778939914.79,7778939914.79,244697701.0,244697701.0,45.28837096,40.57144787,2.63850549,1.95175499,17.56666512,5.7136948
2025-04-07,28.61,-10.003145643284,7000801225.61,7000801225.61,244697701.0,244697701.0,40.75810925,36.51302685,2.37457195,1.7565181,15.80944602,5.14214559
2025-04-08,26.06,-8.912967493883,6376822088.06,6376822088.06,244697701.0,244697701.0,37.12535222,33.25863263,2.16292712,1.59996021,14.40035524,4.68382782
2025-04-09,27.2,4.374520337682,6655777467.2,6655777467.2,244697701.0,244697701.0,38.74940831,34.71353828,2.25754481,1.66995079,15.0303017,4.88872282
2025-04-10,27.62,1.544117647059,6758550501.62,6758550501.62,244697701.0,244697701.0,39.34774476,35.24955615,2.29240396,1.6957368,15.26238725,4.96421046
2025-04-11,28.02,1.448225923244,6856429582.02,6856429582.02,244697701.0,244697701.0,39.917589,35.76004936,2.32560314,1.7202949,15.48342109,5.03610344
2025-04-14,28.37,1.249107780157,6942073777.37,6942073777.37,244697701.0,244697701.0,40.41620271,36.20673092,2.35465243,1.74178324,15.67682571,5.0990098
2025-04-15,28.65,0.986958054283,7010589133.65,7010589133.65,244697701.0,244697701.0,40.81509367,36.56407617,2.37789187,1.75897391,15.83154941,5.14933489
2025-04-16,27.93,-2.513089005236,6834406788.93,6834406788.93,244697701.0,244697701.0,39.78937404,35.64518839,2.31813333,1.71476933,15.43368848,5.01992752
2025-04-17,27.84,-0.322234156821,6812383995.84,6812383995.84,244697701.0,244697701.0,39.66115909,35.53032742,2.31066351,1.70924375,15.38395586,5.0037516
2025-04-18,27.99,0.538793103448,6849088650.99,6849088650.99,244697701.0,244697701.0,39.87485068,35.72176237,2.3231132,1.71845304,15.46684356,5.03071147
2025-04-21,29.35,4.858878170775,7181877524.35,7181877524.35,244697701.0,244697701.0,41.81232109,37.45743928,2.43599045,1.80195058,16.21835864,5.27514761
2025-04-22,29.16,-0.647359454855,7135384961.16,7135384961.16,244697701.0,244697701.0,41.54164508,37.21495501,2.42022083,1.79028548,16.11336756,5.24099844
2025-04-23,29.77,2.091906721536,7284650558.77,7284650558.77,244697701.0,244697701.0,42.41065755,37.99345715,2.47084959,1.82773659,16.45044418,5.35063524
2025-04-24,29.1,-2.250587840107,7120703099.1,7120703099.1,244697701.0,244697701.0,41.45616844,37.13838103,2.41524095,1.78660177,16.08021249,5.23021449
2025-04-25,30.03,3.19587628866,7348271961.03,7348271961.03,244697701.0,244697701.0,39.71848836,38.32527774,2.49242907,1.84369935,15.36891361,5.09394182
2025-04-28,30.21,0.599400599401,7392317547.21,7392317547.21,244697701.0,244697701.0,39.95656122,38.55499969,2.5073687,1.8547505,15.46103497,5.12447494
2025-04-29,30.19,-0.066203243959,7387423593.19,7387423593.19,244697701.0,244697701.0,39.93010868,38.52947503,2.50570874,1.85352259,15.45079927,5.12108237
2025-04-30,30.7,1.689301093077,7512219420.7,7512219420.7,244697701.0,244697701.0,40.60464844,39.18035387,2.54803771,1.88483417,15.71180979,5.20759287
2025-05-06,31.46,2.475570032573,7698189673.46,7698189673.46,244697701.0,244697701.0,41.60984495,40.15029097,2.61111616,1.93149456,16.10076664,5.33651048
2025-05-07,31.44,-0.063572790846,7693295719.44,7693295719.44,244697701.0,244697701.0,41.58339241,40.12476631,2.6094562,1.93026665,16.09053094,5.33311791
2025-05-08,31.51,0.222646310433,7710424558.51,7710424558.51,244697701.0,244697701.0,41.6759763,40.21410262,2.61526606,1.93456432,16.12635591,5.3449919
2025-05-09,30.57,-2.983179942875,7480408719.57,7480408719.57,244697701.0,244697701.0,40.43270693,39.01444357,2.53724797,1.87685279,15.64527769,5.18554117
2025-05-12,31.9,4.350670592084,7805856661.9,7805856661.9,244697701.0,244697701.0,42.19180082,40.7118335,2.64763527,1.95850847,16.32595219,5.41114699
2025-05-13,31.7,-0.626959247649,7756917121.7,7756917121.7,244697701.0,244697701.0,41.92727542,40.45658689,2.63103568,1.94622942,16.22359512,5.3772213
2025-05-14,31.2,-1.577287066246,7634568271.2,7634568271.2,244697701.0,244697701.0,41.26596193,39.81847038,2.58953669,1.91553179,15.96770246,5.29240709
2025-05-15,30.19,-3.237179487179,7387423593.19,7387423593.19,244697701.0,244697701.0,39.93010868,38.52947503,2.50570874,1.85352259,15.45079927,5.12108237
2025-05-16,30.08,-0.364359059291,7360506846.08,7360506846.08,244697701.0,244697701.0,39.78461971,38.38908939,2.49657896,1.84676911,15.39450288,5.10242324
2025-05-19,29.93,-0.498670212766,7323802190.93,7323802190.93,244697701.0,244697701.0,39.58622566,38.19765444,2.48412927,1.83755983,15.31773508,5.07697898
2025-05-20,29.76,-0.56799198129,7282203581.76,7282203581.76,244697701.0,244697701.0,39.36137907,37.98069482,2.47001961,1.82712263,15.23073157,5.04814214
2025-05-21,29.16,-2.016129032258,7135384961.16,7135384961.16,244697701.0,244697701.0,38.56780288,37.21495501,2.42022083,1.79028548,14.92366037,4.94636508
2025-05-22,29.15,-0.034293552812,7132937984.15,7132937984.15,244697701.0,244697701.0,38.55457661,37.20219268,2.41939085,1.78967153,14.91854252,4.9446688
2025-05-23,28.67,-1.646655231561,7015483087.67,7015483087.67,244697701.0,244697701.0,37.91971566,36.58960083,2.37955182,1.76020181,14.67288556,4.86324715
2025-05-26,29.24,1.988140913847,7154960777.24,7154960777.24,244697701.0,244697701.0,38.67361304,37.31705365,2.42686067,1.7951971,14.9646032,4.95993536
2025-05-27,28.81,-1.470588235294,7049740765.81,7049740765.81,244697701.0,244697701.0,38.10488344,36.76827345,2.39117154,1.76879715,14.74453551,4.88699513
2025-05-28,28.68,-0.451232211038,7017930064.68,7017930064.68,244697701.0,244697701.0,37.93294193,36.60236316,2.3803818,1.76081576,14.67800341,4.86494344
2025-05-29,29.28,2.092050209205,7164748685.28,7164748685.28,244697701.0,244697701.0,38.72651812,37.36810297,2.43018059,1.79765291,14.98507461,4.9667205
2025-05-30,28.88,-1.366120218579,7066869604.88,7066869604.88,244697701.0,244697701.0,38.19746733,36.85760976,2.3969814,1.77309481,14.78036048,4.89886912
2025-06-03,28.51,-1.281163434903,6976331455.51,6976331455.51,244697701.0,244697701.0,37.70809534,36.38540354,2.36627215,1.75037857,14.5909999,4.8361066
2025-06-04,28.78,0.947036127675,7042399834.78,7042399834.78,244697701.0,244697701.0,38.06520463,36.72998646,2.3886816,1.76695529,14.72918195,4.88190628
2025-06-05,29.63,2.953439888812,7250392880.63,7250392880.63,244697701.0,244697701.0,39.18943756,37.81478453,2.45922988,1.81914125,15.16419948,5.02609045
2025-06-06,29.44,-0.641241984475,7203900317.44,7203900317.44,244697701.0,244697701.0,38.93813844,37.57230026,2.44346026,1.80747615,15.06696027,4.99386105
2025-06-09,29.53,0.305706521739,7225923110.53,7225923110.53,244697701.0,244697701.0,39.05717487,37.68716123,2.45093008,1.81300173,15.11302095,5.0091276
2025-06-10,28.86,-2.268879105994,7061975650.86,7061975650.86,244697701.0,244697701.0,38.17101479,36.8320851,2.39532144,1.77186691,14.77012477,4.89547655
2025-06-11,29.25,1.351351351351,7157407754.25,7157407754.25,244697701.0,244697701.0,38.68683931,37.32981598,2.42769065,1.79581106,14.96972105,4.96163164
2025-06-12,29.0,-0.854700854701,7096233329.0,7096233329.0,244697701.0,244697701.0,38.35618256,37.01075773,2.40694116,1.78046224,14.84177472,4.91922454
2025-06-13,28.11,-3.068965517241,6878452375.11,6878452375.11,244697701.0,244697701.0,37.17904455,35.87491033,2.33307296,1.72582047,14.38628577,4.76825523
2025-06-16,29.0,3.166133048737,7096233329.0,7096233329.0,244697701.0,244697701.0,38.35618256,37.01075773,2.40694116,1.78046224,14.84177472,4.91922454
2025-06-17,28.76,-0.827586206897,7037505880.76,7037505880.76,244697701.0,244697701.0,38.03875209,36.7044618,2.38702164,1.76572738,14.71894624,4.87851371
2025-06-18,28.7,-0.208623087622,7022824018.7,7022824018.7,244697701.0,244697701.0,37.95939447,36.62788782,2.38204176,1.76204367,14.68823912,4.86833601
2025-06-19,28.13,-1.98606271777,6883346329.13,6883346329.13,244697701.0,244697701.0,37.20549709,35.90043499,2.33473292,1.72704838,14.39652148,4.7716478
2025-06-20,27.12,-3.590472804835,6636201651.12,6636201651.12,244697701.0,244697701.0,35.86964383,34.61143964,2.25090497,1.66503917,13.87961829,4.60032308
2025-06-23,27.74,2.286135693215,6787914225.74,6787914225.74,244697701.0,244697701.0,36.68967256,35.40270411,2.30236371,1.70310423,14.1969252,4.70549271
2025-06-24,28.57,2.992069214131,6991013317.57,6991013317.57,244697701.0,244697701.0,37.78745296,36.46197752,2.37125203,1.75406229,14.62170702,4.84628431
2025-06-25,29.49,3.22016100805,7216135202.49,7216135202.49,244697701.0,244697701.0,39.00426979,37.63611191,2.44761016,1.81054592,15.09254953,5.00234247
2025-06-26,29.12,-1.254662597491,7125597053.12,7125597053.12,244697701.0,244697701.0,38.5148978,37.16390569,2.41690091,1.78782967,14.90318896,4.93957995
2025-06-27,29.38,0.892857142857,7189218455.38,7189218455.38,244697701.0,244697701.0,38.85878082,37.49572627,2.43848038,1.80379244,15.03625315,4.98368334
2025-06-30,32.32,10.00680735194,7908629696.32,7908629696.32,244697701.0,244697701.0,42.74730415,41.24785137,2.63587122,1.98429447,16.54090203,5.48239093
2025-07-01,33.17,2.62995049505,8116622742.17,8116622742.17,244697701.0,244697701.0,43.87153709,42.33264944,2.70519333,2.03648043,16.97591957,5.6265751
2025-07-02,32.28,-2.68314742237,7898841788.28,7898841788.28,244697701.0,244697701.0,42.69439907,41.19680205,2.632609,1.98183866,16.52043062,5.47560579
2025-07-03,32.09,-0.588599752169,7852349225.09,7852349225.09,244697701.0,244697701.0,42.44309995,40.95431777,2.61711347,1.97017357,16.4231914,5.44337639
2025-07-04,31.76,-1.028357743845,7771598983.76,7771598983.76,244697701.0,244697701.0,42.00663304,40.53316087,2.59020018,1.94991313,16.25430224,5.38739901
2025-07-07,32.01,0.787153652393,7832773409.01,7832773409.01,244697701.0,244697701.0,42.33728979,40.85221913,2.61058904,1.96526195,16.38224858,5.42980612
2025-07-08,32.24,0.718525460794,7889053880.24,7889053880.24,244697701.0,244697701.0,42.641494,41.14575273,2.62934678,1.97938285,16.4999592,5.46882066
2025-07-09,32.83,1.830024813896,8033425523.83,8033425523.83,244697701.0,244697701.0,43.42184392,41.89873021,2.67746448,2.01560605,16.80191255,5.56890143
2025-07-10,32.75,-0.243679561377,8013849707.75,8013849707.75,244697701.0,244697701.0,43.31603376,41.79663157,2.67094005,2.01069443,16.76096973,5.55533116
2025-07-11,32.23,-1.587786259542,7886606903.23,7886606903.23,244697701.0,244697701.0,42.62826773,41.1329904,2.62853123,1.9787689,16.49484135,5.46712437
2025-07-14,32.44,0.651566863171,7937993420.44,7937993420.44,244697701.0,244697701.0,42.90601939,41.40099933,2.64565787,1.9916619,16.60231627,5.50274634
2025-07-15,33.36,2.836004932182,8163115305.36,8163115305.36,244697701.0,244697701.0,44.12283622,42.57513371,2.72068886,2.04814553,17.07315878,5.6588045
2025-07-16,34.84,4.436450839329,8525267902.84,8525267902.84,244697701.0,244697701.0,46.08032416,44.46395859,2.84139088,2.1390105,17.83060108,5.90985458
2025-07-17,35.7,2.527283170592,8735707925.7,8735707925.7,244697701.0,244697701.0,47.21778336,45.56151899,2.91152854,2.19181042,18.27073646,6.05573503
2025-07-18,36.39,1.932773109244,8904549339.39,8904549339.39,244697701.0,244697701.0,48.13039598,46.44211978,2.96780178,2.23417314,18.62386835,6.17277865
2025-07-21,35.53,-2.363286617203,8694109316.53,8694109316.53,244697701.0,244697701.0,46.99293678,45.34455938,2.89766412,2.18137322,18.18373296,6.0268982
2025-07-22,35.78,0.70363073459,8755283741.78,8755283741.78,244697701.0,244697701.0,47.32359352,45.66361764,2.91805297,2.19672204,18.31167929,6.06930531
2025-07-23,37.51,4.835103409726,9178610764.51,9178610764.51,244697701.0,244697701.0,49.61173821,47.87150077,3.05914385,2.30293582,19.19706792,6.36276249
2025-07-24,37.13,-1.013063183151,9085625638.13,9085625638.13,244697701.0,244697701.0,49.10913995,47.38653222,3.02815279,2.27960562,19.00258949,6.29830369
2025-07-25,37.15,0.053864799354,9090519592.15,9090519592.15,244697701.0,244697701.0,49.13559249,47.41205688,3.0297839,2.28083353,19.0128252,6.30169626
2025-07-28,37.12,-0.080753701211,9083178661.12,9083178661.12,244697701.0,244697701.0,49.09591368,47.37376989,3.02733724,2.27899167,18.99747164,6.29660741
2025-07-29,36.91,-0.565732758621,9031792143.91,9031792143.91,244697701.0,244697701.0,48.81816202,47.10576095,3.0102106,2.26609867,18.88999672,6.26098543
2025-07-30,35.65,-3.413709021945,8723473040.65,8723473040.65,244697701.0,244697701.0,47.15165201,45.49770734,2.90745077,2.18874065,18.2451472,6.04725361
2025-07-31,36.5,2.384291725105,8931466086.5,8931466086.5,244697701.0,244697701.0,48.27588495,46.58250541,2.97677288,2.24092662,18.68016473,6.19143778
2025-08-01,38.74,6.13698630137,9479588936.74,9479588936.74,244697701.0,244697701.0,51.2385694,49.44126739,3.15945702,2.37845198,19.82656388,6.57140547
2025-08-04,42.61,9.989674754775,10426569039.61,10426569039.61,244697701.0,244697701.0,56.35713583,54.3802892,3.4750765,2.61605159,21.80717313,7.2278675
2025-08-05,43.1,1.149964796996,10546470913.1,10546470913.1,244697701.0,244697701.0,57.00522305,55.00564338,3.51503866,2.64613527,22.05794794,7.31098543
2025-08-06,44.3,2.784222737819,10840108154.3,10840108154.3,244697701.0,244697701.0,58.59237543,56.53712301,3.61290516,2.71980956,22.67209035,7.51453955
2025-08-07,43.38,-2.076749435666,10614986269.38,10614986269.38,244697701.0,244697701.0,57.37555861,55.36298863,3.53787418,2.66332594,22.20124784,7.35848139
2025-08-08,40.19,-7.353619179345,9834400603.19,9834400603.19,244697701.0,244697701.0,53.15637853,51.29180528,3.27771238,2.46747509,20.56865262,6.81736669
2025-08-11,42.0,4.503607862652,10277303442.0,10277303442.0,244697701.0,244697701.0,55.55033337,53.60178705,3.4253277,2.57860049,21.49498408,7.12439415
2025-08-12,40.67,-3.166666666667,9951855499.67,9951855499.67,244697701.0,244697701.0,53.79123948,51.90439713,3.31685899,2.49694481,20.81430958,6.89878834
2025-08-13,40.18,-1.204819277108,9831953626.18,9831953626.18,244697701.0,244697701.0,53.14315226,51.27904295,3.27689683,2.46686114,20.56353477,6.81567041
2025-08-14,39.92,-0.647088103534,9768332223.92,9768332223.92,244697701.0,244697701.0,52.79926924,50.94722236,3.25569242,2.45089837,20.43047058,6.77156702
2025-08-15,41.06,2.855711422846,10047287603.06,10047287603.06,244697701.0,244697701.0,54.307064,52.40212801,3.3486656,2.52088896,21.01390586,6.96494343
2025-08-18,43.17,5.138821237214,10563599752.17,10563599752.17,244697701.0,244697701.0,57.09780694,55.09497969,3.52074754,2.65043293,22.09377292,7.32285942
2025-08-19,43.21,0.092656937688,10573387660.21,10573387660.21,244697701.0,244697701.0,57.15071202,55.14602901,3.52400976,2.65288874,22.11424433,7.32964456
2025-08-20,41.03,-5.04512844249,10039946672.03,10039946672.03,244697701.0,244697701.0,54.26738519,52.36384102,3.34621894,2.5190471,20.9985523,6.95985458
2025-08-21,40.12,-2.217889349257,9817271764.12,9817271764.12,244697701.0,244697701.0,53.06379464,51.20246896,3.2720035,2.46317742,20.53282765,6.8054927
2025-08-22,41.59,3.664007976072,10176977384.59,10176977384.59,244697701.0,244697701.0,55.0080563,53.07853151,3.39188997,2.55342844,21.28515209,7.0548465
2025-08-25,43.82,5.361865833133,10722653257.82,10722653257.82,244697701.0,244697701.0,57.95751448,55.92453116,3.57375856,2.69033985,22.42643339,7.4331179
2025-08-26,48.2,9.99543587403,11794429188.2,11794429188.2,244697701.0,244697701.0,56.37930836,61.51443181,3.93097131,2.95925104,24.80696449,7.6371271
2025-08-27,53.02,10.0,12973872107.02,12973872107.02,244697701.0,244697701.0,62.0172392,67.66587499,4.32406844,3.25517614,27.28766094,8.40083982
2025-08-28,50.26,-5.205582798944,12298506452.26,12298506452.26,244697701.0,244697701.0,58.78888046,64.14347184,4.09897548,3.08572525,25.86717916,7.96352714
2025-08-29,46.55,-7.381615598886,11390677981.55,11390677981.55,244697701.0,244697701.0,54.44931129,59.40864731,3.79640486,2.85794888,23.95776343,7.37569018
2025-09-01,45.91,-1.374865735768,11234071452.91,11234071452.91,244697701.0,244697701.0,53.70070637,58.59185818,3.74420939,2.81865592,23.62837635,7.27428434
2025-09-02,45.29,-1.350468307558,11082358878.29,11082358878.29,244697701.0,244697701.0,52.97549535,57.8005937,3.69364503,2.78059086,23.30928261,7.17604744
2025-09-03,44.24,-2.318392581144,10825426292.24,10825426292.24,244697701.0,244697701.0,51.74731539,56.46054903,3.60801184,2.71612585,22.76888193,7.00967849
2025-09-04,42.96,-2.893309222423,10512213234.96,10512213234.96,244697701.0,244697701.0,50.25010554,54.82697075,3.5036209,2.63753993,22.11010777,6.80686681
2025-09-05,43.45,1.140595903166,10632115108.45,10632115108.45,244697701.0,244697701.0,50.82325619,55.45232494,3.54358306,2.6676236,22.36229476,6.88450566
2025-09-08,43.94,1.127733026467,10752016981.94,10752016981.94,244697701.0,244697701.0,51.39640683,56.07767912,3.58354521,2.69770728,22.61448174,6.9621445
2025-09-09,43.63,-0.705507510241,10676160694.63,10676160694.63,244697701.0,244697701.0,51.03380132,55.68204688,3.55826303,2.67867475,22.45493487,6.91302605
2025-09-10,42.76,-1.994040797616,10463273694.76,10463273694.76,244697701.0,244697701.0,50.0161665,54.57172415,3.48730982,2.62526088,22.00717431,6.77517749
2025-09-11,45.19,5.682881197381,11057889108.19,11057889108.19,244697701.0,244697701.0,52.85852583,57.6729704,3.68548949,2.77445134,23.25781588,7.16020278
2025-09-12,46.27,2.389909271963,11322162625.27,11322162625.27,244697701.0,244697701.0,54.12179664,59.05130207,3.77356934,2.84075821,23.81365658,7.33132513
2025-09-15,44.6,-3.609250054031,10913517464.6,10913517464.6,244697701.0,244697701.0,52.16840566,56.91999292,3.63737179,2.73822814,22.95416217,7.06671927
2025-09-16,47.69,6.928251121076,11669633360.69,11669633360.69,244697701.0,244697701.0,55.78276381,60.86355296,3.88937804,2.92793946,24.54448416,7.55631933
2025-09-17,46.93,-1.593625498008,11483663107.93,11483663107.93,244697701.0,244697701.0,54.89379546,59.89361586,3.82739592,2.88127907,24.15333701,7.4358999
2025-09-18,45.99,-2.002983166418,11253647268.99,11253647268.99,244697701.0,244697701.0,53.79428198,58.69395682,3.75073383,2.82356754,23.66954973,7.28696007
2025-09-19,44.55,-3.131115459883,10901282579.55,10901282579.55,244697701.0,244697701.0,52.1099209,56.85618126,3.63329402,2.73515838,22.9284288,7.05879694
2025-09-22,45.04,1.099887766554,11021184453.04,11021184453.04,244697701.0,244697701.0,52.68307155,57.48153545,3.67325618,2.76524205,23.18061578,7.13643578
2025-09-23,46.64,3.552397868561,11412700774.64,11412700774.64,244697701.0,244697701.0,54.55458386,59.52350829,3.80374485,2.86347445,24.00408348,7.38995038
2025-09-24,46.94,0.643224699828,11486110084.94,11486110084.94,244697701.0,244697701.0,54.90549242,59.90637819,3.82821148,2.88189302,24.15848368,7.43748436
2025-09-25,46.4,-1.150404772049,11353973326.4,11353973326.4,244697701.0,244697701.0,54.27385701,59.21721236,3.78417155,2.84873959,23.88056333,7.35192319
2025-09-26,44.66,-3.75,10928199326.66,10928199326.66,244697701.0,244697701.0,52.23858737,56.9965669,3.64226512,2.74191185,22.9850422,7.07622607
2025-09-29,49.13,10.008956560681,12021998050.13,12021998050.13,244697701.0,244697701.0,57.46712489,62.70132852,4.00681785,3.01634862,25.28560509,7.78448246
2025-09-30,48.11,-2.076124567474,11772406395.11,11772406395.11,244697701.0,244697701.0,56.27403579,61.39957083,3.85919061,2.95372547,24.76064443,7.62286691
2025-10-09,51.73,7.524423196841,12658212072.73,12658212072.73,244697701.0,244697701.0,60.5083324,66.01953438,4.14957245,3.17597627,26.62374011,8.19644367
2025-10-10,47.87,-7.461820993621,11713678946.87,11713678946.87,244697701.0,244697701.0,55.99330895,61.09327491,3.83993878,2.93899061,24.63712428,7.58483972
2025-10-13,47.68,-0.396908293294,11667186383.68,11667186383.68,244697701.0,244697701.0,55.77106686,60.85079063,3.82469774,2.92732551,24.53933749,7.55473486
2025-10-14,44.83,-5.977348993289,10969797935.83,10969797935.83,244697701.0,244697701.0,52.43743556,57.21352651,3.59608221,2.75234905,23.07253565,7.10316199
2025-10-15,45.72,1.985277715815,11187578889.72,11187578889.72,244697701.0,244697701.0,53.47846428,58.3493739,3.66747443,2.80699082,23.53058956,7.24417949
2025-10-16,44.39,-2.909011373578,10862130947.39,10862130947.39,244697701.0,244697701.0,51.92276967,56.65198398,3.56078718,2.72533514,22.84608203,7.03344548
2025-10-17,41.83,-5.767064654201,10235704832.83,10235704832.83,244697701.0,244697701.0,48.92834997,53.38482744,3.35543428,2.5681633,21.52853371,6.62782213
2025-10-20,42.53,1.67344011475,10406993223.53,10406993223.53,244697701.0,244697701.0,49.74713661,54.27819055,3.41158547,2.61113997,21.88880083,6.73873477
2025-10-21,42.88,0.822948506936,10492637418.88,10492637418.88,244697701.0,244697701.0,50.15652993,54.72487211,3.43966106,2.63262831,22.06893439,6.79419108
2025-10-22,42.43,-1.049440298507,10382523453.43,10382523453.43,244697701.0,244697701.0,49.63016709,54.15056725,3.40356387,2.60500045,21.8373341,6.7228901
2025-10-23,43.12,1.626207871789,10551364867.12,10551364867.12,244697701.0,244697701.0,50.43725677,55.03116804,3.45891289,2.64736317,22.19245454,6.83221827
2025-10-24,45.28,5.009276437848,11079911901.28,11079911901.28,244697701.0,244697701.0,52.96379839,57.78783137,3.6321794,2.77997691,23.30413594,7.17446297
2025-10-27,45.89,1.347173144876,11229177498.89,11229177498.89,244697701.0,244697701.0,53.67731246,58.56633352,3.68111115,2.81742801,23.618083,7.27111541
2025-10-28,46.86,2.11375027239,11466534268.86,11466534268.86,244697701.0,244697701.0,47.93963735,59.80427955,3.75892064,2.8769814,48.16721959,7.3401134
2025-10-29,45.68,-2.518139137857,11177790981.68,11177790981.68,244697701.0,244697701.0,46.73245058,58.29832458,3.66426579,2.80453501,46.95430198,7.15527913
2025-10-30,44.12,-3.415061295972,10796062568.12,10796062568.12,244697701.0,244697701.0,45.13650875,56.30740106,3.53912887,2.70875842,45.35078378,6.91092196
2025-10-31,46.77,6.006346328196,11444511475.77,11444511475.77,244697701.0,244697701.0,47.84756378,59.68941858,3.75170121,2.87145583,48.07470892,7.32601587
2025-11-03,47.16,0.833867864015,11539943579.16,11539943579.16,244697701.0,244697701.0,48.24654924,60.18714946,3.78298544,2.89539998,48.47558847,7.38710516
2025-11-04,45.62,-3.265479219678,11163109119.62,11163109119.62,244697701.0,244697701.0,46.6710682,58.2217506,3.65945283,2.80085129,46.8926282,7.14588078
2025-11-05,44.3,-2.893467777291,10840108154.3,10840108154.3,244697701.0,244697701.0,45.32065588,56.53712301,3.55356774,2.71980956,45.53580511,6.93911702
2025-11-06,43.84,-1.038374717833,10727547211.84,10727547211.84,244697701.0,244697701.0,44.85005765,55.95005582,3.5166684,2.69156775,45.06297283,6.86706298
2025-11-07,42.01,-4.174270072993,10279750419.01,10279750419.01,244697701.0,244697701.0,42.97789512,53.61454938,3.36987316,2.57921444,43.18192264,6.58041323
2025-11-10,41.37,-1.523446798381,10123143890.37,10123143890.37,244697701.0,244697701.0,42.32314975,52.79776024,3.31853493,2.53992148,42.52406902,6.48016413
2025-11-11,40.69,-1.643703166546,9956749453.69,9956749453.69,244697701.0,244697701.0,41.6274828,51.92992179,3.26398807,2.49817271,41.82509955,6.37364947
2025-11-12,39.81,-2.162693536495,9741415476.81,9741415476.81,244697701.0,244697701.0,40.72720792,50.80683673,3.19339801,2.44414489,40.92055083,6.23580697
2025-11-13,40.17,0.904295403165,9829506649.17,9829506649.17,244697701.0,244697701.0,41.09550219,51.26628061,3.22227576,2.46624718,41.29059349,6.29219708
2025-11-14,39.38,-1.966641772467,9636195465.38,9636195465.38,244697701.0,244697701.0,40.28730087,50.25805653,3.15890514,2.41774494,40.47855543,6.16845211
2025-11-17,40.48,2.793296089385,9905362936.48,9905362936.48,244697701.0,244697701.0,41.41264447,51.66191285,3.24714272,2.48527971,41.60924133,6.34075524
2025-11-18,40.88,0.98814229249,10003242016.88,10003242016.88,244697701.0,244697701.0,41.82186033,52.17240606,3.27922911,2.50983781,42.02039984,6.40341092
2025-11-19,39.6,-3.131115459883,9690028959.6,9690028959.6,244697701.0,244697701.0,40.51236959,50.53882779,3.17655266,2.43125189,40.70469261,6.20291273
2025-11-20,39.48,-0.30303030303,9660665235.48,9660665235.48,244697701.0,244697701.0,40.38960484,50.38567983,3.16692674,2.42388446,40.58134505,6.18411603
2025-11-21,38.28,-3.039513677812,9367027994.28,9367027994.28,244697701.0,244697701.0,39.16195727,48.8542002,3.07066757,2.35021016,39.34786952,5.99614897
2025-11-24,41.1,7.366771159875,10057075511.1,10057075511.1,244697701.0,244697701.0,42.04692905,52.45317733,3.29687662,2.52334477,42.24653702,6.43787155
2025-11-25,41.05,-0.121654501217,10044840626.05,10044840626.05,244697701.0,244697701.0,41.99577707,52.38936568,3.29286582,2.520275,42.19514221,6.43003959
2025-11-26,40.69,-0.876979293544,9956749453.69,9956749453.69,244697701.0,244697701.0,41.6274828,51.92992179,3.26398807,2.49817271,41.82509955,6.37364947
2025-11-27,40.2,-1.204227082821,9836847580.2,9836847580.2,244697701.0,244697701.0,41.12619337,51.30456761,3.22468224,2.46808904,41.32143037,6.29689626
2025-11-28,40.38,0.44776119403,9880893166.38,9880893166.38,244697701.0,244697701.0,41.31034051,51.53428955,3.23912112,2.47914019,41.5064517,6.32509132
2025-12-01,40.31,-0.173353145121,9863764327.31,9863764327.31,244697701.0,244697701.0,41.23872773,51.44495324,3.233506,2.47484252,41.43449897,6.31412657
2025-12-02,40.07,-0.595385760357,9805036879.07,9805036879.07,244697701.0,244697701.0,40.99319822,51.13865731,3.21425417,2.46010766,41.18780386,6.27653316
2025-12-03,38.9,-2.919890192164,9518740568.9,9518740568.9,244697701.0,244697701.0,39.79624185,49.64546467,3.12040147,2.38827522,39.98516521,6.09326528
2025-12-04,38.85,-0.12853470437,9506505683.85,9506505683.85,244697701.0,244697701.0,39.74508987,49.58165302,3.11639067,2.38520545,39.9337704,6.08543332
2025-12-05,39.67,2.110682110682,9707157798.67,9707157798.67,244697701.0,244697701.0,40.58398237,50.6281641,3.18216777,2.43554956,40.77664535,6.21387748
2025-12-08,40.33,1.663725737333,9868658281.33,9868658281.33,244697701.0,244697701.0,41.25918853,51.4704779,3.23511032,2.47607042,41.45505689,6.31725936
2025-12-09,39.8,-1.314158194892,9738968499.8,9738968499.8,244697701.0,244697701.0,40.71697752,50.7940744,3.19259585,2.44353094,40.91027186,6.23424057
2025-12-10,39.46,-0.854271356784,9655771281.46,9655771281.46,244697701.0,244697701.0,40.36914404,50.36015517,3.16532242,2.42265656,40.56078713,6.18098324
2025-12-11,38.82,-1.621895590471,9499164752.82,9499164752.82,244697701.0,244697701.0,39.71439868,49.54336603,3.11398419,2.3833636,39.90293351,6.08073415
2025-12-12,39.4,1.494075218959,9641089419.4,9641089419.4,244697701.0,244697701.0,40.30776167,50.28358119,3.16050946,2.41897284,40.49911335,6.17158489
2025-12-15,38.97,-1.091370558376,9535869407.97,9535869407.97,244697701.0,244697701.0,39.86785462,49.73480098,3.12601659,2.39257288,40.05711795,6.10423003
2025-12-16,38.15,-2.104182704645,9335217293.15,9335217293.15,244697701.0,244697701.0,39.02896212,48.6882899,3.06023949,2.34222878,39.214243,5.97578588
2025-12-17,39.26,2.909567496723,9606831741.26,9606831741.26,244697701.0,244697701.0,40.16453612,50.10490856,3.14927922,2.41037751,40.35520787,6.1496554
2025-12-18,40.03,1.961283749363,9795248971.03,9795248971.03,244697701.0,244697701.0,40.95227664,51.08760799,3.21104553,2.45765185,41.14668801,6.27026759
2025-12-19,39.26,-1.923557332001,9606831741.26,9606831741.26,244697701.0,244697701.0,40.16453612,50.10490856,3.14927922,2.41037751,40.35520787,6.1496554
2025-12-22,39.43,0.433010697911,9648430350.43,9648430350.43,244697701.0,244697701.0,40.33845286,50.32186818,3.16291594,2.4208147,40.52995024,6.17628407
2025-12-23,37.96,-3.728125792544,9288724729.96,9288724729.96,244697701.0,244697701.0,38.83458459,48.44580563,3.04499846,2.33056368,39.01894271,5.94602443
2025-12-24,39.44,3.898840885142,9650877327.44,9650877327.44,244697701.0,244697701.0,40.34868325,50.33463051,3.1637181,2.42142865,40.5402292,6.17785046
2025-12-25,39.36,-0.202839756592,9631301511.36,9631301511.36,244697701.0,244697701.0,40.26684008,50.23253186,3.15730082,2.41651703,40.4579975,6.16531932
2025-12-26,38.99,-0.940040650407,9540763361.99,9540763361.99,244697701.0,244697701.0,39.88831542,49.76032565,3.12762091,2.39380079,40.07767588,6.10736281
2025-12-29,40.27,3.2828930495,9853976419.27,9853976419.27,244697701.0,244697701.0,41.19780615,51.39390392,3.23029736,2.47238671,41.39338311,6.307861
2025-12-30,40.21,-0.148994288552,9839294557.21,9839294557.21,244697701.0,244697701.0,41.13642377,51.31732994,3.2254844,2.46870299,41.33170934,6.29846265
2025-12-31,42.05,4.575976125342,10289538327.05,10289538327.05,244697701.0,244697701.0,43.0188167,45.6083338,3.30418147,2.58167025,43.22303849,6.5866788
2026-01-05,44.22,5.160523186683,10820532338.22,10820532338.22,244697701.0,244697701.0,45.23881271,47.96196244,3.47469453,2.714897941829,45.45357341,6.92658588
2026-01-06,44.79,1.289009497965,10960010027.79,10960010027.79,244697701.0,244697701.0,45.82194531,48.58019669,3.51948367,2.749893234603,46.03947429,7.01587023
2026-01-07,44.0,-1.7637865595,10766698844.0,10766698844.0,244697701.0,244697701.0,45.01374399,47.72334571,3.45740749,2.701390986891,45.22743623,6.89212526
2026-01-08,45.26,2.863636363636,11075017947.26,11075017947.26,244697701.0,244697701.0,46.30277393,49.08996879,3.55641507,2.778749001424,46.52258554,7.08949066
2026-01-09,48.0,6.053910737958,11745489648.0,11745489648.0,244697701.0,244697701.0,49.10590254,52.06183169,3.77171726,2.946971986027,49.33902134,7.5186821
2026-01-12,52.8,10.0,12920038612.8,12920038612.8,244697701.0,244697701.0,54.01649279,57.26801485,4.14888899,3.241669184389,54.27292348,8.27055031
2026-01-13,54.42,3.068181818182,13316448888.42,13316448888.42,244697701.0,244697701.0,55.673817,59.02510167,4.27618444,3.341129488874,55.93811545,8.52430583
2026-01-14,58.59,7.662624035281,14336838301.59,14336838301.59,244697701.0,244697701.0,59.93989228,63.5479733,4.60385238,3.59714767997,60.22444293,9.17749134
2026-01-15,52.73,-10.0017067759,12902909773.73,12902909773.73,244697701.0,244697701.0,53.94488002,57.19209135,4.14338856,3.237371517182,54.20097074,8.25958556
2026-01-16,51.42,-2.484354257538,12582355785.42,12582355785.42,244697701.0,244697701.0,52.60469809,55.77123719,4.04045211,3.156943739673,52.85442661,8.0543882
2026-01-19,50.99,-0.836250486192,12477135773.99,12477135773.99,244697701.0,244697701.0,52.16479105,55.30484995,4.00666381,3.130543782513,52.41243121,7.98703334
2026-01-20,49.7,-2.529907825064,12161475739.7,12161475739.7,244697701.0,244697701.0,50.84506992,53.90568822,3.90529891,3.051343910434,51.08644502,7.78496876
2026-01-21,49.77,0.140845070423,12178604578.77,12178604578.77,244697701.0,244697701.0,50.91668269,53.98161173,3.91079933,3.055641577642,51.15839775,7.7959335
2026-01-22,49.55,-0.442033353426,12124771084.55,12124771084.55,244697701.0,244697701.0,50.69161397,53.742995,3.8935123,3.042134622704,50.93226057,7.76147288
2026-01-23,51.08,3.087790110999,12499158567.08,12499158567.08,244697701.0,244697701.0,52.25686462,55.40246588,4.01373578,3.136069355151,52.50494188,8.00113087
2026-01-26,49.2,-3.680501174628,12039126889.2,12039126889.2,244697701.0,244697701.0,50.3335501,53.36337748,3.86601019,3.020646285467,50.57249688,7.70664915
2026-01-27,49.3,0.20325203252,12063596659.3,12063596659.3,244697701.0,244697701.0,50.43585406,53.47183963,3.87386794,3.026785810221,50.6752865,7.72231307
2026-01-28,48.21,-2.210953346856,11796876165.21,11796876165.21,244697701.0,244697701.0,49.32074086,52.2896022,3.78821852,2.959864988249,49.55487956,7.55157633
2026-01-29,47.8,-0.850445965567,11696550107.8,11696550107.8,244697701.0,244697701.0,48.90129461,51.84490739,3.75600177,2.93469293592,49.13344209,7.48735426
2026-01-30,47.84,0.083682008368,11706338015.84,11706338015.84,244697701.0,244697701.0,48.9422162,51.88829225,3.75914487,2.937148746181,49.17455794,7.49361983
2026-02-02,45.97,-3.908862876254,11248753314.97,11248753314.97,244697701.0,244697701.0,47.02913208,49.86005005,3.61220505,2.822339629213,47.2523919,7.2007045
2026-02-03,47.95,4.307156841418,11733254762.95,11733254762.95,244697701.0,244697701.0,49.05475056,52.00760061,3.76778839,2.94390222365,49.28762653,7.51085014
2026-02-04,47.16,-1.647549530761,11539943579.16,11539943579.16,244697701.0,244697701.0,48.24654924,51.15074963,3.70571221,2.895399975938,48.47558847,7.38710516
2026-02-05,45.61,-3.286683630195,11160662142.61,11160662142.61,244697701.0,244697701.0,46.66083781,49.46958632,3.58391717,2.800237339261,46.88234924,7.14431439
2026-02-06,44.95,-1.447051085288,10999161659.95,10999161659.95,244697701.0,244697701.0,45.98563165,48.75373613,3.53205606,2.759716474448,46.20393769,7.04093251
2026-02-09,46.14,2.647385984427,11290351924.14,11290351924.14,244697701.0,244697701.0,47.20304881,50.04443571,3.62556322,2.832776821174,47.42713427,7.22733317
2026-02-10,46.09,-0.108365843086,11278117039.09,11278117039.09,244697701.0,244697701.0,47.15189683,49.99020463,3.62163434,2.829707058797,47.37573945,7.21950121
2026-02-11,46.0,-0.195270123671,11256094246.0,11256094246.0,244697701.0,244697701.0,47.05982326,49.8925887,3.61456237,2.824181486159,47.28322879,7.20540368
2026-02-12,48.28,4.95652173913,11814005004.28,11814005004.28,244697701.0,244697701.0,49.39235364,52.3655257,3.79371894,2.964162656056,49.6268323,7.56254108
2026-02-13,48.6,0.6628003314,11892308268.6,11892308268.6,244697701.0,244697701.0,49.71972632,52.71260458,3.81886372,2.983809135747,49.95575911,7.61266563
2026-02-24,47.79,-1.666666666667,11694103130.79,11694103130.79,244697701.0,244697701.0,48.89106421,51.83406117,3.755216,2.934078983205,49.12316312,7.48578787
2026-02-25,47.46,-0.690521029504,11613352889.46,11613352889.46,244697701.0,244697701.0,48.55346113,51.47613608,3.72928544,2.913818550798,48.78395735,7.43409693
2026-02-26,48.88,2.99199325748,11960823624.88,11960823624.88,244697701.0,244697701.0,50.00617742,53.0162986,3.84086541,3.000999805777,50.24357007,7.6565246
2026-02-27,48.91,0.061374795417,11968164555.91,11968164555.91,244697701.0,244697701.0,50.03686861,53.04883724,3.84322273,3.002841663323,50.27440696,7.66122378
2026-03-02,48.75,-0.327131465958,11929012923.75,11929012923.75,244697701.0,244697701.0,49.87318226,52.87529781,3.83065034,2.993018422877,50.10994355,7.63616151
2026-03-03,43.88,-9.989743589744,10737335119.88,10737335119.88,244697701.0,244697701.0,44.89097924,47.59319113,3.44797819,2.694023557307,45.10408868,6.87332855
2026-03-04,42.63,-2.848678213309,10431462993.63,10431462993.63,244697701.0,244697701.0,43.61217969,46.23741427,3.34975639,2.61727949489,43.81921833,6.67752954
2026-03-05,43.43,1.876612714051,10627221154.43,10627221154.43,244697701.0,244697701.0,44.4306114,47.10511146,3.41261835,2.666395694717,44.64153535,6.80284091
2026-03-06,43.51,0.184204466958,10646796970.51,10646796970.51,244697701.0,244697701.0,44.51245457,47.19188118,3.41890454,2.671307314639,44.72376705,6.81537204
2026-03-09,42.99,-1.195127556883,10519554165.99,10519554165.99,244697701.0,244697701.0,43.98047396,46.627878,3.37804427,2.639381784842,44.18926099,6.73391966
2026-03-10,43.2,0.488485694348,10570940683.2,10570940683.2,244697701.0,244697701.0,44.19531228,46.85564852,3.39454553,2.652274787064,44.40511921,6.76681389
2026-03-11,42.5,-1.62037037037,10399652292.5,10399652292.5,244697701.0,244697701.0,43.47918454,46.09641347,3.33954132,2.60929811259,43.68559181,6.65716644
2026-03-12,41.59,-2.141176470588,10176977384.59,10176977384.59,244697701.0,244697701.0,42.54821847,45.10940791,3.26803585,2.553428435294,42.7502062,6.51462476
2026-03-13,40.8,-1.899495070931,9983666200.8,9983666200.8,244697701.0,244697701.0,41.74001716,44.25255693,3.20595967,2.504926188183,41.93816814,6.39087978
2026-03-16,40.68,-0.294117647059,9954302476.68,9954302476.68,244697701.0,244697701.0,41.6172524,44.12240235,3.19653038,2.497558757999,41.81482059,6.37208308
2026-03-17,40.13,-1.352015732547,9819718741.13,9819718741.13,244697701.0,244697701.0,41.0545806,43.52586053,3.15331278,2.463791370655,41.24947764,6.28593151
2026-03-18,41.1,2.417144281086,10057075511.1,10057075511.1,244697701.0,244697701.0,42.04692905,44.57794338,3.2295329,2.523344763043,42.24653702,6.43787155
2026-03-19,39.93,-2.846715328467,9770779200.93,9770779200.93,244697701.0,244697701.0,40.84997267,43.30893623,3.1375973,2.451512320548,41.04389838,6.25460367
2026-03-20,38.85,-2.704733283246,9506505683.85,9506505683.85,244697701.0,244697701.0,39.74508987,42.13754502,3.05273366,2.385205451292,39.9337704,6.08543332
2026-03-23,36.1,-7.078507078507,8833587006.1,8833587006.1,244697701.0,244697701.0,36.93173087,39.15483591,2.83664569,2.216368514573,37.10705563,5.6546755
2026-03-24,36.49,1.080332409972,8929019109.49,8929019109.49,244697701.0,244697701.0,37.33071632,39.5778383,2.86729089,2.240312661472,37.50793518,5.71576479
2026-03-25,37.6,3.041929295697,9200633557.6,9200633557.6,244697701.0,244697701.0,38.46629032,40.78176815,2.95451185,2.308461388874,38.64890005,5.88963431
2026-03-26,36.95,-1.728723404255,9041580051.95,9041580051.95,244697701.0,244697701.0,37.80131456,40.07676418,2.90343652,2.268554476777,37.98076747,5.78781882
2026-03-27,37.2,0.676589986468,9102754477.2,9102754477.2,244697701.0,244697701.0,38.05707447,40.34791956,2.92308088,2.283903289261,38.23774154,5.82697863
2026-03-30,36.9,-0.806451612903,9029345166.9,9029345166.9,244697701.0,244697701.0,37.75016258,40.02253311,2.89950764,2.265484714401,37.92937266,5.77998686
2026-03-31,36.24,-1.788617886179,8867844684.24,8867844684.24,244697701.0,244697701.0,37.07495642,39.30668292,2.80346261,2.224963849588,37.25096111,5.67660498
2026-04-01,37.29,2.897350993377,9124777270.29,9124777270.29,244697701.0,244697701.0,38.14914803,40.44553549,2.88468876,2.289428861299,38.33025221,5.84107616
2026-04-02,36.18,-2.976669348351,8853162822.18,8853162822.18,244697701.0,244697701.0,37.01357404,39.24160563,2.79882111,2.221280134496,37.18928734,5.66720663
2026-04-03,35.55,-1.741293532338,8699003270.55,8699003270.55,244697701.0,244697701.0,36.36905907,38.55829409,2.75008542,2.18260112723,36.54171268,5.56852393
2026-04-07,35.77,0.618846694796,8752836764.77,8752836764.77,244697701.0,244697701.0,36.59412779,38.79691082,2.76710423,2.196108082167,36.76784986,5.60298456
2026-04-08,38.82,8.526698350573,9499164752.82,9499164752.82,244697701.0,244697701.0,39.71439868,42.10500638,3.00304687,2.383363593746,39.90293351,6.08073415
2026-04-09,37.84,-2.52447192169,9259361005.84,9259361005.84,244697701.0,244697701.0,38.71181983,41.04207731,2.92723579,2.323196248642,38.89559516,5.92722772
2026-04-10,38.32,1.268498942918,9376815902.32,9376815902.32,244697701.0,244697701.0,39.20287886,41.56269563,2.96436775,2.352665968779,39.38898537,6.00241454
2026-04-13,38.1,-0.574112734864,9322982408.1,9322982408.1,244697701.0,244697701.0,38.97781014,41.3240789,2.94734893,2.339159013841,39.16284819,5.96795392
2026-04-14,38.72,1.627296587927,9474694982.72,9474694982.72,244697701.0,244697701.0,39.61209471,41.99654423,2.99531104,2.377224068392,39.80014388,6.06507023
2026-04-15,38.35,-0.955578512397,9384156833.35,9384156833.35,244697701.0,244697701.0,39.23357005,41.59523427,2.96668849,2.354507826325,39.41982226,6.00711372
2026-04-16,39.66,3.415906127771,9704710821.66,9704710821.66,244697701.0,244697701.0,40.57375197,43.01608843,3.06802779,2.434935603234,40.76636638,6.21231108
2026-04-17,39.69,0.075642965204,9712051752.69,9712051752.69,244697701.0,244697701.0,40.60444316,43.04862707,3.07034853,2.43677746078,40.79720327,6.21701026
2026-04-20,40.85,2.922650541698,9995901085.85,9995901085.85,244697701.0,244697701.0,41.79116914,44.30678801,3.16008409,2.507995950559,41.98956296,6.39871174
2026-04-21,41.56,1.738066095471,10169636453.56,10169636453.56,244697701.0,244697701.0,42.51752728,45.07686927,3.21500844,2.551586577748,42.71936931,6.50992558
2026-04-22,41.8,0.577478344562,10228363901.8,10228363901.8,244697701.0,244697701.0,42.76305679,45.33717843,3.23357442,2.566321437517,42.96606442,6.54751899
2026-04-23,41.15,-1.555023923445,10069310396.15,10069310396.15,244697701.0,244697701.0,42.09808103,44.63217446,3.18329156,2.52641452542,42.29793184,6.44570351
2026-04-24,40.19,-2.332928311057,9834400603.19,9834400603.19,244697701.0,244697701.0,43.59093782,43.59093782,3.10902765,2.616004715432,36.47857527,6.44963627
2026-04-27,39.49,-1.741726797711,9663112212.49,9663112212.49,244697701.0,244697701.0,42.83170278,42.83170278,3.05487689,2.570441060597,35.84321815,6.33730123
2026-04-28,37.84,-4.178272980501,9259361005.84,9259361005.84,244697701.0,244697701.0,41.04207731,41.04207731,2.92723579,2.463041015943,34.34559065,6.07251148
2026-04-29,39.0,3.065539112051,9543210339.0,9543210339.0,244697701.0,244697701.0,42.30023824,42.30023824,3.01697135,2.538546501492,35.39846817,6.2586667
2026-04-30,39.2,0.512820512821,9592149879.2,9592149879.2,244697701.0,244697701.0,42.50080933,42.51716254,3.032443,2.550583290409,55.42288588,6.30493526
2026-05-06,41.14,4.948979591837,10066863419.14,10066863419.14,244697701.0,244697701.0,44.60416571,44.62132824,3.18251798,2.676811136918,58.1657532,6.61696522
2026-05-07,41.79,1.58,10225916925.0,10225916925.0,,,45.31,52.09,3.23,,,
2026-05-08,42.23,1.05,10333583913.0,10333583913.0,,,45.79,52.64,3.27,,,
2026-05-11,42.11,-0.284,,,,,,,,,,
2026-07-17,37.37,-6.85,9955333956.0,9144353086.0,,,44.11,50.71,2.41,,52.83554198065143,6.010597721716091
2026-07-20,35.32,-5.486,9409215823.54616,8642722798.970299,,,41.69026491838373,47.92820979395237,2.277795022745518,,49.93715126456004,5.68087534201264
2026-07-21,37.41,5.917,9965989919.560074,9154140994.039604,,,44.15721434305593,50.764278833288735,2.412579609312283,,52.89209594584346,6.017031329124938
2026-07-22,35.98,-3.82,9585039222.0,8804223282.0,,,42.47,48.82,2.32,,50.87029169022848,5.787029864258628
2026-07-23,35.72,-0.723,9515775458.86159,8740601879.739855,,,42.16310172317954,48.46721511951085,2.3032351306281265,,50.502690916480304,5.7452114161011165
2026-07-24,34.75,-2.716,9257368342.53752,8503245109.769315,,,41.01813507504168,47.151056142301286,2.2406892718176765,,49.13125726057365,5.589196436436557
2026-07-27,36.58,5.266,9744878675.39633,8951041902.60033,,,43.17822679266258,49.634118954974994,2.358688160088938,,51.71860116810889,5.883533975391345
2026-07-28,35.92,-1.8,9569055277.0,8789541420.0,,,42.4,48.74,2.31,,50.78546074244044,5.777379453145357
2026-07-29,35.99,0.195,9587703213.230234,8806670259.070156,,,42.4826280623608,48.83498329621381,2.314501670378619,,50.88443018152649,5.788638266110841
2026-07-30,37.51,4.223,9992629828.51531,9178610764.59354,,,44.276837416481065,50.89747772828508,2.412252227171492,,53.03348085882352,6.033115347647058
2026-07-31,40.2,7.171,10709243377.934298,9836847580.289532,,,47.4521158129176,54.54755011135858,2.5852449888641424,,56.836735017987365,6.465775445892076
2026-08-03,40.1,-0.249,10682603469.033962,9812377810.189308,,,47.334075723830736,54.411859688196,2.5788140311804004,,56.69535010500731,6.449691427369956
2026-08-04,41.9,4.489,11162121829.239977,10252833671.993317,,,49.45879732739421,56.8542873051225,2.69457126948775,,59.240278538648525,6.739203760768109
2026-08-05,42.95,2.506,11441840872.693483,10509766258.045656,,,50.69821826280624,58.27903674832963,2.762096325167038,,60.72482012493925,6.908085955250365
2026-08-07,42.56,-2.048,11337945227.98218,10414334154.654787,,,50.237861915367496,57.74984409799556,2.7370155902004454,,60.173418964316994,6.8453582830140975
2026-08-10,43.03,1.104,11463152799.81375,10529342074.125834,,,50.79265033407574,58.387589086859705,2.767241091314031,,60.83792805532331,6.92095317006806
2026-08-11,42.48,-1.278,11316633300.86191,10394758338.574608,,,50.143429844098,57.64129175946549,2.7318708240534515,,60.06031103393293,6.832491068196402
2026-08-12,42.5,0.047,11321961282.641975,10399652292.594654,,,50.167037861915375,57.66842984409801,2.7331570155902,,60.08858801652896,6.835707871900826
2026-08-13,41.65,-2.0,11095522056.989136,10191659246.74276,,,49.16369710467706,56.51506124721604,2.678493875278396,,58.886816256198365,6.69899371446281
2026-08-14,41.79,0.336,11132817929.449604,10225916924.883072,,,49.32895322939865,56.705027839643655,2.6874972160356343,,59.08475513437047,6.721511340393777
2026-08-17,42.3,1.22,11268681464.841309,10350712752.394209,,,49.93095768374163,57.39704899777283,2.7202951002227165,,59.80581819056881,6.803539834856586
2026-08-18,41.82,-1.135,11140809902.119703,10233257855.91314,,,49.36436525612472,56.74573496659243,2.6894265033407567,,59.12717060826448,6.726336545950413
2026-08-19,38.31,-8.393,10205749099.71798,9374368925.395325,,,45.22115812917595,51.98300111358574,2.463699888641425,,54.164560162664095,6.161787495824015
2026-08-20,38.08,-0.6,10144477309.24721,9318088454.164812,,,44.94966592427616,51.6709131403118,2.448908685968819,,53.839374862809926,6.124794253223139
2026-08-21,38.02,-0.158,10128493363.90701,9303406592.10468,,,44.87884187082405,51.589498886414255,2.445050111358574,,53.75454391502189,6.115143842109869
2026-08-24,37.2,-2.157,9910046110.924269,9102754477.282852,,,43.9109131403118,50.47683741648107,2.3923162583518924,,52.59518762858533,5.983254890228488
2026-08-25,37.61,1.102,10019269737.415638,9203080534.693766,,,44.39487750556792,51.03316815144765,2.418683184855233,,53.1748657718036,6.049199366169178
2026-08-26,36.58,-2.739,9744878675.742195,8951041902.661472,,,43.17906458797327,49.63555679287304,2.352444320712694,,51.7186011681089,5.883533975391346
2026-08-27,37.24,0.0,9920702074.4844,9112542385.322945,,,43.95812917594655,50.5311135857461,2.394888641425389,,52.65174159377735,5.989688497637337
2026-08-28,37.44,0.537,9973981892.285069,9161481925.52339,,,44.19420935412027,50.802494432071256,2.4077505567928723,,52.93451141973748,6.021856534681575
2026-08-31,38.88,3.846,10357596580.44988,9513846614.9666,,,45.89398663697106,52.75643652561247,2.5003563474387525,,54.97045416665047,6.253466401400098
2026-09-01,38.64,-0.617,10293660799.089075,9455119166.726065,,,45.6106904231626,52.43077951002227,2.4849220489977726,,54.6311303754983,6.21486475694701
2026-09-02,37.85,-2.045,10083205518.776436,9261807982.934303,,,44.67817371937641,51.35882516703786,2.434117483296214,,53.51418956295576,6.0878010106222655
2026-09-03,37.77,-0.211,10061893591.65617,9242232166.854126,,,44.58374164810692,51.2502728285078,2.4289727171492204,,53.4010816325717,6.07493379580457
2026-09-04,37.85,0.212,10083205518.776436,9261807982.934303,,,44.67817371937641,51.35882516703787,2.434117483296214,,53.51418956295576,6.0878010106222655
2026-09-07,38.2,0.925,10176445199.927608,9347452178.285082,,,45.09131403118042,51.83374164810692,2.456625835189309,,54.009036758386,6.144095075449685
2026-09-08,39.43,3.22,10504116079.401718,9648430350.51782,,,46.54320712694879,53.502733853006696,2.535726614699332,,55.74807118804083,6.341928503271755
2026-09-09,38.48,-2.409,10251036944.848543,9415967534.565704,,,45.42182628062363,52.21367483296215,2.4746325167037857,,54.40491451473018,6.189130327311618
2026-09-10,37.36,-2.911,9952669965.164804,9141906109.44321,,,44.0997772828508,50.69394209354121,2.40260579064588,,52.82140348935342,6.008989319863879
2026-09-11,37.32,-0.107,9942014001.604671,9132118201.40312,,,44.05256124721606,50.63966592427618,2.4000334075723835,,52.7648495241614,6.002555712455031
2026-09-14,38.1,2.09,10149805291.027275,9322982408.184856,,,44.97327394209357,51.69805122494434,2.4501948775055684,,53.86765184540593,6.128011056927564
2026-09-15,38.36,0.682,10219069054.168144,9386603810.445436,,,45.280178173719406,52.05084632516705,2.4669153674832964,,54.235252619154096,6.169829505085074
2026-09-16,38.77,1.069,10328292680.659515,9486929867.85635,,,45.764142538975534,52.60717706013365,2.493282293986637,,54.814930762372384,6.235773981025765
2026-09-17,37.96,-2.089,10112509418.566809,9288724730.044544,,,44.80801781737197,51.50808463251672,2.4411915367483297,,53.66971296723383,6.105493430996596
2026-09-18,38.65,1.818,10296324789.979113,9457566143.73608,,,45.6224944320713,52.44434855233854,2.485565144766147,,54.6452688667963,6.216473158799221
2026-09-21,39.05,1.035,10402884425.580448,9555445224.13697,,,46.09465478841874,52.98711024498887,2.511288975501113,,55.21080851871657,6.280809232887699
2026-09-22,40.4,3.457,10762523195.73496,9885787120.489977,,,47.68819599109135,54.81893095768374,2.5981069042316256,,57.11950484394748,6.497943482936314
2026-09-23,41.09,1.708,10946338567.147266,10054628534.181517,,,48.502672605790686,55.75519487750557,2.6424805122494432,,58.09506074350996,6.608923210738941
2026-09-24,40.13,-2.336,10690595441.70406,9819718741.219378,,,47.36948775055683,54.45256681514477,2.580743318485524,,56.737765578901296,6.454516632926592
2026-09-25,40.13,-2.336,10690595441.70406,9819718741.219378,,,47.36948775055683,54.45256681514477,2.580743318485524,,56.737765578901296,6.454516632926592
2026-09-28,38.38,-4.361,10224397035.948214,9391497764.46548,,,45.30378619153678,52.07798440979956,2.468201559020045,,54.26352960175011,6.173046308789499
2026-09-29,38.16,-0.573,10165789236.367476,9337664270.24499,,,45.04409799554568,51.77946547884187,2.454053452115813,,53.95248279319395,6.137661468040835
2026-09-30,37.71,-1.179,10045909646.315971,9227550304.793987,,,44.512917594654816,51.168858574610255,2.4251141425389755,,53.31625068478365,6.0652833846912975
2026-10-01,37.71,-1.179,10045909646.315971,9227550304.793987,,,44.512917594654816,51.168858574610255,2.4251141425389755,,53.31625068478365,6.0652833846912975
2026-10-02,37.71,-1.179,10045909646.315971,9227550304.793987,,,44.512917594654816,51.168858574610255,2.4251141425389755,,53.31625068478365,6.0652833846912975
2026-10-05,37.71,-1.179,10045909646.315971,9227550304.793987,,,44.512917594654816,51.168858574610255,2.4251141425389755,,53.31625068478365,6.0652833846912975
2026-10-06,37.71,-1.179,10045909646.315971,9227550304.793987,,,44.512917594654816,51.168858574610255,2.4251141425389755,,53.31625068478365,6.0652833846912975
2026-10-07,37.71,-1.179,10045909646.315971,9227550304.793987,,,44.512917594654816,51.168858574610255,2.4251141425389755,,53.31625068478365,6.0652833846912975
2026-10-08,35.72,-5.277,9515775459.199324,8740601879.799555,,,42.16391982182631,48.46861915367484,2.297138084632517,,50.50269091648029,5.745211416101117
2026-10-09,36.83,3.108,9811478447.993032,9012216327.912027,,,43.47416481069045,49.97478285077951,2.368521714922049,,52.07206345055904,5.923744021696645
